# BLOCK index=1e12 offset=267653395647
1.8475231278
2.3623669687
2.6816309165
2.8619899438
3.157665479
3.4342666839
3.5808912999
3.834479532
4.0584820011
4.3570661334
4.7017825037
4.9049020916
5.0387527712
5.3029254562
5.7891109498
5.9646206541
6.1790233335
6.2277635657
6.5120490433
6.8376801741
7.0654230031
7.2776766711
7.6227135468
7.9651576868
8.2124889586
8.333139649
8.6925822766
8.9452935573
9.0926840484
9.421277181
9.586164886
9.9792624393
10.2028267543
10.4897152162
10.7201572164
10.9850205535
11.2907452957
11.4283819123
11.7010708085
12.024479576
12.253057675
12.5285858972
12.785251351
13.0717265971
13.2454651882
13.5449705998
13.858900578
14.1944932078
14.4496901298
14.8365694081
14.9245912939
15.294043007
15.3534283739
15.5503070365
15.7354269947
16.1145112371
16.3481586183
16.638241216
16.8293830613
17.0132230984
17.4888341344
17.6294961974
17.8697926525
18.0357809186
18.3820907254
18.6270881377
18.8613069986
19.1659138111
19.3938394759
19.6457567024
19.8585564689
20.082077888
20.4443281753
20.923125299
21.1086529027
21.4122099838
21.7457626266
21.8519915558
22.1292492562
22.2982433895
22.6025488242
22.7407266969
22.959180793
23.4601646703
23.5875419113
23.771345852
23.996364607
24.2633913767
24.5141670562
24.8679993166
25.1890344724
25.3710716131
25.6951947795
25.8002716899
26.0931441473
26.4747073597
26.732867164
26.8452413255
27.1788785042
27.3915973284
27.6923746411
27.9058127564
28.0527090628
28.3096285882
28.569297967
28.6953233381
29.2108373884
29.5832635317
29.7291859805
29.908492586
30.2815418168
30.6145108332
30.7598974693
31.0640546459
31.3278843196
31.6109559202
31.9464324714
32.0960873707
32.4294032073
32.4914948458
32.8003463481
33.1946894459
33.2482953889
33.6341040601
33.8291100509
34.2042129326
34.3994775488
34.7098453117
34.9221742465
35.0325394964
35.1487015071
35.4037112343
35.7497687803
35.9928855223
36.1515138898
36.696476891
37.0354078128
37.2186355461
37.5135398129
37.7119838891
37.8225523655
38.2182614496
38.4219649252
38.7221595205
39.0713156866
39.2251636864
39.5201722132
39.7851948817
40.002804353
40.2160594076
40.5706826554
40.9399626561
41.0515009895
41.222775804
41.465301798
41.8035187487
42.1402492149
42.3323434361
42.551495799
42.927255356
43.0977139142
43.2800821109
43.5360018794
43.9271430598
44.183929229
44.3751769042
44.487041534
44.8850642894
45.1923983808
45.3854345053
45.5702432342
45.7389312018
46.1270734796
46.2912375385
46.4713076321
46.8849004329
47.1701714959
47.4230069959
47.5425283386
47.9376964809
48.2063568542
48.4978972933
48.9080138048
49.0085410833
49.4265468397
49.6769346131
49.9430045315
50.1291908293
50.3530595976
50.4113612508
50.9039797861
51.0728082646
51.21932784
51.5731740341
51.7048026395
51.9031870624
52.2491039016
52.5066562368
52.8296288357
53.1194564368
53.3736682693
53.6868558545
53.7811702018
54.0474201023
54.3396641852
54.5696004178
54.9211741679
55.1220738207
55.3479025426
55.5252816857
55.8231896037
56.0704392223
56.389075121
56.8795155531
57.059670107
57.2312343867
57.5095447091
57.670541629
57.9578367592
58.1627457754
58.5035891696
58.8110589982
58.9719358427
59.2339308691
59.4613990146
59.8497837361
60.0218786591
60.4263884084
60.6672132137
60.8404139705
61.1774294987
61.3419489741
61.6660474902
61.759848399
62.0172364904
62.2168937567
62.5775131129
62.740253957
63.0541536586
63.2672956363
63.5935618529
63.8431621505
64.0551637876
64.1712962155
64.5925609325
64.6701455982
65.045700192
65.4014663744
65.7825022108
66.086704296
66.2342844433
66.6671788065
66.7770809001
66.9312267296
67.2737777439
67.4425919827
67.6868641499
67.9428212786
68.5453178303
68.5842390858
68.6817931628
69.0406090139
69.2965355837
69.5116099723
69.7103676175
70.0404051562
70.3050916542
70.4211542841
70.7628449081
70.9229694607
71.320975356
71.4914898616
71.9074984723
72.200553733
72.3304190116
72.5836400978
72.8004822374
73.0867209603
73.4751291565
73.6515879585
73.8846706942
73.9402304805
74.3046169762
74.5203205222
74.8077683303
75.0636182585
75.3529217885
75.7355782352
76.0256941477
76.2686894769
76.4995675397
76.9985569311
77.0732273404
77.3018082536
77.5863864826
77.6628333667
77.9665033716
78.0818167411
78.7188703773
78.9037886248
79.0634847811
79.4250735751
79.5080600672
79.716155837
79.7838302115
80.2792299763
80.5680389296
80.8192990324
81.0641250698
81.3005157637
81.4006932711
81.7215825643
82.0028129545
82.3510141764
82.4909394454
82.6777743458
83.1943800731
83.4077978925
83.7010386651
83.9546539634
84.1101192093
84.4286206755
84.7527723612
85.1756251231
85.2404023007
85.5623390391
85.6374280067
85.9846639785
86.2600123078
86.4109278524
86.6458301804
86.9702739906
87.241147351
87.3737974286
87.643695832
88.0895581619
88.3608537341
88.5555885553
88.8506529904
89.0870562994
89.3851781437
89.5294987542
89.910299642
90.0185188124
90.2090116016
90.4965033849
90.6751794962
90.850916242
91.3719529305
91.6001121102
91.6831071008
92.1703212521
92.3757067753
92.4979309304
92.8121385507
93.2124733457
93.3132634702
93.5423242026
94.0037677669
94.2136333971
94.4833037509
94.7788224725
95.025109382
95.2317928633
95.647015452
95.8706439001
96.1103139897
96.2494403086
96.4448084675
96.7229627948
96.952682396
97.2891300508
97.4754813118
97.6687648546
97.9343661278
98.2013769444
98.5050821147
98.6726262374
98.9405274365
99.2199365773
99.5566851552
99.7568176429
100.0784045945
100.3524234933
100.6039956773
100.812242661
101.1327519012
101.3278615312
101.4928392723
101.8680974688
102.0347777816
102.4139792325
102.7185138173
102.9533178292
103.1840972725
103.4817454801
103.719195122
103.8193901662
104.215851745
104.3600185978
104.6956145772
105.0910780426
105.2958896083
105.5721886413
105.819915039
105.903030016
106.2435535917
106.4439823336
106.6740748621
106.8990755137
107.3699686957
107.6646544826
107.8164079858
107.976497466
108.243223372
108.6027476794
108.8296595436
108.9985820843
109.1439418154
109.3168745543
109.6298541042
109.9672513952
110.1514778174
110.4862892191
110.8429129602
111.2428770985
111.3381224333
111.7632065103
112.0886745863
112.1730304481
112.4956392951
112.8866452656
112.9758984213
113.182357285
113.4497735148
113.697766169
113.9074627038
114.019603727
114.5779159946
114.6776342312
114.9333152285
115.2017901357
115.548407681
115.8769681417
115.9686292407
116.072353869
116.3979283312
116.5800358339
116.9921772921
117.3947259388
117.5592810606
117.7482870083
118.0278066728
118.1076343705
118.6544936623
118.7852484359
119.0718161964
119.3599955013
119.4579573183
119.6560897256
120.1016078079
120.2389531497
120.7263955211
121.0004197877
121.1768083686
121.3473769701
121.632402634
121.80048965
122.1078173417
122.3691186757
122.7934077822
122.9797733665
123.3626370725
123.4922183591
123.8037728756
124.0150570776
124.3607674557
124.463514043
124.6956975368
124.9191015282
125.1686105505
125.4863309047
125.8031183405
125.9573860189
126.0153196203
126.3794405925
126.6648991908
126.8429658508
127.3857081841
127.4363229203
127.7648575215
128.0364444603
128.3384751739
128.5536707671
128.6425429156
129.0078106598
129.4359949881
129.5770729069
129.9534336582
130.2124343593
130.4002629945
130.5995826719
131.1011407007
131.3169083194
131.4326394378
131.5980724396
131.9777621447
132.2512541557
132.3267776043
132.6639868313
132.8365266315
133.1071207084
133.2505584669
133.6296256174
134.0458018155
134.2718457314
134.6136096685
134.8319775212
134.9987577733
135.1643083562
135.5397549456
135.7588664348
135.8993075099
136.2290011368
136.4477286798
136.6756678671
137.00085557
137.372675325
137.4819806927
137.6900138628
137.8222764457
138.1140621734
138.6679273719
138.8472871563
139.2506503605
139.3637529544
139.6330789876
139.9546091499
140.2628068843
140.4097565757
140.8102169397
141.0273912213
141.1812664527
141.3174988975
141.6619870432
142.0012260919
142.2120813472
142.3590292869
142.6891641866
142.9223223358
143.3292573575
143.4883065942
143.6885084262
143.870696541
143.935578693
144.4850164935
144.7346986314
144.9174622191
145.2125103054
145.4195129077
145.6906642979
145.7194723742
146.3169392346
146.51037269
146.884098576
147.2673199982
147.4117913262
147.6071404645
147.8350863095
148.1029199578
148.3433568573
148.4846302774
148.8663650868
149.0548092571
149.319155665
149.5974765242
150.096607447
150.1839418624
150.4085276704
150.5880769922
150.848722069
151.2199059067
151.4387256271
151.7472316485
152.0615587471
152.2622367383
152.3310578089
152.7119458807
152.9322125492
153.1298553252
153.3756581682
153.7525305524
153.9936828753
154.1746199315
154.466536622
154.7283921771
154.8882789885
155.1427259
155.4974187942
155.5902684107
155.9702655605
156.1302345153
156.4726454039
156.8455420936
157.1519295808
157.4792351296
157.7144839863
158.0088262073
158.1352576949
158.3414347169
158.6649839297
158.914205646
159.2319475261
159.4985543178
159.6729299195
159.9138517514
160.1905373787
160.4254456157
160.4829274705
160.8280851057
161.1435885167
161.3265270785
161.5822421732
161.8142612152
162.1398700079
162.424752084
162.8052363394
163.0056677956
163.3087809454
163.5590240251
163.7369229989
163.8613245757
164.150130195
164.3762269815
164.7151041704
165.0075322564
165.1364894646
165.4920680834
165.8009458919
166.2378438529
166.3200299662
166.5799817743
166.9505130807
167.0980386367
167.3539932121
167.566943357
167.8674782951
167.9814836794
168.3602106948
168.7472254596
168.8427006644
169.1855611819
169.5017222796
169.7344929083
169.912517332
170.2116877408
170.5645102235
170.6185472758
170.9652635793
171.1208626948
171.3552401463
171.5960498702
171.9673471335
172.0023191985
172.268640301
172.6994957693
172.8249968011
173.1566103353
173.4086904711
173.5919029976
174.0360266288
174.3799726511
174.5228352996
174.791145013
175.0964298734
175.3330732288
175.6692233683
175.878171907
176.1830079696
176.3881608385
176.6535745514
176.9214495763
177.1004484536
177.2375504238
177.5817537174
177.8138998333
178.0907248687
178.3658042663
178.6654499013
178.8941003211
179.1853498337
179.4546414523
179.5984159281
179.8153113643
180.1584507189
180.3402718488
180.642315116
180.8030784627
181.269049677
181.5919254586
181.7118921038
181.9401872166
182.1967457681
182.3380024759
182.5820291984
183.0641087628
183.1042603787
183.5892839548
183.75893202
183.9139683222
184.2187766811
184.4110253808
184.6276348992
185.1755238984
185.4014707718
185.7354333693
185.9868481966
186.162882649
186.4692957
186.6861046348
186.9435109828
187.037087538
187.5069488386
187.6298182119
187.7755854615
187.9735333904
188.2423307775
188.6257562925
188.9983662679
189.2315045651
189.3645219919
189.5288854403
190.0004496201
190.1145215372
190.279693628
190.4835215033
190.7387326381
191.2875391525
191.3525313158
191.8078015809
191.9544506191
192.1322349225
192.5824488989
192.7236965249
193.0038592385
193.3764307961
193.4481649511
194.0086289644
194.1558093018
194.4467434232
194.5590733631
194.7646838458
194.9140659543
195.2719762636
195.6812461076
195.8542759431
196.0199017242
196.1665054517
196.6448472941
196.9032294232
197.1857775815
197.3565383119
197.5892688194
198.0547110644
198.1522328286
198.2659617579
198.8302722292
198.9968342737
199.1900683679
199.2858972685
199.6120749881
199.7602301915
199.9622520702
200.3226023738
200.6375849767
200.8811560879
201.1877951233
201.3757066323
201.6337921241
202.0401260099
202.3754435848
202.6020692494
202.8337034227
203.0821380098
203.2616929504
203.6855402904
203.8290828126
204.0027519188
204.266264894
204.6547690158
204.9226094788
205.2347877285
205.4846530013
205.547647046
205.8654228247
206.1436989997
206.2634979373
206.5080446427
206.6937738336
207.0106197524
207.3449588803
207.5762984054
207.8839612737
208.0107088249
208.2150779076
208.8239862904
208.936329303
209.1534883136
209.5026663479
209.6879642484
209.9335274902
210.0455350634
210.4063791446
210.7461905034
211.0175114002
211.2468342139
211.4560073142
211.7276927289
212.1309016933
212.1871420516
212.5941166211
212.7970539858
212.9151633594
213.4156812766
213.5796879543
213.8704299845
214.0681757235
214.2628964085
214.5776956571
214.9914229407
215.0964699033
215.4693058575
215.5552019883
215.8518894658
216.1346084126
216.3352329372
216.4987992455
216.7904181577
217.0831352766
217.3261179553
217.7032779032
217.8747494717
218.1779913142
218.3526193673
218.4951805256
218.8404729966
218.9835888629
219.2228432918
219.6622520165
219.9367738667
220.1566463373
220.6888196125
220.9481954663
221.273880695
221.4159943715
221.5165923748
221.7932134442
222.0086354893
222.2606450166
222.666260621
222.7800986196
223.0106366593
223.1292412197
223.6387984616
223.8856421747
223.9298719842
224.2329615256
224.5002797856
224.7262182473
225.1865314033
225.5218003161
225.6278635542
225.8326580745
226.135145125
226.2806069716
226.5390730862
226.777504689
227.1275103604
227.3720422236
227.5552218864
227.9263268622
228.1842142585
228.413981194
228.6220214386
229.0174149892
229.2197322809
229.3873293876
229.5784160262
229.9480791136
230.2918122759
230.6155712605
230.7534637914
230.951735843
231.4216659458
231.4995373089
231.8486741101
232.0240471172
232.3423438151
232.7454918495
232.8851645613
233.0193387563
233.2600822217
233.5789932296
233.9182676338
234.2002900369
234.2883332296
234.4650163011
234.7620804939
234.962460541
235.2143229128
235.4855251613
235.7464237931
236.0928889624
236.3107221816
236.5551631575
236.8371011727
237.2126387867
237.4240929173
237.6748472657
237.9951082425
238.2183343411
238.5074542553
238.7904187231
238.8861155346
239.332429387
239.4845021263
239.6775369906
240.1094536973
240.2147110957
240.6011491457
240.8846244381
241.01246928
241.3222652916
241.5343231361
241.7787151591
241.9224679364
242.1446652109
242.4230480421
242.8098835915
243.1397778082
243.3208755277
243.6103074938
243.9012133059
244.1343891805
244.3694594627
244.5421217794
244.8749141143
245.2149002655
245.286395862
245.5129936828
245.8391083222
246.029500253
246.1112004387
246.5327994906
246.7466775436
247.2500590113
247.4739105822
247.7443461549
248.1020565309
248.238023044
248.3174424762
248.7277969217
249.1698107743
249.367578438
249.6550731958
249.8962550506
250.0695977328
250.1769162628
250.5146833507
250.7157450395
250.9633010036
251.3766228402
251.5336334887
251.734406512
252.0421357876
252.2586961456
252.5331593491
252.7187348667
253.09559361
253.2639483797
253.5078890792
253.637944165
254.040206126
254.3949706845
254.6572140312
254.8132987949
255.1010679737
255.222200128
255.5894799416
255.8368414832
256.3542404614
256.5032001754
256.7506770717
256.9997282194
257.1944621241
257.5094630234
257.7400109974
257.9874203785
258.3015883428
258.3966224052
258.5239969399
258.7384273939
259.3605973279
259.4550278666
259.9381952836
260.2128809182
260.3651991792
260.5620856878
260.8104783994
261.086888296
261.2635116577
261.4625146457
261.6828404684
262.0268818904
262.273374491
262.5918237321
262.8678715435
263.0061481166
263.1273006854
263.597512002
263.7633500575
264.0815202361
264.252070865
264.4825750559
264.7844167359
265.1211613788
265.4548864375
265.6924934817
266.0019822132
266.110908044
266.5135026759
266.6921026343
267.2083394236
267.3658860843
267.5625037631
267.7326527387
268.1053213659
268.2509711469
268.399778215
268.6093926649
269.0110026508
269.2432752251
269.5943847197
269.7551545345
269.9011742801
270.2488022039
270.4187546991
270.5940543998
271.0006196082
271.3382718065
271.6185238875
271.70541712
272.0917971154
272.3587306711
272.6330298571
272.8516534774
273.0715682288
273.3665192457
273.519491359
273.8176624528
274.0403026841
274.2764252353
274.4599545451
275.0513390744
275.2115283114
275.3907041708
275.8274838359
275.9615092754
276.1096576551
276.5754156566
276.7366540187
276.9990816422
277.2325847169
277.4564981755
277.8111678468
278.0547681724
278.1338189332
278.4478694143
278.8205116293
279.0172302555
279.4211519061
279.5670037298
279.8129394769
279.9865239437
280.228954758
280.371846549
280.7650021485
281.0583203781
281.2137507537
281.3827975851
281.5963851993
281.8779325552
282.2399851899
282.609673381
282.9455751575
283.0196969868
283.3995324266
283.913234014
284.0913076802
284.1644763252
284.3632405573
284.6662828036
284.9309996258
285.2156753949
285.4776844922
285.7174452043
286.0311777239
286.214663435
286.3602670899
286.7165065202
286.934009051
287.2537485186
287.4205430378
287.700013932
287.9346921755
288.1852671258
288.574104987
288.7672830206
289.0250371691
289.2639264969
289.6606367743
289.8291904307
289.9823977689
290.1108468864
290.4206173865
290.7740854762
291.0013273493
291.2072210221
291.7418865324
291.8594458879
292.0253562233
292.2673457392
292.5910101954
292.7904536691
293.0231879554
293.4469693712
293.5244592772
294.0075626385
294.2123909297
294.5377730558
294.695167353
295.0618833228
295.3158016768
295.4482477007
295.7305134946
296.1671670825
296.257592917
296.5893747182
296.6849395372
296.8427832608
297.2325678055
297.4171539474
297.5684284589
297.8037005189
298.1761895646
298.3849516649
298.9802924547
299.0598377834
299.2191621688
299.4202306163
299.6750788068
300.0335030876
300.29120102
300.5041026892
300.7488451025
300.9171750316
301.4202709246
301.6777758183
301.9268750828
302.2353376692
302.3439899091
302.7652679859
302.9889305349
303.0590087098
303.5301022447
303.647020559
303.8988076173
304.1964982146
304.2919054616
304.624398388
304.9425479566
305.2388610954
305.4725210278
305.6756746887
305.9725935301
306.1744372958
306.4253506958
306.9824992588
307.0624190543
307.2691992911
307.4714760862
307.7263428442
307.8832992088
308.2603643053
308.4799904467
308.6508904402
308.8777369364
309.3559694406
309.4834547836
309.6370125574
309.9076870035
310.2048896242
310.4326021992
310.7935557946
311.2542986123
311.5101095094
311.8639312891
311.9664396757
312.2162326945
312.5492899619
312.6026902328
312.8630989845
313.0272095959
313.5538960858
313.7105146024
313.9294590071
314.1082575001
314.5175926883
314.7849324558
314.9640103546
315.1274348508
315.4258786148
315.710530842
315.9022561835
316.1919421101
316.3790157936
316.5920145309
316.9089194934
316.9901667361
317.5848982845
317.8337477384
318.0688121235
318.3762131409
318.4680680874
318.8034207393
319.001944449
319.3215644275
319.5542510189
319.7848501063
320.0301332852
320.3220034927
320.6817246142
320.948237585
321.1021648373
321.2309473407
321.5634332081
322.0100355597
322.189265318
322.3595049715
322.7504710292
323.0276226358
323.2215047247
323.375213994
323.7242518565
323.958684
324.3135224254
324.4649978024
324.6731972492
324.8100381758
325.1754600604
325.4256415228
325.8551627299
326.0135105726
326.1634421641
326.3707280788
326.4494034393
327.0211225923
327.1402613691
327.4437622093
327.7668925203
327.8637976222
328.3025740697
328.6010808062
328.729433221
329.0060028672
329.5063979485
329.611560873
329.9254859683
330.245973226
330.3561819812
330.7345513174
331.0121055396
331.3283742467
331.4957481053
331.6029607394
331.8450285215
332.0500718594
332.1980259299
332.5296806758
332.9208603357
333.1445949787
333.3737907236
333.7037035582
333.9089382077
334.1907383441
334.5688047543
334.7858870613
334.9067356561
335.1638544454
335.5631985719
335.7725396199
335.8942263866
336.1297970396
336.4377338286
336.6790518248
336.9128911021
337.1032558245
337.4813919021
337.9029135482
338.1349339543
338.3486487939
338.6070627916
338.8372300454
339.1332890014
339.3082410159
339.5060601981
339.8447300982
340.0586949082
340.4821172515
340.7592731977
341.0630754474
341.2897706637
341.3396563346
341.7029704047
341.9116649436
342.1382060439
342.482849629
342.5652295176
342.8729539595
343.2429951121
343.3939103764
343.5963002373
344.0549225002
344.0914638732
344.2231082667
344.5637541041
344.9067499622
345.0102405494
345.4520627744
345.7345607124
346.1334290764
346.2665296534
346.5272955924
346.7773216005
346.9984331198
347.486261268
347.7082748635
347.8655252236
348.089499005
348.3716800946
348.4713241212
348.8158370727
348.9911407972
349.4828380908
349.7218946191
349.8496578071
350.104205613
350.4165418636
350.5459989709
350.8432610472
351.1418878039
351.5731009236
351.671654264
351.8102592611
352.1127915009
352.3893549101
352.7156305838
352.8204833903
353.1085803594
353.5414876396
353.8791822671
353.9873583993
354.1137591491
354.5311033884
354.632567925
354.763330108
355.1042028249
355.3444874273
355.63415439
356.0100211502
356.2627383904
356.5081418939
356.7369990504
357.218986963
357.5578267846
357.7353019459
357.9531842847
358.1210358856
358.3340890395
358.5933958551
358.9564325118
359.1779550488
359.3569320608
359.5768769497
359.78450502
360.2001310376
360.3713509471
360.5930609483
360.9172121494
361.169296248
361.3035666039
361.483449633
361.84202604
362.0536727602
362.4468636077
362.7003659154
363.0289646718
363.1810452723
363.4345797615
363.5927211496
363.7851812284
364.1922369437
364.5783184264
364.7740536651
364.9968652641
365.372536947
365.5543898327
365.7717624744
366.1406866521
366.2772324265
366.5673297155
366.8629843009
367.1694648341
367.2217371404
367.5829499268
367.8114054249
368.1036859061
368.23436281
368.5140285329
368.7985445481
369.3646405024
369.4509184135
369.7657207206
370.006965041
370.1952618784
370.4336211493
370.6141294412
370.7972765309
371.0588764674
371.2348635966
371.6626940724
371.8794609529
372.0184842068
372.3021376766
372.613090369
372.8540454042
373.3805829189
373.4515768787
373.5898580949
373.8698132962
374.2638543453
374.6182596507
374.8065055891
375.0990952799
375.3461588539
375.5928795219
375.961691126
376.146433743
376.2877422091
376.6162455735
376.7996459784
377.1272500195
377.3818578146
377.6609783554
377.9727832391
378.1241882842
378.24109074
378.4592952578
378.6657236582
379.0140644369
379.324126054
379.6431447362
379.8326187969
380.2098242631
380.5475581842
380.6700827193
380.8862489094
380.956206193
381.5531042582
381.6617263423
381.8748097757
382.0958182902
382.496241759
382.7167131391
382.9149236218
383.2614155487
383.4395477715
383.8059206494
383.8879981579
384.1274053606
384.612043319
384.8503977263
384.972173294
385.4677981353
385.6622436725
385.8086619797
386.2085327141
386.4232696348
386.5350457927
386.8795917141
387.0310911697
387.4785194378
387.5299493478
387.6979158267
388.1717968298
388.3276184584
388.6684182155
388.8767022925
389.0622396422
389.4235504741
389.6079951779
389.7754809956
390.1060116708
390.3358193438
390.5335752006
390.7562360532
390.9274926144
391.3938461099
391.6616429952
392.0218402762
392.3932845804
392.5759949064
392.772317928
393.1508292088
393.4278126292
393.5354788876
393.8424401619
394.0452955332
394.3206804563
394.4569757629
394.6827861635
395.1215279228
395.3213690762
395.3855167207
395.771599523
396.159896371
396.3096310635
396.6763010087
396.8585705105
396.939748609
397.4188465454
397.6344183568
397.8395442411
398.0529845916
398.3623010705
398.6998608684
398.9106671161
399.1058510864
399.2682764763
399.6685850731
399.8283353123
400.1204812885
400.286907774
400.6331531013
400.8025230133
401.1922462656
401.4820030067
401.8097875165
402.0604425385
402.1258333103
402.5348149329
402.7250469132
403.1163800227
403.2805254716
403.5638706344
403.8653595379
404.013443422
404.473144013
404.734106936
404.8112110056
405.1431225595
405.2730876001
405.5699480292
405.8187746919
406.0779368066
406.1809429238
406.6564905647
406.7467808626
406.9058211644
407.2098188996
407.4977174155
407.8934091561
408.0171551786
408.3342971813
408.606150294
408.8934021876
409.2051504822
409.5829957404
409.7724009776
409.8751390031
410.0655641749
410.3780902478
410.5352220584
410.8780878734
411.3700858348
411.7320935431
411.9107207794
411.9976785318
412.3302594301
412.4600246384
412.7603355813
412.9473956378
413.1787958913
413.437187409
413.8594734139
414.041883276
414.380727502
414.506746864
414.7720266984
415.1427807592
415.4070557172
415.4952010708
415.901493844
416.1467429526
416.4217607165
416.5267754499
416.7962892748
417.0709774474
417.2876688439
417.5699314691
417.8040575276
417.9999843179
418.2596374962
418.6380358928
418.7952386586
418.9048401981
419.4285836439
419.8528059005
419.9672685321
420.3051983194
420.5142928244
420.9503683733
421.0055090556
421.3244658952
421.5417408795
421.9099368303
421.9786073135
422.3154103301
422.5442440983
422.8336230134
422.9214005299
423.1675647329
423.4612591771
423.7530217936
424.0442474986
424.3244005241
424.6736353212
424.7669017998
425.0397746575
425.3388926956
425.4312003647
425.6979285439
426.1127148871
426.2890531595
426.5427219469
426.8207089746
427.0401401477
427.4909506116
427.7084549207
427.8751702597
428.0574173483
428.4859600896
428.7286551691
429.00252691
429.3048651917
429.413619352
429.4805406399
429.9592727199
430.1847741484
430.4543920583
430.7341658866
430.9931764858
431.255797997
431.6412244532
431.9774160218
432.1238855606
432.3658824948
432.4191439021
432.735680606
433.026531737
433.3465085761
433.5968605412
433.8211982299
433.9634877693
434.3104601953
434.472320679
434.6672046296
435.0023580155
435.3162078724
435.5334251211
435.8534198342
436.1414774525
436.2182849498
436.464006616
436.7122632259
436.9355429859
437.5917055065
437.7950133517
438.0750319015
438.1946135656
438.4408323447
438.6515175373
439.1320213363
439.3338766018
439.4560345064
439.7980417918
439.913715381
440.2734433505
440.5710159244
440.7330639158
441.1122119663
441.2183763549
441.4788392524
441.7454687159
441.826311526
442.0815054299
442.4048932417
442.8020645468
443.0655542624
443.4026348795
443.6246980839
443.8796694745
444.1199717672
444.4043371025
444.5897788709
444.727880428
444.916618866
445.2689482435
445.5927872557
445.7527443292
446.0460303915
446.2214653948
446.7198534318
446.8414611471
447.2230591662
447.3453334027
447.7885501098
448.0235408936
448.2387005872
448.5165546016
448.7845208174
448.9373891578
449.3663475567
449.4391593527
449.6614107858
450.0170701061
450.1691389315
450.7043577573
450.8448235896
451.0420831439
451.2836330039
451.550480701
451.7395662299
452.0294081237
452.1526718223
452.4577948827
452.7406832419
452.7938858412
453.1545621672
453.5182344516
453.8666418112
454.014465405
454.3166654788
454.5396313088
454.7440397191
455.113645585
455.3287761707
455.7209235662
455.9927297896
456.2725098458
456.5832692071
456.7412993229
456.8758842657
457.202833821
457.3342605042
457.6113622343
458.0460661809
458.2476418883
458.3866592205
458.8219022738
458.8613925244
459.111665031
459.4448438502
459.8335011648
460.0812356846
460.3377313122
460.4857548294
460.7392397148
460.9765329563
461.3576984877
461.6032842556
461.7286127054
461.8301356219
462.2009726881
462.4905685662
462.8143165846
463.1101686566
463.3345524993
463.4743394769
463.7878226111
464.0655053048
464.2838656356
464.3966903342
464.8419559122
465.0896598111
465.3545616121
465.6238379264
465.9442807265
466.3102521143
466.4843055046
466.8892948042
467.0757305767
467.3395374439
467.6210530742
467.7320113704
467.8722407616
468.1924256198
468.3529451869
468.7466785632
468.9333292296
469.1680532965
469.3871876805
469.7618261644
469.9903230752
470.2240554968
470.4612364086
470.5959763397
471.0130624466
471.2366284817
471.5658606954
471.8552961941
471.9932136504
472.1413362089
472.5464715972
472.8575801963
473.0773558931
473.3129128434
473.4668821036
473.9463629926
474.1899054408
474.3957351385
474.5913398957
475.0388605072
475.1103974252
475.3662737443
475.8106020037
475.869203763
476.2092880751
476.4268314791
476.6466839259
476.8667456946
477.0509998273
477.5718426264
477.8128270354
478.0566068228
478.3514541275
478.4998956961
478.7121657974
478.8257232546
479.2032374439
479.6225157918
479.8839013268
480.0456929468
480.2303585978
480.3681037444
480.7132921247
480.8525105556
481.1322809797
481.3166071294
481.6080729777
481.8939116639
482.3811068363
482.6700409927
483.0091612438
483.2200687842
483.3915912321
483.577253469
483.9546657628
484.2716135308
484.3784876768
484.7416341882
484.8256325164
485.2409066298
485.4490424725
485.6557985115
486.0180627747
486.2127119359
486.5500285784
486.6110539037
486.9748673864
487.0933496709
487.357476956
487.7596160665
487.9141698692
488.1042125132
488.4203683314
488.7286878241
488.9258248796
489.144285227
489.6250631543
489.7450638151
490.0870431488
490.3863076663
490.5133263278
490.6898992218
490.9729752646
491.2284306949
491.5180971024
491.8288622047
491.9621208122
492.3301465662
492.5816414097
492.8914440733
493.2254791509
493.4031977061
493.5680226424
493.9325252208
494.0867381741
494.3773879435
494.7186594875
495.159711059
495.3447390872
495.4594421396
495.6130809684
496.0547522382
496.2831954018
496.3692189293
496.6945114312
496.8819459374
496.9920105509
497.406152799
497.7091932779
498.0660422978
498.253181165
498.4229038586
498.7114436362
498.7949032037
499.1205209805
499.4798238676
499.791671736
500.0137386649
500.1575697304
500.410751895
500.7579030807
501.1384053915
501.472755491
501.5830181132
502.0684599767
502.2157114615
502.4197430053
502.8025261525
502.83778155
503.168878067
503.3956589419
503.6306505724
503.8709556138
504.0357435422
504.2987821777
504.536373335
504.9574699511
505.0961133913
505.4680517429
505.7715358126
505.9731408256
506.2582945838
506.5462787725
506.7163051617
506.9278518173
507.2505738821
507.4255551224
507.7105163082
507.8254299467
508.1368057206
508.5408872758
508.6879404451
508.9485995106
509.1431975222
509.5352956355
509.8328382302
509.9453122866
510.3200373483
510.4700824272
510.8611875521
511.0504265672
511.3467446532
511.7973089273
512.021983292
512.2035503796
512.3848536172
512.7279970288
512.8277796666
513.1180364022
513.4171048324
513.6346159035
514.1077326492
514.2408150821
514.4738886774
514.6599214059
514.8298703736
515.0425204256
515.4699730994
515.5470662782
515.9612086333
516.0726994402
516.3073948423
516.5380155538
516.9265015954
517.2855782663
517.4161220194
517.6338670036
518.2042477598
518.3709423433
518.4743205902
518.7512271895
518.9513886094
519.3385266989
519.7031547453
519.8532232841
519.9983900054
520.4048197101
520.5025358477
520.6874234413
521.1827668311
521.3720644594
521.7435105067
521.9240361594
522.1843201452
522.3948780785
522.6177145328
522.9170091374
523.0935857538
523.3904269322
523.4668353253
523.9669369781
524.2362893438
524.5239926434
524.6562584438
524.9889356525
525.3093462635
525.4399206624
525.6427651455
525.8834491191
526.012370967
526.3593375522
526.6992482834
526.9467402231
527.132804572
527.4840813211
527.6424605008
527.7845977677
528.161270674
528.5863917265
528.9536694076
529.2628115671
529.5340940008
529.6410689967
529.7629314226
530.3346635997
530.4010683863
530.5598995679
530.7762361334
531.1385720922
531.4570641371
531.6600286556
531.987365872
532.0266064696
532.2811563566
532.4693402528
532.9485312121
533.0804168446
533.4421986303
533.5287577058
533.8144578705
534.187365095
534.5823246631
534.7322511106
534.8154569325
535.269524557
535.3756597501
535.6501407742
535.8938231613
536.1193799917
536.425330873
536.7341467326
536.968587742
537.2798336858
537.6389636015
537.8837288129
538.1661613803
538.3254355519
538.5775760944
538.8004383718
538.9050791824
539.107954213
539.5907000622
539.9071319619
540.1633870444
540.4318318923
540.7106851544
540.9290056571
541.1695030486
541.402885624
541.6769558312
542.061410485
542.2662436414
542.3487684222
542.5056426035
542.8506225003
542.983844015
543.2410222893
543.6206025858
543.9177588807
544.2709286759
544.3574167821
544.50725676
544.8384046135
545.0781011007
545.537276242
545.7602022022
545.8880346692
546.1539632173
546.6825827454
546.8916246568
547.0455878485
547.2827702226
547.6026839074
547.9353179626
548.0574614156
548.3659037857
548.6822149818
548.9246942075
549.1142578295
549.2983580249
549.4352837088
549.9066077117
550.042877297
550.3105533608
550.5356958167
550.8956906405
551.135654252
551.3519102859
551.5489327432
551.8996131579
552.1250283587
552.3651914009
552.5979896931
552.9850780141
553.2083845886
553.508614207
553.7241521959
553.949943687
554.0648968889
554.4802982923
554.5490874366
554.8436706883
555.1113706489
555.3094966572
555.7616119657
556.0587579727
556.2411506563
556.6735247172
556.8556764367
557.1095159556
557.3699420074
557.5700487267
557.8680805927
558.2104927695
558.3985849031
558.6977094328
558.832465765
558.9495680644
559.354680514
559.4960446228
559.960127085
560.0984422971
560.3298822111
560.5886394342
560.9846956441
561.1747712472
561.3599367921
561.5046118457
561.7653007497
562.0625857943
562.1978308718
562.6044978486
562.7223440605
563.1545003581
563.4574796316
563.7472710816
563.9711545124
564.3988333234
564.5840217034
564.8077206071
564.893047882
565.2705110081
565.5720331735
565.7440802649
566.0948796252
566.4421188981
566.6291840976
566.7800921531
566.8711633498
567.2091534239
567.542521015
567.7734897355
568.1651862348
568.3250797317
568.5068251066
568.8284194859
569.2282871367
569.5210012302
569.6531841403
569.9064599375
569.9749216001
570.4322739558
570.5628351247
570.7194139831
571.1647409842
571.3438786241
571.6260457572
571.8562533861
572.144893898
572.3321242842
572.4101063643
572.9711144884
573.148046793
573.451445154
573.7308232107
573.9894757189
574.3511439486
574.5553690576
574.6253965264
575.040798189
575.293857898
575.5858054601
575.9206311415
576.3017483174
576.3868472063
576.5806175188
576.8909485811
577.0712038864
577.2944034547
577.4221405859
577.8901297336
578.155958317
578.2041043481
578.3624808979
578.7622545074
578.9682673654
579.2613293299
579.5335310751
579.9587123794
580.292660247
580.3886623694
580.5879756406
580.9295034137
581.0873946794
581.3454923579
581.4817343411
581.9620137549
582.2163887823
582.3539265043
582.7841642313
582.9653967199
583.2871798254
583.4976850268
583.7296690609
584.0055850423
584.3259924486
584.5840431199
584.761223365
584.9429824694
585.2498567638
585.5343131506
585.805347617
586.1000973316
586.3317102325
586.5603627035
586.8888830157
587.090915881
587.4484656813
587.5128387368
587.7633139695
588.1548937427
588.4385108553
588.4962429924
588.8137393126
589.08660025
589.3395012053
589.4970500294
589.7786334542
590.0879541039
590.1549679254
590.6501088688
590.7274268483
591.0197275729
591.4152596157
591.662410331
592.0938614673
592.3337263072
592.5866702061
592.9804992954
593.1139917906
593.378463659
593.5025472548
593.7159770073
593.9418985938
594.1778552678
594.4767716599
594.7245316364
595.014272121
595.315399122
595.6872405922
595.885369964
596.0132282639
596.3070174758
596.4433454702
596.7052001243
596.9610189387
597.3822237295
597.4219486234
598.016925512
598.1563348768
598.3114038059
598.4496380436
598.8098707903
599.1513557989
599.2947420432
599.6714544889
599.8809586239
600.2011595093
600.5564685399
600.6123605383
600.7211980564
601.134878497
601.3889648157
601.7897234803
601.8263377628
602.2550114391
602.5503049572
602.7565941101
603.0656900345
603.3436634914
603.6483018495
603.8570937132
604.0175332098
604.3159277933
604.6024502553
604.6818295808
605.1380978393
605.2848187538
605.5187334886
605.8552242707
606.0454891094
606.2534407664
606.5457034019
606.6338791304
607.0258425071
607.1623387136
607.4300682205
607.9274374057
608.0683571772
608.3338898235
608.58924415
608.8087063933
609.1956489959
609.313908411
609.5933724156
610.0268899484
610.1233345212
610.5284829367
610.8516835882
610.9397347481
611.2696376367
611.5435340753
611.9012282269
612.0416474129
612.1430338904
612.588917287
612.7366112854
612.8072690547
613.291918019
613.5894881077
613.6880525836
613.7825217576
614.07734317
614.6736277383
614.8649961742
615.1575599092
615.366630556
615.6452797468
615.8493391088
616.0536160013
616.2492092308
616.5391281034
616.9294761463
617.0097305799
617.205127911
617.4025469897
617.607175401
618.05674381
618.459893026
618.7278525016
618.8766579712
619.0124897982
619.438250677
619.6930792613
620.0331301484
620.3256053355
620.5806560609
620.6541436736
621.0284926745
621.1580629613
621.5091253889
621.9229471206
622.1249376603
622.2630756099
622.4984097241
622.7290280336
623.005715516
623.2453206489
623.5370357923
623.6915336613
623.922974331
624.2429843765
624.624336573
624.7881779146
624.8724073958
625.2166729352
625.4864036344
625.6641618897
625.9427136217
626.3458152882
626.7247660564
626.831383818
627.0799304828
627.3443924307
627.7351946374
627.9363497554
628.1592969989
628.4822366248
628.6393476051
628.9692692971
629.061628657
629.630088695
629.7136166427
629.7975518969
630.1498059707
630.4655397062
630.5912732174
631.0490356591
631.3106338125
631.4920499273
631.8502735584
632.1649308048
632.3949362106
632.5183746066
632.6278157787
632.8640388998
633.1389985195
633.5966619969
633.8535751715
633.9970850407
634.1543130632
634.6164910251
634.7351916745
635.2101511343
635.3468239773
635.4453038774
635.687306617
635.8406456811
636.2253748505
636.4387802479
636.8596588576
636.9927187456
637.5486888745
637.8375324804
638.0735608933
638.148221359
638.5632574836
638.7553358326
638.970645842
639.2332692384
639.576813927
639.7692174082
639.910143935
640.2989908818
640.4445152113
640.7430042641
640.9746772081
641.0343873208
641.2407552433
641.8010877079
642.0542524533
642.2442874834
642.4891652437
642.7203725331
643.1137785122
643.1900146508
643.3933039999
643.679571338
644.1914070975
644.4115118629
644.6021817852
644.7438355335
645.03924692
645.3120227261
645.3767515174
645.6537370783
646.2111620824
646.4304552295
646.7158553768
646.9494278606
647.1613404525
647.4359754251
647.6891349867
647.8833662414
648.1695098298
648.4899324686
648.706981502
648.895616415
649.1866718337
649.4059093049
649.7161045092
650.1715221697
650.4076173797
650.5403457336
650.6650222377
651.0665775143
651.2635007531
651.5248829195
651.6345034055
652.0032975704
652.1348043159
652.3706159748
652.6418871526
652.8987660337
653.1652868797
653.4419556551
653.7740579557
654.0002162784
654.3272872379
654.5290134065
654.9090603673
655.1383133276
655.5629686509
655.6727809239
655.848241029
656.1566988522
656.3650840453
656.73155338
656.9832562007
657.1421015943
657.4654205872
657.7619509453
657.9736404153
658.2238311392
658.4484301784
658.5718558554
658.9405750652
659.1599019653
659.4117637439
659.66847233
659.8611472224
660.2747619435
660.5779506781
660.6709531746
660.9643480767
661.2572803395
661.5654037908
661.7470881534
662.0786744068
662.2701058772
662.4311957232
662.685553262
662.8893356052
663.4343995049
663.5244021439
663.7200053065
664.0125832775
664.332971261
664.5966260786
664.8421256226
665.0186110975
665.158094369
665.7209174822
666.0960062222
666.3736137161
666.5557208814
666.6847828691
666.9681330337
667.2759612169
667.4609567842
667.743840068
667.8882620324
668.0690719629
668.4064043433
668.7248140858
668.9936723574
669.1911004332
669.3823849395
669.6665969324
669.9855165307
670.0634630174
670.4976711924
670.8217386252
670.9991486676
671.1342183498
671.2998970292
671.6985248735
672.0370135009
672.2801416889
672.4688720389
672.7158150322
672.9808649186
673.4488780433
673.8811259424
674.0098812368
674.2284706254
674.3697469944
674.6301059858
674.8116141472
675.0691428075
675.3218189688
675.656392132
675.797953606
676.1634985886
676.4321550642
676.6762265921
676.9357718932
677.208174245
677.3585639946
677.7428585441
678.0015176486
678.2335579862
678.5008078912
678.8036434518
678.9087540808
679.2481941733
679.4116434548
679.7499248876
679.9434290024
680.1686362856
680.3169103035
680.7450986446
680.853135032
681.235242565
681.4535990808
681.7022971817
681.9031691029
682.3900801754
682.6801431727
682.7951006566
683.0479426111
683.4617697325
683.7270587944
683.8953175956
684.1803500727
684.4584315513
684.7211113944
684.9462974858
685.186301172
685.2279815753
685.706994448
686.0782792116
686.2125980722
686.3942070677
686.7515680185
686.9694480051
687.1176489819
687.2519550266
687.5342926573
687.7772535175
688.1599376924
688.2604476708
688.6935110791
689.0780280695
689.3001724355
689.4832925582
689.8605663495
690.0271953065
690.2061084819
690.5046222628
690.6197747722
691.0484222671
691.310469998
691.4856759123
691.7756821332
692.0318856199
692.365828285
692.7130443652
692.7724001581
693.139300469
693.5193622638
693.6692378715
693.8415980997
694.1404735525
694.2502955972
694.5811480532
695.0304103528
695.2189673324
695.4549099271
695.6919124989
695.9497527572
696.1598640572
696.398233298
696.6740354434
696.9484429785
697.223871002
697.3913742372
697.7093558479
697.9071727672
698.0630472396
698.5127848398
698.7076610075
698.7717033169
699.0424960031
699.2773001619
699.8039960498
699.9196089554
700.303838178
700.6522589499
700.7836585516
701.228759463
701.3759702011
701.5441132692
702.0506660796
702.2299842833
702.4058672913
702.7030911811
702.8604135714
703.1378680135
703.3704357933
703.4531302296
703.8492770102
704.0395010964
704.3668203733
704.6115221789
704.7991580544
705.2772369469
705.3315044409
705.6281554309
706.0100616473
706.3621414641
706.4220567419
706.6086566137
706.8541516843
707.184295922
707.3182410308
707.5149570636
707.9455901148
708.2760438871
708.6537609557
708.7664547596
708.9556105008
709.1660825978
709.3427508632
709.7904399129
710.134526386
710.2877591033
710.6442527543
710.8307772876
711.0128258382
711.1430908484
711.6140605063
711.9373544845
712.1378649274
712.4562428731
712.7924121677
713.0203350934
713.1160397587
713.5326642604
713.7062388194
713.8644078523
714.0131139067
714.2237227996
714.6469379489
714.8288815608
715.2152944031
715.3256932136
715.5987907946
715.9407218524
716.079784655
716.3574170944
716.5637596472
716.8565632099
717.1319156486
717.3499912904
717.8221608469
718.0322366339
718.3036687648
718.5600670855
718.7716272175
719.0603211315
719.3973392166
719.5126572948
719.8319501363
720.0440080858
720.3872513329
720.586074993
720.9244468584
721.0875035761
721.3347964283
721.7672144998
721.8621175168
721.9986143892
722.1480692083
722.5613157802
722.8431815129
723.2957536096
723.3602971731
723.5165557094
723.8184664436
724.1574302285
724.5768056861
724.7184577003
724.9905977445
725.2067298692
725.2931086385
725.6291803716
725.9109620578
726.1699680664
726.4572423161
726.5388139661
726.7369804172
727.0735001333
727.3467416733
727.7351604054
727.9517965704
728.5656855895
728.6339308647
728.8747943852
729.0769486868
729.3249394955
729.7230567255
729.8273938577
730.0134694
730.4286133119
730.6563552836
730.7999921833
731.0601613623
731.3672746859
731.5454059765
731.9908219697
732.1501764777
732.3760738755
732.6788832043
732.7324862072
732.9743296446
733.3555553649
733.5093832466
733.7733718742
734.1453233257
734.4290730514
734.630948661
734.7615706796
735.2291859739
735.488736344
735.6881107824
735.8663520557
736.1980782695
736.4793629508
736.8240101218
737.1220175206
737.2231704115
737.5022312238
737.8954916289
738.1021305629
738.3235303307
738.4617942913
738.7289462587
738.9079940455
739.3035273571
739.450097048
739.9570387103
740.155676931
740.4609385903
740.6039043899
740.8109920474
741.1320009955
741.4339688059
741.68771433
741.8270099251
742.1595932393
742.4049334755
742.6733525858
742.7665017116
742.9136321204
743.223598545
743.6162285677
743.8321834725
744.2569483992
744.3668606043
744.6030408729
744.9785940029
745.1030142793
745.3956053659
745.5834948543
745.9185087834
746.1965693444
746.4536341494
746.9594312352
747.2840989829
747.3959158178
747.5562287257
747.8411523228
748.0653830875
748.3371138895
748.7267938548
748.8734895547
749.11348463
749.1566250939
749.3978215063
749.8602016392
749.9761389428
750.3527818386
750.478178963
750.8369531451
751.059610614
751.290103146
751.5208557373
751.8778928052
752.2433562007
752.4130001762
752.6827863897
752.9243561298
753.1872692861
753.2306988005
753.6338379169
753.7635051294
754.2102524944
754.3214714551
754.7174241612
755.0518892843
755.1931052537
755.4625688503
755.8268854297
756.0842129157
756.1896825111
756.3638435477
756.6710140172
757.2751189666
757.4057129167
757.6635248208
757.7485520848
758.0440215084
758.381203594
758.4663920075
758.8033264613
759.1034776484
759.282487284
759.5718961297
760.0295328808
760.177286422
760.3719403897
760.5531657144
760.7667152731
761.1005868188
761.1719485147
761.4801071981
761.8225558074
761.953869054
762.3060228564
762.5462994496
762.7487525348
763.0723840805
763.5517901079
763.6910489367
764.3079197873
764.3460826133
764.4730150248
764.6774333425
765.0410426147
765.3454140378
765.4940675054
765.6352671311
766.1243200721
766.1884354928
766.5460961529
766.8173080306
766.9988458638
767.3843942323
767.4786994466
767.8076650143
767.9419059705
768.3433602313
768.6155463975
768.8593485201
768.9444552155
769.3244642735
769.4933687198
769.7882138318
770.1741314114
770.4160411383
770.6016052212
770.9026026389
771.095406221
771.3548315218
771.5064113553
771.8342020566
772.1388598637
772.2988311476
772.5850097031
772.9172253138
773.1291807875
773.3835299064
773.8041571408
773.9761874507
774.258200549
774.3766353669
774.8575170811
775.1745810734
775.3639928799
775.444313741
775.843895373
776.1121989472
776.3698760152
776.5970448957
776.9138539265
777.1146281732
777.2510223617
777.4016933962
777.7084888151
777.907018248
778.2558730362
778.4354629259
778.8961536423
779.051528636
779.2920467165
779.5583833973
779.7548781442
780.0347006564
780.4884033969
780.5108317296
780.8340685021
781.064314256
781.3630401604
781.6529306704
781.9207587562
782.2172167688
782.3904483865
782.7327037628
783.107884533
783.3502583046
783.5105338524
783.734519856
784.0749663922
784.2431146857
784.5664928427
784.723507916
784.8558825939
785.0267855489
785.4499322944
785.6964881225
786.075672943
786.3930733487
786.663714912
786.9765615677
787.1577128499
787.3094918901
787.5073352425
787.712291891
788.0329531518
788.2445529003
788.5177192666
788.8229403898
789.1541259095
789.3165812739
789.4837975545
789.6138748368
790.086975706
790.241997748
790.5149513978
790.9008106975
791.1730408706
791.382065449
791.7492648917
792.1093940369
792.2688987361
792.615469118
792.7179060772
793.0489723947
793.2193749268
793.483923228
793.7160586018
794.0706465495
794.4132459852
794.5361831338
794.7022224646
794.9694011644
795.17399959
795.4547163571
795.8554824461
796.1242971766
796.2336878737
796.385169041
796.6716578531
797.0544647011
797.1584808401
797.5364094916
797.7654336869
798.0210706075
798.358428583
798.5618629612
798.8790850511
799.134213383
799.4742942367
799.6013142016
799.9627935448
800.099282162
800.3800616077
800.6642360094
800.7715977532
801.1031022397
801.4494362564
801.6669022242
801.9915872192
802.2593050568
802.5534216665
802.7969726099
802.9430535315
803.2879276941
803.5726909641
803.8075902421
804.0326343046
804.1484069882
804.6577834134
804.7631741583
805.0495911949
805.0986695458
805.4915088721
805.7683418631
806.133933219
806.2650138616
806.5022642642
806.843759732
807.1264618462
807.1699136265
807.3225549905
807.6007543072
808.0231061286
808.2742392332
808.5936093601
808.8133963979
809.1561019594
809.4106297403
809.6842920431
809.9641282411
810.3484400396
810.5273976529
810.8052542009
811.0302751083
811.3282455788
811.4808010356
811.5951989834
811.9134706826
812.1564593479
812.4705510989
812.8710273069
813.0278126759
813.1912541723
813.3202020934
813.5753849882
813.9077748117
814.2067196382
814.576038533
814.8437043269
815.0233309672
815.4047834414
815.6488144987
815.7579756369
815.9897532152
816.3065060956
816.4889391311
816.7079661958
816.9610915235
817.1380695249
817.5128634686
817.8656329059
818.1283169636
818.4570883342
818.6596004118
819.0269905013
819.1521103895
819.2592711495
819.6777243821
819.8761044043
820.2002519488
820.5565849814
820.6633556311
820.9085060365
821.2453777065
821.6676557611
821.7923104923
822.0662316759
822.2146250077
822.5299631611
822.7844571466
823.0181672402
823.0852900642
823.5719226202
823.8067725861
823.9008171103
824.1013552633
824.3732384071
824.610648916
824.8971730354
825.1077762899
825.6350423825
825.9265038259
825.9991089454
826.3456876477
826.546276695
826.806222611
826.9600199169
827.4094091091
827.6613881439
827.9539207055
828.2593301731
828.5013553179
828.6646940485
828.984547293
829.1469778947
829.4958124171
829.5524909254
829.8297838812
830.1920815091
830.4338321557
830.8166228726
831.0289655021
831.1833036335
831.381029245
831.7090505684
831.8867693739
832.2526638474
832.5417424724
832.7339783939
833.0071968284
833.2240753158
833.5383820371
833.6639006987
834.1270281244
834.2954711592
834.4302840548
834.8113384951
834.9490834885
835.2639192332
835.482584458
835.6659547831
835.9762680208
836.1745070177
836.5189975313
836.8360162394
837.212506899
837.3928904051
837.6855148007
838.0207030221
838.414033285
838.5678530003
838.7622866526
839.0212914937
839.1674028895
839.4076243921
839.5671471506
839.8956874643
840.1687346555
840.5260514332
840.6261611967
840.8962599639
841.2534852099
841.4582428626
841.7554790871
841.9125316269
842.1888360466
842.4357099919
842.7251383005
842.8948970257
843.1103305996
843.4310009046
843.8042038112
844.0434046463
844.2343282468
844.4866058765
844.8360613682
845.2013324415
845.354267187
845.519537127
845.7785158576
846.2792741141
846.3969680611
846.6345954864
846.898439082
847.1017506463
847.3412713862
847.6573671461
847.9284811006
848.1269367921
848.3660294467
848.5272494353
849.1222229823
849.2383698049
849.3851327885
849.848196226
849.9016091377
850.2804260005
850.5552769997
850.7862111265
850.9322225985
851.204170365
851.3401753651
851.7454575734
851.8687136279
852.1894421743
852.3984199413
852.5986525846
852.9482580678
853.2353674644
853.4193170214
853.7563123856
853.9231392239
854.2164572697
854.7467032237
854.8438077246
855.2592773092
855.5162355738
855.5976788821
855.8124387147
856.0378298968
856.3522343988
856.6530453114
857.1042317182
857.332783134
857.484505846
857.7900643398
857.8467745915
858.1135666795
858.4087707808
858.6173193802
858.8050378511
859.0920193207
859.278615226
859.5796803628
859.877176894
860.3146738023
860.5342731837
860.770244256
860.9491908363
861.1699848149
861.4245072052
861.7985743109
862.1116691817
862.224413281
862.5224586396
862.6969895235
862.9083291382
863.063429672
863.6189972042
863.8332890263
864.012018567
864.323285154
864.5860013582
864.9840473668
865.1862078922
865.3296057812
865.6023490354
865.8357672905
866.1693203596
866.4421989446
866.7464971167
866.9701380806
867.2148345665
867.4564986189
867.5640939522
867.9833330753
868.2106038549
868.4974661528
868.6705893657
868.826006708
869.0946012845
869.4655643319
869.6944899038
869.8069643129
870.1865116141
870.5454800364
870.6500003682
870.9607585481
871.1545476788
871.2671321308
871.4356302992
871.873569773
872.4037351935
872.6913797291
873.0211126373
873.0878656115
873.4601622064
873.6862842234
873.7510943644
874.2277197335
874.4150827083
874.5798226074
874.8971863181
875.061458594
875.3631909927
875.5503794525
875.7775907695
876.0841724836
876.3845945862
876.581541303
877.019309446
877.2571198881
877.501796136
877.6048189754
877.8488732436
878.2673222357
878.3910860245
878.6195339474
878.955191305
879.1192671119
879.4377669824
879.6086361441
880.0842827981
880.2183413482
880.3722448777
880.612453465
881.008968556
881.3711852477
881.4187747628
881.6245613134
882.0232587612
882.2035978443
882.5216950739
882.8785382677
883.125412471
883.3265399026
883.719358185
883.8973197816
884.3642998427
884.5064403067
884.5399869004
884.8494520602
885.1262280045
885.403597985
885.7054999795
885.9209847432
886.0913800892
886.5089464584
886.6279050999
886.8505925306
886.941923653
887.3104566023
887.7262181286
887.7643107713
888.0662582122
888.3310838877
888.577258634
889.0832015133
889.2826289329
889.5232409663
889.7149853367
889.9319195089
890.1345947351
890.5775764084
890.6816136136
891.1179184548
891.3181952111
891.4427895289
891.8006627443
892.2031786513
892.4169224771
892.6390130162
892.9029584181
893.0056276675
893.3144334027
893.6183905418
893.8237152215
894.1473974973
894.2234761847
894.6716834177
894.8489313854
895.1811562067
895.2409838298
895.7041979415
895.852222076
896.3060804034
896.5340882482
896.7413728049
896.9808803163
897.128153955
897.4410099151
897.5463648995
897.7830758074
898.0436407204
898.1271612929
898.8269635744
898.8958164118
899.0432528519
899.4392656552
899.7236461131
899.9990043217
900.3656376651
900.6196847845
900.9389144534
901.0271591729
901.354319824
901.6494759894
901.845518212
902.2624023041
902.4470458173
902.6086753399
902.8294410018
903.0037559418
903.1565687677
903.7048231341
903.9267004024
904.0946610962
904.3677704047
904.6395365994
904.9045922553
905.0220864098
905.1467310838
905.600197667
905.9693928026
906.0341028477
906.4400863172
906.7262618754
906.8731169082
907.1067352684
907.4948058377
907.5583408184
907.9761075966
908.1692370843
908.494753737
908.6234407149
909.1538467126
909.4009877531
909.5835839219
909.7730432521
909.9540444761
910.0927162981
910.4604169426
910.7948673619
911.146432921
911.2662160427
911.4832834549
911.8838949732
912.2741820437
912.5421415645
912.6601490442
912.9352877423
913.1097783075
913.308806113
913.6672047276
913.801980884
914.0141082706
914.2661901583
914.5891498378
914.8475794805
915.1262355266
915.4439548473
915.6704734429
915.8632199895
915.9748484256
916.3359006195
916.5804493762
916.8838883161
917.0824480289
917.4377982047
917.711261757
917.8904910038
918.2085059745
918.6464623549
918.8481586948
919.1216338008
919.4512052692
919.6849819301
919.8668798373
920.032877271
920.1516659303
920.7139414749
920.8250815921
921.069865636
921.2388018628
921.5753743668
921.7069761378
922.0194428431
922.3415991466
922.5910912399
922.684101881
923.2092052278
923.2478561968
923.6839073409
923.9477285927
924.1240385265
924.4352867478
924.6247515768
924.9045906068
925.0794457553
925.3867375293
925.6434661853
925.8103098663
926.1553117357
926.4619281512
926.5636405671
926.8601314436
927.0820921949
927.3348917961
927.8951161163
928.1324776249
928.395016353
928.5485451046
928.9208566776
928.9922102652
929.2510815433
929.4870568296
929.7984162457
930.1049396483
930.3369383382
930.6059419194
930.9288707672
931.1087630844
931.3590223633
931.625989628
931.8911162479
932.0368411373
932.3465055785
932.5432411893
932.7356121864
933.117522737
933.3109994363
933.4624592258
933.6786738954
934.035266149
934.2425780482
934.5246016286
935.061511275
935.2460827181
935.3843218304
935.7347347694
936.0775206562
936.1824307821
936.4818736053
936.8876287741
936.9378744757
937.3293582507
937.412359703
937.7258362907
937.9577442222
938.2635043868
938.7407641913
938.8797360195
938.9990031177
939.2587981091
939.4420468311
939.7695944157
939.9417847888
940.343818599
940.4972534437
940.9311909067
941.1919397004
941.4733978725
941.6640756773
941.7981018956
941.9686571378
942.1198975254
942.6535923752
942.9085177145
943.1507418977
943.2283482703
943.7370157576
943.8264261266
944.0073697431
944.344172173
944.6338824119
944.7877669614
945.0903511694
945.3660904762
945.7127473351
945.9819420053
946.3189772326
946.6147882791
946.7291813433
947.1466184993
947.4042450556
947.6028988579
947.8242909659
948.0533150672
948.4241833243
948.5592345515
948.863699377
948.9742199696
949.2022632047
949.4300770411
949.7594430437
949.9502313199
950.1000214882
950.7214683406
950.8323505641
951.0781389026
951.2441921479
951.6551149615
951.7372843366
952.1933609671
952.3112646134
952.545582764
952.8001209234
953.1236428219
953.2817084039
953.5604780158
953.9570770834
954.2368512335
954.4119337129
954.9224132807
955.1004410593
955.1343012072
955.4355286113
955.8058485969
955.9082163303
956.1530964921
956.542125379
956.7151650131
956.9157257656
957.2248577874
957.5862504057
957.8679948066
958.1507050149
958.2226184319
958.5510272455
958.9097053036
959.1497951545
959.2572031944
959.5694111445
959.7950876856
960.0663161518
960.3240182568
960.5308658254
960.744378247
961.1370082303
961.1920108314
961.3970007734
961.6980909265
962.0685007963
962.3306425461
962.5435387374
962.7758342659
963.1909386183
963.5304695903
963.7932194517
963.9214161316
964.3606728258
964.5485888329
964.8776995534
964.976584879
965.2112388718
965.4404501744
965.7756052215
965.9265619894
966.3067208203
966.5195596869
966.7922536911
967.1087650717
967.3202641349
967.3963449542
967.8199794106
967.9622240282
968.2595168782
968.4404378773
968.779836588
968.8946245774
969.0932852842
969.5834909681
969.9060073718
970.2955860565
970.3262233344
970.534000669
970.9899752207
971.10760336
971.3230436347
971.5674300639
971.6529795621
971.9199807396
972.4495465585
972.7613400961
972.9790934861
973.0971424468
973.3867246288
973.7120925658
973.9621178715
974.1263863255
974.5330476193
974.8627437489
975.1744904625
975.3251086092
975.5676094666
975.7893376025
975.9023475459
976.1982291733
976.4739014789
976.7798935283
977.0325492543
977.4544861079
977.5469187936
977.74877465
977.9214554869
978.2261389441
978.4955225661
978.6933251657
979.0616577433
979.2053403282
979.4733174731
979.7974234073
979.900828072
980.3133866008
980.6069046503
980.9101331492
981.093728357
981.4220684756
981.5089481146
982.0031287881
982.3275911149
982.6063973118
982.686819539
983.1031907613
983.2019614993
983.532108268
983.7924909374
983.9347438576
984.0866830912
984.4740301792
984.6484576115
984.85473918
985.0321651563
985.5611532989
985.7875380405
986.1093342431
986.3658946169
986.4434957922
986.8391797939
987.0100730295
987.3539450167
987.5541417956
987.8116796347
988.0167688749
988.2268164028
988.3881790146
988.8059197616
988.9486791328
989.3097192845
989.4117516043
989.7762181604
990.1773666071
990.464693965
990.7056438779
990.8518362362
991.0063408506
991.3306815331
991.6749526691
991.9478492568
992.2706919523
992.4718523137
992.8516053037
993.0098203083
993.2863937902
993.4968912737
993.7639001655
994.0364731516
994.3573163696
994.534382502
994.6987883584
994.8876165978
995.1946989939
995.4140707265
995.7643604563
995.9385918702
996.1564219998
996.411037648
996.6782097196
996.9967933732
997.2863234355
997.534041092
997.7569438245
997.9651155335
998.2812466147
998.510143385
998.9139107109
999.2395063763
999.5108600825
999.6197212781
999.7705730341
1000.0333867755
1000.370356521
1000.7552421328
1000.8734585559
1001.2246252555
1001.456452536
1001.7206977509
1001.8509197333
1002.2197874322
1002.4609629906
1002.7312011442
1002.9596574496
1003.3038017045
1003.4198011368
1003.7023949268
1003.9899749925
1004.1229444706
1004.6167574175
1004.7392805245
1004.9927556933
1005.2846380743
1005.5234785511
1005.6612433893
1006.0262405573
1006.3910037892
1006.4691762477
1006.7922322383
1006.9751402707
1007.1470597348
1007.4575719516
1007.689451659
1007.8759379059
1007.9926008677
1008.5912844719
1009.026435981
1009.2746693875
1009.4585099479
1009.8477397207
1010.0097591813
1010.2380098575
1010.5405142723
1010.6306997501
1010.89056511
1011.0820874526
1011.5210641798
1011.7439490951
1011.9431553034
1012.1714395188
1012.452916144
1012.699679102
1013.0202120549
1013.1768226093
1013.3661292517
1013.5142107453
1014.0603310162
1014.1856876445
1014.4917549896
1014.7389403186
1014.9770772754
1015.2510232991
1015.4485239545
1015.8111290568
1015.966756279
1016.2436099282
1016.4923455051
1016.6903379241
1017.1830374053
1017.3631324185
1017.5677788554
1017.8697114369
1018.0607655409
1018.2826755871
1018.6031125931
1018.9805351085
1019.1861522155
1019.4468835353
1019.6212808612
1019.821394113
1020.1353323654
1020.3606050502
1020.7030163545
1020.9096756677
1021.2603314249
1021.6234189443
1021.8524335111
1022.0532625844
1022.2375590944
1022.4586062685
1022.7226049015
1022.9094134261
1023.1964806108
1023.37063503
1023.6109067508
1023.8713951842
1024.170826497
1024.3300827173
1024.7902149268
1024.9440408549
1025.2696151889
1025.5301748389
1025.6788591856
1025.8881098697
1026.3389891289
1026.6352215972
1026.8363984269
1027.086603022
1027.36667921
1027.6411924371
1027.8799983608
1028.2754521747
1028.4822079752
1028.6696939171
1029.0107634638
1029.2512286218
1029.385300533
1029.6414484312
1029.9413706043
1030.067526327
1030.3598938309
1030.668709518
1030.8614531266
1031.1121521103
1031.4591239061
1031.6038303566
1031.8186069363
1032.1782222601
1032.6695375396
1032.8760705356
1033.0980512714
1033.2245217669
1033.2909892366
1033.7050026158
1033.9007474685
1034.1735852917
1034.6579692588
1034.7516396677
1034.9705302739
1035.136317147
1035.3673628703
1035.7591364045
1036.0634169281
1036.3638241542
1036.5912633141
1036.8636139343
1037.0567390197
1037.3970680361
1037.7787419159
1037.9974098313
1038.1911623354
1038.4458038466
1038.6439128497
1039.0430458961
1039.324369575
1039.4093333569
1039.4912326971
1039.840732406
1040.2071196
1040.296787983
1040.6621805748
1041.065172172
1041.3977817949
1041.4538002166
1041.6800591484
1041.8361795556
1041.988928035
1042.40172467
1042.4791707556
1042.9191969567
1043.0888624511
1043.628492983
1043.6984870637
1043.9133875344
1044.2841055571
1044.6158495768
1044.8584461754
1045.1618326418
1045.3391697591
1045.6859868265
1045.9342615787
1046.1618006559
1046.4447602028
1046.5371379277
1046.7099033293
1047.0078810755
1047.328117761
1047.6187150775
1047.9084340731
1048.2033228315
1048.3681458254
1048.7577997658
1048.9312543325
1049.1887104225
1049.4223846365
1049.5999347501
1049.9698605961
1050.1682484309
1050.439092434
1050.6536219308
1050.8632927523
1051.3439537417
1051.5226323524
1051.6606167475
1051.8498184819
1052.0794034669
1052.4404001801
1052.7675853297
1052.8636884779
1053.0726861712
1053.4820090697
1053.6803060736
1054.1389532867
1054.2949658737
1054.5055399701
1054.8943109579
1055.0943462329
1055.4261887649
1055.5654741246
1055.8611212201
1056.3941189383
1056.4763956805
1056.5989373879
1056.9367905586
1057.2783687334
1057.3749885181
1057.5728465298
1057.851366273
1058.102979883
1058.3660701336
1058.6354242924
1058.8504688541
1059.1062066229
1059.3139527825
1059.6070845895
1059.7628747457
1059.9956787585
1060.6112926407
1060.8063983815
1060.9345497288
1061.3289559509
1061.4515073455
1061.7194671489
1061.9084445651
1062.2122605935
1062.3792337994
1062.5605392124
1063.041765695
1063.318699903
1063.6301932643
1063.8499316942
1064.164984599
1064.3738750013
1064.5980858532
1064.8545363831
1065.1152797308
1065.3537683521
1065.5147592131
1065.7317946544
1066.0921861673
1066.3836824992
1066.6180917698
1067.0325448417
1067.1901718736
1067.3583156783
1067.7002367288
1068.0703874713
1068.1790299516
1068.3527734324
1068.5744912744
1069.0313262643
1069.1224149411
1069.3306877454
1069.581933058
1069.8233280459
1070.0280105804
1070.477306784
1070.6167796486
1070.8770034593
1071.0196409587
1071.4009752395
1071.7365861852
1072.0287219226
1072.2411111497
1072.7174096961
1072.9936328614
1073.1523252379
1073.3899503089
1073.5648043956
1073.7487580779
1074.21190356
1074.4436678591
1074.5270193556
1074.8718512879
1074.9807606857
1075.307537913
1075.7922786981
1075.8612556184
1075.9841887874
1076.329626145
1076.4953191899
1076.8972942432
1077.1387571091
1077.4109212721
1077.7846471213
1077.8806941581
1078.0603989309
1078.2204976879
1078.6676988056
1078.8377147412
1079.2453052635
1079.3926620618
1079.6852113824
1079.9958673993
1080.28595105
1080.4855255848
1080.6974334197
1080.8605286319
1081.2659740776
1081.5225562653
1081.6312257607
1082.0935634004
1082.2287325547
1082.2661231179
1082.8681892
1083.2294692042
1083.433264656
1083.7891851034
1083.8697590685
1084.1185671712
1084.2833724657
1084.5889457911
1084.9683750667
1085.1987156739
1085.4251944232
1085.586276556
1085.7354349026
1086.1599878559
1086.2563841445
1086.5603813967
1086.8863109881
1087.058280771
1087.3855271743
1087.6191958423
1087.8175849619
1088.2411858733
1088.3588358424
1088.511028849
1088.802530389
1089.1077989672
1089.3601940212
1089.6488856481
1090.0599067304
1090.4666016125
1090.4779826923
1090.9031762947
1091.0620705171
1091.3725696345
1091.5157023375
1091.6496895271
1092.0778503296
1092.4264175224
1092.6797428667
1092.8753511505
1093.0950223232
1093.2651707627
1093.4682487505
1093.7842032405
1093.9720808607
1094.2256693178
1094.5014380645
1094.9000423635
1095.2685085414
1095.4208865823
1095.6025283636
1095.8562743263
1096.2610653188
1096.4939819019
1096.5644815629
1096.9414907749
1097.1096878813
1097.3003670962
1097.5237660515
1097.801379217
1098.0185419326
1098.3851307898
1098.637764575
1098.8286502903
1099.2500578535
1099.5007548879
1099.8397232267
1100.0215759691
1100.1598811762
1100.6773582931
1100.9005243398
1101.0791495694
1101.255519806
1101.6341799622
1101.8349886659
1101.9680889559
1102.2646132794
1102.7519284991
1102.8449840731
1103.1536915208
1103.4346116973
1103.7085926225
1103.7671493984
1104.089034671
1104.2474494598
1104.4225113868
1104.734905237
1104.9289523045
1105.3960091607
1105.5927942618
1105.8560842108
1106.0301473461
1106.2811737904
1106.6311757613
1106.97090483
1107.1856220306
1107.5408410667
1107.686908752
1107.8960950245
1108.1359251678
1108.406582646
1108.7890168234
1109.0487254495
1109.3371304694
1109.5781084534
1109.7088330578
1110.096707426
1110.1854525047
1110.3881301177
1110.7218093993
1111.1584345685
1111.3294790377
1111.5773135595
1111.6818940808
1112.1531880929
1112.3748372846
1112.7687636685
1112.9110691883
1113.0076756772
1113.3127791544
1113.4224354595
1113.7864390154
1114.1409516355
1114.3577697241
1114.6589611208
1114.8416094948
1115.1148142069
1115.2697302025
1115.6548368359
1115.764893852
1116.0033643472
1116.4129798942
1116.5739953179
1116.8188426088
1117.0596943936
1117.351689774
1117.6942178866
1117.9423016737
1118.3581529607
1118.635442418
1118.8384377969
1119.2209551423
1119.4433989623
1119.608543917
1119.8033111211
1120.0622546061
1120.2821540509
1120.4440721437
1120.7507447842
1120.9685818276
1121.1245856418
1121.625234337
1121.7443666823
1122.1100734513
1122.229958904
1122.6029271302
1122.8405577365
1123.1134587233
1123.2958422121
1123.4191011391
1123.8860730582
1124.0682391255
1124.3592514779
1124.6911880421
1124.8505146215
1125.1178800171
1125.3367143009
1125.573381227
1125.7809405915
1126.1626930799
1126.5499330449
1126.6526597509
1126.9650185541
1127.2645874793
1127.4676823158
1127.7905447117
1128.0369260086
1128.1521943937
1128.4479148455
1128.6741242003
1128.9267507957
1129.4846250591
1129.698569627
1129.8005502024
1129.9569021262
1130.3456722905
1130.5913090978
1130.7835935149
1131.1167327523
1131.3199516662
1131.7001271266
1131.7349384526
1132.0198315219
1132.3130546292
1132.5673553089
1132.7800402283
1133.0050634815
1133.2212186044
1133.386641797
1133.6688739639
1133.90361605
1134.4387765091
1134.6364927906
1134.9556271552
1135.2694964335
1135.5372973535
1135.6602569656
1135.9303217267
1136.1957702037
1136.470011224
1136.7997146065
1137.0467571889
1137.1479832818
1137.6157155669
1137.8065475163
1138.0673501294
1138.1417709546
1138.5149116654
1138.8210177837
1139.0684781055
1139.3205476862
1139.493851376
1139.6908421528
1139.9182869982
1140.2089943115
1140.3375432668
1140.9255242296
1141.1169584896
1141.2425363114
1141.6996738917
1141.8036237381
1142.1045744691
1142.4300279557
1142.5480373131
1142.7539101218
1143.1100016941
1143.3060527572
1143.5365866981
1143.823903995
1143.9935054497
1144.3284884865
1144.5661284751
1144.9108003848
1145.0750157439
1145.603034695
1145.6942913888
1146.0492624629
1146.2525395926
1146.5045321924
1146.7344033281
1147.0850896042
1147.275369985
1147.6215044843
1147.8655683985
1147.9891086856
1148.3597144105
1148.5158564412
1148.7225912123
1148.8932932264
1149.300788904
1149.4868403223
1149.7441162328
1150.0663439311
1150.1268902291
1150.5603600059
1150.7822997823
1150.9914275345
1151.3143234855
1151.5910602503
1151.6578002561
1152.0012886557
1152.3241742507
1152.5223850075
1152.7917166723
1153.0685189427
1153.4075503805
1153.6038601443
1154.2063238106
1154.3151865685
1154.4180032632
1154.8368791644
1154.9616235558
1155.2318141815
1155.349124964
1155.6345861394
1156.0293192855
1156.0946545854
1156.4287237546
1156.7711692709
1156.9584565234
1157.2150607509
1157.3684024654
1157.7485441724
1158.2189077718
1158.3716842483
1158.6363204513
1158.8229397012
1159.0561167181
1159.1571979313
1159.6547079408
1159.780542206
1159.8575927668
1160.1395328361
1160.3782468436
1160.7731353257
1161.2834633199
1161.386316412
1161.5036188918
1161.7422510644
1161.975988145
1162.2288734829
1162.4277815457
1162.8595716327
1163.2611550659
1163.433095114
1163.7589147036
1164.1400605233
1164.1897507069
1164.4600906565
1164.7217020962
1164.9670635615
1165.3887345149
1165.533945753
1165.7044896732
1165.9976996886
1166.2409556566
1166.4625154606
1166.7578976222
1167.1198186029
1167.18776983
1167.4544235776
1167.651418345
1167.8646899016
1168.1397316305
1168.3883115436
1168.849832181
1168.942100902
1169.1628219982
1169.6850609286
1169.9503701065
1170.0740002738
1170.1721593133
1170.5108917564
1170.8229952008
1171.1511357778
1171.402509345
1171.6012105633
1171.8290841985
1172.0970558945
1172.3559318878
1172.5045880209
1172.8325462973
1173.3691980404
1173.5896478405
1173.682732905
1173.8156824715
1174.2806902434
1174.5631461609
1174.6784487839
1174.9589247081
1175.2231829979
1175.4878716278
1175.6474756208
1175.9153028544
1176.2553752397
1176.5718604654
1176.8245144497
1177.1325291285
1177.2437804069
1177.531174547
1177.7369567118
1177.8911454311
1178.2357223446
1178.5691165281
1178.7415111173
1178.8952955084
1179.043858275
1179.4467258841
1179.7498274882
1179.8767125861
1180.2833315728
1180.6827817464
1180.8818245405
1181.1337606006
1181.588899006
1181.7498866656
1182.016780844
1182.2040862248
1182.4100232958
1182.6581782302
1183.0321517569
1183.2336339578
1183.4057572514
1183.7005744006
1184.039964312
1184.0896309046
1184.4439281088
1184.5466236674
1184.9849447679
1185.180937955
1185.5052064706
1185.6950478923
1185.9460511716
1186.1521487901
1186.6096403412
1186.8150468883
1186.9343912304
1187.1666501203
1187.5274760607
1187.8340674228
1188.0733065425
1188.2512821534
1188.3489172929
1188.7135188128
1188.9441987722
1189.3970689533
1189.5563508972
1189.8521080107
1190.1828996361
1190.362251739
1190.6035673566
1190.8596764578
1191.1497129912
1191.3444457706
1191.5360020149
1191.8324255439
1192.1451598939
1192.5077776971
1192.830160634
1193.2270250858
1193.442846522
1193.4763325698
1193.569293297
1193.9915788864
1194.2349062299
1194.3004963534
1194.6852278623
1195.0561726808
1195.2043511107
1195.3816719477
1195.5356797902
1195.9392838516
1196.2364236618
1196.3487568454
1196.7687920992
1197.0497186487
1197.1253123319
1197.4486731768
1197.79200264
1198.0124256789
1198.2758710809
1198.5260676006
1198.8265329842
1199.0560949755
1199.5304776672
1199.6988661657
1199.7803799216
1200.0842421776
1200.5222445746
1200.8179915953
1201.0195578562
1201.2057348279
1201.3848699446
1201.5329607879
1201.8595058306
1202.0785311487
1202.2634561652
1202.7627036043
1203.009149252
1203.1790793905
1203.4724217278
1203.6261787859
1204.0113509029
1204.2323387375
1204.4030466561
1204.6704842821
1205.0143316965
1205.1909526561
1205.7194709613
1205.8887571334
1205.9791465544
1206.1310169842
1206.2999032162
1206.7104903745
1206.9154728007
1207.1723196367
1207.3027073821
1207.7050837309
1208.1620011585
1208.3437457874
1208.5839762161
1208.8285685792
1209.1581737619
1209.497599026
1209.8231039351
1210.0177444119
1210.1409820616
1210.4611266054
1210.7571562132
1210.826852002
1211.0157291064
1211.4387334601
1211.63814463
1212.0747939017
1212.2520569237
1212.3783113889
1212.5741215146
1213.0308149426
1213.1767400626
1213.4222458012
1213.7947025555
1213.8760933301
1213.9560820454
1214.289740135
1214.6788639423
1214.9165421012
1215.1305144424
1215.5127274248
1215.7629227136
1216.1491486218
1216.3388353408
1216.5316804036
1216.7146258275
1217.1498369833
1217.3170611431
1217.6074510515
1217.9181016516
1217.9514570596
1218.2585970413
1218.7267745907
1218.89128836
1219.2509305763
1219.2728255913
1219.5317987253
1219.8672514228
1220.0924133534
1220.4538729297
1220.7152197612
1220.9373942304
1221.3134935303
1221.4528427706
1221.6540781905
1221.8979520278
1222.2190538856
1222.4552856806
1222.7246255383
1222.9844061494
1223.1112859461
1223.4046831248
1223.5376370714
1223.9680457279
1224.1334668069
1224.479433686
1224.5963445369
1225.0637978837
1225.0937016466
1225.5033258861
1225.6945485202
1225.9871299586
1226.1660193297
1226.5440008501
1226.8716650723
1227.3362223346
1227.3743519956
1227.6076389586
1227.975703403
1228.1299916843
1228.4692513728
1228.6673712275
1228.8999952967
1229.261899109
1229.4411710588
1229.654250011
1229.8612920846
1230.0997701144
1230.3177756045
1230.4524045791
1230.7662910723
1231.0074295338
1231.4544862367
1231.6644388076
1231.9894046885
1232.303361145
1232.5012333041
1232.7270879361
1233.0100109573
1233.1866917002
1233.3402213917
1233.6049861515
1233.9489429682
1234.1163599768
1234.5228161173
1234.6935206736
1234.9846780939
1235.3349286814
1235.6011215095
1235.8820640431
1235.9451355792
1236.3539942587
1236.6704437014
1236.7780853887
1236.9218103868
1237.5532962626
1237.6905265009
1237.7976626828
1238.1091846818
1238.4069725822
1238.5980313739
1238.8497156664
1239.3083987895
1239.4693132849
1239.7330001078
1239.9355189633
1240.1303188217
1240.4059973984
1240.6167382663
1240.8389042766
1241.1705956706
1241.2987361559
1241.6342840604
1241.9761418934
1242.1175864672
1242.2995250693
1242.4712028907
1242.9830508023
1243.1065261168
1243.3158673757
1243.8310405115
1244.0399468611
1244.1907251238
1244.6865221751
1245.0420809043
1245.2197103105
1245.3529012273
1245.5879488008
1245.7715540667
1246.0332861146
1246.3801071208
1246.4883987984
1246.7496153384
1247.0967985979
1247.4243262313
1247.7051555409
1247.9321681686
1248.0385832986
1248.519714634
1248.5741342622
1248.7418186738
1248.9939326308
1249.3630214231
1249.8031842114
1249.8954332535
1250.1343601021
1250.3537932178
1250.6272518861
1250.8883825693
1251.1936186023
1251.5325180034
1251.6404742125
1252.0502660859
1252.1976490837
1252.3855401141
1252.5432032751
1252.8690762026
1253.2675242507
1253.5122600063
1253.6046858751
1253.8446264755
1254.3310194712
1254.5967060287
1254.9796490125
1255.2415267563
1255.3457871685
1255.6569281765
1255.7692577094
1256.2708366252
1256.424873946
1256.6287729468
1256.8148159468
1257.154205966
1257.3692507753
1257.6089464212
1257.7819511035
1258.1663563329
1258.2748988194
1258.5559673313
1258.8790790955
1259.2395428777
1259.3197267066
1259.5444855278
1259.7273617053
1260.07028465
1260.3099498188
1260.7295757757
1261.0129655862
1261.2132421227
1261.4672442418
1261.6835810441
1261.8969755595
1262.0849180151
1262.505065192
1262.7530044199
1263.211172703
1263.323663338
1263.6170785052
1263.8580218031
1264.1600094793
1264.2920488926
1264.6362896138
1264.7027042303
1264.9615189937
1265.3390516793
1265.5817586713
1265.7526355472
1265.8957460638
1266.384396201
1266.6306960765
1266.9512589568
1267.2122290298
1267.4163097915
1267.7068090212
1267.9732481906
1268.1535107768
1268.4398810856
1268.5190596457
1268.7731529175
1269.0589978147
1269.3752102395
1269.637421795
1269.8118086082
1270.1017378029
1270.2133116346
1270.589977974
1270.8580128415
1271.236698296
1271.53548953
1271.9529624594
1272.0857552031
1272.1846647791
1272.5042262869
1272.6247651665
1273.0983657502
1273.4909714849
1273.5907462554
1273.9265897808
1274.0971973796
1274.3456368805
1274.7235356798
1274.846076906
1275.055053332
1275.2777965811
1275.4278478576
1275.8268526615
1276.102792967
1276.373999219
1276.6793914158
1276.7216446319
1276.9573326686
1277.3314755017
1277.474604087
1277.9143197277
1278.0906082329
1278.3387659973
1278.6093130461
1279.0399976187
1279.2235374474
1279.4778474096
1279.6131634905
1279.8719405009
1280.1251657437
1280.503139832
1280.6805389806
1281.0182339854
1281.2529999963
1281.5118165616
1281.7740365849
1282.0740016197
1282.1097416794
1282.4086100642
1282.8113468486
1283.1756993109
1283.3956709783
1283.657403267
1283.7557649491
1284.1395533315
1284.3772906664
1284.6362588352
1284.9413447311
1285.0921789103
1285.2562634929
1285.4000896404
1285.7538546608
1286.0940132806
1286.3949569241
1286.7173404967
1287.0091459915
1287.0594657212
1287.30004687
1287.5146091794
1287.7635674609
1288.1107946458
1288.2209947363
1288.4725363295
1288.8558734606
1289.0262208692
1289.3617367705
1289.913003829
1290.1494729479
1290.307034054
1290.5790701476
1290.8144394815
1291.0277986313
1291.4483026277
1291.604124598
1291.7659359315
1291.9928813052
1292.2494961228
1292.6279011893
1292.6920843832
1292.9168174821
1293.3119465621
1293.4874580763
1293.8587371761
1294.123293277
1294.2247973781
1294.4833668471
1294.8064383323
1295.1064614522
1295.3622391298
1295.6279351088
1295.9508809693
1296.1220106218
1296.2856507242
1296.5314110945
1296.8973352013
1297.0586995098
1297.3613340853
1297.6367175909
1297.8465768669
1298.0605994352
1298.3471439943
1298.6335149319
1299.0417254116
1299.2381469152
1299.498347999
1299.6976956724
1299.9682427805
1300.3605864507
1300.4450528739
1300.7420319223
1301.0632885321
1301.3320494884
1301.5153010478
1301.8373935937
1302.1428526031
1302.2907058869
1302.5341435804
1302.9679241187
1303.1305313681
1303.3859935943
1303.6283508613
1303.8563044817
1303.9898623641
1304.1238689941
1304.3504950247
1304.6307041098
1305.0118620217
1305.3148712093
1305.6343402628
1305.7679567038
1306.1165360402
1306.3707553303
1306.6335008454
1306.7772095383
1307.1807788042
1307.5179916008
1307.7389133768
1307.8636621375
1308.1926971354
1308.5316801445
1308.8013784756
1308.9545721868
1309.2925965976
1309.372120514
1309.8258221126
1310.0943783351
1310.3747049336
1310.5229967299
1310.7486887042
1311.0033300671
1311.1692426388
1311.3639840488
1311.8135515611
1312.0310183912
1312.2119691105
1312.6385744364
1312.7697453439
1313.1172752897
1313.4242083348
1313.5543671787
1313.9368735107
1314.028956536
1314.2965611636
1314.5585145769
1314.7990374446
1314.9536823643
1315.2892415603
1315.6527057602
1315.7852149533
1316.0427684478
1316.3861628907
1316.6499671374
1316.7362160628
1316.9928565632
1317.3995692253
1317.7151446942
1318.2130937442
1318.3786398156
1318.546957027
1318.8598769054
1319.0951207595
1319.3067250188
1319.5605554259
1319.7300760166
1319.9385808789
1320.2078872145
1320.5194967145
1320.8162636991
1320.9716892703
1321.3175877703
1321.4684271861
1321.7370535835
1321.9921178414
1322.3247409454
1322.5116414808
1322.6547416692
1323.0673630334
1323.3358195149
1323.6167906107
1323.8127971497
1323.9986668811
1324.1698891399
1324.37043692
1324.8476618431
1325.2892533127
1325.521726863
1325.6308753091
1325.9169728359
1326.2043250645
1326.5183556376
1326.7137452223
1326.9200941164
1327.1810142595
1327.4316378292
1327.7554279982
1327.8797766471
1328.0735994318
1328.4907191742
1328.6985622372
1328.9912274945
1329.4125041351
1329.6266117742
1329.7762699976
1330.046456299
1330.4050544706
1330.4841109064
1330.7564855338
1330.8718678257
1331.4156855609
1331.5646154508
1331.7593813951
1332.0574470031
1332.2414974531
1332.5364511758
1332.6175004451
1332.9441951081
1333.2673916622
1333.6058027811
1333.7764080837
1334.0301998279
1334.200228267
1334.5436581334
1334.8758088509
1335.2031165606
1335.5291583449
1335.8096684257
1336.0408329659
1336.1093436129
1336.4306538941
1336.7701509813
1337.0853939696
1337.2546773408
1337.4928555231
1337.7573008543
1338.0223053665
1338.3124781383
1338.5372887868
1338.7016976813
1338.9664539661
1339.1295499816
1339.412682218
1339.6715322462
1340.0497312983
1340.1627500875
1340.3801638183
1340.659195764
1341.1491774394
1341.3350075505
1341.5644837036
1341.8769931736
1342.125552788
1342.3570540486
1342.6178680884
1342.7744511347
1342.9743121476
1343.3326861788
1343.3829190937
1343.7657440747
1343.9729450005
1344.4175610702
1344.8015461287
1345.0151608173
1345.2351104929
1345.4220165223
1345.6979391349
1345.978797399
1346.1566190604
1346.4066079106
1346.7179274655
1346.9784560738
1347.3516220686
1347.5085416668
1347.7691059683
1348.0702381838
1348.3329039291
1348.3871531231
1348.6708723801
1349.0451902235
1349.2881414144
1349.5194195116
1349.8383990414
1349.9373663674
1350.2246392961
1350.4062341405
1350.7081396131
1350.9289416403
1351.109199682
1351.4866608344
1351.6477706405
1352.0412163872
1352.4203345796
1352.4939203144
1352.9714344277
1353.2848239314
1353.3452629081
1353.6005901962
1353.943009841
1354.3405146811
1354.5028342469
1354.81419778
1354.85996931
1355.2444164394
1355.4066934229
1355.681101614
1355.857886638
1356.1627782034
1356.3899505871
1356.6449806657
1356.8373514191
1357.243700966
1357.6359009622
1357.8783755907
1358.061015739
1358.1016087704
1358.5365479859
1358.7634525818
1358.9465335362
1359.1383227652
1359.5213565744
1359.8053397787
1359.9430576287
1360.2422634003
1360.5396180914
1360.6673495227
1361.2150392985
1361.2817917989
1361.5107313285
1361.8273654915
1361.9671809633
1362.2570834578
1362.5080489967
1362.9040834325
1363.2160797584
1363.3605190122
1363.6829770048
1363.8819373495
1364.241941074
1364.5968605764
1364.8373629754
1365.0195792191
1365.2477538154
1365.6729299597
1365.7870079372
1365.8324827839
1366.1036774894
1366.4174821528
1366.5507276875
1366.9920160051
1367.220576684
1367.4362558212
1367.7037655996
1367.9220047237
1368.1712406814
1368.5088220173
1368.6328660667
1368.9347650589
1369.2334559113
1369.5622221353
1369.6577006396
1370.1637905033
1370.2990339756
1370.534345624
1370.7286268175
1371.1278615829
1371.2527085534
1371.7188328089
1372.0401386398
1372.1311348419
1372.4231352362
1372.5896400287
1372.8193455576
1373.2330820482
1373.4041992523
1373.6501464534
1373.9887957412
1374.2504516914
1374.4375560394
1374.6190194945
1374.7939918677
1375.1512418023
1375.4060222727
1375.6875208175
1376.0756113874
1376.2499756832
1376.6073605189
1376.8049569645
1377.0595793046
1377.2368917267
1377.3656881584
1377.5972101193
1378.1213603733
1378.2638875453
1378.4097180285
1378.5716847928
1378.8567985348
1379.1577584713
1379.3198524462
1379.8404254935
1380.0007515105
1380.2634806995
1380.6289869228
1381.0653956514
1381.2812242355
1381.4587328324
1381.6794260994
1381.8668356977
1382.2840308974
1382.4226006995
1382.6064957937
1382.7739187891
1383.1635724828
1383.4695972102
1383.7739826525
1384.0645866109
1384.1555715195
1384.4221641164
1384.7052201864
1384.8157837685
1385.227786394
1385.3684399722
1385.6452898428
1385.7868752214
1386.0340852528
1386.4666421822
1386.7736593454
1386.9958345595
1387.3882747747
1387.5454891928
1387.728517792
1387.8782463895
1388.1684043933
1388.451079315
1388.8182375511
1389.1211079255
1389.3486441665
1389.6372895055
1389.8623851154
1390.1329351985
1390.2255938969
1390.4835753286
1390.8128744016
1391.0972486941
1391.4979861527
1391.6535325436
1391.8413916917
1392.3231190908
1392.4248474707
1392.5614079782
1393.0101470523
1393.2867925068
1393.4799218428
1393.6744187663
1394.0222872312
1394.2202463704
1394.4381015098
1394.6545374383
1394.7965642084
1395.0920681445
1395.3647361167
1395.7472762684
1395.8871471856
1396.142815546
1396.4576290598
1396.7682521084
1397.0516268475
1397.1968767725
1397.3338661874
1397.5188406781
1397.9773885287
1398.4161754317
1398.5657770963
1398.6971506658
1399.2191676617
1399.3539016789
1399.7943792687
1400.126703554
1400.26940224
1400.4330150297
1400.570511075
1400.7922801425
1400.9893510826
1401.5328773685
1401.6250738939
1401.8581372091
1402.0733344217
1402.2443769335
1402.6167962286
1402.8513964189
1403.0959407738
1403.4862997094
1403.7404483208
1404.0308461814
1404.1918694655
1404.4936124736
1404.6553637629
1404.9780466872
1405.1106739523
1405.5287778685
1405.6421171185
1406.0098656612
1406.1440039199
1406.3075351017
1406.7799580211
1406.890143857
1407.3627318884
1407.4619037281
1407.7751076481
1408.1330869183
1408.2396745612
1408.5928141703
1408.8861056532
1409.099259308
1409.3090297079
1409.7367027272
1410.002320764
1410.1489594167
1410.4332205661
1410.628656412
1410.8625940484
1411.1544190331
1411.3430181428
1411.8219651209
1411.980277505
1412.1283228098
1412.4371946542
1412.5694942875
1412.7941646024
1413.2583221375
1413.4770518545
1413.6414227663
1413.8090006366
1413.9489509789
1414.1853686966
1414.6613547199
1414.892542273
1415.1245659621
1415.6985993765
1415.7437960034
1416.1304790674
1416.1888328911
1416.6825878979
1416.8874165231
1417.0202037435
1417.2836582982
1417.4592537092
1417.8722213963
1418.0493087023
1418.3570222975
1418.6378039195
1418.923011783
1419.1474491992
1419.3012757139
1419.625797495
1419.7860291262
1420.1514988948
1420.2896744726
1420.7244812738
1421.0046867565
1421.0824570268
1421.344645713
1421.639355725
1421.8417688044
1422.1448946511
1422.4079953715
1422.7563696367
1422.8987079297
1423.2097524126
1423.5761334833
1423.7039637061
1423.9055209171
1424.0128523749
1424.3684709223
1424.5659748233
1424.823514146
1425.0316109676
1425.6588903641
1425.8134606416
1425.988104745
1426.2963855152
1426.4343494541
1426.9658380054
1427.2337892525
1427.3492120303
1427.6230445647
1427.9419773139
1428.1961111821
1428.3909275518
1428.6500855109
1428.8832376414
1429.2664423098
1429.353991823
1429.4519001971
1429.7376134483
1430.1790739411
1430.3711708211
1430.4243416042
1430.8076909593
1431.069040448
1431.5010781415
1431.6578297101
1431.9317868757
1432.1499982054
1432.3331241527
1432.5717730167
1433.0184215345
1433.1245258078
1433.3637801931
1433.7083115973
1434.0071102902
1434.2480432425
1434.3253945558
1434.7402473714
1435.1070548911
1435.2532398415
1435.7221143384
1435.9267373132
1436.0415203181
1436.4404904824
1436.5184899274
1436.7482800803
1436.8672762659
1437.2740113639
1437.366114064
1437.8529841523
1438.2755722313
1438.4859937266
1438.7025417537
1438.9377122077
1439.1228488068
1439.4177690729
1439.6361722497
1439.9783615881
1440.1211755018
1440.3385007742
1440.4551553572
1440.8972669619
1441.1424018634
1441.2728837961
1441.5703074812
1441.8711468902
1442.0138522054
1442.4970192938
1442.5619009618
1442.9014839026
1443.1108635065
1443.4286952738
1443.683593814
1444.0970001113
1444.3671145084
1444.5927175812
1444.8606348083
1445.1378285602
1445.2830230983
1445.6878544839
1445.8704933232
1446.010364762
1446.3111367493
1446.5202440505
1446.8629485038
1447.1620328383
1447.4409866493
1447.5739237578
1447.7350418573
1448.0128149212
1448.3200591774
1448.5692492904
1448.7411016986
1449.1111245373
1449.3150866975
1449.601353982
1449.926252642
1450.0341502008
1450.4231304991
1450.6711420339
1450.9813407659
1451.1439837582
1451.4378127795
1451.7115424181
1451.8507310677
1452.2148014188
1452.3737925006
1452.7224964873
1452.8756360411
1453.0932324894
1453.4452829511
1453.7960947234
1454.011709979
1454.245558498
1454.5708183429
1454.935076171
1455.2113662698
1455.2920423708
1455.6885246061
1455.9799951878
1456.0867036076
1456.1696307116
1456.5144862357
1456.7555249018
1457.1285800328
1457.3919025559
1457.6319467502
1457.8153852874
1458.2095049529
1458.3933391758
1458.5882300582
1458.7770353256
1459.0215939481
1459.2033269283
1459.6304184835
1459.7979524802
1460.0216467479
1460.3066897053
1460.6349452874
1460.9225940836
1461.0697281695
1461.2579897084
1461.8035866789
1462.106705327
1462.4261471109
1462.6314287333
1462.8214412581
1462.9955581721
1463.1971604556
1463.5834072087
1463.8699248507
1464.0687204599
1464.1785507672
1464.56884066
1464.7131825134
1465.0378917533
1465.2085217757
1465.6523543646
1465.8159429137
1466.0309263942
1466.2905886799
1466.4182022375
1466.779430002
1467.2409721255
1467.4839096249
1467.7633332658
1467.8878709512
1468.1407022861
1468.2653924489
1468.5214915844
1468.718433563
1469.0576937076
1469.2622271193
1469.5661843545
1469.9040138368
1470.1869507228
1470.376627989
1470.7023847375
1470.9028108551
1471.1407646573
1471.4444165983
1471.8578849758
1472.0374680522
1472.1163168219
1472.4343233259
1472.8426006538
1473.2208008585
1473.2643425059
1473.5240247629
1473.963195724
1474.0914246653
1474.3815016003
1474.5719354682
1474.887754819
1475.0538184548
1475.3840002344
1475.4533499143
1475.7334623314
1475.967897851
1476.183312339
1476.5668724226
1476.7870578314
1476.9576423294
1477.1458296589
1477.6365299442
1477.9032498066
1478.2359282858
1478.3691079234
1478.6206484503
1478.8801887821
1479.0512382663
1479.4350030439
1479.5920075349
1479.8121634415
1480.3247696605
1480.5194256568
1480.8268167902
1481.0535860205
1481.1222231146
1481.5540673071
1481.73657933
1481.94592946
1482.3239294004
1482.5176400084
1482.789530715
1482.8823838848
1483.2934341342
1483.5510058631
1483.8543044504
1484.0126860326
1484.3801034081
1484.5213845001
1484.7776193434
1485.2023276208
1485.2809834095
1485.5385151409
1485.7759044652
1486.1519482957
1486.2930606394
1486.590219093
1486.8190003658
1487.1576739283
1487.2973297127
1487.5528437176
1487.6783215545
1487.9463248467
1488.3475814518
1488.4873944787
1488.6389461803
1489.2337423088
1489.6101305582
1489.8461523484
1490.2046679803
1490.2766078782
1490.566938162
1490.689823848
1490.9681382347
1491.3623520181
1491.5927762808
1491.9349824424
1491.9873350033
1492.171058949
1492.4233919339
1492.5971754386
1492.8622404631
1493.4546723668
1493.6799224831
1493.8204354773
1493.9740987293
1494.2948449549
1494.4733468239
1494.7782585553
1494.8863421399
1495.3203440138
1495.5140483552
1495.7613476795
1496.0934025645
1496.3164571669
1496.6402361619
1496.8950458994
1497.1098499382
1497.3843001527
1497.660507165
1497.90094889
1498.0913647484
1498.3566223801
1498.7554824618
1498.9581223368
1499.1089855076
1499.4331950747
1499.8070578236
1499.9642037119
1500.2179011552
1500.431917736
1500.6914350488
1501.0342914867
1501.3520496306
1501.5075631275
1501.8739808394
1502.2152458864
1502.2730922137
1502.5740810354
1502.8181747216
1502.9945606946
1503.2364291051
1503.4287350417
1503.8117432073
1503.9178427001
1504.3222860581
1504.4795157252
1504.8836886764
1504.986835751
1505.162535852
1505.4530471536
1505.6261425123
1506.1171518635
1506.3722529153
1506.6354859984
1506.9435739592
1507.1989411818
1507.3971056603
1507.7187789801
1507.9196713403
1508.240082272
1508.3548656764
1508.7508458163
1509.1250637396
1509.3070455369
1509.5998502701
1509.812312305
1510.0585279664
1510.1930159923
1510.5052701708
1510.5537353787
1510.9359832293
1511.1508121974
1511.4705267352
1511.6181626638
1511.8926108714
1512.4547179762
1512.525498219
1512.7929684549
1513.0751680103
1513.2856106936
1513.7116402557
1513.9050681497
1513.9840238704
1514.2321660845
1514.4896503344
1514.80384938
1514.9986804263
1515.1945948346
1515.5101811329
1515.8369042233
1516.0364974786
1516.3798099856
1516.7620899034
1516.8420393225
1517.1789702601
1517.4759218126
1517.752025471
1517.9731082941
1518.1850001049
1518.5191162506
1518.8434711728
1518.9659036716
1519.2046203823
1519.5659108999
1519.8007502545
1520.0123403936
1520.3039003641
1520.4464532781
1520.738761467
1520.9502698181
1521.3628773778
1521.4832057634
1521.6377991429
1521.9189184535
1522.317050775
1522.541551519
1522.7107885151
1522.8350827559
1523.1550104891
1523.5033278072
1523.8417330672
1524.0263084143
1524.2760322364
1524.4301774206
1524.889967164
1525.2492919214
1525.5200164213
1525.7531969128
1525.9821385966
1526.1514386134
1526.5537050178
1526.6429738225
1526.856871837
1527.0900282445
1527.5100225823
1527.6434926716
1527.7172340838
1528.2709233875
1528.5494755312
1528.7972020897
1528.8686239575
1529.2736507083
1529.5611104925
1529.8001748727
1529.9161048347
1530.3476437358
1530.4899399165
1530.6773891857
1531.0086913918
1531.1594034075
1531.5065860936
1531.8029016668
1532.0144057234
1532.3271284398
1532.4956206177
1532.801510532
1532.829367371
1533.2295169256
1533.6827698171
1533.853258212
1533.9355814419
1534.280669409
1534.3464724764
1534.8791832222
1535.1156945363
1535.4351361648
1535.8644359467
1536.1775555041
1536.2850028844
1536.4949581079
1536.7861912259
1536.875167326
1537.2217613342
1537.3991742031
1537.7196920161
1537.95955568
1538.1904636938
1538.5290783512
1538.7721694341
1539.0051445946
1539.1817696751
1539.3038503161
1539.5980821531
1539.7674831877
1540.1675200045
1540.6826713275
1540.7866866685
1540.9940470817
1541.2070471432
1541.4485783379
1541.9288056583
1542.0899908531
1542.2353516214
1542.468099846
1542.8209638182
1542.9612148806
1543.2458891968
1543.582385376
1543.9810924883
1544.1581969085
1544.4821722014
1544.6613930155
1544.9080454727
1545.143802716
1545.3778081024
1545.7006009328
1545.9547329234
1546.1624830756
1546.4720716603
1546.5416305574
1546.9434067839
1547.2171913647
1547.4628291841
1547.763513762
1547.9883286391
1548.3290943719
1548.5462221398
1548.749555145
1549.1061111171
1549.2089442851
1549.5513450408
1549.7162915955
1549.8303110513
1550.0006818193
1550.3148228722
1550.7198053942
1550.9068361256
1551.1918371864
1551.4452322501
1551.8449781476
1552.0616037105
1552.3419975788
1552.6299890164
1552.8580302629
1553.0490813072
1553.5307247737
1553.8766923531
1553.9997144758
1554.1764655199
1554.3548166968
1554.4360640365
1555.0250712732
1555.2347938731
1555.4525512673
1555.7154932533
1555.9670990926
1556.137902254
1556.4605360231
1556.5559121855
1556.8708078128
1557.1688665485
1557.3547294596
1557.7117037548
1558.0361687272
1558.2045190606
1558.4449236921
1558.6779978124
1558.9751461947
1559.2210698931
1559.4585835883
1559.7600127337
1560.0673766927
1560.2758487068
1560.4796515413
1560.7468865145
1561.0533789727
1561.2332422459
1561.4798035518
1561.8059651423
1562.1963808349
1562.2997612369
1562.5768817723
1562.7940503438
1563.030065413
1563.4070098921
1563.679974462
1563.8770530155
1564.3049787871
1564.6409505927
1564.8137429992
1564.9827714205
1565.1710709127
1565.4510240234
1565.5936006431
1565.9721005572
1566.1356756677
1566.3306826154
1566.634551075
1566.892283405
1567.2154379183
1567.33209937
1567.85552143
1567.9723823012
1568.1461002854
1568.5070974833
1568.6548557693
1568.8481229318
1569.0563674793
1569.4029274978
1569.6495942102
1570.0853775191
1570.3068679093
1570.6370284106
1570.9320678162
1571.0198909232
1571.516926589
1571.6294095128
1571.8686738443
1572.2424539628
1572.4945795851
1572.6719901226
1572.8347800163
1573.0227263996
1573.3358080766
1573.631853054
1573.9045787863
1574.14524788
1574.274272849
1574.5447785478
1574.8796526189
1575.2499225828
1575.5280678244
1575.8309550442
1576.0136715634
1576.1659355491
1576.4004131709
1576.5433835257
1577.0058749353
1577.2168699772
1577.4771597223
1577.7534498519
1578.0191253417
1578.1673502957
1578.2948758517
1578.6291305039
1578.9631032652
1579.101778643
1579.3720767517
1579.9255063935
1580.047488154
1580.3630319746
1580.733629516
1580.8400077788
1581.1951668214
1581.4520370207
1581.6388477975
1581.7692980093
1582.0436440295
1582.4098676701
1582.7867160795
1582.9600937589
1583.2967714142
1583.3604971298
1583.6429330192
1583.945359595
1584.1915768861
1584.3831729574
1584.6289453148
1584.8435942368
1585.108103228
1585.3501200872
1585.6381539444
1585.7434296912
1586.0622730083
1586.3921606536
1586.6081075217
1586.98698931
1587.383117129
1587.5009791823
1587.8416251874
1587.9766389746
1588.2728309913
1588.4361725927
1588.8297439596
1589.0778919036
1589.1397660373
1589.5850168434
1589.915204083
1590.0613640197
1590.3278991453
1590.6548591481
1590.8262325916
1591.2084648036
1591.402179574
1591.5562369068
1591.7702244451
1592.128205242
1592.4383608797
1592.6649085903
1592.9420088468
1593.0060260644
1593.4918359022
1593.7811626333
1593.920679645
1594.1498911606
1594.4728170419
1594.577502942
1594.9928421551
1595.0544739821
1595.3968900501
1595.5511281686
1595.9715424087
1596.2268107276
1596.5166964699
1596.6695134931
1596.8047791396
1596.8755136764
1597.4196485643
1597.813602749
1598.0338416184
1598.3486574481
1598.5595477978
1598.9309982763
1599.1373337723
1599.3734543512
1599.782719896
1599.9802000454
1600.2137891588
1600.4334237615
1600.5586486065
1600.798796068
1601.0469521253
1601.3026553636
1601.5417285674
1601.8490155821
1602.0854912249
1602.3351557738
1602.6070779769
1602.8660938214
1603.1782233189
1603.4005081791
1603.5671762794
1603.8556617344
1604.2726727051
1604.5432075028
1604.6772379662
1604.8710546099
1605.127142712
1605.293856552
1605.5991985808
1605.8239851586
1606.2700664727
1606.5926759091
1606.7641932665
1607.1214990603
1607.3677746859
1607.5652647533
1607.7484556629
1607.9477804132
1608.1987526324
1608.4975353495
1608.7161184476
1609.193382044
1609.3912692093
1609.6880847973
1609.7907869798
1610.1777145596
1610.3745419527
1610.7932913252
1610.9403472284
1611.0750095069
1611.3699752875
1611.5696847229
1611.9579302678
1612.2381568428
1612.3544620124
1612.5569351504
1612.8764648589
1612.9762680107
1613.2513481256
1613.6042723103
1613.9319505911
1614.0500101043
1614.4140535855
1614.6048633263
1614.7070894145
1615.2859595383
1615.5928543278
1615.7163210116
1615.9920357909
1616.2046299279
1616.7056955311
1616.9040435042
1617.044166904
1617.3720962313
1617.5123134729
1617.8571627108
1618.0283790059
1618.3675643672
1618.6224369942
1618.7436248123
1619.0244803747
1619.5198095582
1619.6176706183
1619.8241196124
1620.0913974482
1620.2963227181
1620.5488984681
1620.7594480994
1620.9591337278
1621.2369273699
1621.654823377
1622.074616283
1622.2493547783
1622.4318457565
1622.7669856632
1622.886962086
1623.1321269959
1623.3465441821
1623.5763338579
1623.8313950322
1624.112438312
1624.4498286798
1624.6725231491
1624.7880134217
1625.1353441387
1625.3891877911
1625.9528046204
1626.1062950846
1626.2205278916
1626.5939804255
1626.8829202253
1627.2087523175
1627.3699850736
1627.5999613774
1627.8298437067
1628.0419264913
1628.3038468147
1628.7058851444
1628.8126551088
1629.1496605992
1629.2477899217
1629.5383367207
1629.8805924873
1630.2453691313
1630.4079586662
1630.5132402226
1630.7318044302
1630.9383428994
1631.363968853
1631.5520884713
1631.7977769911
1632.1161224198
1632.3130629094
1632.7265353051
1632.8977796479
1633.035699606
1633.4000342496
1633.7848102554
1634.0140724129
1634.273175213
1634.5127513543
1634.8685263749
1634.9922277479
1635.2960337494
1635.6075144665
1635.8765642981
1636.0492904312
1636.225965689
1636.5668296431
1636.6688593071
1636.9451456352
1637.1580603363
1637.5641669483
1637.8015819797
1638.1659903098
1638.375075247
1638.7999622605
1639.0020264306
1639.0750530001
1639.2446613233
1639.6529832441
1639.7821070579
1640.11490476
1640.31116357
1640.5757742403
1640.7370882245
1640.9795737913
1641.5058067941
1641.6001343551
1641.8209179287
1642.0966962414
1642.417265584
1642.5603652414
1642.8681109051
1643.164112477
1643.5142156094
1643.6982759546
1644.0350576585
1644.1891177601
1644.5912151931
1644.8941204728
1645.039478974
1645.3712343687
1645.6322488942
1645.8842290573
1646.1437380386
1646.3509372729
1646.5496216721
1646.8646623141
1647.0360545222
1647.2504066086
1647.4894314968
1647.672868553
1647.9065109428
1648.29824154
1648.5303911765
1648.9379456889
1649.1196752474
1649.3436182225
1649.4633168221
1649.7420433868
1650.1887921168
1650.3626899098
1650.6845314142
1650.8727486265
1651.0732410458
1651.4340464344
1651.7109284957
1652.0209857752
1652.1249074814
1652.3333937706
1652.6713832484
1652.8395720993
1653.3817084563
1653.4471436235
1653.8080543822
1654.1581175045
1654.3119387548
1654.5026209734
1654.6875341884
1654.8877118059
1655.3130085042
1655.5803917389
1655.9517203676
1656.1417389931
1656.2549462072
1656.5248619476
1656.8185532992
1657.0363740257
1657.2334810616
1657.6379380184
1657.9371781662
1658.0440445202
1658.4957103313
1658.5772690527
1658.8218070949
1658.8822929002
1659.2001834038
1659.5644052803
1659.7868723045
1659.9140431848
1660.247252634
1660.4710591161
1660.8354158006
1661.3153317499
1661.64525404
1661.7957482404
1662.0978131115
1662.3915215746
1662.4936590616
1662.7889040395
1663.0112456785
1663.2398280742
1663.3271432191
1663.7075527012
1664.1611594643
1664.3682155535
1664.5554879389
1664.744669179
1664.8584116843
1665.3797629598
1665.5156226884
1665.6925619217
1665.9621209597
1666.3815536064
1666.5126020068
1666.7350169476
1667.1513583698
1667.2127620965
1667.6607929947
1667.8233016541
1668.0934463236
1668.2280416604
1668.4971408778
1669.0315261071
1669.1564538293
1669.4101154312
1669.4983695238
1669.7535079802
1669.9719030456
1670.4671491778
1670.7549392753
1671.1067483705
1671.1424671449
1671.3807015299
1671.6301299912
1671.8728641277
1672.2210629116
1672.5836129845
1672.8845622284
1673.0374663206
1673.3686446677
1673.5056263999
1673.8301545812
1674.1022903847
1674.355819348
1674.5902977394
1674.7734673038
1675.0766822037
1675.2466163347
1675.3717716031
1675.7738505274
1675.9542648717
1676.2780078048
1676.4279703884
1676.6730546674
1676.9806899275
1677.4224046043
1677.5034067205
1677.8277310197
1678.2284323628
1678.3543739922
1678.5616560477
1678.6708359622
1679.114506735
1679.3990390533
1679.5799238909
1680.0523235181
1680.3218439705
1680.6352622425
1680.7877931001
1680.9320211783
1681.249780809
1681.4985636894
1681.7779253732
1682.055804457
1682.1116578905
1682.3745937667
1682.8221951143
1682.9412068951
1683.1140993538
1683.4266185583
1683.6836913747
1684.2139908494
1684.330797378
1684.5126012984
1684.7835389066
1685.0769454906
1685.355315815
1685.6484881871
1685.8426944681
1686.001420582
1686.282712192
1686.477529654
1686.6627639365
1686.9464241558
1687.3225334933
1687.5466801797
1687.8085600079
1688.0256162553
1688.4144977359
1688.5469853866
1688.9273915759
1689.162232526
1689.3615601617
1689.7794359205
1690.1064555669
1690.2560026743
1690.7213478735
1690.7657309558
1690.9995482275
1691.2345412949
1691.4029808523
1691.753690988
1691.9667533116
1692.1205786126
1692.5673118099
1692.762990972
1693.1351180803
1693.302467768
1693.4763804911
1693.6815262094
1693.9482708828
1694.3051695426
1694.4448509457
1694.6453221969
1694.7914375226
1695.3261774156
1695.427099254
1695.8029782576
1696.2018917106
1696.4272341903
1696.5324613925
1696.7576079098
1697.1216272611
1697.4625797115
1697.7058434737
1697.9103179914
1698.2265862309
1698.4193167777
1698.6140949696
1698.9814558557
1699.0868150357
1699.2609926248
1699.6491971973
1699.9827045777
1700.2511340533
1700.6731897348
1700.7424606351
1701.0313811405
1701.3232172532
1701.3632636332
1701.6826686117
1701.9970309684
1702.3023444317
1702.550345486
1702.8144359516
1702.9653362072
1703.2036116357
1703.4470924044
1703.7877406301
1704.1053700303
1704.1976861977
1704.5402220537
1704.7852828153
1704.9904571579
1705.1313344797
1705.3686563504
1705.7614987747
1705.9790095343
1706.3524083424
1706.6320474564
1706.8677686995
1707.1469369577
1707.5430316499
1707.7930501051
1707.9322104009
1708.2056241227
1708.4777921594
1708.8127100354
1709.0244266545
1709.3400093832
1709.3944496913
1709.7500293121
1709.991181587
1710.1465947823
1710.3787205926
1710.6918904589
1710.9118278825
1711.0923485713
1711.4351798022
1711.6763307965
1711.9845210259
1712.1753231885
1712.5072052342
1712.8551982924
1713.1197008663
1713.2958063718
1713.5042142417
1713.8201540203
1713.9878658144
1714.2630634896
1714.4390511626
1714.7282955359
1714.9841835909
1715.2442755323
1715.5642794612
1715.9016439696
1716.2767436946
1716.4188490428
1716.613897149
1716.9382861728
1717.2575558557
1717.3208483368
1717.6224177768
1718.0215302218
1718.0619258693
1718.4143967171
1718.7433115288
1718.9202442035
1719.1094064532
1719.7091231891
1719.9003817917
1720.1673959637
1720.2579847598
1720.4477443157
1720.6715219335
1720.7859902282
1721.1327636369
1721.4821407395
1721.7531482032
1721.870895855
1722.2509098642
1722.4839615592
1722.6457400064
1722.895278854
1723.177427221
1723.3720948765
1723.7151325824
1724.0571650974
1724.5499970255
1724.6138853128
1724.8106197015
1725.2602522651
1725.4637634498
1725.625605445
1725.7735776315
1726.2582410905
1726.4356633635
1726.745741756
1726.973902733
1727.0912937322
1727.4605621003
1727.6103958756
1727.883572607
1728.2658776406
1728.3584943833
1728.6134806238
1728.9803528923
1729.1983773665
1729.4054076769
1729.7868372515
1729.9670546804
1730.2055748042
1730.4545632932
1730.6974441986
1731.039217785
1731.1951507012
1731.3369486409
1731.7697964869
1732.0837132668
1732.3473302524
1732.5405846179
1732.8040413223
1732.9769595819
1733.2031450266
1733.4275875383
1733.7023957633
1733.8784225991
1734.3185694502
1734.6179834109
1734.8720263972
1735.3115503962
1735.4299162242
1735.7453776524
1735.9788049956
1736.2769162608
1736.484107038
1736.7032486005
1737.0189456543
1737.1404082284
1737.3922726791
1737.7435989644
1737.875886599
1738.1195463506
1738.3978165867
1738.7100507718
1738.8701911326
1739.1685184057
1739.4772800731
1739.7557410961
1739.903368592
1740.1645023943
1740.3912202662
1740.7569215653
1740.8467046491
1741.147816492
1741.339404609
1741.8760483447
1742.0725914916
1742.2165130602
1742.6880772618
1742.8305349428
1742.9878591946
1743.4079271584
1743.7243888473
1743.8690329344
1744.1995246845
1744.3751502945
1744.5987727173
1744.8296459452
1745.1923346665
1745.4451566515
1745.5429057131
1745.831664139
1746.1223790624
1746.348162528
1746.7182380466
1746.9323601815
1747.0916427982
1747.5373479099
1747.7239916782
1748.0986262037
1748.2533564399
1748.4696799305
1748.733684423
1748.8446617191
1749.2414194287
1749.4844274899
1749.7346829909
1749.8668902911
1749.9154091736
1750.4054768015
1750.5550268819
1751.010999723
1751.4019511034
1751.4292087184
1751.8187110368
1751.9120188339
1752.4273616216
1752.5890070725
1752.9568260822
1753.1541924495
1753.3255828564
1753.6603311557
1753.941915781
1754.0987851238
1754.4358939126
1754.803985044
1754.9262182082
1755.1535802288
1755.3493554966
1755.7036446863
1756.0324225193
1756.1866246577
1756.3555239954
1756.5491430572
1756.8114633756
1757.2149760489
1757.2557021507
1757.4254832978
1757.8005529525
1758.3291816498
1758.5606888851
1758.7235138309
1759.0309197639
1759.3184690879
1759.435780353
1759.582413227
1760.0588797576
1760.168001498
1760.4800304406
1760.7205326743
1761.0564961984
1761.3265659982
1761.5107665999
1761.8148842135
1762.2337070697
1762.3395563625
1762.5838087071
1762.808719925
1763.0346380364
1763.2866264925
1763.5659770033
1764.0079272901
1764.330795389
1764.5436378426
1764.6642476646
1764.930326711
1765.0342759563
1765.3215375132
1765.7050203562
1765.7598461792
1766.3222124486
1766.4723259163
1766.6709109346
1766.896482022
1767.1543223244
1767.3849907609
1767.6226263656
1767.9067741843
1768.1403078756
1768.2689360631
1768.683873298
1768.982466589
1769.1278506448
1769.3951480121
1769.6644295716
1769.8341813649
1770.3848714159
1770.6939333234
1771.053690218
1771.1691843022
1771.523997365
1771.6149116544
1771.9590992714
1772.1134011265
1772.3179130729
1772.5632763131
1772.7847613896
1773.1026839991
1773.1620844185
1773.5945554419
1774.0032820078
1774.1111237746
1774.3518442979
1774.6160474826
1774.7827994925
1775.2731126568
1775.4656605963
1775.6835489473
1775.8502416371
1776.1502742489
1776.3215564882
1776.6862458729
1776.8891686198
1777.2053276024
1777.4965952474
1777.7448185701
1777.8120365328
1778.132495745
1778.4808257237
1778.6691947238
1779.0721367877
1779.2768451598
1779.4555227203
1779.8419015882
1779.9038354603
1780.3608448238
1780.5587511286
1780.8371514866
1781.0752981396
1781.3474780634
1781.6577617983
1781.9070350267
1782.2217138992
1782.471547138
1782.7961558841
1782.8335092255
1782.9872700795
1783.3636759521
1783.7033233596
1783.9143067892
1784.103488567
1784.4372990372
1784.6628492423
1784.8692909758
1784.906732946
1785.3078311535
1785.4316546348
1785.807552556
1786.2443966435
1786.4163037215
1786.6316508201
1786.9929716815
1787.0943389431
1787.4807664862
1787.7872248997
1788.1166756275
1788.2831647558
1788.5687143355
1788.7741951231
1788.9371117143
1789.2247140362
1789.5932758938
1789.8909902969
1790.1197383642
1790.3316409886
1790.7106488907
1790.9899835542
1791.1091382744
1791.3103270198
1791.4528905533
1791.653783955
1792.0292846451
1792.2910556549
1792.685213556
1792.8997876254
1793.0914782163
1793.4229690682
1793.6892327275
1793.9109003278
1794.2627731869
1794.3752109559
1794.7368270813
1794.8238674457
1795.0404622369
1795.5248172407
1795.6333710875
1795.7431560099
1796.0870213125
1796.3799595432
1796.5130348493
1796.8618184141
1797.2005271831
1797.4108119297
1797.8629296057
1798.1156589702
1798.3925800875
1798.7145135167
1798.8549146651
1798.9825153966
1799.2846730329
1799.6812482135
1799.8673155044
1800.2086071469
1800.2929676855
1800.5555036727
1800.9389723232
1801.1587603255
1801.3297234867
1801.4557929084
1801.8268080811
1801.9809050151
1802.279470672
1802.6867046113
1802.8950647416
1802.9961561311
1803.3707991916
1803.6536141654
1803.8803047456
1804.0492830736
1804.3149629824
1804.515899372
1804.9663460601
1805.1441309376
1805.4042658662
1805.6935058677
1805.9304041395
1806.4039604147
1806.5972547098
1806.8448697389
1806.9775011142
1807.1488861186
1807.5851293001
1807.7348833465
1807.9524670793
1808.3957649295
1808.516837708
1808.6732332005
1808.8982657087
1809.3760790563
1809.5906793225
1809.9534158368
1810.1239235232
1810.3860092268
1810.675799033
1811.0463063706
1811.103056944
1811.3841018725
1811.5452115938
1811.6997177531
1812.0503382978
1812.1851773451
1812.6260702944
1812.89295875
1813.0714919602
1813.4392795372
1813.6541492776
1813.8201727845
1814.0484385672
1814.3461881656
1814.5791352052
1814.8513512968
1814.9682562971
1815.4921972058
1815.9226378608
1816.0856854699
1816.2435166912
1816.541464381
1816.9369557247
1817.1227085
1817.3009747647
1817.4566797865
1817.9807900285
1818.1190218643
1818.3518396684
1818.4876027707
1818.7317323681
1819.0388767774
1819.3458906154
1819.4931695887
1819.7392494338
1820.1169265174
1820.2214302956
1820.514301016
1820.804466436
1820.9395558126
1821.424010551
1821.6757409702
1821.8150635856
1822.1786095292
1822.4959981459
1822.6176050084
1823.0020774037
1823.0964254787
1823.2979242003
1823.5317977971
1823.6900178363
1824.2262891515
1824.4548262518
1824.7862616165
1824.9770074538
1825.1445925176
1825.3228709916
1825.8484551616
1826.0928890886
1826.4144916625
1826.6221152096
1826.7695803721
1826.91738534
1827.3189246942
1827.5904989205
1827.7746722171
1828.1053709213
1828.3187165309
1828.4361395453
1828.8627865755
1829.1939869546
1829.5010203719
1829.5613019119
1829.8273324397
1830.0003327553
1830.322074851
1830.5651557939
1830.7832035482
1830.9745858057
1831.2102880245
1831.3945835653
1831.7612785257
1832.0192093995
1832.2766882025
1832.7855617502
1833.0100060113
1833.1455189047
1833.5886312589
1833.6828653197
1833.9216074147
1834.2450006485
1834.4950322334
1834.9220354517
1835.1384085386
1835.2585029761
1835.5205947821
1835.6689862908
1835.93681394
1836.2968387661
1836.4042353597
1836.7241596515
1837.2394276634
1837.2762374113
1837.4857658136
1837.7272067008
1838.0236706998
1838.3400866066
1838.4944839751
1838.8295333922
1839.0501103853
1839.3627059929
1839.6997589541
1839.8048751111
1840.1386763526
1840.2247354558
1840.5798746516
1840.7942524527
1841.011336354
1841.3466041164
1841.5115652146
1841.9309289755
1842.1248826912
1842.4168370256
1842.6832063136
1842.9327113413
1843.1219651458
1843.4067964239
1843.5517850721
1843.9384408547
1844.3060471235
1844.6406204442
1844.9077302438
1845.1282927734
1845.4548988522
1845.5454311756
1845.7708228268
1846.0300709233
1846.2740043262
1846.6853118168
1846.7579941665
1846.9362792193
1847.1534977541
1847.3093392858
1847.8027354327
1848.158423891
1848.2181861594
1848.5100845562
1848.8509908213
1848.9666430961
1849.2102006563
1849.5654279629
1849.8067035145
1850.2217027767
1850.38288719
1850.5134603201
1850.8198087446
1851.0394933099
1851.3832066377
1851.5552969834
1852.0362913917
1852.3355954586
1852.5976660142
1852.79976339
1852.9632553613
1853.184202466
1853.4638198867
1853.7080956135
1853.9276230772
1854.2242866157
1854.4773601068
1854.7469796955
1854.8197849842
1855.3510754592
1855.587232982
1855.7724134765
1856.0839717596
1856.3214817719
1856.4482585216
1856.8577637814
1857.1463629497
1857.3015397639
1857.5375759312
1857.8448516127
1857.9823174889
1858.3442916252
1858.4341796974
1858.8226835212
1859.0387381194
1859.2502519691
1859.4014922277
1859.7114591048
1859.922529574
1860.4060742774
1860.5699193472
1860.9305373507
1861.3212349146
1861.5474465009
1861.8863032662
1861.9750327155
1862.2012315449
1862.5205256903
1862.7843238426
1862.9792854707
1863.2796280456
1863.4216844086
1863.6011987753
1864.0256085885
1864.4015291768
1864.5654171744
1864.8441140928
1865.0228417647
1865.1116789702
1865.5029393758
1865.6818675347
1865.8966477254
1866.2586870777
1866.4197993359
1866.7666220026
1866.9988589035
1867.3246904201
1867.5401419638
1867.6268745688
1868.1240422165
1868.4480176645
1868.6975982332
1868.9433985214
1869.104820531
1869.2249646814
1869.6316336775
1869.8044558435
1870.014616978
1870.423536041
1870.6673745292
1870.9145748143
1871.1963919474
1871.4882091084
1871.7402070221
1871.9811654491
1872.1648459313
1872.5933748611
1872.7051779724
1872.9662010216
1873.2358935507
1873.6009394976
1873.7511181895
1874.1247797619
1874.3242944822
1874.4783283676
1874.6618681873
1875.0551099363
1875.26546941
1875.475385272
1875.6150913337
1875.9660942469
1876.2795837919
1876.5861031707
1876.7624179673
1876.9909033668
1877.158118876
1877.410797834
1877.8801086948
1878.0553436249
1878.163443176
1878.507431472
1878.9281664587
1879.2179693948
1879.4946056986
1879.7294189955
1880.0673894062
1880.2995407942
1880.450922258
1880.7176065507
1880.8630599677
1881.3726243985
1881.5099556442
1881.7496483131
1881.9786723885
1882.2151382297
1882.3789643432
1882.5359739941
1882.7466190418
1883.2270202387
1883.3480456503
1883.7893967025
1884.1367204211
1884.3806755598
1884.5617615535
1884.9471965457
1885.0060082351
1885.2243992842
1885.3960101224
1885.5978754298
1886.0114755018
1886.3287516456
1886.5174053709
1886.7248959278
1886.999236424
1887.389668167
1887.4680677091
1887.8388941097
1888.110311377
1888.3807364474
1888.7338706844
1888.8743170668
1889.2537120955
1889.3363962119
1889.6314457458
1889.7707830539
1890.3812943029
1890.549738032
1890.7690643397
1890.9969610157
1891.2721718338
1891.453824824
1891.795840727
1891.9477353272
1892.2971633241
1892.4542711651
1892.6983106119
1893.069448107
1893.1951459721
1893.4288960359
1893.5388150832
1893.9327740391
1894.1876160645
1894.4327424252
1894.6996206895
1894.9685301811
1895.1874235521
1895.5020860034
1895.782532616
1895.9935428609
1896.3886143558
1896.5686392967
1896.9891611338
1897.1320022508
1897.4562619304
1897.7161750737
1897.9079821048
1898.0833618207
1898.3932418237
1898.5765625786
1898.8691250432
1899.2557224578
1899.4470164454
1899.7540072031
1899.8275855019
1900.1645880009
1900.4745264377
1900.7715910025
1901.0126343153
1901.1313154821
1901.4350248938
1901.7050372841
1901.9881793657
1902.1510515316
1902.3530874574
1902.7813565754
1903.0961785533
1903.3235437814
1903.5259510706
1903.7178414342
1904.0578921794
1904.2336998955
1904.4314577881
1904.7744889965
1904.8668512699
1905.1372577055
1905.3918273338
1905.6696757579
1906.1292414098
1906.3319251684
1906.6213605863
1906.9304723935
1907.1094105501
1907.5560166196
1907.7781307422
1908.0223875631
1908.305978389
1908.5412777992
1908.6719778058
1908.8120432667
1909.1420004875
1909.4838298951
1909.6171927422
1909.8950626808
1910.1898554467
1910.4099748155
1910.7451025522
1910.9428185149
1911.2362400873
1911.4471627139
1911.637615606
1911.8583141562
1911.9617375903
1912.4849555148
1912.7792513465
1913.0442928549
1913.4447543741
1913.465839412
1913.6136443552
1913.9125222666
1914.3709773554
1914.4769364628
1914.7195625273
1915.0477709239
1915.3489252187
1915.645891423
1916.0117101367
1916.2561833892
1916.411466314
1916.6265428186
1916.8434892382
1916.9838658257
1917.337419975
1917.5499987952
1917.9706403872
1918.1014525998
1918.3343691931
1918.8012960871
1919.0684861018
1919.2335173011
1919.5215406558
1919.7040405622
1920.0040186135
1920.1605477199
1920.5481420105
1920.7135358206
1920.9069421854
1921.2075841392
1921.3127064373
1921.6745372429
1921.8612068957
1922.0093775583
1922.3812083568
1922.7510442716
1922.9971107029
1923.3361567121
1923.4219571558
1923.7889897516
1923.926593766
1924.3992090646
1924.6641562357
1924.8774264631
1925.1253592243
1925.2968764976
1925.6185018459
1926.0080254787
1926.2629444828
1926.4454612515
1926.7956759753
1926.8925333741
1927.2074077114
1927.3566315242
1927.6403464443
1927.7932577261
1927.9643124054
1928.5244019949
1928.6903440295
1928.9260986253
1929.1569972742
1929.1982365904
1929.6906426561
1929.7994847533
1930.2540205188
1930.5814337258
1930.7759563382
1931.0094804784
1931.1555369035
1931.5348614172
1931.6432157265
1931.9603814132
1932.1604224547
1932.5362784919
1932.7503387092
1933.0809241516
1933.1815023324
1933.4515418899
1933.8196072515
1934.107470467
1934.2124019991
1934.6535315209
1934.8156138109
1935.232171671
1935.4732720683
1935.6765004272
1935.8793765224
1936.2761356067
1936.4242782291
1936.6769768071
1936.8608588126
1937.1842675855
1937.3852443545
1937.5739243708
1938.0881666746
1938.1519246089
1938.3047977836
1938.5485956192
1938.9769050754
1939.274629373
1939.4600161874
1939.6307537289
1939.9111340782
1940.1589833296
1940.3412772672
1940.5259116379
1940.7107847273
1941.1782259793
1941.3518239073
1941.8713506217
1942.1371695735
1942.4086138184
1942.5592332898
1942.9997104352
1943.1712720534
1943.3857877635
1943.6073770033
1943.8197617814
1944.062197482
1944.3007221298
1944.6749296184
1944.7502938304
1945.1871513743
1945.3991237399
1945.5536634677
1945.7319280552
1946.2316542218
1946.3284476873
1946.659655353
1946.938510817
1947.1265867911
1947.4401772554
1947.6704757071
1947.9272888585
1948.2353361698
1948.4698125796
1948.6268085524
1948.9632007616
1949.1312020373
1949.2382985009
1949.6503663864
1950.0774382476
1950.2022421939
1950.3762037416
1950.6919165274
1950.9600626294
1951.1885048267
1951.4315852932
1951.6710522802
1952.1185781085
1952.2940808206
1952.6806713484
1953.0074034226
1953.2210278111
1953.3356972943
1953.5404485687
1953.6167955863
1954.2327672788
1954.4737546749
1954.8127989169
1954.9872013579
1955.2118542331
1955.4270816025
1955.6246746819
1955.7650506077
1955.9887147563
1956.3704845975
1956.5370374348
1956.811725302
1957.1022380675
1957.2133511779
1957.5631661777
1957.9607199823
1958.2269290472
1958.4829720399
1958.6822673862
1958.9851972417
1959.1053979797
1959.5252823216
1959.6983506629
1959.8994741457
1960.223662387
1960.589644364
1960.8256195212
1960.9311430026
1961.1897417428
1961.6928897028
1961.9774753853
1962.2119882895
1962.2841863561
1962.5574535029
1962.673517079
1963.1457021369
1963.3742783593
1963.6830213559
1963.7547972957
1963.9345282225
1964.2355591828
1964.7032962177
1965.0381914698
1965.1626010562
1965.5332936868
1965.6436417708
1965.9204037479
1966.0202854838
1966.4852980182
1966.6875600377
1966.8137932918
1967.0413997037
1967.3796481583
1967.6079565877
1967.8943473003
1968.0669944357
1968.3698037149
1968.6488413753
1968.7904149177
1969.0941854632
1969.4910785235
1969.7860949493
1970.0862600175
1970.3860265994
1970.6389654155
1970.973131626
1971.1261157038
1971.3934584396
1971.667952656
1971.842964755
1972.126680252
1972.1938007797
1972.4969173017
1972.9463967042
1973.0984319841
1973.2603436764
1973.5635191842
1973.8267119431
1974.0654930946
1974.4182922452
1974.6416540138
1974.83282101
1975.1205462999
1975.3197700982
1975.5074232952
1975.8925838482
1976.1313078083
1976.3223069462
1976.57125557
1976.9709033714
1977.2792374529
1977.3738095863
1977.6840663427
1977.8975239187
1978.286595141
1978.5160955586
1978.7459119969
1979.0116255055
1979.2453306526
1979.4872671964
1979.7723529556
1979.9810766238
1980.1025081257
1980.5838945828
1980.7248953996
1981.1378832342
1981.5054651603
1981.6655689966
1981.8430984273
1982.2610563116
1982.3959533639
1982.6526561257
1982.8098446514
1982.9994385804
1983.2224991468
1983.6243121653
1983.8078522632
1984.2592014824
1984.3512773023
1984.6207417083
1984.8418386871
1984.9532203839
1985.3525055872
1985.5803010982
1985.7450994612
1985.9601004505
1986.4945264681
1986.6688325856
1986.8458377818
1987.2058299472
1987.4701648013
1987.754510992
1987.9238082585
1988.3455189719
1988.5760044076
1988.8911426153
1989.0427084755
1989.4666852647
1989.5132047373
1989.8169347783
1990.0991402046
1990.2608320824
1990.578982467
1990.7570335258
1991.1408990444
1991.3482079469
1991.4152536854
1991.7533958113
1991.9567459276
1992.2494941269
1992.5507675114
1992.8813565882
1993.1486568414
1993.3977829547
1993.6717599132
1993.8254885145
1994.1950014421
1994.4582818758
1994.7091649811
1994.8986742094
1995.1110719797
1995.2365269793
1995.5486820664
1995.722359128
1995.9366551488
1996.5068681399
1996.5424433059
1997.1907417827
1997.4245544942
1997.551556266
1997.7478817833
1997.818789757
1998.2197173024
1998.5928952455
1998.8850651284
1999.0121405498
1999.3507330963
1999.5996346446
1999.8310555078
2000.157131429
2000.2852524575
2000.5958813858
2000.7195698752
2001.2127807744
2001.4001611596
2001.5387219781
2001.7985304634
2002.1616802556
2002.2753064278
2002.4124596032
2002.724144702
2002.9033877425
2003.3124686962
2003.6291857909
2003.7596066333
2004.0818958378
2004.3084670807
2004.753422235
2004.9194342869
2005.1910733506
2005.3155839131
2005.8411383041
2006.0247659777
2006.249713377
2006.3936144189
2006.9416949873
2007.0805702904
2007.2254634759
2007.4673338958
2007.5946267747
2008.1169637735
2008.2142522596
2008.5716327243
2008.7080877471
2008.9643350535
2009.2452823479
2009.5960098063
2009.8815286446
2010.0376549988
2010.3861513335
2010.6268824498
2010.9572476592
2011.0965622472
2011.2497107065
2011.4605849728
2011.6654767844
2012.0505448996
2012.339718467
2012.6925845983
2012.9237294393
2013.1338576499
2013.3212410546
2013.4222029878
2013.9447916851
2013.9914613408
2014.380906774
2014.5811060914
2014.8165521769
2015.0025848825
2015.5800475344
2015.7017355714
2016.0248024344
2016.3826895519
2016.736597036
2016.9101023268
2017.0594453482
2017.2317823974
2017.6334657365
2017.8071076728
2017.9611891994
2018.2367128517
2018.5498214958
2018.7698566756
2018.9866900582
2019.300712245
2019.4763444845
2019.6225575158
2019.9854084028
2020.2435626835
2020.7447834734
2020.7781965916
2021.0000778393
2021.3748975277
2021.5726974862
2021.7127473442
2022.163427842
2022.2834530254
2022.5498727205
2022.7612323867
2023.200092482
2023.4964809048
2023.5997533094
2023.9880883722
2024.193044417
2024.3668748969
2024.7689709429
2024.8898603018
2025.2055396108
2025.5598477485
2025.7784307437
2025.9984703477
2026.1843700463
2026.4892894853
2026.8537634907
2027.0214277301
2027.1227545385
2027.41932239
2027.7867082562
2028.2443076817
2028.3549240746
2028.5451670068
2028.7876992527
2029.1462186282
2029.396689494
2029.5936169926
2029.7417918852
2029.9866270843
2030.2102837559
2030.321009032
2030.865836634
2031.0627379505
2031.2146181345
2031.5051559988
2031.682719008
2031.9487507793
2032.3604240282
2032.5285693618
2033.1909263793
2033.3634588414
2033.5165811043
2033.6898870442
2034.0218336785
2034.0867808034
2034.5321103868
2034.8015546047
2034.918776702
2035.170760396
2035.5997948916
2035.7122558177
2036.0732132134
2036.2890284878
2036.5245243636
2036.8874379177
2037.0108091909
2037.1934770817
2037.3916811114
2037.5745551502
2037.8235799201
2038.3926977123
2038.5341404747
2038.8318030336
2039.0228262666
2039.2337051228
2039.6348700918
2039.9043347565
2040.1451978809
2040.2917226324
2040.5518458059
2040.6441795056
2041.1602261847
2041.3291212697
2041.5355427702
2041.9057686652
2042.0783229996
2042.3887031388
2042.6314123046
2042.9186128646
2043.1112487366
2043.4612597356
2043.6912799884
2044.0544493441
2044.2749204981
2044.6419651132
2044.6743775496
2045.0588838822
2045.2956948476
2045.4853777429
2045.9212377334
2046.0033051623
2046.2905007426
2046.4540408553
2046.6646651209
2047.0834126537
2047.2396391414
2047.276717943
2047.7799802464
2047.9801335349
2048.3813828692
2048.4994974391
2048.8097234124
2048.9128038395
2049.2287408389
2049.3885290914
2049.8838061567
2050.005659247
2050.3392984621
2050.4384180223
2050.9167405303
2051.0826056326
2051.5633196251
2051.7735536629
2051.9478204334
2052.256053089
2052.5684695627
2052.8357480257
2053.0183283174
2053.2422889492
2053.3706865117
2053.6621974744
2053.7843869303
2054.0699314213
2054.271728325
2054.888645659
2055.0702754161
2055.1590200691
2055.5898146478
2055.8473116676
2055.9474853351
2056.2065577659
2056.5196593633
2056.8208373946
2057.0861248065
2057.3415180639
2057.4756139619
2057.7496734991
2057.9342524038
2058.1955710106
2058.4142368276
2058.8625062186
2059.0402250151
2059.254547949
2059.5459494523
2059.7110551987
2060.1334945556
2060.3371287582
2060.7127199805
2060.7901227563
2061.166162674
2061.5797167271
2061.7278409724
2061.9493544715
2062.1509429495
2062.4685002832
2062.9033345255
2063.0657446317
2063.2591484518
2063.4087647364
2063.7854105382
2063.9815815609
2064.0941181872
2064.4224953744
2064.8811686577
2065.0186080181
2065.1902078371
2065.4280980109
2065.7110058911
2065.908043186
2066.099776403
2066.3557535054
2066.7449629565
2066.8385273806
2067.1935782122
2067.6316862624
2068.0559656445
2068.1653509352
2068.3081649175
2068.5951190316
2068.731487627
2069.0685905174
2069.1811840786
2069.7301220159
2069.9731989366
2070.1047104699
2070.3150831339
2070.7042837766
2071.0186646169
2071.1117627775
2071.5089151807
2071.7154686243
2071.7697975943
2072.2863537434
2072.4871658185
2072.7022154294
2072.9633639603
2073.233819438
2073.4904250434
2073.6197787017
2074.0363503629
2074.1321030311
2074.4521706435
2074.8527563029
2075.1255380439
2075.2638026045
2075.5111266145
2075.7623691761
2075.9544494949
2076.1892079445
2076.3060588501
2076.7061495425
2076.9891106048
2077.1429421798
2077.440664332
2077.7052231858
2077.9393758928
2078.4114396615
2078.7913175233
2078.9840207891
2079.097910444
2079.4955842045
2079.7450221156
2079.9950088829
2080.1371535419
2080.4599136079
2080.7963428718
2081.0031209533
2081.2174760298
2081.3502160372
2081.6675071536
2081.9242832129
2082.100202546
2082.3617843585
2082.6818932214
2082.979918156
2083.0976925887
2083.4099309405
2083.7696174565
2083.9595443996
2084.2772850559
2084.4089425953
2084.7786158392
2085.0048875514
2085.234444458
2085.5295917059
2085.7658579116
2085.9344050172
2086.0125892558
2086.5278292017
2086.8672628986
2087.2216067715
2087.3472410262
2087.5831848359
2087.7768187374
2088.0947250396
2088.4775661072
2088.6620231378
2088.8526013337
2089.004868425
2089.4110781767
2089.5389206719
2089.8034213397
2090.2622736975
2090.5817585802
2090.7297814899
2091.0745584643
2091.3401778195
2091.4245464912
2091.6630318792
2092.0953423723
2092.2961191395
2092.3281562947
2092.5540012068
2092.8890646592
2093.1115249781
2093.4437469435
2093.5999070209
2093.9294530527
2094.1886917203
2094.4620939884
2094.6805084063
2095.0425056245
2095.194825001
2095.4997283733
2095.7427050144
2095.828636966
2096.2709922479
2096.7817135502
2096.9236352911
2097.2168591494
2097.5042532826
2097.6416790046
2097.8301892078
2098.1527262853
2098.2692490413
2098.7181573881
2099.0293278942
2099.1339117696
2099.4337452506
2099.654960789
2099.8990282803
2100.1662450211
2100.3551216678
2100.4823971711
2100.9415209932
2101.0736029489
2101.4259912513
2101.7002484799
2102.0892078282
2102.2121903934
2102.5621777813
2102.6156502182
2102.9157038825
2103.2211116307
2103.5239185459
2103.7646796688
2103.9722023777
2104.1799004418
2104.5365161445
2104.7553437191
2104.8624131511
2105.0833948286
2105.3720681193
2105.8931968313
2106.0620226803
2106.233848922
2106.7256898969
2107.0323280809
2107.2581519322
2107.3521367998
2107.7912685292
2107.9670070693
2108.1481418907
2108.335132881
2108.6188071775
2108.8336083738
2109.217499309
2109.3668868309
2109.6026401618
2110.0635986142
2110.2871771604
2110.4982800417
2110.6019138329
2110.7850509248
2111.2054987981
2111.356477512
2111.5433268969
2111.8865396418
2112.1568516206
2112.3372329215
2112.6152860725
2112.9315325784
2113.2642321984
2113.4908803766
2113.7169686364
2113.9970347767
2114.2726112595
2114.7736321322
2114.9151714525
2115.1770823203
2115.32457666
2115.5851224629
2115.6921996491
2116.0470252192
2116.40460159
2116.6083182659
2116.838751466
2117.236560078
2117.4137771118
2117.5837909817
2117.7109078063
2118.0505628573
2118.3376666147
2118.814527665
2119.0145843684
2119.2030071998
2119.4381371957
2119.7096513143
2119.927265897
2120.1188238635
2120.4964987387
2120.6063128062
2120.8727851737
2121.2147061409
2121.4013280826
2121.560822467
2121.9378399553
2122.0675986028
2122.4821271767
2122.6628213197
2122.8788320664
2123.3844491216
2123.5485223937
2123.6175938892
2124.0837511628
2124.337230141
2124.4229597721
2124.9111057933
2125.129638838
2125.4507749539
2125.7396194656
2125.8870752313
2126.1854019579
2126.55790536
2126.7679935017
2126.839334883
2127.0403386987
2127.3105173603
2127.6114284214
2127.9450868029
2128.0482963831
2128.2164210465
2128.5864229405
2128.8355966517
2129.0030680325
2129.4378872181
2129.6333837572
2129.9601042542
2130.2073833529
2130.5591004476
2130.7027319065
2130.8417330896
2131.1858318384
2131.5316285098
2131.6521558021
2131.9281714602
2132.086701362
2132.4960191658
2132.7915648755
2132.9570482201
2133.4291529694
2133.6808271466
2133.8503647708
2134.1067468619
2134.3045204753
2134.4978517806
2134.758924171
2135.0740865204
2135.2425010923
2135.6974471866
2135.8968310924
2136.234187083
2136.4139881621
2136.6928672753
2136.8049886608
2137.1481892737
2137.3860746212
2137.6751471876
2137.9606458299
2138.1183552131
2138.2423203494
2138.704813312
2139.0346328509
2139.1660240304
2139.3861699192
2139.6222007271
2139.7419967434
2140.0229240221
2140.194708651
2140.4531697847
2141.0330121956
2141.2612303492
2141.5520474617
2141.744692637
2142.0269922071
2142.3992279996
2142.7785496845
2142.8771630562
2143.0571546331
2143.3720791793
2143.6239942276
2143.8188525966
2144.0818247811
2144.33419541
2144.4551986017
2144.8227674862
2145.0719854927
2145.370396464
2145.5546961617
2145.9194215027
2146.1006573013
2146.4476283812
2146.6599281806
2146.7726768495
2147.1073357435
2147.2934018883
2147.5523262533
2147.8393724907
2148.0235155507
2148.5246809633
2148.7394449306
2149.010892077
2149.1832064253
2149.3678356695
2149.6534043698
2149.9418342202
2150.1900237551
2150.3249284544
2150.6865061051
2151.04961663
2151.1531767171
2151.4479897515
2151.8387420625
2152.0794536943
2152.1740671683
2152.5737090455
2152.7892883496
2153.2798772665
2153.450858794
2153.6291905448
2153.7959819348
2154.1177392289
2154.3821141564
2154.6779986231
2154.9050781612
2155.1124415495
2155.3754146776
2155.5145823189
2155.8231941821
2156.0277936292
2156.3594401312
2156.5167465165
2156.9141732571
2157.0331898932
2157.3047745217
2157.5921098198
2157.8451343961
2158.1268746582
2158.2747488379
2158.6789581099
2158.8782718092
2159.3272468934
2159.5186221078
2159.6549001124
2159.9924106437
2160.130428808
2160.5481738782
2160.8078272011
2161.1393752583
2161.4076838321
2161.6761555266
2161.7923031434
2162.1419868048
2162.3202901989
2162.4360401978
2162.7757673618
2162.9912281456
2163.2294983687
2163.631679173
2163.7535411597
2163.9975362848
2164.1906261546
2164.5484366869
2165.1022794606
2165.2590180038
2165.4403751526
2165.730551274
2165.8834065875
2166.0980470201
2166.2258354567
2166.577259664
2166.8515643069
2167.0165330981
2167.3505557613
2167.4684904677
2167.8848856379
2168.1954653475
2168.3993345737
2168.613934226
2168.8851091168
2169.3135830391
2169.4393998191
2169.6872585657
2170.1172811276
2170.4105031167
2170.6259187607
2170.8670493207
2171.0284452197
2171.2642256485
2171.5220097054
2171.8092531827
2172.1288942014
2172.4310432376
2172.6457857967
2172.8485914355
2173.036036111
2173.3172930224
2173.565725773
2173.7598294648
2173.996599998
2174.2021396609
2174.5529723821
2174.833263024
2175.1254699416
2175.288758993
2175.5418518139
2175.705636017
2176.234486703
2176.3703335127
2176.6168711592
2176.7565993412
2177.2610337172
2177.5118738284
2177.7344916654
2177.9888596457
2178.170151708
2178.5193953389
2178.9250615499
2178.9514922275
2179.244350664
2179.3722353926
2179.5017856887
2180.0323351347
2180.3435174703
2180.5271146393
2180.8937069728
2181.1306960071
2181.2746377615
2181.6891240376
2181.7505227775
2182.0615777463
2182.3045311549
2182.5827904686
2182.7703455977
2183.1126436305
2183.406902247
2183.5641795931
2183.8001434709
2184.0411188447
2184.2353689165
2184.5801637605
2184.834047647
2185.2394017701
2185.3614148506
2185.6087451744
2185.7492454235
2186.0155222648
2186.140924674
2186.6029494984
2186.712951739
2187.2318846157
2187.5932518814
2187.7783998317
2188.1874526285
2188.3975232165
2188.5552257395
2188.9247710935
2189.019804488
2189.2204035782
2189.442547192
2189.8166976057
2190.1587974021
2190.2349976847
2190.4839413923
2190.7738432568
2190.9062502824
2191.3676697309
2191.4645949591
2191.7691540205
2192.0170666207
2192.2506663952
2192.490316771
2192.738018494
2193.123378407
2193.4596177392
2193.6928712827
2193.8291221586
2194.0591473692
2194.2867318946
2194.5139019245
2194.9746949494
2195.1157134241
2195.2080865619
2195.6361445135
2195.8002399564
2196.1657446476
2196.4711344065
2196.7896208528
2196.9998453313
2197.2496089148
2197.4669776219
2197.7920507207
2197.9902393663
2198.1154363209
2198.5478240062
2198.7040270911
2198.9593130841
2199.4159982106
2199.5961710965
2199.8217817733
2199.9852685272
2200.3772141632
2200.6773038791
2200.839586571
2201.1078134422
2201.3274708313
2201.4105569437
2201.793704713
2202.0707495819
2202.2678272638
2202.4218054122
2202.5933083639
2202.897932384
2203.2262727603
2203.6726038971
2203.8840902248
2203.9493761754
2204.4583739266
2204.6378641335
2204.9414196564
2205.2124664977
2205.5509648027
2205.6888315136
2205.8741566778
2206.178756658
2206.4496722838
2206.9680247486
2207.010577355
2207.220085918
2207.6141103981
2207.7159354275
2207.9478480475
2208.1655789281
2208.5832080434
2208.8010936422
2208.9145817531
2209.1092087818
2209.4856542707
2209.759612835
2210.0889864316
2210.3443904813
2210.5567424532
2210.7595733494
2211.0083233455
2211.2710652727
2211.5922754352
2211.7506711349
2212.2529127467
2212.3789049926
2212.4665732111
2212.8738371405
2213.0364740703
2213.221144196
2213.5227415696
2213.6743069326
2214.2315717941
2214.3844144282
2214.5852335759
2214.8644383261
2215.2614791059
2215.3933498194
2215.7218865151
2216.1344650875
2216.1400220558
2216.655160169
2216.7959127328
2217.2119457455
2217.3686446903
2217.6068076762
2217.7199529932
2217.8704976317
2218.1601307287
2218.4359417317
2218.5487834446
2219.002263826
2219.4238890247
2219.571776972
2219.848025173
2219.9643639189
2220.1881849074
2220.471489962
2220.7077937418
2220.9642175072
2221.3065693911
2221.5415146313
2221.7133497278
2221.9891400095
2222.2990285237
2222.561751841
2222.9194657963
2223.163161503
2223.5925651623
2223.7034561883
2224.0307799753
2224.1502273822
2224.4024896481
2224.6824499983
2225.0039505319
2225.2354312764
2225.4338724778
2225.7161889365
2225.8857814502
2226.0615034939
2226.4655278906
2226.595103845
2227.0886496123
2227.3723536503
2227.5597642893
2227.8683111162
2228.1351524489
2228.162198376
2228.4567437467
2228.6917033328
2229.0939110468
2229.2748698926
2229.5322383507
2229.8106205308
2229.9840025454
2230.1890984081
2230.5415757261
2230.7108081727
2230.9774893719
2231.1783254078
2231.5070191546
2231.7358522414
2232.0175417507
2232.4417363779
2232.714528932
2233.0444774583
2233.1292103465
2233.4301087199
2233.6603519538
2234.0369774793
2234.2632530477
2234.5280207845
2234.7322121056
2234.9251594106
2235.2202610128
2235.4747484985
2235.8538770099
2236.0620635719
2236.2778338856
2236.42967316
2236.7296099127
2236.9533984241
2237.141797427
2237.4534220215
2237.5256680624
2237.8439747805
2238.1782013337
2238.4720715796
2238.7805375987
2239.2240525308
2239.397411104
2239.5223086661
2239.7149803397
2240.0670644198
2240.2614391647
2240.7070861405
2240.7554297316
2240.9812063454
2241.242363251
2241.6189879746
2241.8767923041
2242.1793282492
2242.3550485329
2242.6950179899
2242.817989081
2243.2870066578
2243.6548205921
2243.6695366898
2243.9270060104
2244.0793679853
2244.508320174
2244.6372904073
2244.9044673181
2245.265307373
2245.6294326145
2245.8434566427
2245.898496284
2246.2132517968
2246.4942474253
2246.7817286262
2246.9895425134
2247.2777577562
2247.5678563103
2247.6856644033
2247.8327819579
2248.0824580081
2248.4233700423
2248.817894606
2249.057490925
2249.2023715459
2249.475873866
2249.6352417427
2249.9070058849
2250.3089780683
2250.6792855703
2250.9367274388
2251.3789895721
2251.4975701186
2251.7663452243
2252.0349318376
2252.0919256833
2252.5007402929
2252.6988321556
2252.8854746561
2253.141757807
2253.3453830664
2253.7720622105
2253.893400817
2254.1249593697
2254.3294423475
2254.736523514
2254.9939043975
2255.1751918426
2255.3524741243
2255.8521388419
2255.9641725596
2256.3109355931
2256.5529298144
2256.6936014012
2257.0721119892
2257.118277433
2257.4302435673
2257.6455861583
2257.9125824617
2258.2999150918
2258.5174355356
2258.8261620165
2259.1486046454
2259.4001053662
2259.5272288458
2259.8915145057
2259.99515737
2260.1819964986
2260.5868677268
2260.816800803
2261.117403959
2261.5253963833
2261.7444471988
2261.9534158684
2262.2900252192
2262.5296266552
2262.7384054803
2262.9419299102
2263.1780808115
2263.5589953179
2263.7111729961
2263.9622718341
2264.2140880845
2264.4135972446
2264.6162880003
2264.9086265174
2265.0948177565
2265.4184761758
2265.7089821777
2265.9163222495
2266.235006582
2266.3756320023
2266.6197543191
2267.0058413779
2267.2265016076
2267.535765181
2267.6759662588
2268.1760874952
2268.323859505
2268.5733649016
2268.8641465084
2269.1253696897
2269.2983462901
2269.7128445822
2269.9783932569
2270.1490899122
2270.4389780204
2270.5758020638
2270.8201588443
2271.2538316057
2271.4356986834
2271.7314164288
2271.9166503392
2272.034622121
2272.3241158355
2272.7149564653
2272.9172996086
2273.1470954694
2273.4292092322
2273.570895447
2274.0246467022
2274.3110677347
2274.548158541
2274.7776913045
2274.9600000344
2275.3501853798
2275.4492160654
2275.7208369037
2275.9044354484
2276.0601338896
2276.3708018658
2276.5689005874
2277.0282316886
2277.27451264
2277.3254704413
2277.7009964882
2278.1502241354
2278.5499153107
2278.8013648539
2278.8862609393
2279.0338759523
2279.5273513034
2279.7183664241
2279.827554946
2280.1184764112
2280.4793061928
2280.6193944236
2280.9786009986
2281.0977705452
2281.5531387462
2281.7601410062
2281.8422446865
2282.0646112329
2282.3487343459
2282.7035374909
2282.8604046834
2283.2617317967
2283.3996824254
2283.641286196
2283.9385430596
2284.008142382
2284.1977786537
2284.7712353366
2285.0837021687
2285.2576867388
2285.4636915271
2285.86823397
2286.0625828863
2286.2439876748
2286.4273174136
2286.6283790162
2287.1474013409
2287.4576969201
2287.765685744
2287.8335476676
2288.0472623555
2288.3907205466
2288.5035086929
2288.8270419264
2289.0791669844
2289.2456632286
2289.5673719796
2289.8950400547
2290.2593686672
2290.6106347773
2290.6839318534
2290.9837029709
2291.1734840599
2291.4859219134
2291.7413636529
2291.8897332787
2292.0946341062
2292.2867661337
2292.6803543224
2292.8516145365
2293.1783639256
2293.3826865476
2293.7235199738
2293.8808789805
2294.3479289785
2294.3817414561
2294.5953240028
2294.834618694
2295.1522734059
2295.4425999452
2295.8056581346
2296.1459694269
2296.3079465651
2296.5154872546
2296.861625608
2297.2175087106
2297.3749791334
2297.7244455363
2297.999921041
2298.2601749614
2298.4751078477
2298.6571905795
2298.8192218901
2299.0046789427
2299.3950577124
2299.5777566516
2299.6973113642
2300.1310740016
2300.2503473953
2300.653500204
2300.9469003085
2301.1644820544
2301.4685190885
2301.5789232774
2301.9558771272
2302.2030707982
2302.4232316509
2302.6534245165
2303.0372507808
2303.1334870474
2303.4220481433
2303.75597553
2304.0566624178
2304.0998746739
2304.4214282738
2304.5320689524
2305.0687306516
2305.3525753748
2305.668140708
2305.7776831704
2306.0539349732
2306.2524630705
2306.6276022084
2306.7732451663
2307.2067072991
2307.4695536266
2307.6323236947
2307.8872885351
2308.0907272848
2308.375785133
2308.6384696725
2308.7947989324
2309.3114433176
2309.4747558588
2309.6094847834
2309.8754803606
2310.1029795364
2310.5504314584
2310.6072205669
2310.8885221237
2311.0689684793
2311.2636536699
2311.6410427147
2311.8524654348
2311.9745182569
2312.3136952639
2312.4820504774
2313.0150068619
2313.2563945714
2313.5996033582
2313.7805449595
2314.1544228012
2314.2626980859
2314.6864259423
2314.9030894211
2315.1370442555
2315.2717925399
2315.470341132
2315.8654077805
2315.9629335498
2316.2415534614
2316.6723802418
2316.9188107692
2317.1980222394
2317.3913211949
2317.6256272928
2317.7666139508
2318.0027358844
2318.3477276481
2318.5513475796
2318.9050474536
2319.1648082915
2319.3184635582
2319.7343795095
2319.8874971836
2320.2380715142
2320.3698422276
2320.6508590747
2320.9365543027
2321.0909767519
2321.3580062566
2321.6896950904
2321.9425335339
2322.1725988571
2322.3503600939
2322.6280260503
2323.0320181219
2323.1345325419
2323.4354478828
2323.7166842991
2324.150734302
2324.4148770772
2324.5209039406
2324.7281479432
2325.1757663651
2325.586155331
2325.7316833103
2325.8820448096
2326.0618090111
2326.3903597621
2326.525232513
2326.7316147779
2327.2396216804
2327.4761174795
2327.6624420786
2327.7843787677
2327.9917890587
2328.1710182221
2328.4406250477
2328.8672675809
2329.1152629716
2329.3016535005
2329.6919953056
2330.0067459136
2330.27549494
2330.3778005566
2330.5226587701
2330.9540141394
2331.0296405918
2331.3288857555
2331.6507633978
2331.9505420921
2332.4613129912
2332.5953663979
2332.8761192192
2333.0774416564
2333.2147439422
2333.6742336159
2333.7799344724
2334.0379601349
2334.2711498519
2334.5344680152
2334.7219265313
2335.0181208454
2335.2716579023
2335.5749568587
2335.7839730478
2336.1040838591
2336.3554772139
2336.7142811522
2337.0013772821
2337.1887419116
2337.4321478173
2337.7202167221
2337.8034842858
2338.001585569
2338.1891412749
2338.7279683194
2338.8429149583
2339.1570878078
2339.2447133702
2339.4528821911
2339.919274107
2340.0981578018
2340.2923207522
2340.6850881261
2340.9869991342
2341.157695142
2341.5112691664
2341.6998386942
2342.1002886948
2342.3248757101
2342.7716212732
2342.8806985002
2343.0982655754
2343.2673959167
2343.5871905437
2343.7437444524
2344.138023705
2344.2057943126
2344.637959197
2344.7620402213
2345.1868846185
2345.3285201236
2345.5046574018
2345.8785939938
2346.1576932068
2346.251897649
2346.4424052342
2346.663796967
2347.0170772646
2347.3782709676
2347.6284948254
2347.9223390719
2348.0305178414
2348.4242425688
2348.6421251652
2348.9156759331
2349.2619055739
2349.4325725776
2349.7156393423
2349.888256933
2350.2493349754
2350.4511094597
2350.5582369691
2350.8206334036
2351.2858184765
2351.5394946067
2351.7800838121
2352.1250146429
2352.2794828932
2352.4810231852
2352.7586421123
2353.1424280334
2353.3928166065
2353.6257897718
2353.9806651466
2354.0797194198
2354.2369828087
2354.4485061139
2354.8917542539
2355.0158876822
2355.3004913809
2355.5562413271
2355.8746625036
2356.1723031894
2356.3779895092
2356.6470132877
2356.7579161253
2357.0143825167
2357.2721143986
2357.4391509835
2357.7670882983
2358.0572953755
2358.3613572699
2358.4697137446
2358.9636104789
2359.3588875422
2359.5257953238
2359.7669611231
2360.0261523501
2360.2467556755
2360.5535929778
2360.8189888228
2361.0733530117
2361.3886525224
2361.6592658219
2361.7431143165
2361.960383848
2362.2375165953
2362.6438080002
2362.7100335626
2362.8748246439
2363.2175620296
2363.3477138809
2363.9236467001
2364.1353911009
2364.2798880044
2364.5601877849
2364.8849839679
2365.0825573216
2365.4231347693
2365.5970707665
2365.8346425188
2366.1617241756
2366.2432151003
2366.5533847424
2366.8102342014
2367.0712445783
2367.3376142905
2367.4920156882
2367.8894190433
2368.0893722187
2368.5122661007
2368.70282188
2369.0784504159
2369.2398714098
2369.4785009801
2369.7173048798
2370.0265176053
2370.2028982884
2370.2945701997
2370.8917252739
2371.0206473439
2371.3532552947
2371.7144100738
2371.8579197698
2372.2093263977
2372.3679468399
2372.5393779666
2372.7007294445
2373.0140041026
2373.2755088738
2373.4859659238
2373.6787287211
2374.0202214891
2374.2522378538
2374.5352562899
2374.758393334
2375.0385212957
2375.1945167971
2375.5204239837
2375.807694836
2376.1508402671
2376.4819073655
2376.6031388045
2376.9101682937
2377.0984621724
2377.4397462465
2377.7894921342
2377.9955204935
2378.2127169977
2378.4129751046
2378.707496383
2379.0654052211
2379.2872474835
2379.6594632583
2379.7150530113
2379.9411231091
2380.1063585893
2380.4150611727
2380.8228697208
2380.9870568884
2381.3357599865
2381.6485449994
2381.6869550929
2382.0105403378
2382.3302847714
2382.4608586761
2382.8743723304
2382.9882192029
2383.3629063444
2383.5857244991
2383.7559043201
2384.1871961694
2384.2832130333
2384.5263858708
2384.8646096756
2385.0301758311
2385.2280019668
2385.6059038059
2385.7148380457
2386.0379868909
2386.3532966956
2386.4952011895
2386.6591151782
2387.4294599257
2387.5990755516
2387.9457832109
2388.1317965001
2388.3072972433
2388.4596741142
2388.7347272675
2389.0312149056
2389.2727801468
2389.4555627387
2389.7862039152
2390.0322573676
2390.264178279
2390.317682312
2390.7367597874
2391.0617717356
2391.3429378099
2391.4805378424
2391.7838398523
2391.9685993675
2392.3428721279
2392.433585442
2392.6588378528
2392.9241230713
2393.3189858266
2393.6280963727
2393.8046429579
2394.1055157033
2394.3124678268
2394.4410815216
2394.8921051359
2395.2283356132
2395.4058352755
2395.6486955253
2395.9449387513
2396.2646388429
2396.4659235416
2396.6683291648
2396.8982615399
2397.0989528224
2397.4630839503
2397.7402246537
2397.8711829259
2398.1773501004
2398.6273242899
2398.8211874837
2398.9445523674
2399.3361540092
2399.4047150383
2399.7753149406
2399.9853281392
2400.4085603592
2400.6245234206
2400.8890869073
2401.1412049786
2401.2370173242
2401.3374608298
2401.7002818657
2401.8852997497
2402.2174760212
2402.3586067988
2402.8482462158
2402.9898310526
2403.2619435557
2403.5981700723
2403.7827352286
2404.0443445164
2404.3851875758
2404.6559260237
2404.7480191147
2405.2674267103
2405.6258707098
2405.7656522888
2405.9191279556
2406.0979173518
2406.5046338662
2406.7473426795
2407.13078705
2407.22680056
2407.4910580551
2407.8550718839
2407.9314258322
2408.1887183182
2408.5238003203
2408.7328662589
2408.8433838169
2409.0719905735
2409.392195735
2409.6493630387
2409.9159447121
2410.3703198853
2410.5806447488
2410.7323965397
2411.1049409096
2411.4666106297
2411.6018526754
2411.8143747268
2411.9138453865
2412.3355656669
2412.3986270701
2412.7148079044
2412.8682214674
2413.4844379328
2413.6006484588
2413.9966497995
2414.1148710481
2414.3280038995
2414.5611873587
2414.8758582222
2415.246297611
2415.4932978474
2415.6281704338
2416.0698678069
2416.2629269961
2416.5827864029
2416.6921426197
2416.91408194
2417.2137124456
2417.6418664623
2417.752020433
2417.9708272625
2418.1468285455
2418.4682577396
2418.7649111004
2418.9528180488
2419.3137748455
2419.4930392807
2419.7685469571
2419.9013765249
2420.109746312
2420.4603692022
2420.8017769993
2420.9320919211
2421.1227978448
2421.4967485516
2421.6884576591
2421.95385988
2422.4240187912
2422.6415767836
2423.0575380677
2423.248270913
2423.3612462754
2423.8819288911
2423.9686420503
2424.1843958217
2424.3756121659
2424.6601223153
2424.8403428419
2425.202101823
2425.4458234999
2425.615166436
2425.7030035774
2426.3334072568
2426.5168317932
2426.6354199947
2426.9790657603
2427.3077369948
2427.5191229023
2427.6998897126
2428.0154287845
2428.3022056246
2428.4704722615
2428.6083737961
2428.9215864855
2429.203247983
2429.4707351277
2429.8341165589
2430.1609475492
2430.2127188441
2430.5179749035
2430.8108168793
2430.9627919758
2431.0380805447
2431.5130345139
2431.7868637646
2432.2039037647
2432.3479451148
2432.5749585711
2432.8846499379
2433.2331436089
2433.3190461001
2433.7768848287
2434.0898576696
2434.2644861738
2434.4451148301
2434.7120289189
2435.0084437778
2435.2570987194
2435.4791894053
2435.8092209279
2435.8869645637
2436.0068369282
2436.5369440827
2436.6474523363
2436.9636176869
2437.1024588155
2437.2946595612
2437.7904795945
2437.946528481
2438.1306824729
2438.4471386205
2438.5676690523
2439.0564524869
2439.3408002069
2439.6166929317
2439.7581602839
2440.1296594995
2440.2241655
2440.5066716797
2440.7970975875
2441.1225278659
2441.2712727263
2441.6261800947
2441.8111745138
2442.2563439534
2442.4939394127
2442.6772865742
2443.0425324815
2443.158876323
2443.4055546418
2443.6362049616
2443.7942343193
2444.0888052537
2444.2649177681
2444.6300732895
2445.089491433
2445.1789722474
2445.6196847398
2445.8088879837
2445.9861844059
2446.207588393
2446.4290603937
2446.6188271131
2447.0922282191
2447.2215508496
2447.4923052659
2447.694845313
2447.9153336946
2448.1289703947
2448.4010178299
2448.5554891096
2448.7043698565
2449.3579617647
2449.5059100597
2449.8822891921
2450.0806775286
2450.4180456115
2450.6371276321
2451.047695329
2451.1574224005
2451.3656446929
2451.5466018229
2451.9881763096
2452.2941136665
2452.5478056052
2452.6387255988
2452.7698289186
2453.1741498023
2453.4197976129
2453.6341149804
2453.8948796589
2454.3048287948
2454.3896187317
2454.5840025205
2454.8238611742
2455.0827788489
2455.3544013259
2455.7949050315
2456.0500802647
2456.1958936669
2456.4018864361
2456.7179233205
2456.8315736772
2457.1148780703
2457.52624977
2457.879144012
2458.0298001761
2458.2448416682
2458.4504223375
2458.8628711007
2459.1236183426
2459.237670659
2459.6518526353
2459.8203721186
2459.9937795131
2460.2838101845
2460.5849374324
2460.8396798836
2461.0502903554
2461.3975223879
2461.7590086109
2461.9604824229
2462.1671181097
2462.619351052
2462.7828055222
2462.9817341584
2463.1668875511
2463.3157289919
2463.6128257827
2463.9113886818
2464.187843775
2464.3281786248
2464.6276466392
2464.9524357197
2465.1477110004
2465.3881904664
2465.7115926393
2465.9732046792
2466.1447555826
2466.4388458843
2466.6129822542
2466.8935466414
2467.0806803446
2467.5730843756
2467.7106756569
2467.9883444556
2468.2898063346
2468.6813080021
2468.9804157252
2469.2229052244
2469.492324324
2469.7014553963
2469.8527857648
2470.2087215584
2470.3383491595
2470.4671620408
2470.7836795388
2471.1480632351
2471.4976419397
2471.6416028196
2471.8545763727
2472.1421323457
2472.2382777293
2472.5498752571
2472.8450368082
2473.1454878984
2473.5257535913
2473.6593057406
2473.9867634921
2474.3253372388
2474.4567426343
2474.7684013856
2474.8660400369
2475.1460251662
2475.3953004665
2475.6638017266
2475.9435160343
2476.06902855
2476.4938692372
2476.6504327606
2476.9168972213
2477.2760195153
2477.6837484255
2477.7872124325
2478.0558167173
2478.2939860228
2478.6422992064
2478.846373998
2479.2821305156
2479.4949632783
2479.6249589367
2479.8134357718
2480.0140632185
2480.4469592728
2480.5810132359
2480.83324056
2481.2772507251
2481.5319845904
2481.7144705675
2481.8951718805
2482.1848802477
2482.464464784
2482.516450156
2482.774144023
2483.0662989655
2483.224317136
2483.5520316527
2483.753627613
2484.160597583
2484.534942169
2484.7223790277
2484.8558978863
2485.3907381131
2485.5039628621
2485.7470516485
2485.9167105134
2486.3392776066
2486.6455550608
2486.7485102734
2487.1335747903
2487.2603790846
2487.5879719775
2487.9305016536
2488.0150648429
2488.3981443486
2488.5548924994
2488.6618799155
2489.206268638
2489.4210046857
2489.6596131022
2489.8305812501
2489.9627882223
2490.5076305174
2490.5888245141
2490.9008214104
2491.1630241026
2491.3598224947
2491.5887326669
2492.0717549472
2492.192650187
2492.4694540367
2492.5526935849
2492.8871126825
2493.0600143585
2493.2352910748
2493.775639793
2493.926332352
2494.2620734935
2494.3460242302
2494.6766937605
2494.7975559732
2495.1397240833
2495.4682562727
2495.7205600708
2496.0908362513
2496.4308531305
2496.5588220927
2496.9530022457
2497.1814784881
2497.404620386
2497.6828454787
2497.9299194695
2498.1787238531
2498.4333298138
2498.6579053322
2498.7087635615
2498.9806528493
2499.2978963901
2499.537960545
2499.7789791264
2500.107786045
2500.3143946538
2500.5783688076
2500.9415124735
2501.0706344568
2501.5284913161
2501.6945650699
2501.8634866788
2502.0453185701
2502.2116058725
2502.6752851098
2503.019571464
2503.2522715328
2503.3990698243
2503.5835831498
2503.850697379
2504.3415868096
2504.5272187541
2504.8766497149
2505.0406441127
2505.3726975063
2505.5510995807
2505.8262600461
2505.9601339699
2506.2483456505
2506.4159727453
2506.8810045575
2507.0058895259
2507.3520092334
2507.5840523662
2507.8622286723
2508.2447252603
2508.5139788057
2508.6165361671
2508.84656647
2509.0515745829
2509.5007064768
2509.6155345984
2509.7994518203
2510.0639350602
2510.3734854144
2510.6649343758
2510.7687236852
2511.0507893983
2511.3535840107
2511.6178585508
2511.8280201491
2512.0253134219
2512.2758034482
2512.5099571293
2512.9042501651
2513.378744956
2513.5985176888
2513.8813559798
2514.1760747596
2514.3673512441
2514.4986312911
2514.7378290425
2514.9851723753
2515.2002960172
2515.6459911305
2515.8066285289
2516.2828716935
2516.3865152545
2516.5957132244
2516.7798183336
2517.0185165575
2517.2419830714
2517.4514821742
2517.9498532349
2518.0634242317
2518.352225463
2518.5718752171
2518.6784950289
2519.0434460136
2519.2688035124
2519.6843699615
2519.81770529
2520.2741253326
2520.6128082144
2520.6764631448
2520.7977258717
2521.0850689021
2521.3885202583
2521.6991721612
2521.9761893357
2522.0204002382
2522.273729486
2522.5724685376
2522.9945026634
2523.2745501851
2523.6546237449
2523.7588557768
2524.0506697576
2524.3193205136
2524.6004173714
2524.8035499275
2525.0944727371
2525.3573522109
2525.5012008805
2525.9418028216
2526.1626429246
2526.3046817217
2526.5878282576
2526.8239122753
2526.9948710576
2527.3884865331
2527.6420977401
2527.7759440556
2528.0429346565
2528.2706754588
2528.459908957
2528.9892452425
2529.0631490906
2529.2794794518
2529.5807050394
2529.6978814812
2529.9988468309
2530.4614260844
2530.6525063013
2530.769068065
2531.251064817
2531.5063659647
2531.828567964
2531.9405655125
2532.3346362171
2532.5432971316
2532.8930267106
2533.1341947005
2533.2464271481
2533.480531845
2533.8954699781
2533.9836404405
2534.2092241205
2534.4628793839
2534.7574073195
2534.8939209469
2535.2394846994
2535.4345890456
2535.9497157978
2536.1063937066
2536.4359306295
2536.7274026215
2536.8518781147
2537.0616893355
2537.2648751232
2537.7331058954
2537.8322922265
2537.9683321503
2538.3123637954
2538.497297402
2538.7177247115
2539.1586207812
2539.2588967542
2539.6060642306
2540.0266586591
2540.1862983097
2540.3914186875
2540.5074989634
2540.998668731
2541.2228424679
2541.3531306442
2541.7470607774
2542.0796551785
2542.2111164751
2542.6550244642
2542.8898482915
2543.1237072287
2543.3182536651
2543.5741977076
2543.7911970289
2544.1156614612
2544.3145218251
2544.5474606927
2544.74780362
2545.0884359075
2545.1811512817
2545.4994547249
2545.9148113516
2546.0135052029
2546.1839397369
2546.4118617457
2546.689170883
2546.9103815992
2547.5087049722
2547.6395455732
2547.9989957702
2548.0997126992
2548.2523700465
2548.4932193466
2549.0108831669
2549.0499013446
2549.4229679453
2549.816144529
2549.9899232022
2550.2094843664
2550.4054636224
2550.747475488
2551.015843223
2551.1029590369
2551.3984254764
2551.7916938211
2552.1033310152
2552.3444543386
2552.5027389336
2552.7732331755
2552.9821601433
2553.3495976148
2553.5136750448
2553.7337581827
2554.0502640104
2554.339836898
2554.5242344
2554.6297426079
2555.1657061481
2555.4006488825
2555.6668618879
2555.9273672581
2556.0513785458
2556.2511913925
2556.4956490207
2556.7277279497
2557.0602071476
2557.2058420983
2557.4230704032
2557.6935927661
2558.0766667757
2558.3392605715
2558.6410065107
2559.0030177914
2559.2514226156
2559.4211335005
2559.9383489578
2560.1848169396
2560.3122646344
2560.541706391
2560.7649671452
2560.9976090171
2561.1881402843
2561.4460171083
2561.7292993096
2561.849221841
2562.409457732
2562.5311650232
2562.7397456039
2563.1265604409
2563.3212684482
2563.4153197075
2563.6392663893
2563.9279529269
2564.2067695437
2564.6074829022
2564.767498628
2565.0508240081
2565.3192909913
2565.7187825833
2565.8462103317
2565.9900403923
2566.321572128
2566.3950321997
2566.8752473235
2567.1405730853
2567.3502981938
2567.6852090768
2567.9198591559
2568.2086155313
2568.3256638426
2568.7319072327
2569.0462708995
# BLOCK index=1e21 offset=144176897509546973000
538.49806962
538.69355122
538.75465657
538.85404881
538.97012909
539.21494632
539.3528598
539.56862583
539.68588848
539.83553307
540.0292486
540.18683678
540.28742217
540.3447642
540.38204424
540.58516153
540.78543861
540.84291127
540.92679021
541.20534904
541.32890137
541.41339094
541.65737959
541.79556281
541.8503179
542.08248157
542.24277873
542.35507153
542.46334047
542.57541148
542.70254428
542.82136046
542.91010799
543.07959994
543.38073913
543.50159274
543.58736591
543.74503185
543.81807834
544.01975027
544.16925357
544.28632617
544.44386878
544.49836127
544.78528938
544.81148939
545.07065762
545.1278645
545.29541631
545.35569445
545.44097166
545.63730063
545.86593569
546.00667595
546.14653418
546.28120124
546.40502707
546.57977171
546.77399868
547.01567385
547.06638153
547.17360262
547.33787247
547.41732296
547.65081234
547.70972242
547.8321993
547.99230969
548.18748081
548.27390417
548.43013058
548.57172645
548.59911868
548.7899007
548.91500279
549.12983779
549.17395377
549.39251953
549.48411333
549.66535943
549.814367
549.95191662
550.0469331
550.16280389
550.33927776
550.55709719
550.61352274
550.6957304
550.84648021
551.00682253
551.10186099
551.24581768
551.39596492
551.68573476
551.71324631
551.82875903
552.04365851
552.15628264
552.30993403
552.4305163
552.6504273
552.81352595
552.92580104
553.01661876
553.20954303
553.39828882
553.44837755
553.50088774
553.70070638
553.89727491
553.97773006
554.11361029
554.32057939
554.53735528
554.68245123
554.78995866
554.94136164
555.03054036
555.29976658
555.34713411
555.42138916
555.62521816
555.68687388
555.92261295
556.06834425
556.13199528
556.2145698
556.3746297
556.52504892
556.72156251
556.93203846
557.01331401
557.18706423
557.23814035
557.4186117
557.46162615
557.53177607
557.79949483
557.96126527
558.06255869
558.31704915
558.42281292
558.48066977
558.71763178
558.85222953
558.95321133
559.17233565
559.23280271
559.4223804
559.55845193
559.69695889
559.84236234
559.99067925
560.09226995
560.26032561
560.39240582
560.50342582
560.63404186
560.71541875
560.89290858
560.96496221
561.09489709
561.2562176
561.38542017
561.47815243
561.65732106
561.91923292
562.00269315
562.20403783
562.38147172
562.48841428
562.55806392
562.77201202
562.8975351
563.01297315
563.13998275
563.38726431
563.5260024
563.62183899
563.85668421
563.9923358
564.14571085
564.21416784
564.24001124
564.50423583
564.64500327
564.73694411
564.96262558
565.0210695
565.14924102
565.39681158
565.47028068
565.59883696
565.7010338
565.90676487
566.06050161
566.24107614
566.28750185
566.47574302
566.5757792
566.69667017
566.91074654
566.98857087
567.04468021
567.28321812
567.45055433
567.51524324
567.67644715
567.79850641
567.92081915
568.08109033
568.28758217
568.35744451
568.53300095
568.60993166
568.77007138
568.82829572
569.08277847
569.19092747
569.35207738
569.57829458
569.7063331
569.75799872
569.88474088
570.01062839
570.29790622
570.35116356
570.52643669
570.65576376
570.79821205
570.94056292
571.0325942
571.13791776
571.34065748
571.54887139
571.66086055
571.91307312
572.01559231
572.07364312
572.19610584
572.36832838
572.45969528
572.56406744
572.80811221
572.90663878
573.02839289
573.29531621
573.40572205
573.48669872
573.57999956
573.70591204
573.89367648
573.98332383
574.20550129
574.30220527
574.43579681
574.66661007
574.71718917
574.86243597
575.02571804
575.18779705
575.44857098
575.54057038
575.60562145
575.75926846
575.98089634
576.1158625
576.1824208
576.24579124
576.35955945
576.65332876
576.76799658
576.84847101
577.04112756
577.1194133
577.25700154
577.32348861
577.50848528
577.56630788
577.72881237
577.95060485
578.09346542
578.35079434
578.49144453
578.58288498
578.71840191
578.80036304
578.9476451
579.01672418
579.18532616
579.4263502
579.46904707
579.60046383
579.77238538
579.85190588
580.07446755
580.21900277
580.3195932
580.424145
580.54489091
580.73730409
580.88426544
581.07280895
581.24118305
581.48294121
581.57666764
581.64875887
581.94087742
582.06396747
582.16853641
582.2299946
582.43202234
582.59813097
582.72737816
582.89723139
582.9517367
583.00577573
583.2099312
583.3246153
583.48399769
583.56891724
583.86617735
584.00144274
584.0695363
584.22060123
584.33478048
584.49677385
584.54446873
584.70154652
584.74013587
585.09456452
585.20281631
585.33224094
585.39557883
585.4558846
585.63951445
585.69993076
586.04449081
586.24434024
586.36359745
586.45933567
586.64592152
586.72295597
586.93836792
587.062814
587.14453576
587.2620078
587.41956144
587.44575222
587.56377024
587.79150355
587.93345896
588.14091679
588.40210054
588.46638336
588.55562735
588.77490863
588.81622124
588.87568977
589.02315465
589.21654335
589.30201963
589.51993911
589.74221938
589.79549323
589.94575468
590.11323902
590.17242236
590.3578047
590.5543589
590.65185369
590.7824268
590.96975297
591.18416735
591.27777694
591.49254717
591.61211553
591.64929179
591.77817312
591.90481839
592.11150194
592.26953505
592.3736604
592.48687094
592.72334336
592.81685215
592.90840454
592.96946037
593.24935089
593.40510822
593.48859646
593.66214983
593.78700021
593.91791282
594.1375582
594.28412687
594.40977515
594.51211202
594.60134183
594.80508218
594.90745944
595.04841749
595.15664419
595.25823231
595.47858973
595.63644954
595.75235923
595.87359076
596.01051539
596.07445506
596.28809872
596.35335586
596.40089819
596.62681172
596.73817032
596.94939612
597.11215724
597.26371184
597.45578176
597.51766943
597.66108946
597.8291919
597.98401591
598.06735933
598.21695064
598.41463073
598.70099723
598.76303075
598.89658531
598.95751644
599.18668268
599.3406064
599.45081233
599.61308893
599.72563682
599.8119935
599.99270762
600.1909132
600.29015043
600.40873229
600.49854839
600.66366893
600.83122395
600.91318217
601.0985398
601.29299716
601.42660007
601.54985069
601.68685235
601.90696415
602.02496532
602.08429256
602.27030497
602.42115001
602.49691145
602.68132974
602.7564872
602.79720102
603.05766856
603.14892897
603.25572121
603.48040741
603.62639664
603.71048984
604.02779976
604.12789223
604.24499942
604.32903483
604.48542129
604.60541895
604.7401057
604.9044021
605.07361371
605.20806973
605.28565461
605.45095418
605.56257983
605.71921657
605.94959474
606.10199596
606.1506637
606.2747581
606.45687354
606.60322106
606.70798991
606.7880449
606.93595491
607.14022634
607.17792455
607.42142625
607.5101199
607.61144207
607.94334554
608.02534198
608.18480814
608.22776492
608.38997602
608.52689696
608.73064069
608.83666133
608.99678761
609.06935908
609.29751372
609.47799692
609.55210487
609.72191599
609.88160533
610.06544929
610.18655738
610.36195169
610.46642002
610.6603363
610.79793857
610.92560342
611.00367769
611.12832329
611.31549222
611.40060118
611.54894063
611.73271832
611.77656334
611.87295224
612.01112969
612.18148495
612.36887821
612.64152786
612.72587392
612.77493955
612.83146382
612.9732177
613.18358628
613.35889055
613.47311195
613.61546539
613.75987906
613.88875897
614.12268526
614.18548311
614.25708913
614.4205812
614.61996815
614.79980503
614.87285231
615.05150131
615.17889454
615.2938982
615.42626891
615.59359499
615.75289411
615.82078418
616.01134692
616.15418751
616.35093806
616.41258004
616.56344708
616.66527523
616.81977261
617.02012924
617.23101106
617.32300369
617.51584956
617.62322791
617.8540551
617.95573346
618.11579587
618.20527347
618.3550386
618.49518835
618.6564099
618.73203336
618.82744975
618.99485793
619.14112563
619.19109119
619.38734216
619.5645943
619.66965198
619.78174625
619.88978937
620.06600573
620.34062588
620.47400851
620.53656123
620.72613868
620.84370924
621.01506314
621.15966056
621.27893976
621.50024474
621.55834175
621.72524685
621.86442787
621.92092319
622.0029914
622.32781643
622.43603585
622.57814194
622.63868172
622.78868472
622.93864157
623.02496697
623.19736998
623.37696957
623.50418623
623.66731034
623.73337184
623.94566476
624.03046847
624.2002522
624.29716461
624.38656836
624.52906277
624.71399088
624.85049851
625.02248849
625.11810158
625.28365002
625.47204374
625.59269187
625.70043328
625.92386627
626.01532055
626.19869609
626.25895322
626.51505334
626.68464335
626.8009098
626.9123183
627.03012623
627.22709203
627.36667279
627.49144142
627.60672476
627.83274898
627.92360226
628.0838369
628.25811103
628.36819286
628.42526799
628.6914808
628.76272209
628.88237018
628.97432052
629.19803829
629.24427016
629.43264866
629.58109284
629.70261923
629.84501314
630.03531428
630.18892445
630.34602186
630.41581504
630.5115219
630.69159261
630.7876964
631.0264048
631.17326555
631.23543954
631.34110423
631.55176577
631.57275537
631.71881986
631.84357372
632.03149474
632.18123242
632.35053602
632.45795891
632.65275741
632.73548138
633.02096757
633.1926864
633.23899804
633.45221804
633.52626237
633.69382071
633.84793648
633.91585138
634.16246173
634.22785672
634.35816373
634.47917277
634.60565421
634.67012632
634.73141635
635.03611447
635.18044829
635.41217228
635.56205693
635.64177657
635.77140744
635.91020026
635.98753846
636.11942475
636.33306518
636.54503771
636.65856684
636.74408972
636.88382405
637.13203775
637.23216417
637.35780404
637.52199782
637.64111754
637.76284457
637.88866752
637.9931507
638.12839288
638.40793649
638.52774073
638.71275248
638.77113158
638.88079673
639.02363789
639.10083078
639.25439748
639.39559318
639.54635067
639.77921744
639.89053368
640.07191055
640.11542486
640.26947658
640.42365858
640.67410494
640.77667963
640.84322251
640.95609891
640.99049946
641.29656914
641.36119211
641.54584638
641.62352029
641.84640243
641.91448825
642.03013206
642.25587457
642.38630714
642.46278592
642.64761821
642.70857735
642.87121412
642.96070795
643.24300329
643.33456622
643.40132707
643.57706381
643.75689081
643.94440875
644.13282365
644.24688186
644.40266966
644.56527273
644.80007516
644.89247508
644.95446136
645.06964822
645.28195481
645.3525375
645.53456077
645.64852715
645.7337093
646.02869951
646.1353636
646.32749133
646.41039563
646.61072566
646.67432237
646.76491644
646.95474776
647.04598173
647.16134587
647.26924382
647.37612441
647.5946761
647.70581822
647.81955773
648.05970865
648.17551236
648.32695907
648.42004574
648.62382249
648.7238439
648.81591631
649.01697715
649.12846916
649.23147116
649.44411199
649.58940585
649.77973777
649.96588637
650.15003159
650.17896778
650.25693263
650.46763117
650.56116349
650.66190517
650.86371583
650.89436784
651.0971047
651.24661185
651.40798921
651.48507806
651.60373487
651.79531339
651.94892858
652.03157255
652.21812917
652.36185548
652.55871551
652.70629206
652.86825782
653.01863583
653.12449526
653.22516448
653.34717167
653.45627521
653.76643131
653.84646523
653.9224174
653.99123384
654.19218785
654.29617173
654.6257418
654.72593719
654.82817075
654.94735832
655.08124671
655.17164669
655.32813763
655.55592908
655.73306209
655.88771087
655.99229822
656.06651831
656.21223263
656.32729208
656.5210798
656.71558674
656.83650427
656.96899896
657.24064347
657.29878161
657.38357166
657.49176624
657.66480319
657.75639679
657.88460682
657.98487622
658.15025832
658.27181977
658.35156734
658.57476961
658.69832134
658.88284209
658.9174169
659.12972218
659.24290099
659.37678165
659.56915404
659.69699281
659.88569466
660.08157874
660.16056775
660.28801312
660.38036945
660.49368321
660.63453139
660.73184613
661.00726328
661.13573082
661.16727003
661.48477208
661.55973302
661.70349952
661.79685627
661.99510431
662.15435206
662.27708896
662.45582104
662.58342402
662.71952008
662.91998137
662.98481781
663.11332182
663.29193243
663.43045179
663.56928217
663.68704846
663.83144141
664.01388103
664.1276359
664.17239293
664.34897227
664.55088411
664.68191026
664.93786761
665.01393089
665.13473713
665.26155623
665.37141178
665.4931063
665.64887622
665.73648685
665.83563466
666.04482142
666.28876085
666.39993498
666.48788244
666.6445894
666.74057833
666.92584321
667.11827598
667.16221942
667.32337645
667.41236005
667.57631405
667.78995222
668.00257786
668.07270092
668.1841932
668.39401429
668.50012708
668.65030251
668.75801841
668.89176774
669.04319275
669.12266183
669.23202412
669.38657049
669.56645898
669.75007072
669.84720399
670.05337655
670.14482889
670.26310638
670.39856268
670.5748128
670.72038469
670.75715868
670.91219525
671.00109194
671.08791205
671.28194642
671.52665384
671.6338438
671.91042319
672.02061767
672.206027
672.39694784
672.62749913
672.69330006
672.78513551
672.88127761
673.01194032
673.10781781
673.31001342
673.45243155
673.62952286
673.75506198
673.87788852
674.00488793
674.14865229
674.21507517
674.39671976
674.44338589
674.64875569
674.84327113
674.9161687
675.18927568
675.28619742
675.44188557
675.55318699
675.60823363
675.72330393
675.92276511
676.12566023
676.26680338
676.36093313
676.48840635
676.64310315
676.78453752
676.89316656
677.06490834
677.13364982
677.22741218
677.43044901
677.51909056
677.77369663
677.93649254
678.01979807
678.17751042
678.34329871
678.45699317
678.51055469
678.6669723
678.96489373
679.02742375
679.25918506
679.31399521
679.44040175
679.57325611
679.70836021
679.78910125
680.08898639
680.22097181
680.32646122
680.50923753
680.5802379
680.74048662
680.82493078
680.98621704
681.18511179
681.36756685
681.45143067
681.60452703
681.72969321
681.91967957
681.99175527
682.15329401
682.28208603
682.45498602
682.55742491
682.73257063
682.80744262
682.97654744
683.07609209
683.20663586
683.4246202
683.56796786
683.72824947
683.85153078
684.0446699
684.10991217
684.25303036
684.51026165
684.62795044
684.71357156
684.88788112
684.97378112
685.14944501
685.26562764
685.33912503
685.54657285
685.67950055
685.82815051
685.96650823
686.07618765
686.22282617
686.35205764
686.46280121
686.61236029
686.76414436
686.85920114
687.10488292
687.18364368
687.25159014
687.38116756
687.60646804
687.7296644
687.85934167
687.95703273
688.13765732
688.32836527
688.49604142
688.69356277
688.73424817
688.83663563
689.04943666
689.15553266
689.32174352
689.4940162
689.58753739
689.71321067
689.87299576
689.96638851
690.16563626
690.35711885
690.53719557
690.65257174
690.73174673
690.8953474
691.07895604
691.28615055
691.35305734
691.54776403
691.65566428
691.80158847
691.9019165
692.08512378
692.19665726
692.30895723
692.47978074
692.62490022
692.81010659
692.89313464
692.93403108
693.03773036
693.25531748
693.3827212
693.52569249
693.63450919
693.75510908
694.03569125
694.11052428
694.26786274
694.3200724
694.50383837
694.60509596
694.80519163
694.94570092
695.08818862
695.22418561
695.42876431
695.53915413
695.73301607
695.82116975
695.97130756
696.05894735
696.29739194
696.42961419
696.51336081
696.60467142
696.79662168
696.95570749
697.06936394
697.15101928
697.37425734
697.51323593
697.62898582
697.73587075
697.7927475
698.00543523
698.09273176
698.34700696
698.45821922
698.59999582
698.77246536
698.90426511
699.12336021
699.26336929
699.41425385
699.47668893
699.55573372
699.74283732
699.93436143
700.13616959
700.25570043
700.31037728
700.40150339
700.5457357
700.72196716
700.92230733
701.08394161
701.19169838
701.35733303
701.46394928
701.6252549
701.85521973
702.03777998
702.09088718
702.25791943
702.36156061
702.44322639
702.51779625
702.62530126
702.8447239
702.93115669
703.06846598
703.26034781
703.46034109
703.58304532
703.75518381
703.88982586
704.06515751
704.13560145
704.29846807
704.38969106
704.47969564
704.72141359
704.88253009
704.98156577
705.09354841
705.20457446
705.28102978
705.35575836
705.52005927
705.75675433
705.86657734
706.04463207
706.23233825
706.29678157
706.4743921
706.5905039
706.84132295
706.96581771
707.05347124
707.21140202
707.29633798
707.60637015
707.72501191
707.78463653
707.98703223
708.14835568
708.22940993
708.47563935
708.53763871
708.73409597
708.93932958
709.00535544
709.05625591
709.20115109
709.34091748
709.45014497
709.59084444
709.76403341
709.84583809
710.02329337
710.17762279
710.3727474
710.46490036
710.68273718
710.83964299
710.87029385
711.03753009
711.13249376
711.27016772
711.42509678
711.64341901
711.72534325
711.87711935
712.12112405
712.2079309
712.35352064
712.43591809
712.56744082
712.6694048
712.91204225
712.98793839
713.1341002
713.29526949
713.39144811
713.53024879
713.61696463
713.86122928
713.98743512
714.12289679
714.35742567
714.43121689
714.56036742
714.70812975
714.76927142
714.90615321
715.20115725
715.3577347
715.38384955
715.54078666
715.59002707
715.71872523
715.9265939
716.05369858
716.22031857
716.3115178
716.38432495
716.60613962
716.77916928
717.00203924
717.08479129
717.25177479
717.42724787
717.59121567
717.63772651
717.71114548
717.97912418
718.09978646
718.20978081
718.40696093
718.5275565
718.66383884
718.93972939
719.05053855
719.11617919
719.29641872
719.46815221
719.51548404
719.66492834
719.78404114
719.86569474
720.05172705
720.24434586
720.42093572
720.54584024
720.62986204
720.76807763
720.95340497
721.032456
721.21442668
721.30921937
721.46114092
721.53465445
721.74351317
721.8139125
721.92745568
722.12972474
722.2912882
722.34491834
722.55099619
722.74305131
722.80521436
722.97413949
723.18057888
723.26893486
723.29664788
723.581236
723.68680345
723.92998115
724.05412438
724.18458975
724.25104416
724.43128083
724.52051675
724.67937314
724.8075585
724.86969714
725.20379628
725.28458417
725.37043578
725.52536497
725.59407257
725.83487419
725.94893207
726.14954882
726.30068989
726.45431319
726.57674055
726.69285591
726.8248802
726.97818893
727.17030109
727.2941476
727.46659968
727.53785885
727.73254731
727.83220515
727.96006804
728.08463291
728.2400253
728.37703879
728.62542214
728.70886857
728.76020073
728.88267989
729.00557731
729.18336035
729.25399184
729.40633057
729.56220707
729.78867645
729.92129068
730.10634786
730.26714177
730.42846384
730.59706895
730.74953547
730.78662413
730.96808478
731.17024791
731.23027022
731.29316149
731.4522146
731.543667
731.75444518
731.84422655
732.05483061
732.2099104
732.30422589
732.32895819
732.50396861
732.76085376
732.85031954
732.92866701
733.0399602
733.23336708
733.46514846
733.56288185
733.63851756
733.81732041
734.03254802
734.08750248
734.23608731
734.33170672
734.42293478
734.73496621
734.86432634
735.03696136
735.14116063
735.26831391
735.38092795
735.58520643
735.75182317
735.91359771
736.07642885
736.26832121
736.39757262
736.49112384
736.62963492
736.68049753
736.79497808
736.93992129
737.160259
737.27368171
737.38877195
737.51530445
737.63380347
737.92302796
738.01070233
738.16845669
738.28739756
738.42965119
738.48133345
738.66335837
738.78158797
738.93992914
739.13106994
739.18303948
739.29903679
739.46174014
739.68311498
739.71375118
739.95037708
740.04009829
740.17889307
740.29408352
740.43147352
740.579877
740.79537254
740.91250983
741.06091259
741.19877622
741.32683392
741.42107916
741.56310711
741.80184587
741.87438108
741.97797424
742.2222252
742.26262573
742.39375938
742.60300357
742.68889747
742.93681752
743.00648705
743.20244246
743.36277089
743.52414969
743.61260265
743.70914209
743.88101782
744.04236218
744.0982879
744.26885586
744.46643244
744.5700626
744.70136503
744.78567461
745.03296932
745.15085144
745.24345857
745.34941632
745.54251826
745.71120415
745.83897872
745.92629843
746.15146967
746.38799792
746.49885509
746.64834436
746.78266131
746.93055014
747.05269293
747.20063576
747.27075143
747.35188437
747.47359983
747.67668414
747.93571254
748.0038094
748.12702934
748.20947958
748.42096897
748.4970768
748.71886627
748.81822779
748.99078683
749.04256058
749.23434376
749.33244625
749.4388312
749.60451328
749.73896778
749.92976801
750.09079409
750.14305384
750.30194605
750.54819526
750.71491592
750.81120238
750.92968222
750.98026823
751.19799877
751.30673711
751.40472066
751.53864964
751.65797729
751.73614788
751.90034666
752.13187628
752.31110433
752.49147822
752.59350162
752.7065224
752.91056524
753.07436319
753.20028485
753.38571858
753.4786975
753.65993192
753.77040681
753.89131927
754.15875656
754.22278865
754.39181442
754.51879335
754.62818137
754.78379745
754.94438938
754.98863792
755.19100853
755.36541682
755.43726429
755.54362227
755.66992358
755.86862638
756.00350308
756.16835473
756.33768522
756.40775251
756.49760766
756.73113559
756.83565751
756.8850965
757.11117267
757.22554907
757.39884504
757.4844956
757.60747502
757.90165107
758.04725009
758.13699482
758.21783827
758.31709906
758.43833787
758.66755137
758.86395959
759.01638456
759.16371111
759.21242227
759.4506224
759.58302702
759.66514771
759.78691165
759.98378442
760.02277576
760.15968801
760.36283102
760.48778842
760.62170775
760.73598827
760.85145068
761.01907506
761.08725183
761.23957731
761.33084737
761.58873654
761.81271407
761.98489767
762.05997925
762.20776972
762.3771477
762.45545164
762.65110883
762.69528957
762.98891113
763.08136499
763.18485445
763.32801138
763.50514759
763.61952586
763.7681975
763.88794313
764.10898157
764.16454788
764.33494099
764.56213856
764.63166841
764.68664562
764.85024247
764.9951741
765.18375502
765.32393748
765.51109887
765.67417383
765.81280278
765.9160114
766.08455689
766.18098361
766.29570949
766.4642748
766.55675587
766.67588943
766.84529568
767.00030514
767.15848653
767.31521954
767.38200463
767.43886516
767.68619469
767.78952831
767.86042152
768.10920244
768.21832716
768.3824007
768.44484167
768.52435442
768.84042876
768.84572888
768.99515471
769.15371648
769.33141216
769.5272884
769.66804425
769.84262608
769.99525503
770.14021961
770.23932841
770.39247065
770.535524
770.70164567
770.80132507
770.94959958
771.07584009
771.18095807
771.29438784
771.44498652
771.59772265
771.87177496
771.93010704
772.07889959
772.15999391
772.39985977
772.6162199
772.71176707
772.9203952
772.99643342
773.05572091
773.14413707
773.37963644
773.47190403
773.53957073
773.67692985
773.90225588
774.00462524
774.14350194
774.25210477
774.51069307
774.61645813
774.77914441
774.97659855
775.04927597
775.16308956
775.31549337
775.50633145
775.62659344
775.67375294
775.81528427
775.96588392
776.19038436
776.28604619
776.46385703
776.60793558
776.73764001
776.82948009
776.96039781
777.11189792
777.26921367
777.43582108
777.55216826
777.71026601
777.85964053
777.98010495
778.05186367
778.29745056
778.37604527
778.54165005
778.64616889
778.70869575
778.97659166
779.15883943
779.21612702
779.32337242
779.40409479
779.56403215
779.76601999
779.85051043
780.07114899
780.22065351
780.31297959
780.48041073
780.76198519
780.78641489
780.88161794
781.10841553
781.27033081
781.39746188
781.51807021
781.6888621
781.88095216
782.10352383
782.194974
782.2820475
782.43391841
782.54088785
782.74526637
782.83679082
782.92814412
783.10487818
783.21413878
783.42077847
783.49442821
783.56820821
783.71054276
783.93983476
784.03254175
784.11345658
784.24226833
784.40939504
784.51581827
784.74451968
784.9299046
785.00851506
785.11628795
785.34739013
785.51918654
785.63916394
785.7686758
785.83926791
786.06940953
786.13567166
786.20937468
786.32388573
786.48583263
786.6641775
786.87709727
787.02491943
787.16098074
787.27140947
787.33446481
787.60437523
787.65986554
787.75799583
787.97360383
788.04046994
788.24534814
788.49692309
788.5759275
788.70381484
788.8294467
788.9535583
789.07792715
789.31187074
789.43493896
789.54107049
789.6484844
789.7791002
790.00707679
790.16960594
790.35426143
790.47587071
790.55154002
790.65385591
790.79362206
790.98629437
791.06117286
791.10532334
791.3145134
791.54714039
791.62134884
791.87758334
791.99092903
792.06919447
792.18197596
792.36732911
792.4595831
792.65208475
792.87410118
793.02977466
793.12198627
793.22484856
793.29752706
793.60409652
793.66700957
793.74066359
793.92536715
794.10079447
794.23938971
794.33036195
794.51080008
794.60527196
794.69755293
794.86650557
795.07240361
795.15948202
795.37743042
795.48474661
795.55671341
795.71323048
795.79948644
795.85278101
796.1388808
796.24491322
796.38754341
796.5624243
796.63201812
796.78636602
797.01374441
797.10048519
797.19359752
797.37540404
797.56679549
797.67417827
797.80343194
797.97635304
798.10376587
798.25625668
798.41581642
798.65173316
798.79107725
798.88534386
799.12470065
799.16714354
799.34576074
799.42776021
799.55593486
799.69214321
799.85406445
799.9549902
800.09084556
800.21795841
800.55466144
800.57692016
800.65544983
800.83018319
801.01325378
801.13861307
801.221668
801.47211304
801.55161995
801.6624009
801.87265966
802.00890329
802.11374475
802.29048052
802.39240318
802.4843616
802.57145755
802.71192622
802.9300553
802.99969418
803.06787813
803.21765995
803.36755671
803.62845319
803.79009283
803.90929887
804.04661899
804.24229937
804.39145171
804.45039925
804.61322352
804.81273008
805.00847784
805.0476268
805.1971362
805.32060078
805.47659237
805.59104458
805.78072409
805.80949423
805.95884666
806.14738907
806.24611193
806.48153842
806.5981736
806.70038703
806.85394859
807.02038197
807.12319571
807.22728523
807.36540194
807.50692407
807.66533546
807.785135
807.98747957
808.16052231
808.35248773
808.49454704
808.58836535
808.72661409
808.93125217
809.02203109
809.16776239
809.29256784
809.38801967
809.62574158
809.82386585
809.83962359
809.9598478
810.12402052
810.28568357
810.41250778
810.59044123
810.7097872
810.84863557
811.00538934
811.18871596
811.31898568
811.39072219
811.57096767
811.65801345
811.749676
811.83618153
812.15966676
812.29948468
812.3743452
812.53510729
812.68271532
812.87122088
812.90896948
813.10958455
813.18342931
813.24327357
813.31236765
813.53273725
813.73149793
813.94064656
814.07192787
814.15771258
814.33070627
814.5089521
814.56869475
814.74921919
814.87919253
815.01690779
815.15774067
815.27794305
815.39373048
815.50875041
815.69092902
815.87593082
815.90065747
816.13856071
816.32954094
816.5276555
816.60886537
816.83461395
816.99296207
817.15679418
817.2839664
817.37470974
817.49853601
817.67707375
817.7402046
817.928079
817.99276366
818.16364117
818.28057744
818.48457967
818.61330658
818.68668559
818.82289546
818.93946789
819.19464979
819.33633517
819.41106197
819.5236605
819.68110603
819.8093477
819.9396054
820.06855233
820.26334473
820.44494936
820.49637187
820.70181222
820.87928684
820.9038547
821.13336852
821.33927307
821.45953845
821.54179831
821.68472482
821.92481536
821.99039194
822.18790395
822.33372488
822.35332772
822.42201935
822.54346491
822.76296754
822.84161398
823.02269155
823.22095195
823.30686349
823.4589074
823.6265127
823.78341288
823.92138007
824.07176708
824.16546751
824.3720357
824.51295072
824.66484834
824.77346452
824.80030164
824.95629948
825.11272042
825.33283735
825.49730333
825.66679484
825.80464584
825.86833653
825.89559664
826.13566845
826.33855165
826.45994892
826.58355813
826.74972315
826.89846758
827.11315148
827.2095001
827.45094986
827.52113985
827.6727319
827.84260401
827.9225187
828.01330045
828.14119691
828.33160143
828.54716801
828.74006905
828.80360668
828.87974077
829.05351376
829.15183485
829.23046564
829.3378081
829.54072911
829.70548627
829.90704477
830.04313436
830.13177988
830.23526245
830.41477474
830.55269798
830.64535315
830.84049213
830.97239004
831.06699472
831.11846648
831.33197335
831.52482723
831.66511844
831.75637303
831.8335884
832.06667099
832.17402916
832.37803542
832.50468614
832.69461349
832.8843336
833.01858008
833.08077306
833.20380431
833.37953455
833.46454466
833.59771095
833.77591709
833.97728267
834.00841731
834.17203195
834.38837172
834.61331448
834.72212911
834.79872475
834.90595985
834.99118416
835.14383573
835.35198284
835.44505981
835.67395464
835.78215464
835.87532252
836.10243416
836.26633738
836.42278477
836.52564167
836.64101541
836.7839289
836.87703339
837.08372477
837.21994269
837.35726674
837.38421974
837.61589974
837.81636573
837.87990951
837.92787179
838.15732874
838.29267153
838.44199956
838.66015662
838.71838385
838.84927355
839.1202057
839.25550669
839.30362725
839.40255824
839.45198791
839.63817486
839.90413492
839.99842332
840.12045571
840.35133767
840.48222768
840.65954955
840.7404629
840.86657696
841.00187393
841.1950996
841.23353961
841.39523112
841.49736047
841.57395631
841.69114269
841.88529768
842.00658434
842.16548722
842.3422396
842.45977514
842.57512506
842.73908816
842.90967608
842.999911
843.15188594
843.32648513
843.50190759
843.65748036
843.90862776
844.02116399
844.11840574
844.35855913
844.47080058
844.53467962
844.74613987
844.80178805
844.88251097
845.08798414
845.21654791
845.40435436
845.57677003
845.72328769
845.8189602
845.91355641
846.19218811
846.24105744
846.43991411
846.49617189
846.55190018
846.76611119
846.86372275
847.03703847
847.14075513
847.30901209
847.56333584
847.6356871
847.68775322
847.92136622
847.98143516
848.19918676
848.32529203
848.46481409
848.59133494
848.66451073
848.77006292
849.01966982
849.1045618
849.39216792
849.43070766
849.56013174
849.66780048
849.81613188
849.94143127
850.12890921
850.22048545
850.44048722
850.52351175
850.72419426
850.86502272
851.0590759
851.10921281
851.31967577
851.42871205
851.54214391
851.65381191
851.78732605
851.91970051
852.06003554
852.24280296
852.30122634
852.52269261
852.59821519
852.98813132
853.00432621
853.12840426
853.30009174
853.40708739
853.60848994
853.63579798
853.77868599
853.92374661
854.10040854
854.27491319
854.35184276
854.50927511
854.65697821
854.7477533
854.87091786
855.00722357
855.21779787
855.36142605
855.6041382
855.66215401
855.87265078
856.05611711
856.15857765
856.20915104
856.40747312
856.54652385
856.74919871
856.85930223
856.95555663
856.9992721
857.28448533
857.45016109
857.4668736
857.55021389
857.61998012
857.83935828
857.97120351
858.08553458
858.32186321
858.4778306
858.5527901
858.68405244
858.84901938
859.00002268
859.20764978
859.28857438
859.44865296
859.52378497
859.72860918
859.77364306
859.96631274
860.08798652
860.21685539
860.45645259
860.53222953
860.71528001
860.7716342
860.92751309
861.13431965
861.25351955
861.37317665
861.58198122
861.68519268
861.82343846
861.95821331
862.14269994
862.32282393
862.43375529
862.60521299
862.72015904
862.84527009
863.07418115
863.1672547
863.28249067
863.50922974
863.59652665
863.72992272
863.9033559
863.95202094
864.24593819
864.29020407
864.38363732
864.51938322
864.67322709
864.77954872
864.95510136
865.01954263
865.09044028
865.31970434
865.56013115
865.63047086
865.7357967
865.90846418
866.07299848
866.17815624
866.36958974
866.48987368
866.65092677
866.71345415
867.00985702
867.08843927
867.22497586
867.27166037
867.45686085
867.60568499
867.7336274
867.98806217
868.05760402
868.20767718
868.39953157
868.45867754
868.58398522
868.74525024
868.91210257
869.00745738
869.17225462
869.22676969
869.35818888
869.55737377
869.68988082
869.85101598
869.9554935
870.18674289
870.26192907
870.37737635
870.5616903
870.65259012
870.77482352
870.99427382
871.06549778
871.32312394
871.47314651
871.55907701
871.68656398
871.81772022
871.99814994
872.17258679
872.32067979
872.45790032
872.69527073
872.88330631
872.95375801
873.06997654
873.11562518
873.26004743
873.38322398
873.49923167
873.62462046
873.92587383
874.01528567
874.13281349
874.20273183
874.34363616
874.56673145
874.69019489
874.82875247
874.94758763
875.18105801
875.31159778
875.39949848
875.5353151
875.71538255
875.78340685
875.9731898
876.03113596
876.15324449
876.35479083
876.40092744
876.61375861
876.75373761
876.92601847
877.03125249
877.16148151
877.30809317
877.4316593
877.60323877
877.72264715
877.8313384
877.88844505
878.01764213
878.23156904
878.43658927
878.63779804
878.8750484
878.94517849
879.05675979
879.19054727
879.34124673
879.44977778
879.58222097
879.79816693
879.94173847
880.08498941
880.16808215
880.32027977
880.49896459
880.57198085
880.73570085
880.93559537
881.06011816
881.18735058
881.28944184
881.40143825
881.63821426
881.67610978
881.83240174
881.91825497
882.07263587
882.34310582
882.47355036
882.58742283
882.77699647
882.93345997
883.00945976
883.12895889
883.25028031
883.38924036
883.59778664
883.66988765
883.9000526
884.00319258
884.03265589
884.18668696
884.30201575
884.61980167
884.66026289
884.86660302
884.98545055
885.10999636
885.24462872
885.49219954
885.56747293
885.72320781
885.78546961
885.92071765
886.03271426
886.13796437
886.37629583
886.51519681
886.61981311
886.76023987
886.87029889
886.96998086
887.13804693
887.37485352
887.43879022
887.63898638
887.82349726
887.87610468
888.05072996
888.12570218
888.27602653
888.44949377
888.5737609
888.70634718
888.84042654
889.0310708
889.12200797
889.28145843
889.45512493
889.51508477
889.71420065
889.97543022
890.19856131
890.27507013
890.3881798
890.55192772
890.66596589
890.72281772
890.89966618
891.10844619
891.22346689
891.36532527
891.42658522
891.62338395
891.82250596
891.91851493
892.00810582
892.1841376
892.36756929
892.46651454
892.58945646
892.73327279
892.7900593
893.00172656
893.16066228
893.27412657
893.44608258
893.56809772
893.62797035
893.68156975
893.83753614
893.98646799
894.18497076
894.28260774
894.61587335
894.77131197
894.83960189
895.02565464
895.09166996
895.16918353
895.3897695
895.57238721
895.68190377
895.71994552
896.04913453
896.08325906
896.2674655
896.37855979
896.48602469
896.57027423
896.76775917
896.92443558
896.98680628
897.14230776
897.37801005
897.45009475
897.51777576
897.73640321
897.88638344
898.11862975
898.23913934
898.4227431
898.60881519
898.65408475
898.82542356
899.02261797
899.08814271
899.14206181
899.33565307
899.4705518
899.62378675
899.7722732
899.90364617
900.02168695
900.11595032
900.38427234
900.44692902
900.67530199
900.68765335
900.7938414
901.11193719
901.14984144
901.31180208
901.49742037
901.65231264
901.76087535
901.8785931
901.97026897
902.16611354
902.41304245
902.52678695
902.68036723
902.78299985
902.8232064
902.91163663
903.2436246
903.34775981
903.41299743
903.50199467
903.73471503
903.80274144
903.95805032
904.08286081
904.1977907
904.33646826
904.57271322
904.65412999
904.77822423
904.93347987
905.09681771
905.13738213
905.38917101
905.46294339
905.5843887
905.74396691
905.92935947
906.05367463
906.16339279
906.25114092
906.50291371
906.60847623
906.88879256
906.95810023
907.06467061
907.21809435
907.33995391
907.54999015
907.7732009
907.91888124
907.96447192
908.19172232
908.26587811
908.35309229
908.51209295
908.68155822
908.83694876
908.97669635
909.14892622
909.24380457
909.28972462
909.43847928
909.71159197
909.75064825
909.93866536
910.04535363
910.08881058
910.27775226
910.53687705
910.63783558
910.85983089
910.91274952
911.02466345
911.14440837
911.33853641
911.42720315
911.60105398
911.79468743
911.82642896
911.9309639
912.12461176
912.29466623
912.45794184
912.54979326
912.69659367
912.83034071
913.02201717
913.10858181
913.19723071
913.38294603
913.5561411
913.6389116
913.93470862
913.99225922
914.15075944
914.29550552
914.4315692
914.58943294
914.69226897
914.87804899
915.02596834
915.11320824
915.27017398
915.37308676
915.47340529
915.65665372
915.76065422
915.88184095
916.06430562
916.15761808
916.29159648
916.48410482
916.59565359
916.85775638
917.01812449
917.0950242
917.22726541
917.48982991
917.57369419
917.63391865
917.82090196
917.98195682
918.01927269
918.14790726
918.3225781
918.69939777
918.77435403
918.85146126
919.06166707
919.08961419
919.223223
919.50063971
919.586583
919.61606403
919.74060227
919.87054859
920.0090011
920.2212897
920.32719765
920.48571711
920.65049198
920.74569373
920.80116907
921.05186993
921.15277607
921.31782866
921.52821386
921.63151352
921.71526563
921.89134594
922.03274233
922.0616117
922.28688219
922.4558557
922.6385269
922.70510868
922.82095919
922.94236328
923.11109382
923.14431192
923.29358821
923.49128343
923.60317185
923.80057556
924.02184099
924.1363975
924.33771882
924.5256921
924.60643975
924.7047688
924.76182421
924.86877796
925.11983318
925.30196024
925.35446448
925.58556907
925.71306195
925.92529962
926.05602426
926.20391572
926.25507794
926.3744362
926.56836133
926.77586333
926.85598769
927.03758984
927.14675424
927.27382767
927.41725713
927.52081706
927.76586414
927.80021171
927.97074223
928.11173244
928.20882581
928.31175736
928.44433672
928.65760749
928.70411266
928.81101671
928.99267659
929.2235079
929.33943397
929.4657017
929.68301103
929.83673063
930.02596853
930.07774113
930.16390807
930.44718244
930.5324921
930.66597832
930.79426688
930.94021711
931.1041149
931.18526024
931.29041701
931.37356231
931.52873165
931.76068204
931.92560706
932.04307575
932.19117884
932.27452985
932.40729636
932.55500499
932.6905526
932.80999344
932.90072548
933.0784965
933.2545394
933.39846492
933.50709909
933.63474015
933.84086898
933.98707227
934.16270859
934.25707563
934.46752189
934.60950714
934.73986976
934.91664191
935.07250065
935.18384458
935.28703344
935.35062364
935.49041686
935.74440959
935.83577037
936.00709951
936.10104472
936.32055514
936.41138929
936.55956977
936.73352936
936.86377519
937.07628109
937.23578861
937.31408738
937.51626398
937.63191598
937.72655175
937.79533445
937.95571017
938.0607005
938.15554973
938.43578438
938.51177749
938.6174113
938.84630999
938.97389585
939.03685919
939.20191578
939.33058301
939.52922375
939.59800649
939.75500818
939.87648171
939.97947648
940.03785354
940.27036109
940.39708284
940.59004441
940.73851473
941.0113469
941.10708246
941.2035531
941.35341278
941.40842217
941.57403993
941.72695263
941.84587008
942.02438157
942.20122416
942.31253865
942.42887389
942.54100865
942.7880489
943.00748854
943.06083236
943.13254627
943.24670636
943.41463898
943.62020564
943.76319303
943.88259046
944.06097305
944.20411674
944.28028907
944.42386007
944.54012656
944.71412689
944.88991298
944.93540807
945.24571851
945.33263091
945.46909452
945.5316122
945.69341697
945.87548145
946.02115687
946.1205255
946.23377637
946.39237399
946.54641605
946.74187254
946.89095728
947.01630659
947.17209396
947.29176077
947.39663626
947.6393492
947.68843762
947.79418372
947.89871041
948.11001194
948.20784314
948.42986247
948.49891196
948.66752256
948.81720436
948.95779824
949.06732319
949.21193689
949.38768402
949.48887265
949.65596217
949.70763768
949.94717283
950.1104523
950.16511439
950.44211204
950.52819254
950.59249368
950.7276593
950.82811875
950.98339319
951.12541725
951.28546185
951.50242154
951.52024982
951.63585926
951.70426356
951.96546169
952.1603196
952.28567289
952.42626553
952.59093681
952.79209503
952.91886454
953.06244463
953.19088678
953.42608362
953.61701747
953.73465703
953.94601441
953.96772323
954.08306289
954.20690472
954.3149434
954.50690499
954.63761896
954.70733025
954.89268957
954.96508805
955.10555096
955.32835238
955.37483665
955.5718926
955.7291354
955.84517793
955.93589087
956.18612756
956.28060303
956.44683372
956.59268453
956.74605035
956.78466533
956.98399409
957.09897276
957.15902961
957.42834365
957.5293387
957.63878834
957.77588127
957.93436792
958.16241212
958.26717868
958.31518064
958.46376059
958.66156777
958.74291857
959.0941081
959.10864592
959.23862925
959.35466577
959.57024817
959.66026084
959.74465985
959.8807291
960.00903769
960.15208024
960.25816136
960.37783273
960.74198383
960.84351464
960.91680164
961.05833537
961.2522812
961.33147797
961.51282752
961.69876713
961.77901366
961.83642647
961.97205791
962.2103113
962.27603321
962.51438627
962.64879195
962.79491483
962.88631867
963.05230083
963.19792061
963.29797318
963.58651327
963.63725613
963.71902842
963.83363431
963.98689004
964.2701042
964.38050762
964.43078441
964.65305057
964.75357443
964.89630181
965.04946188
965.147824
965.34697884
965.52558414
965.58698921
965.67260185
965.88272485
966.08247367
966.22276454
966.35474235
966.51501857
966.63967628
966.71795269
966.82141525
966.88920537
967.07908066
967.2506362
967.34338437
967.46222282
967.61085875
967.72259746
967.87923188
968.0904695
968.21129141
968.31953125
968.43099758
968.65484627
968.70364533
968.98797405
969.18667889
969.23080031
969.3955576
969.51393401
969.62547438
969.72213756
969.92787692
970.08251598
970.19070127
970.2531422
970.57021339
970.74083062
970.87853623
971.01198427
971.06612685
971.18462867
971.30567401
971.57851141
971.66785886
971.84239821
971.91346262
972.06688244
972.24996588
972.39579398
972.49606475
972.61037175
972.90098907
972.99218179
973.18640494
973.19978755
973.33285862
973.52971064
973.59904831
973.67892482
973.93548587
973.97939342
974.1059486
974.29281712
974.53754767
974.61006001
974.68487606
974.82208504
974.98341649
975.13674872
975.19578283
975.42773384
975.58289084
975.72378313
975.78052254
976.00976333
976.18083295
976.34245886
976.49772107
976.70397175
976.74826472
976.86921974
977.04784477
977.13682249
977.31522722
977.3548074
977.44964984
977.66731013
977.76486657
978.05838266
978.12452756
978.18392894
978.28502771
978.43487193
978.70212963
978.78283026
978.84276946
979.10417467
979.28887175
979.40807838
979.46771369
979.61026198
979.73898996
980.00324124
980.1004492
980.19243663
980.30633063
980.48109504
980.64465016
980.83235792
980.96394024
981.23238684
981.31005818
981.45520284
981.48957095
981.72709921
981.8682806
981.94628728
982.09283786
982.30060776
982.39702204
982.49139475
982.70092575
982.72092264
983.01634921
983.12663951
983.25656998
983.35484021
983.43699908
983.57243112
983.75457524
983.89205032
984.01485003
984.18353862
984.33866618
984.47353986
984.56552926
984.6381256
984.85871581
985.02734539
985.2215716
985.31579206
985.48357871
985.64801239
985.73072927
985.81815207
985.95812748
986.10119349
986.20416665
986.31018295
986.50988484
986.77486122
986.79187944
986.94446117
987.04195342
987.18435046
987.35600243
987.52507274
987.69888375
987.86246373
988.03007985
988.16223768
988.27039461
988.43479368
988.62387573
988.70480588
988.838357
989.02037261
989.07435656
989.3259064
989.45390756
989.56553543
989.77051915
989.92194299
989.99052511
990.09239007
990.23177335
990.40349236
990.5484733
990.69607578
990.80871303
990.88412547
991.04882026
991.20691939
991.27324113
991.45030946
991.61126277
991.80617576
991.95391339
992.15849409
992.22921373
992.37316285
992.55101698
992.67559438
992.88098043
992.96557896
993.13073061
993.28438158
993.33153423
993.48856527
993.61389866
993.78488264
993.86593612
993.98704095
994.17903548
994.26736559
994.4710248
994.63859002
994.69738916
994.87214879
995.12597874
995.19609425
995.33765142
995.37127916
995.52042308
995.63072325
995.92640763
995.9775331
996.20830086
996.29254652
996.41670861
996.51397411
996.60972115
996.87704429
996.94040864
997.05635832
997.21506553
997.28506075
997.50846922
997.71610862
997.87425314
998.0188063
998.11319378
998.33682395
998.43839891
998.54115355
998.74745922
998.93974569
999.03056524
999.17974878
999.3353231
999.47357613
999.50825765
999.78497408
999.8617583
1000.01995334
1000.113404
1000.19779514
1000.36247196
1000.64480166
1000.8380085
1000.90840619
1001.10040831
1001.15750952
1001.23888338
1001.36016332
1001.54498477
1001.58840711
1001.71853821
1001.93972627
1002.03779899
1002.09841206
1002.29349189
1002.48162199
1002.72487064
1002.77583871
1002.91917642
1003.08700043
1003.21555474
1003.2947835
1003.38840802
1003.50819605
1003.71498141
1003.88655582
1003.97682122
1004.21348435
1004.39973294
1004.45591994
1004.5357188
1004.80668144
1004.91695003
1005.0782603
1005.26437322
1005.35129195
1005.50951202
1005.60382769
1005.73100324
1005.92330057
1006.01214077
1006.14006543
1006.22056529
1006.32405724
1006.53259706
1006.61545997
1006.83123697
1007.0516402
1007.09767483
1007.28011084
1007.44259499
1007.65714145
1007.72715952
1007.98287965
1008.00995333
1008.20218483
1008.29394184
1008.50556963
1008.66604938
1008.7390092
1008.86502326
1009.04066414
1009.09552678
1009.2258352
1009.30112931
1009.55991326
1009.70485351
1009.85969881
1010.01827102
1010.12884185
1010.26438596
1010.33660509
1010.61289019
1010.71535284
1010.81189672
1010.99698408
1011.10735337
1011.3275985
1011.42564039
1011.55551472
1011.71075495
1011.80630339
1011.99524249
1012.13500095
1012.22926161
1012.35288832
1012.45227426
1012.70323486
1012.80957267
1012.91328472
1013.02504378
1013.19596228
1013.30730297
1013.42364987
1013.56991124
1013.74920132
1013.83553314
1014.03232579
1014.09184522
1014.35233114
1014.38218747
1014.50146008
1014.68981906
1014.84744065
1014.92303538
1015.18052383
1015.32097768
1015.51502506
1015.58661593
1015.75442889
1015.90932977
1016.11260007
1016.22297832
1016.30170374
1016.5558883
1016.69594463
1016.82478868
1016.87317657
1017.01837014
1017.19348709
1017.36539722
1017.51169363
1017.68097331
1017.78788187
1017.90117
1017.99578201
1018.15627362
1018.3377677
1018.47082588
1018.59151469
1018.73946674
1018.83342848
1018.88361449
1019.11297571
1019.34509267
1019.47414972
1019.59072187
1019.72032573
1019.7979827
1020.00003182
1020.02958407
1020.11845939
1020.43393918
1020.55631003
1020.69147282
1020.80471984
1020.99894553
1021.13478178
1021.25094893
1021.32587333
1021.60093117
1021.76651639
1021.79779774
1021.88390031
1022.12386394
1022.20519605
1022.38371641
1022.49231158
1022.53144757
1022.74932798
1022.92660236
1023.02723001
1023.2469021
1023.326335
1023.53460687
1023.68081241
1023.76490328
1023.91225806
1024.00904133
1024.21714108
1024.34659232
1024.49687138
1024.61457528
1024.70036852
1024.82684847
1025.15478894
1025.29463009
1025.38750568
1025.44287742
1025.60226172
1025.68964037
1025.77578173
1025.9187702
1026.1281656
1026.34544575
1026.52971739
1026.59895164
1026.72905099
1026.88136453
1027.07148851
1027.3531244
1027.4456061
1027.55736305
1027.64906812
1027.73221482
1027.91826983
1028.09903841
1028.25014182
1028.32514765
1028.45453475
1028.62310968
1028.66777395
1028.91337917
1029.03985705
1029.24554092
1029.32456637
1029.41746783
1029.51409422
1029.62098308
1029.72699685
1029.92144031
1030.10482545
1030.28173018
1030.44149417
1030.57001654
1030.67089327
1030.85444179
1030.94135302
1031.03068468
1031.19783023
1031.32246622
1031.45515409
1031.68286926
1031.78237491
1031.92786517
1032.08233046
1032.22269754
1032.3921945
1032.59357364
1032.63579229
1032.76017019
1032.88951622
1032.96011878
1033.2341513
1033.30457446
1033.40894886
1033.6518503
1033.78597491
1033.9191138
1034.04515736
1034.26289362
1034.43376123
1034.62364276
1034.75753156
1034.83395207
1034.99005547
1035.09426352
1035.2652915
1035.42045884
1035.466413
1035.59719463
1035.80671535
1035.9051157
1036.05466822
1036.17009086
1036.31622781
1036.44369368
1036.62297315
1036.82362173
1036.97426429
1037.0879498
1037.19636973
1037.29953509
1037.45649078
1037.53762992
1037.73203618
1037.91555294
1038.00832618
1038.06658192
1038.23262198
1038.44998349
1038.53509108
1038.73864447
1038.79551506
1039.01869354
1039.21135295
1039.42495588
1039.52066075
1039.68646807
1039.74146812
1039.77361812
1040.05155316
1040.12069192
1040.24900904
1040.36721202
1040.5877122
1040.69032613
1040.85013838
1041.0057442
1041.09253692
1041.22129923
1041.3487984
1041.48468962
1041.63458958
1041.72018468
1041.82457945
1042.09161193
1042.25585644
1042.30433272
1042.41032413
1042.55679865
1042.80530387
1042.91600076
1043.10480991
1043.23352152
1043.42926327
1043.4597348
1043.74020582
1043.88465922
1043.94109564
1044.1416001
1044.24933531
1044.44136313
1044.57576715
1044.65498815
1044.79857856
1044.94443744
1045.20679554
1045.27788444
1045.44135893
1045.54765242
1045.68863896
1045.76886092
1045.90814112
1046.04099548
1046.12963912
1046.23797299
1046.46437348
1046.6297349
1046.87276652
1046.96844336
1047.12332673
1047.23889184
1047.40630462
1047.46852182
1047.66597257
1047.77508519
1047.92971209
1047.99478755
1048.12019607
1048.22924063
1048.44018555
1048.50424859
1048.59785083
1048.82421256
1048.90089169
1049.07366545
1049.18442188
1049.45670228
1049.48968131
1049.77104052
1049.8564851
1049.96630356
1050.16171691
1050.3263631
1050.39116433
1050.55941257
1050.7032276
1050.8562296
1050.95722421
1051.12358915
1051.29994736
1051.41817878
1051.60584103
1051.6581261
1051.76671427
1052.01680521
1052.13884548
1052.18782206
1052.4235563
1052.48713415
1052.65336923
1052.8548634
1053.11532089
1053.20553527
1053.28445299
1053.41178446
1053.47344247
1053.54809657
1053.7950945
1053.86821708
1054.02330505
1054.33028359
1054.49647486
1054.626441
1054.65791375
1054.79491615
1054.93919336
1055.04659404
1055.20244056
1055.25545888
1055.52981298
1055.64353573
1055.85158157
1056.01042863
1056.08543079
1056.14803118
1056.44588308
1056.59964929
1056.6813309
1056.85379785
1056.91277981
1057.05160671
1057.14452216
1057.31598921
1057.42920881
1057.49664836
1057.79812816
1057.88112456
1058.03792218
1058.15028755
1058.29809452
1058.43967037
1058.60701655
1058.63069778
1058.92166087
1059.02026396
1059.18199133
1059.27460733
1059.34027333
1059.5558128
1059.67029308
1059.84586898
1059.97216871
1060.08644211
1060.19580935
1060.39450299
1060.51842152
1060.64498766
1060.79729157
1061.00778924
1061.10485401
1061.21615489
1061.38987905
1061.57912289
1061.7370374
1061.87719251
1061.97174046
1062.17961486
1062.24829497
1062.43573272
1062.60404336
1062.82691191
1063.02693376
1063.08363803
1063.1944707
1063.29807306
1063.43321508
1063.60510501
1063.71761756
1063.85099138
1063.93429153
1064.16339256
1064.26315784
1064.36644765
1064.49727704
1064.63659325
1064.79943947
1064.9377914
1064.9804607
1065.15243304
1065.27817555
1065.46543428
1065.59888443
1065.80861053
1065.93054245
1066.0902055
1066.18655046
1066.30556966
1066.53871988
1066.63620641
1066.77762889
1066.84847445
1067.1544123
1067.2625579
1067.3018157
1067.52050305
1067.58688498
1067.80884509
1067.87779847
1067.98685939
1068.09166521
1068.27349749
1068.4124082
1068.61636441
1068.70408402
1068.90459578
1068.96058323
1069.18427065
1069.37130485
1069.40754324
1069.58519113
1069.71750437
1069.82475009
1069.9495533
1070.1284225
1070.25750462
1070.37935649
1070.61076479
1070.72130499
1070.91457234
1071.03236228
1071.21646434
1071.34372938
1071.44084259
1071.6017943
1071.72175227
1071.84187833
1071.88547582
1072.17763357
1072.29851803
1072.36888848
1072.52194512
1072.70105137
1072.86333196
1073.05129923
1073.14006256
1073.30264774
1073.44346826
1073.52473047
1073.76880111
1073.89312998
1074.01404121
1074.18239252
1074.28369606
1074.41861934
1074.54807027
1074.69512561
1074.78352863
1074.96555258
1075.12330335
1075.21927747
1075.34528703
1075.46911725
1075.64644803
1075.71229275
1075.91625463
1076.14933
1076.26732047
1076.38595943
1076.48804337
1076.61384442
1076.68708802
1076.8474464
1076.89795475
1077.13534278
1077.35143436
1077.39454567
1077.60461176
1077.69222648
1077.76158968
1077.96100511
1078.11143839
1078.21264126
1078.44290976
1078.6414155
1078.81000205
1078.93902015
1079.10322957
1079.31216805
1079.40502665
1079.47279917
1079.62992065
1079.85560621
1079.87042737
1080.02906634
1080.18944356
1080.25505043
1080.43964641
1080.59573654
1080.68771376
1080.87665712
1081.06878053
1081.16551373
1081.39843254
1081.51556264
1081.53765153
1081.78460517
1081.86502563
1081.99519037
1082.14985654
1082.25425121
1082.48240188
1082.55629732
1082.71700154
1082.90045083
1082.97891682
1083.1245201
1083.17452658
1083.48749454
1083.56062966
1083.64403677
1083.79836027
1083.88148543
1084.13225584
1084.20533429
1084.38699929
1084.56207088
1084.66912157
1084.80919569
1084.88656178
1085.10715608
1085.23568215
1085.39237907
1085.4662797
1085.6276046
1085.85810728
1086.02092883
1086.17711508
1086.22659655
1086.32978099
1086.51513579
1086.70161629
1086.77148429
1086.89684488
1087.02556833
1087.11456295
1087.30535528
1087.41696896
1087.56682602
1087.72904189
1087.91075841
1087.9909702
1088.14541985
1088.26769537
1088.32088759
1088.60045793
1088.73577623
1088.91254213
1089.02960179
1089.25081079
1089.32400285
1089.50053996
1089.65335993
1089.84968123
1089.94969418
1090.11076081
1090.24909205
1090.30875012
1090.48109692
1090.65105464
1090.76723998
1090.89428397
1091.04339011
1091.30301475
1091.35240125
1091.4521923
1091.61089035
1091.75049085
1091.88497941
1091.98832233
1092.18094418
1092.33504209
1092.38541416
1092.58380585
1092.7583461
1092.8731334
1092.99164313
1093.13614851
1093.22898942
1093.29851506
1093.49872104
1093.61586546
1093.82760747
1093.965037
1094.15305801
1094.25923887
1094.3255458
1094.44199851
1094.62443801
1094.9322084
1094.9804134
1095.05882572
1095.20723215
1095.3416472
1095.37544995
1095.67228571
1095.76092935
1095.927928
1096.12044146
1096.19747179
1096.32621358
1096.51683742
1096.58412891
1096.82490213
1096.97877982
1097.03977561
1097.17250385
1097.25037093
1097.53099119
1097.66959471
1097.72079767
1097.98219496
1098.19549433
1098.3152607
1098.41466019
1098.5919966
1098.66720269
1098.80522806
1098.85925753
1099.05918002
1099.28956345
1099.37130613
1099.49257665
1099.62252966
1099.75579426
1099.84699377
1099.99995616
1100.1000293
1100.21070909
1100.41794472
1100.63513439
1100.72893705
1100.87677374
1101.04343764
1101.17313164
1101.27663013
1101.53642162
1101.61246879
1101.79052708
1101.94568946
1102.06776431
1102.19304247
1102.29434555
1102.47543095
1102.54558263
1102.71295055
1102.8833912
1103.02761111
1103.18660094
1103.37133831
1103.47448029
1103.58803991
1103.63133479
1103.82025197
1103.87341222
1103.98428849
1104.13354047
1104.29636586
1104.46437331
1104.58071847
1104.83952539
1104.96941836
1105.05801132
1105.26059591
1105.42678609
1105.58420166
1105.67380926
1105.83144654
1105.90041108
1106.05159393
1106.20594867
1106.26928207
1106.4023065
1106.56694675
1106.7150505
1106.92470751
1107.19453958
1107.25891491
1107.52986749
1107.56469566
1107.70317536
1107.77679492
1107.96174581
1108.13619986
1108.20047677
1108.42264641
1108.6378372
1108.736259
1108.81341935
1108.90309943
1109.09313274
1109.15494202
1109.43877804
1109.54481292
1109.5989228
1109.80497057
1109.95848884
1110.03273044
1110.14808483
1110.37571897
1110.50914851
1110.5849363
1110.73280398
1110.87105904
1111.03735663
1111.08780312
1111.31128601
1111.4558374
1111.5937169
1111.74826285
1111.83139207
1111.94000209
1112.05169479
1112.22011456
1112.3886354
1112.48828825
1112.65525588
1112.82946708
1113.07954631
1113.19961242
1113.29927996
1113.51588323
1113.58692084
1113.7445393
1113.77852377
1113.93509645
1114.02130772
1114.31064766
1114.45651788
1114.57551415
1114.75215243
1114.82892235
1114.8759688
1115.05331587
1115.22028397
1115.36296597
1115.60188054
1115.68360746
1115.802106
1115.97689303
1116.04641707
1116.30400788
1116.38352567
1116.55304833
1116.61166106
1116.84050752
1116.88449682
1117.0312803
1117.30571904
1117.36835063
1117.52066388
1117.66068147
1117.78341039
1118.02322843
1118.12321675
1118.3604841
1118.41156763
1118.56840486
1118.77118074
1118.8131884
1118.93189126
1119.09286499
1119.19713982
1119.31799517
1119.46254036
1119.55089022
1119.6720964
1119.98206651
1120.08422811
1120.15665965
1120.32004261
1120.49884779
1120.70819373
1120.78798533
1120.94972336
1121.00242311
1121.12184988
1121.40476402
1121.51663855
1121.64448224
1121.74266184
1121.83313735
1121.9809444
1122.09900188
1122.25181942
1122.34821433
1122.58063577
1122.6550152
1122.73329769
1122.93304852
1123.15242356
1123.27060783
1123.33964343
1123.51970732
1123.65825012
1123.7569083
1123.92422193
1124.02987929
1124.16291181
1124.45151792
1124.57649357
1124.83466098
1124.92285036
1125.04677541
1125.17372252
1125.31012632
1125.38293079
1125.66054408
1125.79813799
1125.93338747
1126.10407072
1126.16041974
1126.24824329
1126.39246294
1126.57022962
1126.69314949
1126.78175413
1126.96229636
1127.03349044
1127.22320594
1127.46868825
1127.58390669
1127.72901248
1127.83524677
1127.9318843
1128.0055181
1128.20380504
1128.35265867
1128.43537166
1128.6168563
1128.8759463
1128.9423265
1129.03349372
1129.17852825
1129.34332574
1129.49268432
1129.5850159
1129.79768497
1129.94516705
1130.08742285
1130.17719618
1130.30169037
1130.43865245
1130.56505691
1130.83059958
1130.9288151
1131.09912624
1131.23802841
1131.33567292
1131.49469978
1131.52820596
1131.70810635
1131.84586319
1132.00818567
1132.12172359
1132.306002
1132.40181405
1132.54671267
1132.66359047
1132.71395769
1133.01227817
1133.19778911
1133.35153407
1133.46737451
1133.58619121
1133.71979921
1133.7667629
1133.95883781
1134.1176615
1134.32560398
1134.4749953
1134.56898678
1134.69633509
1134.91086888
1134.97739165
1135.13627
1135.33329261
1135.47453552
1135.5701925
1135.62312711
1135.80218668
1135.9315088
1136.10821141
1136.25159027
1136.39699849
1136.7116259
1136.86553404
1136.90521126
1137.04991771
1137.20942882
1137.25070066
1137.50259884
1137.57201016
1137.66732895
1137.77693608
1137.91749073
1138.14306665
1138.30833023
1138.39687651
1138.45461644
1138.63612589
1138.75777002
1138.88905495
1138.96728722
1139.22243434
1139.30212113
1139.47514452
1139.58885598
1139.67990863
1139.87692898
1139.96942583
1140.22203007
1140.29381557
1140.50428389
1140.60962379
1140.71338053
1140.84570904
1141.00029381
1141.222918
1141.29078684
1141.50793943
1141.63705422
1141.7562991
1141.85444168
1141.98828354
1142.16779731
1142.36572001
1142.42447456
1142.53024873
1142.7960055
1142.85771151
1142.98712912
1143.1687759
1143.36893733
1143.48749287
1143.63598467
1143.73576754
1143.9198394
1144.03470198
1144.17313461
1144.27497268
1144.52106194
1144.65590642
1144.80644272
1144.91352248
1145.08678742
1145.20649013
1145.25985385
1145.37430985
1145.45458247
1145.73741463
1145.88983508
1145.99804418
1146.13088846
1146.20679007
1146.30544773
1146.49849009
1146.59152536
1146.79117614
1146.97022331
1147.16085947
1147.35374738
1147.43314233
1147.64245415
1147.69834687
1147.83431784
1148.0120677
1148.09268897
1148.23282358
1148.32352721
1148.57073632
1148.63160554
1148.7836423
1148.90545352
1149.05838962
1149.1774406
1149.31878191
1149.54667603
1149.69441902
1149.84270594
1149.96924248
1150.03171883
1150.2769972
1150.3413564
1150.40467911
1150.55428327
1150.719686
1150.80247922
1150.95644958
1151.02972007
1151.27012931
1151.41526024
1151.59475087
1151.67562205
1151.82528302
1152.0627018
1152.15054462
1152.36568216
1152.57391539
1152.66572669
1152.78674477
1152.94801461
1153.06806667
1153.2907787
1153.32073233
1153.54428374
1153.62357716
1153.8416502
1153.92640125
1154.0887018
1154.17645989
1154.33471273
1154.46687568
1154.70298359
1154.73783682
1154.93458174
1154.98025244
1155.06361627
1155.29160577
1155.38460787
1155.62406569
1155.71350405
1155.84985637
1155.95254241
1156.08269497
1156.30685163
1156.3903047
1156.57145577
1156.73980922
1156.86965714
1156.93488897
1157.0424747
1157.37522884
1157.45205636
1157.52659639
1157.6245506
1157.72189164
1157.96490261
1158.03500245
1158.10912787
1158.33074315
1158.53715183
1158.66004641
1158.71237359
1158.8124826
1159.01098021
1159.26625256
1159.42239746
1159.56904065
1159.61025535
1159.77758442
1159.99146112
1160.04552088
1160.17855691
1160.31682547
1160.61595013
1160.69738558
1160.78424733
1161.02564067
1161.13879126
1161.20754785
1161.29042806
1161.47613097
1161.65671623
1161.70605707
1161.87493618
1161.98168117
1162.18757553
1162.29550148
1162.51072953
1162.70493077
1162.77344941
1162.96046672
1163.06936162
1163.23120631
1163.30921961
1163.36510414
1163.60026651
1163.78023838
1163.88570785
1163.97839246
1164.18339723
1164.36483548
1164.46585893
1164.63251425
1164.84931168
1164.9161589
1165.02634366
1165.1847244
1165.31505844
1165.46578988
1165.6449165
1165.76273805
1165.83787023
1166.00252551
1166.11939322
1166.23516635
1166.39505905
1166.55152899
1166.68745974
1166.80597577
1166.96973679
1167.09273107
1167.2209084
1167.38033064
1167.56518774
1167.72488752
1167.82701872
1167.94128934
1168.08855173
1168.21964272
1168.27442658
1168.39110532
1168.52218271
1168.72556813
1168.99172906
1169.07688562
1169.24596328
1169.37006944
1169.51955412
1169.55767924
1169.76102585
1169.99793645
1170.10288704
1170.21101878
1170.37109853
1170.52613863
1170.64064223
1170.81061949
1171.01274054
1171.09284201
1171.23317205
1171.44794143
1171.60367858
1171.67690854
1171.77657501
1171.97256518
1172.18730402
1172.28047174
1172.38051319
1172.48643872
1172.61741803
1172.79494615
1172.9178058
1173.05333005
1173.30118106
1173.34843065
1173.4385823
1173.6635472
1173.81806144
1173.87905929
1173.9970913
1174.10980621
1174.25520258
1174.36061154
1174.53760299
1174.66043847
1174.80362967
1175.00066122
1175.10865715
1175.19201331
1175.40194918
1175.56141201
1175.82312451
1175.8623038
1176.09582823
1176.16595303
1176.30645533
1176.5286126
1176.61640764
1176.74386532
1176.83739664
1176.97092071
1177.17825189
1177.26706618
1177.3408743
1177.48260206
1177.66341479
1177.75784599
1177.86693636
1178.05396332
1178.28488496
1178.3224079
1178.5073402
1178.63717273
1178.8282184
1178.90546759
1179.05444272
1179.22129722
1179.43828255
1179.61447206
1179.69795275
1179.90921057
1179.98927626
1180.09200257
1180.24036424
1180.33347369
1180.5269
1180.62299035
1180.81155003
1180.92636541
1181.12353467
1181.25390119
1181.38014418
1181.53734221
1181.64296085
1181.89038017
1181.95553925
1182.09798503
1182.26101573
1182.39274473
1182.44297293
1182.60513996
1182.82531643
1182.93919577
1183.07153822
1183.18671327
1183.44158499
1183.56808785
1183.65050811
1183.72986769
1183.87136548
1184.05767591
1184.18926022
1184.3460278
1184.48938994
1184.58857959
1184.73387128
1184.84685299
1184.98718385
1185.09501859
1185.19558748
1185.41086601
1185.51178781
1185.65097559
1185.81535651
1186.0273152
1186.13537435
1186.27846151
1186.34553449
1186.43917181
1186.64718292
1186.799969
1186.96554105
1187.11788047
1187.26379313
1187.48567162
1187.56002742
1187.69835521
1187.81076859
1188.00004705
1188.07229731
1188.20888266
1188.46492232
1188.62084192
1188.78469969
1188.9507883
1189.03233253
1189.19971496
1189.37289776
1189.49539425
1189.5592051
1189.68190355
1189.83999285
1189.96301824
1190.14605184
1190.16603557
1190.30170358
1190.51779084
1190.66830373
1190.71262536
1190.88084306
1191.13706814
1191.23615871
1191.42778425
1191.51220453
1191.65472921
1191.86101976
1191.945564
1192.1536763
1192.22331082
1192.38798121
1192.47336894
1192.55501677
1192.71853124
1192.95986263
1193.10693065
1193.19203898
1193.28901451
1193.49862424
1193.62079886
1193.82674624
1193.87170753
1193.98346484
1194.13725607
1194.37093929
1194.45610466
1194.56153606
1194.70871928
1194.9143242
1195.0159632
1195.19604037
1195.34867893
1195.45307861
1195.62127978
1195.71309528
1195.77222584
1195.96700796
1196.0764295
1196.27683141
1196.46675703
1196.55790834
1196.72665228
1196.87483504
1196.98966265
1197.05810007
1197.24136787
1197.35480086
1197.5225061
1197.66056852
1197.74572179
1197.97139705
1198.12167805
1198.21028475
1198.4815062
1198.61236681
1198.81305921
1198.9383196
1199.03850471
1199.20655131
1199.39082805
1199.48607458
1199.67201857
1199.71275259
1199.90843676
1200.06843749
1200.11997334
1200.22132513
1200.35352644
1200.48915406
1200.70865901
1200.78748025
1200.91459449
1201.17447024
1201.29258874
1201.40527574
1201.55838354
1201.64678729
1201.72728869
1201.86560419
1202.02061815
1202.21114275
1202.34523333
1202.48300943
1202.66460284
1202.71632873
1202.92799858
1203.03826504
1203.15427635
1203.3103498
1203.51039759
1203.55408899
1203.72146233
1203.89400236
1203.98278535
1204.15101258
1204.22908076
1204.43027315
1204.66841646
1204.81470632
1204.89316225
1205.05994168
1205.19981618
1205.26438039
1205.42729136
1205.60822312
1205.68001953
1205.9151112
1206.03170384
1206.10729378
1206.33268805
1206.44147459
1206.59587902
1206.67191428
1206.88984632
1207.08844055
1207.22507784
1207.36135956
1207.45630365
1207.51202854
1207.77049754
1207.98155277
1208.13482408
1208.17755751
1208.32534363
1208.42678916
1208.5634056
1208.63201427
1208.78804603
1208.95973992
1209.08622816
1209.1953247
1209.43281908
1209.53806642
1209.76332089
1209.82639209
1210.03638791
1210.10936121
1210.27211089
1210.3859156
1210.47371758
1210.59954445
1210.85977011
1211.02463274
1211.08415298
1211.31342269
1211.43342714
1211.66341811
1211.78048683
1211.84332591
1211.99333983
1212.15737216
1212.18744994
1212.26118988
1212.47139436
1212.5659257
1212.72057828
1212.83489055
1213.09603395
1213.2038297
1213.31922527
1213.45792559
1213.57469297
1213.67721299
1213.86908036
1213.97007805
1214.09578974
1214.24502928
1214.41056548
1214.53636654
1214.73020668
1214.88898447
1215.03854318
1215.28068812
1215.33093852
1215.45623448
1215.59637155
1215.82017539
1215.90586248
1216.11293744
1216.27336162
1216.41989172
1216.4914097
1216.58857262
1216.74809598
1216.95705032
1217.04574024
1217.15736355
1217.28873298
1217.37660116
1217.59780891
1217.74736163
1217.92418546
1218.09104302
1218.2594157
1218.38216086
1218.50739845
1218.61054642
1218.72747972
1218.87969745
1219.01820318
1219.08161159
1219.29968867
1219.4354992
1219.48397558
1219.6484191
1219.82254444
1219.89965843
1220.09486727
1220.25689784
1220.31942858
1220.49685221
1220.61910962
1220.83090098
1220.93337894
1221.16291178
1221.28220083
1221.403633
1221.55552848
1221.59942935
1221.70226447
1221.88321028
1222.01201367
1222.23460385
1222.32494726
1222.52407557
1222.70498824
1222.85973353
1223.02685441
1223.13207025
1223.21870179
1223.27667561
1223.5329126
1223.58248071
1223.75019499
1223.85296763
1224.09201206
1224.18203704
1224.34505919
1224.46714656
1224.57367517
1224.73142505
1224.9048063
1225.06552605
1225.29615809
1225.40045071
1225.50054894
1225.59463448
1225.75125672
1225.90157312
1225.94604402
1226.1245224
1226.34226039
1226.5222464
1226.63892799
1226.75417006
1226.91803675
1227.0646385
1227.21117878
1227.30638829
1227.46334511
1227.70421762
1227.79718084
1227.86825526
1228.08934532
1228.21151542
1228.39631578
1228.48471898
1228.65613953
1228.7482402
1228.79074349
1228.97164394
1229.1480239
1229.20506066
1229.42155713
1229.55376658
1229.66333068
1229.76890838
1229.951437
1230.12555307
1230.18509328
1230.42703417
1230.51677528
1230.75557945
1230.78145454
1230.98011782
1231.14807363
1231.30708293
1231.38691533
1231.48425634
1231.63745087
1231.71384636
1231.84331521
1232.13411073
1232.19699133
1232.32442696
1232.44413259
1232.49756542
1232.6664072
1232.78845734
1232.99351701
1233.24776317
1233.39065106
1233.61705938
1233.76488257
1233.87506515
1234.01811893
1234.11540507
1234.28944368
1234.40767219
1234.62199344
1234.67596776
1234.74178028
1234.87220413
1235.13123128
1235.3576362
1235.41246608
1235.54637101
1235.60446447
1235.88061655
1235.95379816
1236.03705001
1236.16765154
1236.2482978
1236.44301764
1236.66483846
1236.74743986
1236.78990383
1236.92952942
1237.19301464
1237.30871974
1237.42603063
1237.55562928
1237.72084473
1237.90511705
1238.00496896
1238.21822166
1238.34939723
1238.40583263
1238.61443834
1238.7204634
1238.86834974
1238.99614999
1239.16741461
1239.31893031
1239.44389443
1239.59016867
1239.68365808
1239.76788612
1240.039379
1240.18729546
1240.29596994
1240.34958104
1240.48122008
1240.59661887
1240.81869355
1240.92056769
1241.12876508
1241.27300494
1241.48295025
1241.5806847
1241.6377159
1241.70872909
1241.87724348
1242.00245434
1242.18814196
1242.35875571
1242.5047814
1242.70108478
1242.78851543
1242.91700729
1243.14573988
1243.30009392
1243.38152273
1243.51190365
1243.68108506
1243.78165331
1243.98553594
1244.11828398
1244.24984993
1244.41641879
1244.51942192
1244.69758856
1244.77627719
1245.0038792
1245.10679106
1245.19965651
1245.38513888
1245.50812886
1245.72513409
1245.78516011
1245.9388104
1246.11044481
1246.16503752
1246.39369432
1246.49637402
1246.5930436
1246.85786222
1246.94156603
1247.07957211
1247.23242027
1247.33765516
1247.44892694
1247.62508149
1247.74001188
1247.83076309
1248.06002154
1248.11498449
1248.17289402
1248.38281045
1248.52684588
1248.67000612
1248.82165181
1248.91559517
1248.98796993
1249.26281436
1249.34759415
1249.52981698
1249.66592542
1249.89100395
1250.00824516
1250.13928627
1250.30720864
1250.49372133
1250.5880536
1250.71218673
1250.82871213
1250.99863361
1251.09848948
1251.26512827
1251.40108855
1251.46961042
1251.72684185
1251.90757446
1251.97907709
1252.17846357
1252.28788367
1252.41312723
1252.53485397
1252.64916807
1252.82473155
1252.98077738
1253.06379087
1253.2375959
1253.4998444
1253.56364198
1253.73754911
1253.8033565
1253.94220886
1254.16132289
1254.2543516
1254.37091105
1254.48318868
1254.66935191
1254.83296141
1254.95805236
1255.08415844
1255.21525688
1255.3098099
1255.4678222
1255.65073585
1255.79016591
1255.82138351
1256.02089497
1256.19200502
1256.32729337
1256.56896177
1256.66218509
1256.79521366
1256.89345251
1257.03066825
1257.17792364
1257.35156422
1257.55008064
1257.67416162
1257.7753564
1257.92461622
1258.06383984
1258.15081318
1258.26516673
1258.40696322
1258.50876126
1258.65809739
1258.88078583
1259.01297544
1259.12412552
1259.25722959
1259.40089325
1259.46750618
1259.57879146
1259.82491554
1260.01891427
1260.13174819
1260.24700773
1260.37393157
1260.56752944
1260.69888604
1260.80709255
1260.95498377
1261.08852418
1261.27889451
1261.3417395
1261.61712491
1261.80357637
1261.9082939
1262.05068329
1262.23156375
1262.29196463
1262.41928719
1262.62530492
1262.81420356
1262.94425702
1262.99539435
1263.23968576
1263.31351817
1263.37559695
1263.58984076
1263.70476062
1263.84257599
1263.94184056
1264.00585808
1264.25756479
1264.34700978
1264.48619675
1264.57087632
1264.69883627
1264.91125459
1265.14894408
1265.27688599
1265.4313743
1265.5520845
1265.66824892
1265.7799666
1265.91695924
1265.98341027
1266.06629391
1266.28748927
1266.357941
1266.58360067
1266.78783305
1266.94390397
1267.10067298
1267.23316069
1267.32983724
1267.47479912
1267.64061583
1267.69367076
1267.89634602
1268.02318818
1268.14750113
1268.32835194
1268.37752423
1268.51584192
1268.62373225
1268.82110486
1269.02021101
1269.17174345
1269.20286217
1269.51602123
1269.72716834
1269.75463214
1269.91760653
1270.17152223
1270.21842469
1270.35659127
1270.3988016
1270.5891996
1270.69302208
1270.85020994
1271.01525466
1271.1380702
1271.26955314
1271.46470552
1271.5253497
1271.67620058
1271.7726157
1271.94708475
1272.18151778
1272.24472394
1272.39455084
1272.48322458
1272.74781413
1272.9022323
1273.04489703
1273.13234989
1273.26540243
1273.37018893
1273.72365976
1273.81357442
1273.87641745
1274.06530045
1274.162571
1274.21743471
1274.34222097
1274.46455756
1274.63522277
1274.79602391
1274.93564837
1275.095736
1275.17957876
1275.37289152
1275.5316973
1275.68178494
1275.74546825
1275.92940363
1276.09407027
1276.14759086
1276.30587666
1276.35278989
1276.64963038
1276.72412036
1276.86620985
1277.03951069
1277.12668352
1277.26900049
1277.39419918
1277.61176113
1277.7315223
1277.8581843
1278.05250837
1278.12173287
1278.36464667
1278.38881859
1278.60796607
1278.66740467
1278.86286922
1279.14375476
1279.21006193
1279.36735709
1279.46727759
1279.62379474
1279.77991879
1279.9911258
1280.11944528
1280.23519559
1280.31700657
1280.46898166
1280.57864993
1280.75347587
1280.88970305
1281.04942229
1281.31248826
1281.33934981
1281.44157508
1281.58650271
1281.69136628
1281.77134583
1282.00050162
1282.12602239
1282.28729408
1282.48028995
1282.65838584
1282.74362524
1282.81909283
1282.94879385
1283.10058218
1283.2488621
1283.36901305
1283.46237085
1283.66486502
1283.71154201
1283.92162577
1284.08204132
1284.14294318
1284.39812983
1284.43664538
1284.74533566
1284.8802372
1285.00321211
1285.10933792
1285.19211856
1285.3435433
1285.54564703
1285.71590553
1285.78122444
1285.97621677
1286.09963673
1286.17470487
1286.44550277
1286.53660366
1286.61252595
1286.7184802
1286.86380424
1287.02675577
1287.19626616
1287.33009115
1287.44399286
1287.54066605
1287.67853308
1287.83807688
1287.98664539
1288.08467531
1288.35860698
1288.5040567
1288.6459731
1288.78353456
1288.97183205
1289.07064624
1289.24878171
1289.34039314
1289.53062735
1289.65431263
1289.82452145
1289.97907562
1290.08300872
1290.19643655
1290.23392528
1290.49554629
1290.62051504
1290.736553
1290.80589152
1291.02718234
1291.16347972
1291.37039466
1291.56255663
1291.60856988
1291.72694055
1291.89940858
1291.99812674
1292.17092245
1292.2751268
1292.38773958
1292.61154659
1292.73887875
1292.84859315
1292.97075262
1293.05046998
1293.31365722
1293.37588397
1293.57727541
1293.71102275
1293.87034103
1293.97570056
1294.05339014
1294.16181071
1294.35248377
1294.45321807
1294.59691006
1294.72821216
1294.94725085
1295.02023089
1295.1270968
1295.32219606
1295.49027885
1295.59867916
1295.70197701
1295.94058471
1296.13307748
1296.26252246
1296.33286477
1296.52572543
1296.66248416
1296.7396155
1297.00397772
1297.22256168
1297.29724038
1297.37973253
1297.5248218
1297.64418337
1297.74850504
1298.03252045
1298.09346701
1298.23398408
1298.38384782
1298.49834118
1298.60374902
1298.85613216
1298.91791604
1299.03606633
1299.21625858
1299.37810518
1299.55201407
1299.6083938
1299.77177558
1299.91561229
1299.9357914
1300.186659
1300.3154893
1300.43877509
1300.51513766
1300.60998611
1300.80154719
1300.98107041
1301.19566686
1301.33325565
1301.56187492
1301.6950255
1301.76884312
1301.98138294
1302.06487175
1302.14671999
1302.26233775
1302.37734075
1302.55753481
1302.73303625
1302.84420203
1303.03287784
1303.08599337
1303.26167579
1303.38623034
1303.48119771
1303.62379902
1303.84912335
1303.92595252
1304.02378911
1304.24629952
1304.38842318
1304.55729739
1304.60325104
1304.87641028
1304.94841533
1305.16858689
1305.25778762
1305.38093963
1305.42734404
1305.57570495
1305.76950427
1305.96934782
1306.01475321
1306.20177648
1306.30965836
1306.50174239
1306.69606517
1306.86030734
1306.93884934
1307.11449758
1307.27086787
1307.38187374
1307.42113825
1307.61792198
1307.93518747
1307.9989831
1308.15919183
1308.25813283
1308.38265174
1308.52638161
1308.66939195
1308.80166854
1308.99155961
1309.15702876
1309.33752152
1309.44358455
1309.52796746
1309.68861529
1309.71200409
1309.89893291
1310.04713217
1310.10012048
1310.30108325
1310.48827942
1310.58763663
1310.69639502
1310.75808567
1310.90059901
1311.16490957
1311.26019982
1311.46239272
1311.54876548
1311.67846627
1311.75858981
1312.09618806
1312.15293629
1312.35805356
1312.48349642
1312.56090571
1312.68734105
1312.77981518
1312.88690599
1313.12273885
1313.19772991
1313.45503729
1313.57501979
1313.67436977
1313.81989636
1313.99758022
1314.09310234
1314.29708658
1314.37877196
1314.6007965
1314.74363558
1314.79807126
1314.91468821
1315.14742761
1315.25302853
1315.36406006
1315.44825194
1315.74043881
1315.81942597
1316.02073466
1316.2391913
1316.37620312
1316.45482029
1316.52215751
1316.6689931
1316.73122047
1316.91843389
1317.02860131
1317.22770653
1317.39029211
1317.57769548
1317.71454666
1317.87374294
1317.88601379
1318.09265739
1318.14818349
1318.41816543
1318.4631027
1318.67596712
1318.7821628
1318.91765661
1319.04297715
1319.25234743
1319.29238913
1319.56656488
1319.64236175
1319.77698698
1319.88601283
1320.05145594
1320.18656019
1320.3892359
1320.50071468
1320.6537625
1320.76554943
1320.88103281
1321.08646506
1321.14673922
1321.31635161
1321.44726487
1321.59987603
1321.77266342
1321.83208908
1322.02311959
1322.09028025
1322.25529761
1322.34387181
1322.47916954
1322.61337236
1322.82187222
1322.91720101
1323.06574469
1323.22567748
1323.37892372
1323.5395954
1323.60370886
1323.86562294
1323.93166738
1324.11654637
1324.19348935
1324.47487137
1324.55297633
1324.88728238
1324.96370783
1325.12206151
1325.19405938
1325.33485907
1325.48489276
1325.61620465
1325.75643867
1325.86787887
1325.99251393
1326.13412981
1326.18683105
1326.4665819
1326.5004719
1326.61697974
1326.77476593
1327.00768737
1327.08291735
1327.30594336
1327.4456919
1327.54333678
1327.62364113
1327.74660591
1327.99620843
1328.12043094
1328.25896309
1328.40301803
1328.52167598
1328.63795006
1328.77794941
1328.88814063
1328.96975165
1329.24647673
1329.31454971
1329.51560796
1329.61890261
1329.72122221
1329.80862766
1329.95750909
1330.15084804
1330.25043869
1330.45500934
1330.6446999
1330.80981129
1330.85329982
1331.03632787
1331.11994532
1331.44837374
1331.56206802
1331.6233463
1331.8143145
1331.82841374
1331.99817897
1332.10447163
1332.27933268
1332.36135026
1332.57658322
1332.65013224
1332.87375306
1333.00398004
1333.10834334
1333.29656235
1333.51120042
1333.58898854
1333.77168458
1333.8933605
1334.02561541
1334.20532489
1334.28651425
1334.40253577
1334.55963492
1334.62031621
1334.74422008
1334.89333649
1335.24739846
1335.28916989
1335.35245404
1335.60597237
1335.80376229
1335.9370732
1336.02895797
1336.1370299
1336.2615097
1336.43954396
1336.66653348
1336.74048584
1336.8405697
1337.02835945
1337.09992426
1337.2377983
1337.34604915
1337.51425633
1337.66231804
1337.81100627
1338.00194798
1338.13930522
1338.25632674
1338.39855663
1338.58841447
1338.68633967
1338.71460937
1338.90546202
1339.01129028
1339.09190334
1339.26163515
1339.40256224
1339.54691853
1339.72456182
1339.85609025
1340.10088336
1340.23249864
1340.39115083
1340.4845056
1340.57808023
1340.65597253
1340.85022097
1340.98445981
1341.17500393
1341.29190576
1341.39876902
1341.6158376
1341.76687809
1341.97290297
1342.02683922
1342.13843548
1342.24604488
1342.49172062
1342.56900235
1342.6239605
1342.8333858
1343.11687432
1343.24439688
1343.42501344
1343.52241225
1343.6984332
1343.856621
1343.97977434
1344.04978563
1344.14535072
1344.35172625
1344.51065674
1344.61158577
1344.73132521
1344.87293333
1345.00280335
1345.09403982
1345.23254171
1345.4054003
1345.53689715
1345.66692165
1345.83270021
1345.94171435
1346.13491528
1346.28026094
1346.34475868
1346.44413668
1346.58524879
1346.80640323
1347.00953774
1347.10320265
1347.27370612
1347.47020102
1347.60667752
1347.70188142
1347.75344576
1347.96735282
1348.11791434
1348.25404895
1348.41239674
1348.50681208
1348.70957984
1348.80734009
1348.99440832
1349.10845275
1349.1443579
1349.35090027
1349.51187165
1349.55191511
1349.69827933
1349.804479
1349.99756801
1350.1618865
1350.33515982
1350.44955842
1350.59223834
1350.72378347
1350.89535886
1351.07235785
1351.15384933
1351.33057776
1351.45839423
1351.60324564
1351.83363008
1351.92256338
1352.09731394
1352.21894175
1352.34251049
1352.40354299
1352.56751489
1352.64295392
1352.94091453
1353.06639343
1353.22361759
1353.38085692
1353.57746098
1353.68838193
1353.80755962
1353.93913111
1354.06968766
1354.20920822
1354.27732911
1354.43019652
1354.59670397
1354.69665608
1354.85206519
1355.04978548
1355.21854315
1355.32150762
1355.40209369
1355.6373312
1355.72561672
1355.80427392
1356.00040878
1356.08461754
1356.3303831
1356.42603617
1356.48493311
1356.69723641
1356.80407537
1356.99658011
1357.04808388
1357.25893129
1357.33127122
1357.54875381
1357.67837771
1357.74740158
1357.8295365
1357.95472575
1358.1520429
1358.37654515
1358.43822618
1358.61884756
1358.78942231
1358.91193027
1359.09005106
1359.20837511
1359.37662807
1359.47326331
1359.65382908
1359.80377287
1360.02017825
1360.1622117
1360.33929463
1360.36096384
1360.51504454
1360.67544742
1360.71922375
1360.93568328
1361.12127816
1361.22865729
1361.42854869
1361.47862805
1361.59516863
1361.74388864
1361.8925697
1362.11482371
1362.15673425
1362.35292811
1362.45518124
1362.54642508
1362.76194634
1362.9296121
1363.06567306
1363.18462519
1363.38603017
1363.51196745
1363.61139596
1363.85321511
1363.91220525
1363.99010007
1364.08777981
1364.26354878
1364.45930333
1364.53487687
1364.7218964
1365.03720636
1365.08199088
1365.18389616
1365.32619404
1365.38138612
1365.51313225
1365.68165683
1365.77209549
1366.00731298
1366.16369606
1366.23912445
1366.40001434
1366.58490335
1366.72857085
1366.77873538
1367.00714094
1367.09702511
1367.24222126
1367.44216203
1367.55609882
1367.7185571
1367.82433759
1367.96195725
1368.1061636
1368.1828839
1368.28251696
1368.45858949
1368.54691852
1368.69940743
1368.87915329
1368.98755453
1369.07257054
1369.35411659
1369.54505926
1369.69682306
1369.84069523
1369.95505037
1370.06815672
1370.27982024
1370.53162441
1370.57823955
1370.6765999
1370.7964742
1370.9965762
1371.12257511
1371.28152227
1371.39188131
1371.52708551
1371.69664588
1371.77427745
1372.0050915
1372.12713318
1372.24049205
1372.38544752
1372.51900275
1372.63297936
1372.78964419
1372.95059149
1372.97656616
1373.2008096
1373.35444123
1373.48710527
1373.5515882
1373.72528088
1373.95031528
1373.98759466
1374.08229883
1374.22076259
1374.41407569
1374.52573961
1374.71030704
1374.80165705
1375.06728768
1375.15436725
1375.21786218
1375.33613
1375.57972439
1375.82990986
1375.94033238
1376.03332829
1376.10853866
1376.22194179
1376.43774101
1376.56627055
1376.72478121
1376.80411768
1376.90043964
1377.10052526
1377.25147816
1377.34482031
1377.53892755
1377.64345821
1377.83310078
1378.01644256
1378.13129006
1378.17656373
1378.39472209
1378.53340398
1378.71487109
1378.79300901
1379.03305464
1379.08818012
1379.19512719
1379.40615261
1379.6148906
1379.67011721
1379.80589522
1380.07324681
1380.14833256
1380.31412569
1380.43630328
1380.52212657
1380.66198808
1380.76995529
1380.91972975
1381.07763213
1381.11660145
1381.22347704
1381.47318671
1381.60056427
1381.8269479
1381.94179043
1382.04825299
1382.26557034
1382.39160984
1382.58831144
1382.7485369
1382.86054603
1382.95031092
1383.10132773
1383.24855588
1383.393629
1383.50194334
1383.67844543
1383.74851378
1383.87257904
1383.99570342
1384.10529751
1384.28403585
1384.37915519
1384.53492805
1384.66591595
1384.86560751
1384.98677108
1385.15447587
1385.25611641
1385.38316168
1385.52749402
1385.70747873
1385.86321938
1385.92975878
1386.10522323
1386.18240075
1386.40271741
1386.50713032
1386.5723936
1386.87992196
1386.93407526
1387.17506212
1387.31616147
1387.38377616
1387.61765604
1387.73318075
1387.88059906
1388.03804099
1388.18303585
1388.26279623
1388.37110985
1388.49459131
1388.74634837
1388.93072514
1389.05235399
1389.22249916
1389.33510751
1389.51807344
1389.54156771
1389.67193639
1389.75750126
1389.94611784
1390.06631439
1390.22958462
1390.46068472
1390.59030482
1390.70118922
1390.81556275
1391.02414368
1391.10128863
1391.24675809
1391.31439121
1391.37202427
1391.68935088
1391.76030633
1391.9188887
1392.00709567
1392.20599465
1392.32470744
1392.55430402
1392.60157869
1392.72154088
1392.8553855
1393.03230837
1393.10858284
1393.35786744
1393.55839556
1393.65603721
1393.76314352
1393.91490437
1394.04741523
1394.15396292
1394.27981252
1394.40290818
1394.61304398
1394.75417924
1394.92416607
1394.98548201
1395.19346637
1395.30746421
1395.38062332
1395.53554042
1395.75359021
1395.9646009
1396.06043607
1396.16114851
1396.28742107
1396.3831439
1396.49174986
1396.59468647
1396.77452181
1396.94652705
1397.16048334
1397.3513141
1397.38846473
1397.52355766
1397.64602383
1397.76636007
1398.09046576
1398.20861394
1398.30321235
1398.53095316
1398.56356809
1398.71354704
1398.88923656
1399.02302135
1399.17971067
1399.26388151
1399.53504735
1399.68002649
1399.71150365
1399.91523996
1399.96431265
1400.18671308
1400.24577269
1400.35814586
1400.53542683
1400.61728734
1400.81617358
1400.92198613
1401.05539919
1401.14705101
1401.24471068
1401.53517113
1401.69504339
1401.84119575
1402.07152976
1402.11336361
1402.24905392
1402.30717946
1402.45853319
1402.58887575
1402.79400703
1402.9353299
1403.00593308
1403.11716312
1403.2931289
1403.4040814
1403.54480748
1403.70469664
1403.79644003
1404.04071746
1404.07035474
1404.33548956
1404.50856381
1404.63093331
1404.7489754
1404.86044021
1404.92203897
1405.04054722
1405.32170033
1405.48196582
1405.59018695
1405.78303457
1406.03679961
1406.09157799
1406.27784591
1406.35445973
1406.42959653
1406.60250478
1406.82016775
1406.91414443
1407.06720851
1407.14290803
1407.34382671
1407.52255431
1407.61041803
1407.75578592
1407.83647218
1407.97648996
1408.0848349
1408.2605495
1408.40158107
1408.51725244
1408.66834859
1408.84259263
1408.94783863
1409.17165713
1409.27977237
1409.41404302
1409.55883772
1409.7358077
1409.84349706
1409.98502958
1410.13515548
1410.1785092
1410.32304488
1410.55317893
1410.68361329
1410.89050772
1410.93882616
1411.05591238
1411.32420251
1411.40509669
1411.51411922
1411.66840038
1411.89547847
1412.03733098
1412.10276865
1412.2154189
1412.28211674
1412.41994121
1412.65458672
1412.72486759
1412.91893827
1412.97527001
1413.14197964
1413.25072899
1413.40576413
1413.54671067
1413.73721807
1413.95138943
1414.02518284
1414.07314439
1414.35033164
1414.48170833
1414.58573545
1414.76147661
1414.9376926
1415.01306652
1415.27074854
1415.3437988
1415.48384802
1415.65361544
1415.75433758
1415.8733516
1415.97742977
1416.12096734
1416.34170441
1416.56867712
1416.65601429
1416.7960812
1416.88596351
1417.12032752
1417.2429026
1417.29652264
1417.40189367
1417.68101872
1417.81245313
1417.8915288
1417.98861085
1418.15808296
1418.33307532
1418.52298061
1418.67172494
1418.71383715
1418.85901029
1418.9892751
1419.13953027
1419.25557467
1419.41277285
1419.50638168
1419.626084
1419.79650181
1419.95577251
1420.09349993
1420.26714533
1420.3240927
1420.43565137
1420.64176464
1420.71970449
1420.89517813
1420.93381823
1421.21444759
1421.38061499
1421.47175851
1421.68725827
1421.8353241
1422.079991
1422.14105775
1422.2957519
1422.37622426
1422.52161298
1422.70526814
1422.77014273
1422.92996068
1422.98372065
1423.10566054
1423.26879759
1423.52556694
1423.66282657
1423.77639623
1423.86155169
1424.04504459
1424.24053457
1424.3432246
1424.47586797
1424.71354835
1424.78731733
1424.95204
1425.12980869
1425.24099255
1425.38147479
1425.47900318
1425.64975978
1425.76785383
1425.85570631
1426.06461564
1426.16860981
1426.33417974
1426.44864765
1426.58388105
1426.72434036
1426.90055572
1427.00522973
1427.1212308
1427.329421
1427.52348428
1427.74295075
1427.7799794
1427.93527556
1427.94739117
1428.12220316
1428.32141354
1428.43579392
1428.54482061
1428.70841513
1428.83178439
1429.02138855
1429.21159037
1429.28152108
1429.36485778
1429.58370159
1429.7182644
1429.91296604
1429.9692211
1430.15525728
1430.26187802
1430.35218887
1430.47629699
1430.65503432
1430.74493788
1430.92438476
1430.98974949
1431.23828876
1431.38081544
1431.55494718
1431.64819971
1431.82227886
1431.87876249
1432.00203336
1432.15864961
1432.2904633
1432.33956753
1432.63189751
1432.73566319
1432.89629911
1433.03549738
1433.22617994
1433.42240301
1433.64624013
1433.82263681
1433.89414888
1434.02333113
1434.13646892
1434.28940628
1434.38980089
1434.61880382
1434.67354196
1434.78582652
1434.89519081
1435.14787155
1435.1571203
1435.47103844
1435.55117509
1435.63458632
1435.77861441
1435.90406992
1435.96813022
1436.21363444
1436.25859488
1436.46987188
1436.59492007
1436.74927578
1436.8404372
1436.96143432
1437.12667888
1437.2589669
1437.48540048
1437.66434508
1437.78535824
1437.86741796
1438.00628474
1438.10391697
1438.34710626
1438.47999922
1438.61520591
1438.69932419
1438.86040615
1438.98424971
1439.05173522
1439.22717929
1439.37002331
1439.47141166
1439.74959055
1439.82529002
1440.02542449
1440.08190619
1440.21992025
1440.35608311
1440.52093875
1440.77011305
1440.81488323
1440.98682828
1441.17513152
1441.29515023
1441.34132657
1441.45977987
1441.65751837
1441.87325933
1442.04521992
1442.07041015
1442.19897666
1442.37001069
1442.53479107
1442.64227271
1442.83143265
1442.95906749
1443.0463611
1443.2898574
1443.34707671
1443.50307568
1443.58439278
1443.81220827
1443.97965917
1444.06306786
1444.29001901
1444.39110681
1444.52491551
1444.67032601
1444.81935124
1445.03080318
1445.10900763
1445.26345087
1445.40387564
1445.49454845
1445.56801977
1445.80811622
1445.97631509
1446.13274097
1446.21235725
1446.39033861
1446.51835161
1446.61643301
1446.80348402
1446.90405024
1447.06593681
1447.13438512
1447.30983577
1447.36902748
1447.56374683
1447.61445192
1447.90304409
1447.9774506
1448.11981625
1448.24615654
1448.40308919
1448.57958118
1448.75481296
1448.82909262
1448.92562506
1449.10919016
1449.25118225
1449.36682709
1449.59425687
1449.6928972
1449.70571174
1449.89999255
1450.05022003
1450.30701003
1450.39671412
1450.58321625
1450.72722215
1450.86678661
1451.0172959
1451.16175473
1451.31330071
1451.44685701
1451.62298231
1451.7591294
1451.89997261
1452.02326537
1452.1030867
1452.25815687
1452.28082366
1452.55375405
1452.64945144
1452.80723175
1452.95973921
1453.17728881
1453.35339299
1453.46106814
1453.65406181
1453.7361382
1453.89631138
1453.93855112
1454.17760588
1454.2481684
1454.34536513
1454.43877309
1454.54745718
1454.73848388
1454.85993899
1454.97672344
1455.2074662
1455.37829357
1455.48957674
1455.60101027
1455.71711518
1455.8138905
1456.02231622
1456.18538331
1456.4225898
1456.54974875
1456.68367695
1456.78146664
1456.93566347
1457.1366358
1457.2336067
1457.30588051
1457.37100183
1457.64688651
1457.78738056
1457.88483117
1457.96905445
1458.18401709
1458.34270774
1458.46240397
1458.55169035
1458.66894699
1458.87497035
1458.91502234
1459.02430028
1459.15573733
1459.41414918
1459.52464735
1459.71995641
1459.81424869
1459.90850733
1460.11011511
1460.3408421
1460.46375574
1460.53091687
1460.713866
1460.89107292
1460.98017229
1461.08823203
1461.34477686
1461.59829582
1461.6526425
1461.71737621
1461.81394809
1461.99290455
1462.23166883
1462.33064567
1462.50529861
1462.55123937
1462.60331102
1462.79876178
1462.96240899
1463.15097127
1463.2852226
1463.40330321
1463.57528295
1463.66106218
1463.86888746
1464.02819156
1464.21726802
1464.28342606
1464.34560752
1464.50460373
1464.67187492
1464.76302716
1464.86829915
1464.98980914
1465.25104573
1465.40787926
1465.42933813
1465.57093863
1465.74924982
1465.94168622
1466.02597392
1466.19004414
1466.28579553
1466.44340286
1466.59580604
1466.7138307
1466.8585784
1466.99605942
1467.11385022
1467.33387817
1467.45612874
1467.61235917
1467.69856167
1467.88977374
1468.00406946
1468.08318859
1468.37513452
1468.4126916
1468.5060191
1468.80341916
1469.01296691
1469.07757963
1469.14253538
1469.28242503
1469.46596401
1469.67942674
1469.72603791
1469.9375052
1470.10992546
1470.23247151
1470.3863021
1470.45771798
1470.53740895
1470.67836584
1470.83325148
1471.01919837
1471.14433128
1471.27897913
1471.43244882
1471.44893687
1471.77415181
1471.78854508
1471.95680954
1472.11478037
1472.20480207
1472.44203152
1472.52955885
1472.70468068
1472.91783756
1473.09762288
1473.1953714
1473.23429167
1473.38498432
1473.52363484
1473.71546761
1473.81948134
1474.07243792
1474.16384031
1474.24921427
1474.44328251
1474.53075604
1474.59925947
1474.74460609
1474.87547724
1475.04767329
1475.10347223
1475.30994651
1475.53629992
1475.61440239
1475.87795085
1475.9304113
1476.10380683
1476.21804874
1476.24106686
1476.37517034
1476.68163642
1476.73263838
1476.83730062
1477.0184117
1477.22751519
1477.31077558
1477.46871112
1477.58053184
1477.77508614
1477.84362438
1477.90026827
1478.01596973
1478.31944688
1478.49191916
1478.61411972
1478.74787054
1478.95804874
1479.09583226
1479.10927648
1479.30976014
1479.44707224
1479.65489772
1479.80798227
1480.01039548
1480.17497753
1480.24880847
1480.40271964
1480.4983367
1480.6851322
1480.81502492
1480.87850416
1481.08500276
1481.2216687
1481.28329461
1481.37323179
1481.47844908
1481.61986529
1481.73736761
1482.05810189
1482.21299928
1482.29325101
1482.43424962
1482.61046868
1482.66541787
1482.76176218
1483.0076474
1483.09726133
1483.15448219
1483.37748472
1483.51187349
1483.60900671
1483.77708198
1483.93031714
1484.08651426
1484.20031915
1484.40347478
1484.52321214
1484.61140339
1484.71439691
1485.0379232
1485.14846495
1485.20823159
1485.43560015
1485.49191421
1485.67378142
1485.78022278
1485.94808611
1486.13354845
1486.22447928
1486.29135388
1486.44763262
1486.582789
1486.70069878
1486.90333897
1487.00200858
1487.20624844
1487.23244879
1487.47933787
1487.77774628
1487.81864167
1487.94081545
1488.07564407
1488.2207346
1488.27255638
1488.47949098
1488.66055952
1488.81402926
1488.98075008
1489.02686531
1489.19374956
1489.2838339
1489.40188959
1489.66887063
1489.79930364
1489.8737176
1490.08033489
1490.21245142
1490.32261328
1490.49179254
1490.56886417
1490.73661497
1490.86035258
1490.98768856
1491.13055481
1491.31665283
1491.54888648
1491.61463061
1491.71329018
1491.85964159
1492.01701352
1492.13081949
1492.27162533
1492.53073815
1492.59286868
1492.77229885
1492.82007684
1492.95714667
1493.09679887
1493.29528739
1493.42945459
1493.56506105
1493.71460108
1493.82817499
1493.92285534
1494.07638881
1494.15292247
1494.23880594
1494.38217067
1494.50380125
1494.64397581
1494.83798606
1495.01757199
1495.19491842
1495.37020484
1495.61139132
1495.7092631
1495.84169362
1495.9332759
1496.09265266
1496.22117675
1496.42017036
1496.56282568
1496.64158535
1496.79012248
1496.93593222
1497.12382122
1497.2819061
1497.45384304
1497.53938667
1497.66663236
1497.80756056
1497.95414006
1498.1045981
1498.2686194
1498.37104192
1498.5378801
1498.62275423
1498.70798679
1498.94151291
1499.12314451
1499.17590358
1499.31088606
1499.44718636
1499.59676431
1499.69539696
1499.9924007
1500.01379981
1500.23726757
1500.35744098
1500.49058592
1500.59349299
1500.74413502
1500.76444011
1501.01943521
1501.11028209
1501.30313214
1501.36009841
1501.49956956
1501.62390748
1501.93536038
1501.99349187
1502.14404336
1502.30924435
1502.46810231
1502.66568933
1502.76030935
1502.83056799
1503.00199051
1503.13973629
1503.18409679
1503.23560907
1503.57625677
1503.64308149
1503.8658089
1504.0336198
1504.21437639
1504.27288489
1504.32520946
1504.42227294
1504.65099281
1504.76635366
1504.97939473
1505.07270106
1505.16321451
1505.35157486
1505.55997707
1505.71610329
1505.80111981
1505.91011152
1506.11004257
1506.17268762
1506.34083882
1506.62069748
1506.65722098
1506.82403168
1506.92525637
1507.0149457
1507.23196833
1507.35184903
1507.49872487
1507.71163111
1507.87346501
1507.98079246
1508.10849876
1508.30727677
1508.40087509
1508.58135529
1508.75798014
1508.89573412
1509.00285335
1509.06782708
1509.13714795
1509.37770496
1509.44346054
1509.61127245
1509.78151632
1509.89096159
1510.01569782
1510.11142482
1510.28745771
1510.47493078
1510.59851713
1510.64065926
1510.77516972
1511.03594746
1511.12629671
1511.27349794
1511.42370908
1511.56517623
1511.75770029
1511.91650355
1511.94393173
1512.10837481
1512.32604566
1512.41481319
1512.52461357
1512.65912535
1512.85060868
1512.91485031
1513.12089277
1513.20439007
1513.35160438
1513.5193737
1513.65676264
1513.8691585
1513.95108507
1514.04581871
1514.31262729
1514.51807078
1514.54894535
1514.64651206
1514.78110091
1514.95038029
1515.19591051
1515.37483726
1515.53699417
1515.59384544
1515.83747194
1515.89499174
1516.03316694
1516.10212757
1516.15606846
1516.38156821
1516.51382265
1516.70113783
1516.80764023
1516.92946351
1517.05630615
1517.30176026
1517.33569809
1517.5553108
1517.64243099
1517.7354144
1517.90586224
1518.02290279
1518.14162774
1518.40632028
1518.49786839
1518.55013561
1518.71267936
1518.95281755
1519.03194803
1519.30521304
1519.42435115
1519.56286795
1519.7675122
1519.79735084
1519.95196941
1520.04096331
1520.16138155
1520.29365469
1520.43557797
1520.60728832
1520.67612399
1520.88930571
1521.01075437
1521.09010527
1521.29844524
1521.42392097
1521.62977776
1521.71994345
1521.89876093
1521.99428795
1522.08757656
1522.24598202
1522.34099714
1522.56537693
1522.6909721
1522.82195736
1522.9298532
1523.07052355
1523.24814779
1523.35281631
1523.51612859
1523.63311987
1523.84171978
1524.00074886
1524.15596133
1524.26443296
1524.54162597
1524.71269289
1524.81216617
1524.87833404
1525.0762134
1525.19750894
1525.29548901
1525.4032037
1525.61276589
1525.6535926
1525.78977368
1525.96031895
1526.13723543
1526.25865383
1526.44250761
1526.59015486
1526.67155318
1526.80858
1527.00990722
1527.17501964
1527.23653565
1527.35239547
1527.55095738
1527.72349103
1527.85935462
1527.93975379
1528.0707772
1528.24921023
1528.39486692
1528.49089967
1528.59804306
1528.69071398
1528.82937269
1529.02252703
1529.13992035
1529.30112298
1529.44389286
1529.59295324
1529.69542278
1529.89437997
1529.99913138
1530.1893245
1530.29471484
1530.42913969
1530.5562716
1530.75036288
1530.87714155
1531.0125006
1531.1656187
1531.32206141
1531.52800091
1531.70697511
1531.79940069
1531.85876978
1532.09067273
1532.13714277
1532.22879513
1532.50244726
1532.62352114
1532.74426913
1532.84122347
1533.00193388
1533.18011872
1533.28277895
1533.38005415
1533.52452275
1533.61459588
1533.83076638
1534.04591442
1534.22161024
1534.30192238
1534.53037192
1534.64290646
1534.74689428
1534.78268024
1535.018599
1535.13775335
1535.29784797
1535.38900338
1535.57757316
1535.6742542
1535.87898059
1536.01782897
1536.14394327
1536.29855073
1536.48536637
1536.56730637
1536.58975766
1536.7292554
1536.89614679
1537.11073312
1537.33228043
1537.47216981
1537.58039206
1537.71599725
1537.80413774
1537.890519
1538.14775199
1538.22172935
1538.27925959
1538.52017656
1538.64063104
1538.7985708
1538.97679294
1539.02907659
1539.1641955
1539.3317644
1539.38266858
1539.53795571
1539.77650792
1539.89428151
1539.99662198
1540.23837665
1540.31532558
1540.46800518
1540.61098678
1540.66592785
1540.76418067
1541.021498
1541.07513696
1541.22041929
1541.37121891
1541.61580217
1541.69814166
1541.95386831
1542.1363414
1542.2126648
1542.36468772
1542.53251015
1542.63310054
1542.83829148
1542.93203972
1543.09030221
1543.21650733
1543.3441042
1543.5277919
1543.56096105
1543.70462746
1544.01105684
1544.17503952
1544.21189817
1544.31650578
1544.3412722
1544.58231674
1544.75258598
1544.84800192
1545.08196446
1545.18919908
1545.24220434
1545.34811398
1545.44644001
1545.66156627
1545.78421958
1545.93935604
1546.07992065
1546.12130832
1546.41910238
1546.63857565
1546.70964767
1546.74155101
1546.92597635
1547.08084743
1547.33490621
1547.39701078
1547.52771867
1547.68023678
1547.87393358
1547.91966759
1548.11915787
1548.21443078
1548.38870166
1548.53383034
1548.64988224
1548.73385149
1548.87653737
1549.06240277
1549.2084508
1549.38851986
1549.4475715
1549.58905811
1549.67715399
1549.84076046
1550.0442636
1550.09450683
1550.34536911
1550.50086527
1550.61430083
1550.87211469
1550.98434157
1551.11207726
1551.25259568
1551.29906754
1551.51994826
1551.66094584
1551.83739508
1551.90994936
1552.01257245
1552.07889106
1552.23988396
1552.46333218
1552.63731254
1552.75224249
1552.84319292
1552.95033949
1553.17883585
1553.33671626
1553.49868522
1553.64674843
1553.89368805
1553.94682228
1554.13629139
1554.22568201
1554.28492553
1554.44583321
1554.67412848
1554.74377075
1554.87287674
1554.90980979
1555.17624724
1555.30891516
1555.48380989
1555.56873291
1555.68766473
1555.85003357
1556.0312362
1556.11064722
1556.25084976
1556.38405938
1556.49972489
1556.64652372
1556.74419094
1556.94907384
1557.00561525
1557.23083481
1557.31482589
1557.52189204
1557.58060704
1557.8376367
1557.87072287
1558.05950614
1558.16482043
1558.3358939
1558.49880834
1558.67048013
1558.75499012
1558.98158838
1559.04772923
1559.14577234
1559.31173718
1559.55735863
1559.71270755
1559.89358753
1559.94630162
1560.09179144
1560.21270421
1560.3528893
1560.61035097
1560.69200584
1560.74545125
1560.99058275
1561.11431914
1561.25902679
1561.29169677
1561.55028567
1561.62075673
1561.82762916
1561.94920036
1562.12511452
1562.22270164
1562.266631
1562.45975257
1562.63103854
1562.77289462
1562.8616387
1563.09816747
1563.17324062
1563.24549654
1563.40632368
1563.51578051
1563.8177245
1563.90946724
1564.15611191
1564.21235425
1564.32532322
1564.46353554
1564.48959746
1564.67397499
1564.80918292
1564.96411116
1565.16177427
1565.21426426
1565.35902484
1565.49603265
1565.70226517
1565.88360436
1565.98026086
1566.1687142
1566.39644975
1566.4770432
1566.62776847
1566.75657365
1566.88435049
1566.98475575
1567.13875819
1567.22382062
1567.2800793
1567.44956211
1567.6007332
1567.76371894
1567.90392284
1568.04059746
1568.19420843
1568.36025175
1568.45712369
1568.65446272
1568.79128046
1568.84865226
1569.09982543
1569.23072686
1569.31094941
1569.44301387
1569.65735884
1569.82098749
1570.06991327
1570.17324515
1570.21569041
1570.44531321
1570.5778185
1570.71150738
1570.79503782
1571.05993117
1571.13858858
1571.29978771
1571.42793433
1571.54545406
1571.60530142
1571.75922065
1571.94594803
1572.12572984
1572.19973086
1572.37454164
1572.47368977
1572.61066575
1572.71877242
1572.88474014
1572.97634081
1573.14051912
1573.26241633
1573.57388034
1573.62126649
1573.7890721
1573.92122688
1574.08960806
1574.17623329
1574.27695592
1574.46229897
1574.52525717
1574.65249296
1574.82531224
1574.91079147
1575.07969623
1575.26979321
1575.37519248
1575.52558277
1575.70254125
1575.81122098
1575.90357749
1576.14832364
1576.3092137
1576.43454202
1576.46291447
1576.61342973
1576.90922898
1577.0234407
1577.12554684
1577.2773096
1577.39324338
1577.51875291
1577.72039044
1577.88571178
1577.9933774
1578.08772267
1578.20789748
1578.31771719
1578.64792757
1578.82317919
1578.86853933
1578.95577308
1579.14704549
1579.32152787
1579.45311195
1579.54075793
1579.64593946
1579.7745187
1579.91749699
1580.11806307
1580.2592548
1580.44336029
1580.45881934
1580.66035947
1580.85138057
1580.89876128
1580.94907427
1581.05964345
1581.28689622
1581.51641459
1581.721504
1581.84286272
1582.00361091
1582.14824078
1582.25671154
1582.3189802
1582.54769162
1582.64637207
1582.7625357
1582.91932918
1583.02032469
1583.34007118
1583.44207379
1583.46928584
1583.6325066
1583.71761964
1583.80568685
1583.99773584
1584.08726756
1584.31847573
1584.44257292
1584.55770201
1584.63246148
1584.83943881
1584.91993552
1585.09433021
1585.30195745
1585.44147279
1585.57460789
1585.61855293
1585.75979205
1586.05537192
1586.13167689
1586.30218248
1586.34271953
1586.50718373
1586.64694219
1586.89409475
1587.00579268
1587.14369053
1587.26780237
1587.44293406
1587.50472758
1587.70755402
1587.80303494
1588.0508022
1588.20335454
1588.37538444
1588.42395758
1588.48929512
1588.78965393
1588.86099513
1588.97384459
1589.16018365
1589.306461
1589.46030296
1589.5820755
1589.7733181
1589.91908281
1589.95965301
1590.12226044
1590.23755499
1590.40106351
1590.60188014
1590.66500409
1590.88543199
1590.95457349
1591.08102522
1591.16542431
1591.34484965
1591.42841637
1591.50077459
1591.59773022
1591.88979933
1592.05862022
1592.24255944
1592.32813815
1592.48639546
1592.59560819
1592.72053275
1592.91115948
1593.03907148
1593.14603641
1593.28591006
1593.48825346
1593.73908995
1593.83256386
1593.92779769
1593.98467234
1594.1437126
1594.37433504
1594.48313187
1594.58331104
1594.67402564
1594.84118422
1594.86691447
1595.10877804
1595.29993486
1595.46317696
1595.63899201
1595.8010759
1595.86400947
1596.05822361
1596.17983122
1596.25417255
1596.40724532
1596.57550732
1596.65264182
1596.8769326
1596.98118048
1597.10885558
1597.1674742
1597.45830631
1597.62867969
1597.74311635
1598.00391405
1598.07471642
1598.20937367
1598.2387387
1598.41851734
1598.53330704
1598.62848364
1598.85736337
1599.01605171
1599.17745873
1599.25519363
1599.43531167
1599.54926176
1599.72373971
1599.78848035
1600.06451848
1600.13528498
1600.20067963
1600.43184498
1600.55840635
1600.63725825
1600.94495253
1600.99832477
1601.07967412
1601.16825511
1601.27570475
1601.34327415
1601.74730441
1601.82588036
1601.94773494
1602.1252306
1602.18529855
1602.38654779
1602.51040463
1602.56095282
1602.66421103
1602.86925139
1603.09675855
1603.19351205
1603.3299853
1603.42855655
1603.52996262
1603.69278936
1603.78408166
1603.87631116
1604.08191897
1604.18685834
1604.48042404
1604.57097891
1604.68336278
1604.86855747
1605.1209307
1605.19829893
1605.36262391
1605.62157988
1605.66820199
1605.7690127
1606.00049419
1606.18070379
1606.2333724
1606.35021295
1606.49154468
1606.65209984
1606.76029993
1606.91978473
1606.96201942
1607.18790983
1607.23686494
1607.42502295
1607.5427899
1607.61489012
1607.8958549
1608.03730912
1608.17439224
1608.20648394
1608.38517267
1608.60518917
1608.76444
1608.8768298
1609.00259707
1609.16103511
1609.28626065
1609.3905199
1609.57890208
1609.6054798
1609.70475442
1609.9248572
1610.05207213
1610.21038636
1610.40065522
1610.63104198
1610.7324384
1610.83243313
1610.96783859
1611.12142407
1611.16951343
1611.39694056
1611.46665605
1611.69003434
1611.77700306
1611.87321062
1612.02778661
1612.12031694
1612.33841434
1612.51656233
1612.68715988
1612.78318786
1612.93894823
1613.04802058
1613.2416258
1613.37094736
1613.4501877
1613.56813423
1613.71890875
1613.82624018
1614.09124792
1614.14602865
1614.28582074
1614.46492642
1614.59806894
1614.70198799
1614.91236651
1615.04165762
1615.184513
1615.35199026
1615.51609632
1615.61632799
1615.71891941
1615.99408089
1616.09703859
1616.17898373
1616.25241403
1616.52366687
1616.68208564
1616.80541046
1616.92429489
1617.00107624
1617.13288703
1617.28266177
1617.56447906
1617.66103203
1617.78522179
1617.89101032
1618.09298031
1618.14936391
1618.37550992
1618.44629483
1618.62229882
1618.65070172
1618.81693663
1618.9494509
1619.06931876
1619.26560333
1619.43246552
1619.46620151
1619.65753268
1619.82821682
1619.92235311
1620.1053354
1620.16849895
1620.25437885
1620.53800678
1620.67921874
1620.73442873
1620.89220739
1620.99357601
1621.22865725
1621.31923535
1621.52427102
1621.74787242
1621.84950269
1621.88713191
1622.11569508
1622.26028791
1622.36997021
1622.51198534
1622.6685678
1622.80175224
1622.89813106
1623.0200789
1623.16225364
1623.23473129
1623.41141815
1623.72345958
1623.82350008
1623.98923429
1624.0532973
1624.33502574
1624.43726856
1624.51570675
1624.71588799
1624.81604058
1624.85140834
1625.11593396
1625.25234517
1625.35267699
1625.45477541
1625.6680762
1625.79801116
1625.90944558
1626.06084796
1626.15310321
1626.32901787
1626.42731903
1626.62507679
1626.7192049
1626.79633596
1626.87197942
1627.10658032
1627.35924451
1627.41811679
1627.56243558
1627.75869038
1627.90555433
1628.03967426
1628.23648189
1628.31492387
1628.4506592
1628.63005855
1628.64659151
1628.85201601
1629.04584155
1629.21676039
1629.34452826
1629.43954135
1629.5504067
1629.72086826
1629.78683366
1629.99483994
1630.04232257
1630.1110101
1630.40580459
1630.46948033
1630.64681499
1630.79318353
1630.98963823
1631.07276045
1631.17219246
1631.29027987
1631.46653032
1631.54707789
1631.71688728
1631.87932718
1632.04057209
1632.18844606
1632.5317791
1632.62173574
1632.69945561
1632.76887453
1632.94002316
1633.11453087
1633.22530592
1633.31751396
1633.51797833
1633.67034009
1633.79614495
1634.03020472
1634.16187243
1634.34045264
1634.3995935
1634.55824651
1634.73468398
1634.83678258
1634.99802739
1635.03653369
1635.24916065
1635.30841198
1635.45994622
1635.66188095
1635.7484879
1635.88498632
1636.05242092
1636.15058404
1636.32988108
1636.44594703
1636.62560463
1636.73946191
1636.79635845
1637.08487112
1637.17986476
1637.33599095
1637.42005503
1637.64813421
1637.74011636
1637.82262612
1638.01429049
1638.16912815
1638.2928185
1638.36850719
1638.44824401
1638.55032917
1638.79854484
1638.95490055
1639.15356017
1639.24085338
1639.47612524
1639.53365347
1639.62234249
1639.8786027
1639.96527076
1640.07929514
1640.2467169
1640.54573656
1640.63155143
1640.6760898
1640.86366588
1640.92463426
1641.04746191
1641.24407521
1641.35672328
1641.58901374
1641.72383976
1641.82144405
1642.06960765
1642.08830983
1642.29092116
1642.44580753
1642.50407934
1642.69828354
1642.77329843
1642.93829683
1643.10656801
1643.17219487
1643.31621973
1643.45872919
1643.629823
1643.76425549
1643.86064971
1644.0847745
1644.33629664
1644.39020773
1644.61556992
1644.74278492
1644.87319247
1644.95889056
1645.13776073
1645.23869085
1645.37867915
1645.52366209
1645.63721434
1645.73843485
1645.92417061
1646.00836764
1646.19166248
1646.32765087
1646.39144068
1646.64315054
1646.72644322
1646.89845983
1647.01583795
1647.15804244
1647.26510787
1647.46791426
1647.61115166
1647.7500473
1647.88753558
1647.99007167
1648.14722731
1648.30435905
1648.47718048
1648.57720105
1648.62697304
1648.79420063
1648.90307804
1649.04132111
1649.23066443
1649.36511697
1649.48773863
1649.70679564
1649.7919862
1649.99431001
1650.0702121
1650.21690418
1650.3720394
1650.5783511
1650.72446631
1650.90227123
1651.09224405
1651.20498155
1651.29231899
1651.39149638
1651.53304975
1651.72610838
1651.98427747
1652.0478154
1652.18708919
1652.30410176
1652.38496231
1652.59600749
1652.7830257
1652.8889684
1652.93662724
1653.08648128
1653.17675262
1653.50007692
1653.55269641
1653.70264916
1653.7783028
1653.945915
1654.053784
1654.20181293
1654.36945667
1654.51251735
1654.58932478
1654.70475695
1654.91767853
1655.03113102
1655.103158
1655.34959779
1655.49958561
1655.61420999
1655.74438428
1655.89885457
1655.99007567
1656.22997324
1656.34229576
1656.49622451
1656.64855677
1656.82497691
1656.86802357
1657.06387256
1657.17626494
1657.36866506
1657.40699573
1657.62023346
1657.71929665
1657.9652557
1658.04462677
1658.24167704
1658.28759669
1658.35668015
1658.47942581
1658.63375588
1658.74757764
1658.91706343
1659.16422875
1659.2378298
1659.38936081
1659.51434871
1659.68178722
1659.99049795
1660.07053139
1660.18784925
1660.37267799
1660.42430724
1660.61520334
1660.73229417
1660.84478508
1660.99770876
1661.15340395
1661.29369779
1661.41151589
1661.50193837
1661.65988132
1661.9004501
1662.07171649
1662.19926515
1662.30984804
1662.4023154
1662.51838043
1662.64793628
1662.80193806
1662.94066887
1663.11769082
1663.22484117
1663.50938694
1663.63939567
1663.71917
1663.81037016
1664.00246487
1664.12537288
1664.35674395
1664.41382774
1664.53859557
1664.66110022
1664.81721428
1664.90654244
1664.99287325
1665.11479882
1665.27574985
1665.4436134
1665.57402884
1665.78100535
1665.84282476
1665.9523314
1666.13990436
1666.23321107
1666.53470897
1666.58920885
1666.74721861
1666.86380825
1666.99516264
1667.17577518
1667.1996335
1667.46412083
1667.57566524
1667.74093218
1667.89920381
1667.98474803
1668.20736268
1668.24067137
1668.48537283
1668.72863657
1668.80852152
1669.01048342
1669.12475839
1669.2267747
1669.28122094
1669.42470937
1669.53959178
1669.73742072
1669.95859553
1670.01448135
1670.13599882
1670.2539743
1670.47702322
1670.66720191
1670.81555033
1670.85153567
1671.01249582
1671.10898592
1671.31094989
1671.42144155
1671.57889486
1671.7268556
1671.86048284
1671.92388273
1672.14297398
1672.18178363
1672.44495566
1672.55126344
1672.58673283
1672.77936856
1673.05843516
1673.10988302
1673.31383412
1673.40403484
1673.49526818
1673.67603612
1673.80000657
1674.01165096
1674.11646528
1674.23235727
1674.37737034
1674.54856824
1674.61708524
1674.77903609
1674.99704716
1675.07066556
1675.20750177
1675.30141125
1675.40309538
1675.61329983
1675.74535069
1675.82738607
1676.13997569
1676.24465974
1676.41198558
1676.47476905
1676.60397918
1676.81047075
1676.90235364
1677.01754623
1677.13783779
1677.25031216
1677.43244909
1677.5230176
1677.6798941
1677.81258439
1678.13075461
1678.15962939
1678.26189809
1678.41862062
1678.56169931
1678.66726168
1678.92801814
1679.1252419
1679.27138964
1679.44379433
1679.54554842
1679.71330999
1679.85700407
1679.94288794
1680.15913783
1680.18171358
1680.32984352
1680.44956935
1680.63766624
1680.70339653
1680.85128896
1681.01960993
1681.15571064
1681.28238691
1681.39429593
1681.6569107
1681.73497537
1681.81927944
1682.01367639
1682.13201388
1682.2485119
1682.35685656
1682.48272524
1682.66910063
1682.77100088
1682.94608867
1683.00731736
1683.2193095
1683.48937503
1683.5138473
1683.68630807
1683.76725512
1684.00259765
1684.09370563
1684.26215573
1684.3389423
1684.51406834
1684.65007237
1684.77971801
1684.87526333
1684.9967785
1685.1530194
1685.33547728
1685.44653297
1685.64424382
1685.76526836
1685.9060412
1686.10403907
1686.20105755
1686.35189935
1686.52259098
1686.74564635
1686.80325231
1686.92336994
1687.10198549
1687.29168926
1687.36630315
1687.4940619
1687.61998184
1687.82512714
1687.90403326
1688.12443142
1688.20277752
1688.33224988
1688.48951465
1688.62760889
1688.79520673
1688.85602306
1688.99192831
1689.12310983
1689.40600168
1689.50164004
1689.58779916
1689.7702628
1689.85689251
1690.04657823
1690.10817763
1690.2797639
1690.43507379
1690.5418211
1690.79184816
1690.87787757
1691.10584817
1691.1699107
1691.3880963
1691.4507209
1691.57932913
1691.71658715
1691.84098256
1692.03195165
1692.15675397
1692.27780115
1692.44656907
1692.61218655
1692.72843548
1692.8446269
1692.97742966
1693.11973445
1693.20514951
1693.39408507
1693.45423204
1693.63763901
1693.75713616
1693.84429446
1694.06699812
1694.10152523
1694.36781831
1694.54024545
1694.60412886
1694.80020283
1694.92634721
1694.99663148
1695.1190318
1695.33740103
1695.46850365
1695.68657306
1695.80970377
1696.01344648
1696.14246387
1696.23091582
1696.41845636
1696.54853671
1696.69178235
1696.84164813
1697.05218042
1697.1659947
1697.28667038
1697.34616537
1697.51948569
1697.56005044
1697.77496514
1697.91033755
1698.08370274
1698.1895238
1698.35691586
1698.63239224
1698.68935183
1698.8332313
1698.93192673
1699.07453864
1699.19317094
1699.36085467
1699.42227917
1699.65372568
1699.69486584
1699.89501594
1700.08397532
1700.21195043
1700.26641269
1700.47956422
1700.5789984
1700.70173423
1700.8568175
1700.94082236
1701.03429944
1701.23315786
1701.31925391
1701.52522892
1701.63358024
1701.77108906
1702.01115703
1702.13313577
1702.36140296
1702.46803602
1702.62475064
1702.80272165
1702.89170737
1703.04713234
1703.10967245
1703.19110445
1703.37038683
1703.5188949
1703.62457597
1703.90621765
1704.00006424
1704.13635725
1704.21157097
1704.39981479
1704.49683046
1704.6152198
1704.71522713
1704.8563669
1705.08313309
1705.27074823
1705.43814354
1705.50368581
1705.75093123
1705.82907353
1705.97808707
1706.12547372
1706.22822511
1706.41970257
1706.56465425
1706.6577559
1706.8218701
1706.83983932
1707.06090983
1707.25867669
1707.33460822
1707.56564699
1707.71454004
1707.81310345
1707.95243341
1708.08928337
1708.21401345
1708.394754
1708.62135841
1708.67183849
1708.88248932
1708.92186157
1709.02678642
1709.196301
1709.32935208
1709.49387343
1709.56836237
1709.74773249
1709.79860836
1710.01818935
1710.16885472
1710.29933016
1710.51185607
1710.5620861
1710.73255074
1710.91559817
1711.05671552
1711.18633749
1711.27000172
1711.38499099
1711.56627258
1711.66261456
1711.80841373
1711.96781518
1712.10403644
1712.17007193
1712.2970646
1712.49987291
1712.71335434
1712.86248693
1712.95228396
1713.01200086
1713.32898844
1713.42572146
1713.52946355
1713.70557176
1713.81665763
1713.91179392
1714.06249303
1714.34685367
1714.46011074
1714.59633764
1714.79551294
1714.87815659
1714.99768449
1715.17703679
1715.35113436
1715.50715986
1715.6370059
1715.68505541
1715.95795538
1716.09613543
1716.154061
1716.20131803
1716.41603567
1716.52855202
1716.56854516
1716.76581554
1716.86483883
1717.05309874
1717.08268161
1717.28165264
1717.52670745
1717.69468294
1717.76091987
1717.97242855
1718.03934915
1718.22971081
1718.38800556
1718.42340032
1718.6359653
1718.76276959
1718.95550615
1719.18756866
1719.29665554
1719.33870496
1719.48435019
1719.59274502
1719.7019165
1719.88916899
1719.97870785
1720.19087763
1720.28806342
1720.49981716
1720.64292302
1720.7007011
1720.84550193
1721.01055301
1721.17009798
1721.23484618
1721.42796641
1721.51520726
1721.73101114
1721.8568237
1721.97869596
1722.05773457
1722.32002817
1722.50069276
1722.60859528
1722.68768199
1722.84838629
1722.97986962
1723.02286869
1723.2988672
1723.40470157
1723.56764584
1723.73249986
1723.84623493
1723.97623497
1724.09867154
1724.36339191
1724.49636065
1724.61702172
1724.68274419
1724.82680125
1724.96287186
1725.09565114
1725.2156841
1725.46685805
1725.58361539
1725.80414666
1725.90290823
1726.06601466
1726.2547402
1726.27111112
1726.42977746
1726.55518035
1726.71290904
1726.86328873
1726.95167153
1727.09284592
1727.19845106
1727.33787609
1727.4749882
1727.55781838
1727.78109703
1727.9511329
1728.15493651
1728.24750575
1728.33854579
1728.49174609
1728.64697047
1728.71791694
1728.98063647
1729.0218865
1729.16585592
1729.22334164
1729.27789215
1729.49025973
1729.76139524
1729.83483705
1729.96962679
1730.1854092
1730.34863415
1730.44717488
1730.61364293
1730.71584086
1730.91188694
1731.16298076
1731.23240056
1731.28155278
1731.48002975
1731.55587837
1731.69896063
1731.9126558
1731.96254402
1732.2377166
1732.37288898
1732.43473112
1732.62908106
1732.73568145
1732.89742791
1733.07510854
1733.13431949
1733.23500567
1733.48121918
1733.58181147
1733.68031161
1733.88198188
1734.0286307
1734.19830096
1734.27960499
1734.45187859
1734.62484797
1734.77313586
1734.86894351
1735.01612015
1735.14152885
1735.34563963
1735.44065076
1735.48544887
1735.56889147
1735.86315338
1735.92591646
1736.00586432
1736.34825595
1736.40780608
1736.51609774
1736.60963266
1736.78895881
1736.9062093
1737.13421967
1737.29894792
1737.46112553
1737.5635105
1737.63688072
1737.82662336
1738.00105618
1738.11910808
1738.18957732
1738.36906138
1738.5109504
1738.62431851
1738.80929321
1738.91270372
1739.06890074
1739.20847833
1739.2959273
1739.44368997
1739.57837708
1739.71752373
1739.83041011
1740.01153676
1740.07778786
1740.28347569
1740.40935296
1740.52027198
1740.75782848
1740.78662023
1740.98520503
1741.10069873
1741.37535689
1741.45615323
1741.64580707
1741.76987903
1741.94499793
1742.18701753
1742.28349403
1742.45669081
1742.51048516
1742.60800064
1742.76350525
1742.9217318
1743.07524189
1743.24443341
1743.30261928
1743.42780043
1743.58721168
1743.76404013
1743.86792063
1744.06188344
1744.16295746
1744.3558529
1744.42105517
1744.57030779
1744.71861171
1744.90243324
1744.97124405
1745.17390041
1745.23770108
1745.44205996
1745.53101896
1745.6700177
1745.77943536
1745.98698568
1746.10622422
1746.26299362
1746.35510212
1746.46569846
1746.60150389
1746.78946912
1746.90474645
1747.01758236
1747.35181317
1747.3978394
1747.50920304
1747.6668554
1747.74407408
1747.97312553
1748.10443181
1748.20682899
1748.40676142
1748.53557917
1748.6561859
1748.70483724
1748.78013397
1748.92931912
1749.27582751
1749.34254971
1749.47213929
1749.66790309
1749.76202701
1749.98493907
1750.10018694
1750.1666331
1750.43736257
1750.57435718
1750.66403712
1750.77971527
1750.89907726
1751.10712651
1751.19403976
1751.29143217
1751.5129333
1751.73187381
1751.78386198
1751.87438929
1751.92949306
1752.05085113
1752.25595054
1752.45663228
1752.63948035
1752.82104805
1752.96256085
1753.06078273
1753.18183767
1753.29346588
1753.38605404
1753.58651541
1753.7584819
1753.89300715
1754.00694238
1754.21135759
1754.48055856
1754.52500762
1754.68051546
1754.80784818
1754.92288376
1754.97935754
1755.08432823
1755.26910781
1755.3541843
1755.590585
1755.67837347
1755.82326077
1755.92304271
1756.09161119
1756.22824729
1756.38049427
1756.4215439
1756.57972978
1756.74637573
1756.93332183
1757.08951622
1757.21592557
1757.46658503
1757.53222033
1757.73336148
1757.7606709
1757.92241644
1758.03584455
1758.15771924
1758.37997982
1758.47622742
1758.65415388
1758.68717765
1758.92698834
1759.01826708
1759.18074072
1759.28442658
1759.41427924
1759.76915008
1759.84025206
1760.06716269
1760.18372848
1760.27735819
1760.38519816
1760.56732583
1760.65099162
1760.85764066
1761.00797699
1761.05955451
1761.2264845
1761.42377142
1761.48060703
1761.66817743
1761.82673018
1761.84925724
1762.11044056
1762.2073572
1762.35114089
1762.43895786
1762.67183843
1762.80193658
1762.94404749
1763.00456988
1763.09988106
1763.23332628
1763.39050199
1763.65282274
1763.69804164
1763.80696533
1763.91962572
1764.05288545
1764.28056135
1764.46218811
1764.66665131
1764.73169342
1764.89369291
1764.96890396
1765.13745753
1765.32136438
1765.36283063
1765.50937259
1765.71123325
1765.90573015
1766.01105289
1766.12959935
1766.33427655
1766.3991509
1766.58670666
1766.67726554
1766.83084168
1766.93271464
1767.11428004
1767.17434559
1767.39041567
1767.47038068
1767.64907044
1767.77233277
1767.93597341
1768.00637146
1768.16277925
1768.49120008
1768.55145894
1768.70151749
1768.79079481
1768.8527124
1769.02172338
1769.23063582
1769.35012228
1769.59204798
1769.71058456
1769.83719195
1769.99314695
1770.10011208
1770.27460138
1770.43898824
1770.54737479
1770.6812132
1770.80040532
1770.99873222
1771.09456448
1771.23569498
1771.39619588
1771.62354147
1771.68072378
1771.7428765
1771.83916099
1772.01934877
1772.19931199
1772.26643472
1772.42480467
1772.55834203
1772.85503556
1772.93848941
1773.11113172
1773.29607139
1773.38225073
1773.48148459
1773.60939352
1773.75645689
1773.89767948
1773.97835205
1774.01111657
1774.24521665
1774.42451266
1774.6043655
1774.68988595
1774.81304052
1775.04005175
1775.0942635
1775.20695259
1775.35579682
1775.44651779
1775.53564857
1775.75181477
1775.92773127
1776.13572519
1776.22494221
1776.39396904
1776.57436004
1776.77109992
1776.83791986
1777.02443505
1777.16817583
1777.39905395
1777.46008202
1777.56821436
1777.66832171
1777.93633598
1778.06868701
1778.12992875
1778.19074885
1778.3872028
1778.59230993
1778.65069214
1778.83847531
1778.97677337
1779.16373047
1779.34138617
1779.45812449
1779.52213565
1779.61530158
1779.77778521
1779.95005936
1780.13006781
1780.16957513
1780.33422663
1780.46331107
1780.67390806
1780.86052183
1780.95431484
1781.02573627
1781.17007869
1781.38140664
1781.5447097
1781.61468334
1781.7561808
1781.90153278
1782.12421273
1782.17330758
1782.41919432
1782.52294028
1782.67344395
1782.7394757
1782.89985794
1782.9949356
1783.15503524
1783.23841671
1783.42153526
1783.63190765
1783.78745307
1783.91089709
1784.036262
1784.26352448
1784.30989048
1784.37678833
1784.59596156
1784.75026467
1784.83074869
1784.91764713
1785.14494689
1785.17424796
1785.39622276
1785.54150458
1785.59796446
1785.75702637
1785.92442373
1786.21124864
1786.33388812
1786.54933235
1786.62196194
1786.72612807
1786.7766739
1786.95428188
1787.07051858
1787.22563737
1787.43084925
1787.54116404
1787.6791195
1787.86281435
1788.04146014
1788.16246546
1788.20510547
1788.54299055
1788.63737231
1788.79585576
1788.8747587
1789.04725241
1789.13039193
1789.25708388
1789.46700827
1789.61541252
1789.78091023
1789.86585243
1790.0143746
1790.1383178
1790.1965518
1790.39234318
1790.45623167
1790.63137172
1790.7688741
1790.95133713
1791.08272331
1791.16538004
1791.28207243
1791.43233268
1791.46096667
1791.76805045
1791.94632935
1792.02537709
1792.18923669
1792.31260627
1792.50182895
1792.65344903
1792.70539174
1792.89343023
1793.05635267
1793.22421484
1793.31049991
1793.36315763
1793.58839396
1793.72368935
1793.90352815
1794.02396151
1794.2091012
1794.33436015
1794.55170426
1794.63990617
1794.70965505
1794.82802874
1794.89831447
1795.10127034
1795.21873973
1795.41408183
1795.57839478
1795.78566219
1795.95592882
1796.04286104
1796.18100567
1796.26779989
1796.37941022
1796.70694802
1796.80956586
1797.02966378
1797.09267311
1797.16673496
1797.32476429
1797.41823822
1797.57634645
1797.66442649
1797.83652787
1797.90873264
1798.01186753
1798.2299068
1798.42108732
1798.4757612
1798.67538036
1798.83298734
1799.04210372
1799.10936297
1799.30424568
1799.51726732
1799.61792297
1799.67901533
1799.8439545
1799.94129228
1800.10792516
1800.25197616
1800.39461509
1800.5648244
1800.69335876
1800.83069778
1800.94922543
1801.07655141
1801.17733297
1801.37216771
1801.54503192
1801.63681659
1801.76893965
1801.95588181
1802.02478049
1802.21725336
1802.31709132
1802.39420446
1802.60888676
1802.73376578
1802.84730329
1803.04386659
1803.18131051
1803.24743713
1803.3627456
1803.54695948
1803.69161457
1803.76825776
1803.98957442
1804.113436
1804.34108171
1804.43617904
1804.6047738
1804.73599746
1805.0261298
1805.13516987
1805.24299028
1805.38171185
1805.51242931
1805.64269294
1805.72569774
1805.91726939
1806.11405283
1806.24332571
1806.37743454
1806.51565221
1806.59144336
1806.74811658
1806.95169645
1807.06931928
1807.14790493
1807.26836728
1807.34037767
1807.52023086
1807.72306285
1807.7642742
1808.0430838
1808.22953331
1808.32337319
1808.44315636
1808.54542972
1808.74705335
1808.7810198
1809.00783733
1809.15670747
1809.25057308
1809.39270238
1809.51866418
1809.60689275
1809.75760308
1809.93965569
1810.05746624
1810.1829098
1810.41097982
1810.58167605
1810.63231156
1810.77669447
1810.89278415
1811.02466746
1811.14141721
1811.40409581
1811.46673329
1811.6085495
1811.82001876
1812.00902685
1812.10749384
1812.26521242
1812.37462128
1812.52411699
1812.59541298
1812.72569106
1812.92230371
1813.14952234
1813.25781516
1813.31622607
1813.43983034
1813.57539076
1813.73560171
1813.89851533
1813.99994006
1814.21284468
1814.27417584
1814.54682054
1814.6041694
1814.70858431
1814.81394755
1815.04722327
1815.1625055
1815.35735713
1815.49974098
1815.64894643
1815.78532731
1815.94606578
1816.09546164
1816.22362045
1816.38549912
1816.53681766
1816.55992586
1816.7830255
1816.85661137
1817.01811686
1817.20209698
1817.3806652
1817.42143696
1817.60539124
1817.74933565
1817.88161379
1818.00287583
1818.09387163
1818.27337302
1818.4638955
1818.62435291
1818.75667127
1818.81490141
1818.93318466
1819.16481882
1819.25435581
1819.33137271
1819.46499399
1819.61463307
1819.86476032
1819.91827856
1820.12145055
1820.22811552
1820.30764827
1820.47173956
1820.70889981
1820.82217722
1820.87566105
1821.00045253
1821.16793173
1821.37874908
1821.46256423
1821.63104557
1821.71397561
1821.87436657
1822.10252912
1822.2343489
1822.36205516
1822.55334176
1822.59157082
1822.76966727
1822.90345178
1823.09843233
1823.31114734
1823.47194031
1823.50039419
1823.63694863
1823.86844068
1824.06710939
1824.12813296
1824.26152186
1824.32148983
1824.53943525
1824.68680695
1824.76777014
1824.90363155
1825.06765875
1825.24598478
1825.34090564
1825.44609581
1825.64940548
1825.81879876
1825.87613307
1826.0401102
1826.10887595
1826.36519679
1826.47248071
1826.5192029
1826.7259399
1826.83162899
1826.8733473
1827.13426511
1827.24081879
1827.37468369
1827.53909562
1827.70651171
1827.84866471
1828.04956897
1828.27485025
1828.39124605
1828.5482416
1828.65398671
1828.76290271
1828.88861913
1828.9909607
1829.10958164
1829.31507938
1829.43956905
1829.4831884
1829.59177472
1829.7313995
1829.83685444
1830.00742016
1830.24226473
1830.38907736
1830.50183395
1830.6062171
1830.87776829
1830.90311728
1831.01335175
1831.30586942
1831.42846568
1831.51331913
1831.64345401
1831.81121025
1831.87605981
1832.01035618
1832.2300005
1832.43626856
1832.56018397
1832.63722613
1832.88466887
1832.96090247
1833.1429648
1833.21198078
1833.39820961
1833.52063516
1833.63432401
1833.82128154
1833.98564691
1834.10286641
1834.15946195
1834.35872054
1834.52188061
1834.75320352
1834.8610132
1834.9099835
1835.1368565
1835.2679116
1835.36176802
1835.43428359
1835.65784384
1835.78275203
1835.92383301
1836.06818356
1836.26922308
1836.3333983
1836.4915585
1836.56434016
1836.71635303
1836.81121494
1837.01063844
1837.12493878
1837.29913983
1837.4048968
1837.49449535
1837.69295183
1837.79170623
1837.98483292
1838.08029524
1838.24356153
1838.38775325
1838.55036636
1838.64120165
1838.80758803
1838.947719
1839.13102809
1839.38229897
1839.40212322
1839.48439191
1839.74778759
1839.9433767
1839.95740888
1840.06940048
1840.19863037
1840.31499673
1840.5223628
1840.66700578
1840.89703166
1841.08439291
1841.17536409
1841.39617618
1841.46207511
1841.57914412
1841.73414007
1841.7841341
1841.9299677
1842.08578183
1842.1855334
1842.44728887
1842.57008867
1842.63444935
1842.75043691
1842.99915368
1843.04797752
1843.26344116
1843.33691853
1843.4774218
1843.7257043
1843.85133398
1843.93586786
1844.01462562
1844.29876651
1844.36398166
1844.59696375
1844.6416301
1844.75245542
1844.93806267
1845.06932151
1845.17428143
1845.40527143
1845.55170679
1845.59950311
1845.67426136
1845.84174383
1846.05958306
1846.23268365
1846.34316331
1846.54195381
1846.62299698
1846.6533062
1846.901843
1847.0376374
1847.13343216
1847.23672503
1847.45764887
1847.48424832
1847.82185472
1847.94306316
1848.08891943
1848.18947727
1848.35159156
1848.40218534
1848.53667173
1848.60189853
1848.71984638
1848.88719869
1849.06324835
1849.2496235
1849.37659559
1849.48765963
1849.63297517
1849.73488811
1849.93936708
1850.09996281
1850.28834092
1850.4658861
1850.60951935
1850.7317268
1850.96669745
1851.08272784
1851.19056348
1851.32926127
1851.42694666
1851.59852802
1851.76869058
1851.90562537
1852.0323036
1852.211544
1852.31381418
1852.38876386
1852.55618156
1852.79464093
1852.87111332
1852.93438745
1853.08518791
1853.17800372
1853.34659329
1853.55286301
1853.58192265
1853.73453014
1853.89721165
1854.03828488
1854.25287421
1854.41632579
1854.48434967
1854.61965335
1854.83784705
1854.9208302
1855.06284334
1855.14733541
1855.37326418
1855.44957139
1855.63082
1855.7770646
1855.83630987
1856.0177699
1856.0847902
1856.24343112
1856.41487641
1856.66022657
1856.81060219
1856.86287012
1857.09848884
1857.14472885
1857.37133741
1857.43758129
1857.54521865
1857.7602205
1857.91023843
1857.98584274
1858.12900829
1858.3085436
1858.3768499
1858.59479796
1858.6646716
1858.79752155
1859.05212083
1859.20009956
1859.35061609
1859.43431855
1859.55206578
1859.74132696
1859.921047
1860.06070311
1860.19323269
1860.29827562
1860.45305543
1860.53552964
1860.67941819
1860.93796029
1861.07145172
1861.13517975
1861.25786529
1861.40130229
1861.50565088
1861.60281404
1861.71925048
1861.95611228
1862.13422616
1862.31590182
1862.39555633
1862.60445693
1862.76129538
1862.92414871
1863.00054306
1863.20472614
1863.32693839
1863.40762887
1863.57630081
1863.60985169
1863.79982387
1863.87899494
1864.17944842
1864.24726092
1864.39920241
1864.47496891
1864.56248555
1864.85817685
1864.93749326
1865.09839449
1865.18368849
1865.33816551
1865.40290941
1865.56158082
1865.66547026
1865.76418861
1866.01352683
1866.17074951
1866.2562897
1866.33070388
1866.61984752
1866.76593093
1866.8813885
1867.01108873
1867.11109351
1867.3315675
1867.4534604
1867.57913341
1867.78247045
1867.96420063
1868.07656635
1868.24404951
1868.34304271
1868.45420267
1868.69866134
1868.76668329
1868.86585726
1869.02538651
1869.10937752
1869.26770404
1869.49852629
1869.6825093
1869.75943395
1869.86822681
1869.96916231
1870.22019473
1870.4074921
1870.49614181
1870.70799622
1870.82384538
1870.87905375
1871.05708682
1871.1317871
1871.28061209
1871.35576703
1871.5644147
1871.64177721
1871.79085588
1871.89545047
1872.04523038
1872.2544412
1872.47597333
1872.56083869
1872.64373637
1872.71694082
1872.913866
1873.10902935
1873.32609841
1873.39235382
1873.48738837
1873.67250772
1873.77589002
1873.86785737
1874.04107963
1874.30922057
1874.4432882
1874.52385478
1874.62566633
1874.89970463
1874.96826919
1875.10174059
1875.16851403
1875.27668328
1875.55817516
1875.61197746
1875.75045801
1875.89545522
1876.10453233
1876.1576386
1876.25039048
1876.4681832
1876.56044012
1876.75965608
1876.89569876
1877.01983035
1877.12245513
1877.19957088
1877.55253322
1877.62858207
1877.79009569
1877.91313706
1878.10208167
1878.23084095
1878.3768651
1878.44671576
1878.52955339
1878.69139038
1878.86257267
1879.03516518
1879.23331321
1879.39808798
1879.54625857
1879.71276709
1879.85410403
1879.91437229
1880.11898465
1880.18542046
1880.28395793
1880.45550802
1880.55553364
1880.73841705
1880.90375028
1881.04558582
1881.13542524
1881.23788517
1881.48861359
1881.56955493
1881.74612218
1881.75711745
1881.85134553
1882.16971617
1882.29754082
1882.40203076
1882.46797342
1882.66921772
1882.80057893
1883.0841254
1883.11628734
1883.27599052
1883.31882286
1883.48561998
1883.7100961
1883.76994472
1883.85004248
1884.12250374
1884.15544508
1884.33708352
1884.43354641
1884.58588812
1884.73193943
1884.88388895
1885.04816223
1885.12099138
1885.35305925
1885.4903901
1885.59327702
1885.85800607
1885.89885613
1886.1156297
1886.22442877
1886.44818072
1886.53641616
1886.77393713
1886.95205919
1887.07644639
1887.12678508
1887.26905544
1887.35832
1887.44153516
1887.53231142
1887.74130099
1887.86492763
1888.10261349
1888.31831833
1888.34804397
1888.46259354
1888.53772602
1888.77478883
1888.91285548
1889.03880589
1889.1462551
1889.26920458
1889.35398856
1889.60521768
1889.72438613
1889.85357988
1890.05462132
1890.14543178
1890.4071391
1890.48178041
1890.65995693
1890.72635057
1890.91393104
1891.08153196
1891.12788805
1891.24537113
1891.43078205
1891.51281699
1891.70092482
1891.8712278
1892.01794162
1892.15312869
1892.34886195
1892.4043669
1892.49965781
1892.57035636
1892.87909011
1892.99384481
1893.12049174
1893.25546572
1893.37814524
1893.43288663
1893.58421544
1893.84437499
1893.8843656
1894.05987331
1894.16960805
1894.40105841
1894.51729757
1894.67553648
1894.76059009
1894.98142695
1895.07315983
1895.25762661
1895.34922289
1895.45541174
1895.54206251
1895.7482095
1895.84373622
1896.12221252
1896.32254978
1896.37176456
1896.64335128
1896.73161808
1896.9273673
1897.02840542
1897.13351256
1897.19148355
1897.29730229
1897.60351239
1897.7070942
1897.76470287
1897.94785133
1897.98914205
1898.19438693
1898.35904907
1898.48551021
1898.71833271
1898.82341007
1898.95815063
1899.13221812
1899.22384281
1899.30586481
1899.45548329
1899.59125745
1899.82448693
1899.94428703
1900.06593091
1900.09975043
1900.16608606
1900.42471036
1900.5457211
1900.61567032
1900.74621701
1900.85646429
1901.05159567
1901.21963466
1901.48222953
1901.58693696
1901.74767537
1901.81267775
1901.98903146
1902.16019777
1902.33363224
1902.47385334
1902.54007367
1902.7132293
1902.84345658
1902.94780173
1903.09113807
1903.27515836
1903.41260936
1903.5782732
1903.70003736
1903.79632858
1904.00614979
1904.07051896
1904.14864929
1904.3951308
1904.54384743
1904.64811434
1904.87099188
1904.97542664
1905.08644481
1905.21692882
1905.46836408
1905.53990289
1905.74493877
1905.85226365
1905.97230009
1906.12399617
1906.19247431
1906.44848269
1906.49894768
1906.63373124
1906.91558478
1906.94867544
1907.12539541
1907.15844142
1907.37093884
1907.495721
1907.63780315
1907.7777912
1907.87058777
1908.03125141
1908.25938895
1908.32133892
1908.47189081
1908.58679666
1908.79199969
1908.93915314
1909.12512982
1909.20300202
1909.40400855
1909.49108742
1909.59936722
1909.82703889
1909.96596198
1910.10881384
1910.20091546
1910.3228841
1910.39925613
1910.49451581
1910.65382897
1910.90882125
1910.945358
1911.08295855
1911.30344018
1911.37446587
1911.51950487
1911.67528185
1911.73253855
1911.95265385
1912.06457599
1912.27324512
1912.39532476
1912.57856549
1912.68372299
1912.84374661
1912.94676807
1913.04994623
1913.11970498
1913.38587231
1913.63354994
1913.69668929
1913.92946689
1914.03997897
1914.2188731
1914.32638923
1914.42889659
1914.59362341
1914.75086607
1914.97440671
1915.09790196
1915.25232393
1915.2846211
1915.41867493
1915.53106265
1915.6506837
1915.77872257
1915.96109327
1916.05494738
1916.23153323
1916.36329778
1916.59560335
1916.74972653
1916.81576026
1916.97161151
1917.08208803
1917.22125365
1917.2696454
1917.39603279
1917.55704781
1917.76484932
1918.02058047
1918.11114068
1918.24680065
1918.35988751
1918.39578434
1918.57956664
1918.75748022
1918.87946009
1919.06725276
1919.14409764
1919.44038708
1919.52011881
1919.65497706
1919.72209636
1919.81273813
1919.98744638
1920.11093058
1920.30759957
1920.50579544
1920.54644241
1920.71432553
1920.8451651
1920.94308046
1921.18100747
1921.29422199
1921.49022187
1921.62528956
1921.71273976
1921.84770572
1921.96573259
1922.15793358
1922.3102402
1922.46601771
1922.63973371
1922.72617377
1922.91847837
1923.00885947
1923.10068216
1923.23999037
1923.40434988
1923.59780185
1923.73374338
1923.81738635
1923.90188636
1924.08942898
1924.25632743
1924.3678649
1924.52850103
1924.71224789
1924.90533451
1925.05895455
1925.17961628
1925.36141043
1925.41845784
1925.64976119
1925.76069171
1925.85146417
1926.02992966
1926.17910592
1926.2755275
1926.38243482
1926.55002063
1926.75666295
1926.85560334
1926.92207562
1927.02483816
1927.23731405
1927.33902192
1927.44619531
1927.63380726
1927.74552573
1927.81136746
1928.01724282
1928.203614
1928.36770996
1928.56057543
1928.66259007
1928.84580118
1928.88745224
1928.99807035
1929.12585398
1929.24633163
1929.41911544
1929.62933737
1929.67969553
1929.80120169
1929.97264562
1930.15913477
1930.32359542
1930.45512982
1930.53023108
1930.71764211
1930.86710459
1931.00378701
1931.26252171
1931.35129631
1931.47063986
1931.63670906
1931.75193096
1931.91372297
1932.05722181
1932.1553289
1932.34973676
1932.44192473
1932.57958925
1932.73735877
1933.02687627
1933.09535301
1933.2559247
1933.3411039
1933.44163441
1933.64955951
1933.7355238
1933.85033126
1933.92069689
1934.17897504
1934.24395047
1934.44411702
1934.62705048
1934.71539643
1934.86505156
1934.93751605
1935.1316861
1935.17252719
1935.37597411
1935.53548176
1935.6719309
1935.76348198
1935.98701594
1936.05364054
1936.26887195
1936.38981613
1936.49991903
1936.65568277
1936.79629987
1936.9988212
1937.13472609
1937.24018209
1937.40853794
1937.60415027
1937.62715865
1937.73217784
1937.97766265
1938.11695788
1938.26689727
1938.35710456
1938.51504522
1938.59875231
1938.79634675
1938.95273696
1939.00670983
1939.21083262
1939.28171753
1939.48007046
1939.53543805
1939.72356115
1939.82345893
1939.94199104
1940.0822654
1940.22070554
1940.28223331
1940.56090374
1940.83035032
1941.03174023
1941.11464744
1941.28173113
1941.41300327
1941.4986712
1941.59989035
1941.77759878
1941.87948296
1942.12280202
1942.24915815
1942.36672002
1942.49208935
1942.60224572
1942.72776327
1942.90290378
1942.9535226
1943.0979686
1943.38281617
1943.5711561
1943.67635648
1943.7139792
1943.86496614
1944.00003946
1944.17709848
1944.30165651
1944.56259291
1944.59911266
1944.67312038
1944.81884147
1944.97696664
1945.14848724
1945.18475475
1945.44794941
1945.55977343
1945.70280023
1945.84235657
1946.03071227
1946.10821493
1946.20714798
1946.39133101
1946.4857222
1946.56294081
1946.71059097
1946.92397108
1946.98169699
1947.17149256
1947.31918539
1947.48383434
1947.65547789
1947.74231109
# BLOCK index=1e22 offset=1370919909931995300000
8226.68016095
8226.77659152
8226.94593324
8227.16707942
8227.28945453
8227.45742387
8227.55600131
8227.71882545
8227.80388039
8227.98526449
8228.12614756
8228.25881586
8228.38744704
8228.53069105
8228.72920315
8228.82462962
8228.94497148
8229.12603661
8229.25487358
8229.31039517
8229.52185359
8229.61327571
8229.86377053
8229.91154359
8230.08047109
8230.13327387
8230.30724464
8230.37762777
8230.50189395
8230.64987427
8230.79161248
8230.95662389
8231.10059326
8231.18088517
8231.36004256
8231.50182201
8231.64081649
8231.78563334
8231.86387933
8231.96271981
8232.14060993
8232.26979168
8232.34468908
8232.4844757
8232.67955895
8232.78136311
8233.00188554
8233.02615083
8233.2021971
8233.27913598
8233.42100089
8233.59855128
8233.70075721
8233.77312214
8234.00547962
8234.14804428
8234.23282472
8234.34392755
8234.45223442
8234.68664765
8234.85373508
8234.95460582
8235.06761869
8235.2131628
8235.27938275
8235.46753483
8235.58171005
8235.70381123
8235.94446292
8236.03286934
8236.15696726
8236.27659027
8236.47390946
8236.53809935
8236.7589654
8236.9192373
8237.00835353
8237.11329345
8237.33825268
8237.50748007
8237.65163268
8237.74833782
8237.81066482
8237.89001616
8237.96441085
8238.09273559
8238.22145942
8238.43063785
8238.51580757
8238.57201014
8238.74087086
8238.93840916
8239.12127922
8239.35667369
8239.4686352
8239.5950787
8239.72232236
8239.80398772
8239.90080933
8240.13959105
8240.22174068
8240.29995598
8240.42868194
8240.55970517
8240.77519213
8240.88456883
8241.00540182
8241.20467214
8241.27323425
8241.41057024
8241.54666207
8241.71830747
8241.77347503
8241.93388125
8242.05043628
8242.09565129
8242.3787355
8242.44485812
8242.56420665
8242.71808416
8242.80756014
8242.9771252
8243.09755986
8243.28564398
8243.3335023
8243.54623461
8243.56601513
8243.87936915
8243.97374131
8244.00501634
8244.18837018
8244.34571675
8244.45191745
8244.51051512
8244.74582089
8244.80274105
8245.01270024
8245.10257637
8245.21297696
8245.34298344
8245.45381889
8245.6960362
8245.75213267
8245.85991531
8246.17420563
8246.31507217
8246.44022645
8246.56153796
8246.71495834
8246.77262926
8246.89978939
8247.11354517
8247.27218089
8247.36028863
8247.46209896
8247.64016211
8247.75209015
8247.89640993
8248.00280998
8248.20214391
8248.25774425
8248.39409974
8248.55180696
8248.64343759
8248.81364759
8248.8462391
8248.99705025
8249.13709877
8249.30094392
8249.4621635
8249.58966022
8249.73849358
8249.85249168
8250.05501047
8250.09424313
8250.18688067
8250.34830092
8250.52114948
8250.59608191
8250.68052446
8250.83905094
8250.97380045
8251.17731745
8251.27696303
8251.43393903
8251.59631829
8251.65183611
8251.850288
8251.97825701
8252.25810672
8252.34089183
8252.37397721
8252.51249417
8252.65242754
8252.74860339
8253.02157853
8253.04935783
8253.20469791
8253.31584839
8253.41690864
8253.5769455
8253.76271082
8253.8719412
8253.94792987
8254.11882
8254.16262689
8254.40122324
8254.45653045
8254.64242551
8254.80066899
8254.90392525
8255.08629937
8255.21481166
8255.43501403
8255.63173835
8255.65950085
8255.70333421
8255.88290709
8256.01940392
8256.27190986
8256.28944592
8256.39698294
8256.6087488
8256.76480663
8256.82673217
8256.93424481
8257.04779437
8257.28134324
8257.34509368
8257.48980478
8257.67428968
8257.76647378
8257.85037199
8258.12293871
8258.22092205
8258.27740688
8258.41017565
8258.57821072
8258.71363058
8258.77919807
8258.98445344
8259.18010731
8259.33077278
8259.45040527
8259.53693208
8259.71699332
8259.78343601
8259.92931621
8260.04254772
8260.1275865
8260.32920779
8260.38331155
8260.60340061
8260.74026708
8260.81796169
8260.93146409
8260.98855332
8261.20075051
8261.37572964
8261.41704749
8261.56145553
8261.7535512
8261.91228521
8261.96512425
8262.07310802
8262.22159577
8262.33786657
8262.48473108
8262.78605677
8262.88462381
8262.92394332
8263.04208371
8263.2872442
8263.44814871
8263.59351788
8263.7263839
8263.89279894
8264.01820627
8264.08036616
8264.28623436
8264.45181688
8264.46649033
8264.57291908
8264.66780312
8264.87654945
8265.05829061
8265.2496423
8265.30636697
8265.4087501
8265.57989866
8265.68390997
8265.90240305
8265.98056245
8266.11345526
8266.21978642
8266.33568352
8266.59117592
8266.62202317
8266.70284448
8266.86195397
8267.03119449
8267.2577116
8267.27006036
8267.37781827
8267.57956806
8267.62465719
8267.71906941
8267.89463162
8268.11371101
8268.26830871
8268.33879259
8268.36829238
8268.69138
8268.7922816
8268.93288638
8269.13230421
8269.21854691
8269.25559621
8269.4366516
8269.54451204
8269.69340775
8269.79787435
8269.93159064
8270.06527947
8270.20789844
8270.26691187
8270.48612697
8270.66843693
8270.82818683
8270.86298074
8271.11416482
8271.20181582
8271.27756077
8271.3678053
8271.58221502
8271.7635722
8271.83406162
8271.97167256
8272.11837544
8272.18254542
8272.25803905
8272.45721815
8272.69624651
8272.78195437
8272.92684374
8272.97700129
8273.14256594
8273.33551192
8273.46000304
8273.66236481
8273.7752571
8273.91723402
8273.9522179
8274.06115696
8274.29521379
8274.41611039
8274.43586253
8274.70392025
8274.84286422
8274.93167021
8275.15909767
8275.27864409
8275.36588787
8275.64420542
8275.74146378
8275.82398941
8275.94632513
8276.06507632
8276.16442552
8276.35995193
8276.4227549
8276.55126634
8276.68294759
8276.80968453
8276.88402018
8277.11409556
8277.19355515
8277.35713065
8277.44400394
8277.58098646
8277.63906209
8277.85838434
8277.9582078
8278.1514708
8278.20750524
8278.38111401
8278.57550526
8278.71467965
8278.85392011
8278.97280421
8279.08241187
8279.1770148
8279.29797632
8279.4709228
8279.61634633
8279.7880859
8279.91322212
8279.9789242
8280.09036136
8280.28089868
8280.39860013
8280.49174394
8280.66050414
8280.67110295
8280.90952944
8281.061229
8281.21430594
8281.53554993
8281.59755022
8281.64810945
8281.74217244
8281.91937665
8282.05428404
8282.21535008
8282.44034857
8282.51793077
8282.56738219
8282.73725842
8282.857105
8283.01290725
8283.1888014
8283.31850799
8283.41863873
8283.50302148
8283.68777133
8283.8594635
8283.93255368
8284.10261677
8284.23301524
8284.3284959
8284.48346241
8284.58554807
8284.6868386
8284.84137053
8285.02590175
8285.08161624
8285.18264441
8285.19899109
8285.62647282
8285.68000692
8285.82626251
8285.9204326
8286.0605525
8286.20541985
8286.41224798
8286.55269296
8286.73185449
8286.81998422
8286.92948988
8286.99915727
8287.05060638
8287.24408633
8287.35623412
8287.51985471
8287.66408952
8287.91142685
8287.93849605
8288.09553037
8288.24142811
8288.36381591
8288.48472846
8288.64397496
8288.72056092
8288.85443979
8288.95525018
8289.09305111
8289.22912268
8289.37833309
8289.54072865
8289.6203075
8289.72103304
8289.83583457
8290.08350979
8290.18027578
8290.33980493
8290.45588001
8290.51079871
8290.74818559
8290.89753399
8291.08821923
8291.10876738
8291.28315809
8291.53939842
8291.63096791
8291.79795786
8291.89260028
8292.06067428
8292.19247656
8292.25391179
8292.36726951
8292.57100176
8292.65904264
8292.82625015
8292.99442559
8293.12263834
8293.25943601
8293.32039992
8293.4523841
8293.51556886
8293.72359204
8293.82501737
8294.00417538
8294.12154004
8294.31780358
8294.42563815
8294.57020492
8294.6630985
8294.8096803
8294.95459146
8295.12558673
8295.27440875
8295.33548477
8295.52404754
8295.58905928
8295.68404905
8295.82525269
8296.01654122
8296.05348659
8296.21980677
8296.31802788
8296.46125431
8296.57831989
8296.7254413
8296.78302581
8297.00312319
8297.24702169
8297.29259202
8297.44934252
8297.6490837
8297.72916634
8297.88175281
8298.03750751
8298.16395182
8298.20723117
8298.45657361
8298.58868904
8298.69133152
8298.81393416
8298.84183354
8299.13121729
8299.24917139
8299.42289659
8299.4953723
8299.62834823
8299.73470437
8299.85608817
8299.99800108
8300.14540907
8300.22527387
8300.44480535
8300.5744556
8300.72175332
8300.80203138
8300.97008757
8301.10034521
8301.27535174
8301.41822188
8301.49859728
8301.66816583
8301.73646767
8301.91118217
8302.06873273
8302.14791987
8302.34232316
8302.46622897
8302.56057249
8302.77096271
8302.8317311
8303.0285097
8303.18937473
8303.20308659
8303.40638874
8303.50849877
8303.67822067
8303.81582499
8303.94633514
8304.10366995
8304.22522272
8304.31582956
8304.3787369
8304.59124999
8304.74182476
8304.86526841
8305.01857787
8305.09878101
8305.2315209
8305.46127932
8305.53333983
8305.6978062
8305.7981631
8305.87571141
8306.01169445
8306.2349731
8306.30816902
8306.49058705
8306.55191536
8306.66624433
8306.70773426
8306.9116545
8307.10279135
8307.23878459
8307.4040868
8307.45868318
8307.54920405
8307.80770363
8307.98675449
8308.11895288
8308.17641191
8308.32450984
8308.42183323
8308.53337481
8308.68961898
8308.72255615
8308.97503179
8309.1741951
8309.23071446
8309.40661482
8309.56686747
8309.79612323
8309.90422222
8310.00412275
8310.16688189
8310.33998054
8310.39442662
8310.48316859
8310.74665463
8310.92848361
8310.99817349
8311.11038243
8311.22680457
8311.29213652
8311.4656758
8311.54899781
8311.67149607
8311.71785508
8311.97812883
8312.15057747
8312.26054302
8312.32850075
8312.49062266
8312.64068633
8312.81998944
8312.89095835
8312.99187903
8313.1285536
8313.19866137
8313.28181091
8313.5920298
8313.7232152
8313.86886956
8313.93858976
8314.17288177
8314.28662438
8314.37718191
8314.51199536
8314.63302659
8314.69364303
8314.87886351
8315.10371234
8315.24718601
8315.32274799
8315.52743798
8315.61198055
8315.68964262
8315.907713
8316.01409275
8316.07707118
8316.19240867
8316.34795213
8316.44752194
8316.64822681
8316.72870796
8316.76456622
8316.94692615
8317.10711791
8317.3544879
8317.45632425
8317.65883814
8317.77532586
8317.88745818
8318.05573592
8318.21164031
8318.33124132
8318.41390671
8318.55370556
8318.63794831
8318.80456426
8318.90900261
8319.03095911
8319.17683874
8319.30221676
8319.43434366
8319.6758903
8319.82035642
8319.87934358
8320.06133955
8320.18969726
8320.24410089
8320.39723394
8320.53117134
8320.67683
8320.81820058
8321.04741081
8321.2243279
8321.32747307
8321.47304559
8321.55272842
8321.69940349
8321.76875934
8321.88742369
8322.01258837
8322.15106562
8322.22706636
8322.34530536
8322.70499967
8322.79219345
8322.87597113
8323.01407135
8323.04321184
8323.20385258
8323.34882608
8323.4976852
8323.61264892
8323.70892377
8323.84327014
8323.99169602
8324.16534659
8324.36712677
8324.40840335
8324.48135807
8324.67899094
8324.70637512
8324.91247996
8324.97796649
8325.24073888
8325.34977832
8325.42680653
8325.64300228
8325.71243714
8325.92142963
8326.02830438
8326.12018244
8326.32814252
8326.49262505
8326.60233586
8326.74308989
8326.88574
8326.98570184
8327.13574272
8327.32587295
8327.43574043
8327.50256874
8327.72708774
8327.84618834
8327.97546268
8328.11235958
8328.26380321
8328.39787636
8328.43655009
8328.61444001
8328.72025728
8328.8538562
8329.03071529
8329.16866456
8329.29676427
8329.41400847
8329.5886173
8329.71111186
8329.79756105
8329.93998506
8330.06134938
8330.17287618
8330.36430052
8330.51276202
8330.7215868
8330.78768957
8330.94948828
8330.98408469
8331.12465742
8331.25567227
8331.39204423
8331.50773813
8331.59958767
8331.81566962
8332.00318198
8332.07680538
8332.24595689
8332.28342746
8332.43232812
8332.60854215
8332.71794467
8332.9671941
8333.07143692
8333.19428837
8333.26956754
8333.4617637
8333.57391038
8333.69025174
8333.86465897
8334.01041352
8334.11257042
8334.23873827
8334.34266959
8334.51625413
8334.66214775
8334.70053534
8334.85567874
8334.99624554
8335.13051683
8335.24540143
8335.37971599
8335.51347199
8335.62703944
8335.77545235
8335.94304389
8336.02454337
8336.17298098
8336.31030567
8336.47972942
8336.60317712
8336.89061709
8336.96704918
8337.08305807
8337.1844957
8337.36965627
8337.58957686
8337.66555291
8337.86521142
8337.92698409
8338.12024452
8338.19511
8338.23424274
8338.32954174
8338.53090919
8338.70408215
8338.88962023
8338.95521515
8339.03643742
8339.20827889
8339.35265728
8339.52796541
8339.60397319
8339.85887904
8339.91600023
8340.05685949
8340.14928034
8340.3288775
8340.35397423
8340.51207806
8340.66689161
8340.75206087
8340.83307348
8341.00963902
8341.08926611
8341.43442601
8341.4697028
8341.72196878
8341.77019457
8341.91888614
8342.00667589
8342.13181845
8342.23120554
8342.34707719
8342.492294
8342.59544655
8342.73652485
8342.8698828
8343.03571144
8343.18823733
8343.37039229
8343.49460041
8343.63220858
8343.80392034
8343.8485254
8343.965634
8344.21094204
8344.28216134
8344.41878023
8344.51929733
8344.73754498
8344.8200193
8345.02536482
8345.06097292
8345.20773145
8345.29311988
8345.50368447
8345.74600508
8345.88643704
8345.98263634
8346.10235564
8346.17819166
8346.25094622
8346.4380746
8346.65653485
8346.81911617
8346.94545543
8346.97690745
8347.08335602
8347.28672491
8347.37023435
8347.50630581
8347.61937109
8347.74957329
8347.93761202
8348.08989332
8348.17439391
8348.29335142
8348.39087684
8348.50728032
8348.62824533
8348.86699535
8349.02544872
8349.17693529
8349.30395031
8349.46320785
8349.63752306
8349.76075279
8349.87607642
8349.96328399
8350.13870785
8350.28549348
8350.36012574
8350.47059197
8350.60458061
8350.73702312
8350.8906496
8350.95274122
8351.09621641
8351.26137618
8351.35128259
8351.42730149
8351.59958914
8351.77932331
8351.90825094
8352.01936537
8352.13385766
8352.27996796
8352.55410789
8352.66322857
8352.71285539
8352.87099015
8353.0096672
8353.03915554
8353.29867367
8353.37498504
8353.47926578
8353.64757036
8353.76906214
8353.86848916
8354.00704197
8354.23291649
8354.31570754
8354.55682681
8354.64376162
8354.82895488
8355.01271176
8355.10921416
8355.1987946
8355.25843928
8355.42403296
8355.63166549
8355.69999578
8355.84255422
8355.98659418
8356.18471053
8356.24546066
8356.40620869
8356.53892366
8356.75676327
8356.8840806
8356.9976996
8357.11727905
8357.26585022
8357.30562597
8357.48583918
8357.58040946
8357.70845182
8357.90639425
8357.99541365
8358.09341289
8358.24051527
8358.35537648
8358.51147664
8358.58399112
8358.70373398
8358.88229225
8358.98462216
8359.09988228
8359.34972819
8359.43648372
8359.54738721
8359.75495006
8359.91258397
8359.96508035
8360.10526987
8360.22238442
8360.39867775
8360.54081704
8360.61996103
8360.75282748
8360.88431206
8361.06751844
8361.24924638
8361.29582565
8361.56380676
8361.64540071
8361.70987742
8361.92006507
8361.97887799
8362.05248459
8362.27576179
8362.42126188
8362.46279136
8362.6676295
8362.8481049
8362.92300545
8363.0418219
8363.18462392
8363.40533797
8363.4630066
8363.57619079
8363.78989776
8363.83570043
8363.94345267
8364.16932686
8364.35031403
8364.43155273
8364.53169834
8364.66907712
8364.87150299
8364.97968713
8365.12047593
8365.20072319
8365.39964511
8365.53405378
8365.7363925
8365.80439719
8365.91695676
8365.9948745
8366.24143293
8366.30720086
8366.57064732
8366.63616775
8366.72347476
8366.82582899
8367.03591833
8367.07603409
8367.19351708
8367.37310075
8367.50319315
8367.58853746
8367.83112188
8367.92423799
8368.06620592
8368.28283632
8368.34192456
8368.38993734
8368.56613874
8368.66399122
8368.82348791
8369.03920892
8369.16777004
8369.26991301
8369.43209066
8369.46395634
8369.58893241
8369.75127298
8369.97959718
8370.02144392
8370.15932172
8370.33654894
8370.39374668
8370.49976423
8370.68339214
8370.75080284
8370.82465047
8371.00276024
8371.19359852
8371.40546501
8371.4206855
8371.56903141
8371.77973231
8371.95371898
8372.08812306
8372.21439498
8372.37432653
8372.55191448
8372.6547921
8372.702294
8372.96133298
8373.12266238
8373.21339681
8373.33524821
8373.48382326
8373.65524169
8373.80578882
8373.88323671
8373.98964935
8374.07515932
8374.19474989
8374.35159806
8374.45117036
8374.63764734
8374.74228451
8374.8634278
8374.98241516
8375.13424777
8375.34529745
8375.46427025
8375.57545759
8375.69798646
8375.80176142
8375.97753281
8376.03820592
8376.22326458
8376.40979151
8376.5485158
8376.68918013
8376.73932684
8376.88398037
8377.09606348
8377.12070781
8377.21959215
8377.36074274
8377.53176118
8377.71798366
8377.83237541
8378.02540546
8378.06856722
8378.25714965
8378.44005524
8378.50945947
8378.61920254
8378.81746303
8378.93475128
8379.05214843
8379.15935321
8379.25595553
8379.41955445
8379.52771364
8379.69401256
8379.79492846
8380.10377613
8380.17288411
8380.22260725
8380.3791371
8380.42989982
8380.53117477
8380.6827
8380.78466507
8381.00673991
8381.23423898
8381.37698544
8381.52059162
8381.64642698
8381.77060895
8381.86329982
8381.97721195
8382.11891479
8382.28828335
8382.36120507
8382.4066365
8382.7778468
8382.83122283
8382.91010711
8383.05146112
8383.17200823
8383.34120893
8383.44301404
8383.70576631
8383.82936743
8383.97690582
8384.11182669
8384.21795218
8384.33872827
8384.4415509
8384.62880917
8384.67515962
8384.88588051
8385.00330295
8385.12620114
8385.14528404
8385.36989188
8385.51753286
8385.67919605
8385.71344949
8385.95637079
8386.01227059
8386.21390147
8386.36869786
8386.42188345
8386.56349145
8386.69893815
8386.75734796
8386.81563277
8387.00120343
8387.1471568
8387.36736065
8387.45040679
8387.52656841
8387.66210538
8387.87919538
8387.95345189
8388.08386431
8388.23938769
8388.51818383
8388.56030553
8388.7777307
8388.90775781
8388.99174888
8389.07678936
8389.21850726
8389.38548759
8389.52217346
8389.66911515
8389.74096237
8389.90960401
8389.95967247
8390.08488195
8390.24104827
8390.41110933
8390.58401825
8390.76559357
8390.94538051
8391.01505302
8391.10224181
8391.25547618
8391.42787168
8391.62044301
8391.67779189
8391.82216471
8392.00838508
8392.13240572
8392.23651657
8392.34744243
8392.55695009
8392.71383772
8392.75554137
8392.88117686
8392.94429796
8393.09165325
8393.22310496
8393.33047414
8393.55338386
8393.68843973
8393.80759293
8393.98151164
8393.99869886
8394.15042527
8394.35111964
8394.47122676
8394.5415547
8394.81032955
8394.90776348
8395.07408782
8395.17362333
8395.22020561
8395.43751111
8395.53230332
8395.70649531
8395.80970908
8396.03046627
8396.16882927
8396.20888617
8396.40386972
8396.52975657
8396.66314628
8396.73806501
8396.88592499
8396.96903313
8397.07390522
8397.2365596
8397.47877408
8397.55836149
8397.63491997
8397.83876899
8397.91892318
8397.9959344
8398.21298573
8398.31125702
8398.44804722
8398.54069826
8398.65817362
8398.78611658
8398.98095208
8399.08993272
8399.39397693
8399.48449435
8399.61001216
8399.65988835
8399.71649638
8400.0207319
8400.11848119
8400.21727074
8400.46244336
8400.53331752
8400.65038174
8400.77280692
8401.00446595
8401.13413517
8401.1956001
8401.4912618
8401.52734961
8401.63681528
8401.78557293
8402.06092348
8402.09803625
8402.15432439
8402.24752126
8402.36900277
8402.50582193
8402.59866668
8402.75177177
8402.8108331
8403.06259095
8403.173001
8403.38391349
8403.54449696
8403.68846358
8403.72903003
8403.87991698
8403.96423636
8404.07292404
8404.33245604
8404.38734271
8404.60255971
8404.66035111
8404.81691199
8404.89378984
8404.98835555
8405.10026894
8405.33584149
8405.485475
8405.56202247
8405.7411669
8405.87203687
8406.0089604
8406.09376124
8406.25096478
8406.40044481
8406.5062051
8406.60631457
8406.70769115
8406.89918606
8407.05018855
8407.21098928
8407.37951743
8407.47351942
8407.68641564
8407.76186854
8407.96424849
8408.10161188
8408.19862474
8408.27479282
8408.40746467
8408.58553307
8408.72173594
8408.84975825
8408.92766235
8409.07909842
8409.27805446
8409.36063634
8409.50437033
8409.63253369
8409.72552101
8409.93182615
8410.0630431
8410.12748619
8410.29110263
8410.38481102
8410.66034377
8410.75336084
8410.85699644
8410.99205087
8411.10332916
8411.20056132
8411.30646849
8411.63900647
8411.73339216
8411.75633905
8411.90566957
8412.13622319
8412.27387365
8412.39640519
8412.4561949
8412.62078722
8412.81797406
8412.88772136
8413.00600572
8413.19371567
8413.23065414
8413.37497068
8413.45833233
8413.66143995
8413.7912288
8413.93297546
8414.05573494
8414.15482954
8414.27193551
8414.48708719
8414.56231254
8414.73310255
8414.91178858
8415.02249337
8415.08395731
8415.24067868
8415.36685777
8415.55668083
8415.64998934
8415.7932806
8415.89740398
8415.95567633
8416.15164756
8416.30994942
8416.45657214
8416.53889589
8416.70428897
8416.78168892
8416.95315213
8417.11687295
8417.20621929
8417.33647122
8417.56099384
8417.65009585
8417.87281478
8418.02126215
8418.08866286
8418.28206674
8418.47740346
8418.58248281
8418.71415374
8418.82884979
8418.85585758
8418.98542836
8419.19605641
8419.36040234
8419.5099803
8419.57442285
8419.72655442
8419.83789796
8419.95940565
8420.20753821
8420.30753696
8420.40845178
8420.59397978
8420.72327308
8420.8037487
8420.9630985
8421.02935018
8421.14177447
8421.31694716
8421.37822251
8421.57887819
8421.67375516
8421.82910868
8421.89481282
8422.05692692
8422.19082181
8422.34537901
8422.50268651
8422.62420553
8422.72405229
8422.80293535
8423.01547148
8423.14588048
8423.42261207
8423.55488551
8423.63822906
8423.76276784
8423.91678986
8423.99471533
8424.09848446
8424.30207131
8424.39930716
8424.52953722
8424.6840603
8424.75687666
8424.9381156
8425.00015633
8425.11414612
8425.23567915
8425.49156019
8425.59487812
8425.71814528
8425.95744364
8426.00439105
8426.07227809
8426.14643855
8426.36367596
8426.52358861
8426.59005167
8426.70310379
8426.81462509
8427.08065748
8427.22641046
8427.42229015
8427.56585741
8427.74972167
8427.82977606
8427.91327146
8428.03019987
8428.16247044
8428.35312907
8428.38922455
8428.5266323
8428.74170498
8428.7959009
8428.97565419
8429.1108596
8429.2695707
8429.36646691
8429.50890129
8429.58005299
8429.7254703
8429.87131692
8430.10753586
8430.2149472
8430.35340564
8430.4343649
8430.70260692
8430.78811971
8430.90136078
8430.96561199
8431.10359538
8431.28326154
8431.41811365
8431.59277833
8431.64385475
8431.75240555
8431.91593314
8432.0259697
8432.10445852
8432.24405404
8432.38728683
8432.55364286
8432.62703818
8432.79813925
8432.9394051
8433.11647835
8433.20845932
8433.40030257
8433.44133608
8433.59539492
8433.80082711
8433.88260308
8433.98888665
8434.0801329
8434.19480412
8434.3942686
8434.51777898
8434.67200013
8434.88657614
8435.03716499
8435.1800703
8435.23450667
8435.41601956
8435.49718965
8435.69392681
8435.77233093
8435.99645312
8436.09879134
8436.2604578
8436.37841389
8436.51734761
8436.64606722
8436.80945157
8436.90499651
8437.02515361
8437.18906869
8437.32179167
8437.41677619
8437.48995876
8437.67226037
8437.8308702
8438.02783982
8438.11563655
8438.24058472
8438.33304428
8438.45416875
8438.65138386
8438.82952856
8438.86446532
8438.96494252
8439.02959657
8439.31366471
8439.34233374
8439.59119751
8439.77482751
8439.88730889
8439.98850688
8440.09423987
8440.23009162
8440.34020923
8440.43912324
8440.60007464
8440.77519449
8440.96391667
8441.09487693
8441.17150767
8441.33466736
8441.38568267
8441.55692983
8441.61521648
8441.8778112
8441.94491119
8442.10754958
8442.18687228
8442.42214052
8442.48073352
8442.55973735
8442.74402015
8442.86742323
8443.0696956
8443.17294512
8443.31930517
8443.44041732
8443.53448115
8443.75899825
8443.87549802
8443.93060407
8444.09368609
8444.21304453
8444.34397252
8444.45546698
8444.59060325
8444.78461964
8444.86340147
8444.97787173
8445.19000074
8445.22852517
8445.39132264
8445.51991719
8445.67285988
8445.82374465
8445.97362025
8446.27277187
8446.39916301
8446.55873564
8446.6396934
8446.77180226
8446.8499276
8446.95397235
8447.1117205
8447.1494794
8447.43254794
8447.56774374
8447.60084427
8447.85118942
8447.99038513
8448.04260884
8448.19231798
8448.34369297
8448.39835931
8448.50757433
8448.65656519
8448.74876632
8448.91442245
8449.08622527
8449.18190271
8449.25487606
8449.46983611
8449.4997209
8449.83481038
8449.93889587
8450.04384176
8450.1673358
8450.29614503
8450.46159597
8450.53885534
8450.58929481
8450.77170224
8450.9357146
8451.0231614
8451.16749904
8451.29907986
8451.45561189
8451.6280772
8451.75989166
8451.86219765
8452.02366363
8452.17610437
8452.27284985
8452.35077869
8452.51813163
8452.76055041
8452.8658173
8453.01139579
8453.10455003
8453.25142717
8453.31001509
8453.47338694
8453.57973758
8453.66005676
8453.92331647
8454.02305106
8454.23828355
8454.34446191
8454.51749675
8454.65147525
8454.75366008
8454.93815616
8455.02693534
8455.15550738
8455.30163058
8455.43214536
8455.56400572
8455.64435423
8455.73345642
8455.89186789
8455.99025743
8456.16544605
8456.39937574
8456.50809572
8456.58125413
8456.69279164
8456.84624718
8457.0246987
8457.17702582
8457.25713455
8457.42852627
8457.52542545
8457.67061138
8457.85131539
8457.91815262
8458.04180262
8458.25284938
8458.32545247
8458.47961557
8458.57524358
8458.81522675
8458.90524626
8459.01340941
8459.11344411
8459.39987714
8459.49957768
8459.54082332
8459.75768287
8459.83802175
8459.96545392
8460.08216665
8460.21964073
8460.28545735
8460.51394593
8460.54815405
8460.72139964
8460.83055997
8460.90493209
8460.97947013
8461.20335978
8461.31409301
8461.57067007
8461.62322673
8461.76023678
8461.89940718
8462.05773288
8462.22878241
8462.28828563
8462.47463387
8462.6337586
8462.73454876
8462.90535197
8462.9811345
8463.20733005
8463.37395764
8463.50403339
8463.5851982
8463.79398246
8463.86957907
8464.0070208
8464.15855128
8464.23973724
8464.39466507
8464.56943239
8464.70892895
8464.73683367
8464.92520193
8465.04862973
8465.27469313
8465.38918197
8465.49217336
8465.59821004
8465.76116673
8465.81251361
8466.06450808
8466.12496037
8466.33275329
8466.44140931
8466.56410159
8466.67900085
8466.79408441
8466.89503434
8467.00851928
8467.13108217
8467.40092211
8467.46722229
8467.58988427
8467.74663519
8467.81775603
8468.02174713
8468.09480401
8468.24391902
8468.31555301
8468.44823058
8468.6185762
8468.70300008
8468.87561278
8468.91734952
8469.21437764
8469.34164734
8469.51365245
8469.60363398
8469.82547917
8469.9774348
8470.03454555
8470.21510589
8470.27142052
8470.40697987
8470.5309258
8470.69047505
8470.8461457
8470.9394755
8471.04046901
8471.17517781
8471.25939769
8471.35616785
8471.51028459
8471.71740118
8471.95997002
8472.01021272
8472.2424499
8472.27723257
8472.45285457
8472.56909948
8472.68265775
8472.83513902
8472.93161363
8473.11292045
8473.25682394
8473.40195166
8473.52563409
8473.59116389
8473.73643386
8473.82692962
8474.07183568
8474.18989259
8474.23487587
8474.50638309
8474.69998588
8474.78387913
8474.87550976
8475.05786232
8475.12041444
8475.22222343
8475.40230682
8475.59322957
8475.69039891
8475.80817948
8475.97826296
8476.02441026
8476.25786835
8476.32922567
8476.48515357
8476.58075921
8476.75853799
8476.84646978
8477.00987206
8477.07073408
8477.18163229
8477.26798394
8477.5435892
8477.62950108
8477.78001605
8477.94222592
8478.07596812
8478.24111606
8478.32263225
8478.42663421
8478.54741125
8478.6924504
8478.82880944
8479.02054514
8479.06851752
8479.24854802
8479.36705432
8479.46419352
8479.61103793
8479.70482768
8479.91629987
8480.02138913
8480.17273831
8480.28405647
8480.45339126
8480.50901056
8480.63848396
8480.88759435
8481.02188103
8481.12058351
8481.26579656
8481.45748797
8481.54279496
8481.68105476
8482.01716992
8482.07696862
8482.20658782
8482.34558972
8482.40046981
8482.51976487
8482.63688834
8482.73662796
8482.97178775
8483.09329524
8483.21431292
8483.28241332
8483.46362859
8483.62217217
8483.69078591
8483.84327831
8483.97488513
8484.05423764
8484.15216177
8484.34784323
8484.50533617
8484.57188714
8484.68180254
8484.98915638
8485.01733197
8485.09031107
8485.25279643
8485.43280897
8485.53253229
8485.72480756
8485.94541563
8486.02158099
8486.08440404
8486.33079623
8486.4593673
8486.49948896
8486.71317979
8486.74499357
8486.89234308
8487.05989884
8487.11267861
8487.32156151
8487.46518467
8487.62935862
8487.68687204
8487.72658529
8487.93936241
8488.09878486
8488.28299743
8488.38746327
8488.53019555
8488.59186037
8488.74537332
8488.93249774
8489.02649563
8489.22665445
8489.29802806
8489.41988828
8489.57318324
8489.68537028
8489.85164012
8489.91449142
8490.10028675
8490.34883028
8490.40979519
8490.51392482
8490.60926181
8490.78997816
8490.86141714
8491.05326709
8491.15362876
8491.47191139
8491.56519585
8491.67753135
8491.80282089
8491.89274143
8492.038311
8492.10776516
8492.33656173
8492.47883077
8492.61883166
8492.70925292
8492.84017729
8492.91330973
8493.14404086
8493.19520964
8493.44896567
8493.524892
8493.71032489
8493.80851384
8493.93439151
8494.14626582
8494.18554312
8494.31385312
8494.39279393
8494.47116131
8494.73712981
8494.89804787
8494.98316458
8495.07329614
8495.20655779
8495.43435581
8495.49680543
8495.57895132
8495.75910896
8495.81062745
8495.97650733
8496.09884744
8496.2011238
8496.33903362
8496.53216651
8496.63596488
8496.90413418
8497.00006454
8497.02622334
8497.18736285
8497.41731316
8497.46581004
8497.57189128
8497.72452423
8497.86592476
8497.94908348
8498.1808301
8498.3885427
8498.52885775
8498.61630154
8498.79672102
8498.92271766
8498.97927899
8499.11050124
8499.30363202
8499.3971289
8499.49674502
8499.66409726
8499.79080035
8500.00841714
8500.06698781
8500.17163034
8500.2720185
8500.45418989
8500.5868147
8500.72857931
8500.90927986
8500.99021565
8501.17627554
8501.30913168
8501.42532501
8501.63605639
8501.78445137
8501.81054225
8502.01102731
8502.13544567
8502.3075364
8502.39726237
8502.50098066
8502.60785607
8502.6479266
8502.79339989
8502.82539605
8503.14346684
8503.21385956
8503.45509872
8503.55096435
8503.69726051
8503.85205851
8503.97711262
8504.14632468
8504.31728739
8504.41937605
8504.49055904
8504.62066907
8504.7365293
8504.84390199
8505.00936589
8505.18317718
8505.3260566
8505.45508498
8505.59303421
8505.68367384
8505.83627421
8505.90265313
8506.13504052
8506.25050606
8506.35575967
8506.47613379
8506.64841473
8506.7680361
8506.82325172
8506.96826183
8507.04577037
8507.23374636
8507.32430084
8507.47844315
8507.64825449
8507.75395476
8507.97863844
8508.04391847
8508.26843897
8508.36618152
8508.53477691
8508.59905333
8508.77241079
8508.92413968
8509.10274419
8509.2300885
8509.35461345
8509.49807678
8509.74226814
8509.78848201
8509.9214572
8510.08467525
8510.22850561
8510.28747072
8510.40433251
8510.5904432
8510.74020113
8510.79525034
8510.91900152
8511.05451352
8511.24817546
8511.32092454
8511.47349651
8511.65824899
8511.77529353
8511.93895924
8512.06225581
8512.15595473
8512.23656926
8512.34827006
8512.45743258
8512.70992291
8512.79439396
8513.00583829
8513.08001802
8513.18822998
8513.27091228
8513.34853916
8513.54034921
8513.69444326
8513.89213836
8513.96840642
8514.217938
8514.32418599
8514.44741574
8514.53242621
8514.70776873
8514.78248405
8514.91479996
8515.09437178
8515.18954547
8515.32630509
8515.4563896
8515.63366017
8515.73073803
8515.87768811
8515.99120772
8516.12254878
8516.21348856
8516.3636556
8516.56735563
8516.6149133
8516.85650268
8516.96670944
8517.17545052
8517.25591269
8517.43101802
8517.63324654
8517.69809627
8517.7397617
8517.84408776
8517.96887518
8518.23478416
8518.30677752
8518.51737581
8518.61234876
8518.79788799
8518.85026396
8519.00519927
8519.13415508
8519.20801213
8519.31488104
8519.51687443
8519.59953234
8519.7522369
8519.81334729
8520.03167386
8520.2313344
8520.31380018
8520.46016225
8520.65824588
8520.80865641
8520.88285519
8521.10547501
8521.25237282
8521.30699132
8521.42670689
8521.59486362
8521.74238684
8521.83439242
8522.047856
8522.08352183
8522.13055124
8522.22983537
8522.47640429
8522.59521323
8522.66514079
8522.91958833
8522.995526
8523.15688116
8523.26453404
8523.39265646
8523.49673623
8523.58989256
8523.70732143
8523.98543304
8524.06546532
8524.12509929
8524.30381874
8524.46295668
8524.52929723
8524.66105393
8524.93058189
8525.01012205
8525.13333947
8525.23454434
8525.38889448
8525.52717925
8525.64387516
8525.74238719
8525.84471143
8526.13466999
8526.20943463
8526.31902465
8526.48520336
8526.67032543
8526.82449492
8526.86118283
8527.05350835
8527.17092815
8527.27049763
8527.4415603
8527.64707967
8527.81584974
8527.86556076
8528.08895659
8528.2503587
8528.33799683
8528.4491318
8528.52023027
8528.68960091
8528.76353553
8528.85818092
8529.10336284
8529.19992267
8529.27983181
8529.44129176
8529.54040847
8529.68455325
8529.87718113
8530.00401525
8530.15083754
8530.3088773
8530.39068676
8530.54767864
8530.63082199
8530.83260599
8530.87902134
8531.00336959
8531.10023298
8531.23003834
8531.39782502
8531.60876775
8531.69207041
8531.83498588
8531.97517234
8532.11877399
8532.246846
8532.41349439
8532.55192887
8532.68388492
8532.77648256
8532.97530021
8533.01349448
8533.18852081
8533.38697809
8533.507368
8533.67857645
8533.74963026
8533.89887273
8534.0038146
8534.18303282
8534.25726211
8534.34453457
8534.48368317
8534.65829955
8534.72018794
8534.85992475
8534.94521924
8535.13996103
8535.30398333
8535.486182
8535.68567226
8535.69952076
8535.84332361
8535.92785125
8536.17386022
8536.38186022
8536.45610763
8536.57277155
8536.72041621
8536.86798622
8536.99613085
8537.09210221
8537.18757955
8537.40266432
8537.46312281
8537.68899907
8537.85347177
8537.95428992
8538.1279563
8538.23692708
8538.44238179
8538.50678634
8538.57346298
8538.66454478
8538.81231345
8538.93219245
8539.13980544
8539.24710163
8539.3483946
8539.52007473
8539.66443679
8539.74276263
8539.89812917
8539.98341012
8540.24615303
8540.32431803
8540.49332864
8540.65565681
8540.84158822
8540.88321618
8540.95744393
8541.11173793
8541.24420477
8541.36699947
8541.44205966
8541.66711665
8541.78051057
8541.87991094
8542.00034766
8542.07019828
8542.19392844
8542.34059461
8542.45525245
8542.67013222
8542.83435851
8542.95595988
8543.09089945
8543.21086458
8543.36036389
8543.48133865
8543.72420766
8543.83958184
8543.96237897
8544.07075727
8544.15600293
8544.38715957
8544.54387063
8544.66524924
8544.71789849
8544.95235636
8545.00209558
8545.05207798
8545.37894008
8545.40465363
8545.6208532
8545.69699404
8545.85846647
8546.07167566
8546.10807552
8546.2085381
8546.45185609
8546.54687524
8546.59617603
8546.7522227
8546.88168019
8546.99026564
8547.16597117
8547.20487582
8547.46258559
8547.54319736
8547.60484007
8547.82325512
8548.02519212
8548.11868465
8548.22010576
8548.33914476
8548.52242691
8548.71170776
8548.76647728
8548.88935064
8549.06176282
8549.10826991
8549.2115061
8549.45830555
8549.6226668
8549.81045249
8549.87313943
8549.98968515
8550.08426137
8550.24436523
8550.34166885
8550.46910671
8550.6821329
8550.81647662
8550.96322037
8551.04684811
8551.15873636
8551.25526081
8551.43500709
8551.51754109
8551.6550402
8551.7671215
8551.92719094
8552.11068449
8552.13452743
8552.39388163
8552.56716094
8552.66034125
8552.81129937
8552.8630346
8552.98608852
8553.23631086
8553.2936816
8553.38788617
8553.56315207
8553.69096673
8553.7433844
8553.97383599
8554.16432491
8554.33489113
8554.47306214
8554.59026641
8554.65113786
8554.72838219
8554.8983937
8555.04566727
8555.24949053
8555.31992916
8555.57033994
8555.63879635
8555.87066567
8555.95034117
8556.09579273
8556.17982066
8556.31202238
8556.49997465
8556.60719721
8556.76448003
8556.88367
8556.98342082
8557.18329414
8557.25282423
8557.37682991
8557.55636004
8557.58744065
8557.72311735
8557.82308948
8558.01160531
8558.08802679
8558.27812741
8558.38149007
8558.50812093
8558.62627199
8558.72554592
8558.98668006
8559.0580887
8559.22028693
8559.31309792
8559.39586976
8559.63372792
8559.71774332
8559.92431591
8560.0769879
8560.20997487
8560.29345877
8560.44893303
8560.58044722
8560.65151725
8560.77247669
8560.88671957
8561.12995008
8561.21738433
8561.40922198
8561.47917558
8561.66631058
8561.76633236
8561.90248264
8562.06240471
8562.17665402
8562.22529572
8562.34947025
8562.55529987
8562.66782634
8562.8965177
8563.00390793
8563.19196298
8563.38829053
8563.40539564
8563.52694033
8563.66009297
8563.77687002
8563.96630552
8564.13127168
8564.21992445
8564.35899413
8564.53421161
8564.61924258
8564.74655569
8564.79766883
8564.98500629
8565.15772018
8565.22768402
8565.42304942
8565.56376549
8565.63569816
8565.8261352
8565.90886601
8566.05000308
8566.26016235
8566.36033742
8566.47304963
8566.70236445
8566.76437789
8566.82673911
8566.97747417
8567.19712474
8567.29161704
8567.38497902
8567.59952857
8567.71607687
8567.95172126
8568.02787034
8568.18563174
8568.2020428
8568.29692079
8568.43231487
8568.60714212
8568.73641099
8568.87982802
8569.02230816
8569.11105034
8569.20622237
8569.36997499
8569.52415073
8569.59458818
8569.87652895
8569.97512939
8570.20456019
8570.26385029
8570.36308705
8570.45570731
8570.47626711
8570.61220371
8570.76157445
8570.90176545
8571.09940174
8571.14441976
8571.34008094
8571.55227864
8571.71995404
8571.77811486
8572.05965009
8572.19834013
8572.35877804
8572.44542948
8572.62703452
8572.77088742
8572.94378815
8572.97420312
8573.11393901
8573.23776411
8573.33230699
8573.39996676
8573.51279564
8573.74252803
8573.96393674
8574.00025668
8574.18789024
8574.2748251
8574.35678979
8574.47087351
8574.63823159
8574.831613
8574.92667974
8575.07495396
8575.30632185
8575.38426979
8575.47212536
8575.59080659
8575.73803074
8575.87231595
8575.99048808
8576.21226601
8576.24408392
8576.31906381
8576.46528881
8576.66908341
8576.77530171
8576.98270938
8577.09744522
8577.20478999
8577.32090134
8577.44098166
8577.54230831
8577.61660544
8577.88072493
8578.03716757
8578.06446985
8578.213474
8578.36735957
8578.57219973
8578.72404581
8578.88190918
8578.96217078
8579.09920909
8579.17977674
8579.32523781
8579.45870653
8579.60450081
8579.76288798
8579.8985099
8580.08559491
8580.16826776
8580.23672489
8580.50028603
8580.55974896
8580.71142209
8580.78781109
8580.88305255
8581.05692813
8581.24985783
8581.31658794
8581.50621305
8581.56082017
8581.67902632
8581.92461016
8582.09049406
8582.20417547
8582.26387758
8582.547811
8582.5663128
8582.66949118
8582.81450215
8583.05813713
8583.24776021
8583.33688591
8583.40061195
8583.56098713
8583.61403122
8583.85259419
8583.91397627
8584.01105035
8584.2394648
8584.34177458
8584.47944092
8584.67414492
8584.70971145
8584.89582672
8584.9881394
8585.22015045
8585.29531596
8585.44807307
8585.56806788
8585.65075914
8585.8033033
8585.91231912
8586.03647267
8586.18098363
8586.24604076
8586.39636075
8586.56343556
8586.7728434
8586.86517367
8586.96953461
8587.06607026
8587.15237603
8587.40399251
8587.52024061
8587.67224477
8587.75398095
8587.87063516
8588.04250846
8588.24509704
8588.3095915
8588.41389009
8588.57154706
8588.70888284
8588.84655284
8588.97929359
8589.08222879
8589.24575929
8589.42854332
8589.46505588
8589.61181894
8589.84612582
8589.96109551
8590.12777277
8590.28944184
8590.45451823
8590.55952797
8590.63110678
8590.74128164
8590.92323894
8591.03105333
8591.14477104
8591.34580531
8591.51643335
8591.64352751
8591.79176409
8591.86492941
8591.99229108
8592.24029659
8592.3502137
8592.42534828
8592.49990194
8592.68059571
8592.74655544
8592.8393607
8592.97673295
8593.14628811
8593.27564439
8593.43336816
8593.55985116
8593.70009153
8593.78548059
8593.923578
8594.09074729
8594.23494994
8594.31644452
8594.51244917
8594.60234522
8594.73414061
8594.97777206
8595.0792432
8595.22540183
8595.36218548
8595.50244018
8595.68513392
8595.78076177
8595.88497041
8596.00572689
8596.13375666
8596.18887385
8596.47062258
8596.51470833
8596.66608765
8596.80091432
8596.85193569
8597.05036093
8597.14522639
8597.29689258
8597.4037871
8597.53084512
8597.64439473
8597.69841964
8597.99484486
8598.05687209
8598.31856842
8598.45462999
8598.53775456
8598.62361757
8598.7710516
8598.87748603
8599.06055839
8599.19556133
8599.39124319
8599.50884447
8599.64846497
8599.78381951
8599.93109816
8600.05541036
8600.11718391
8600.23174892
8600.42693556
8600.56494685
8600.69184776
8600.86568815
8600.9173628
8601.06549002
8601.33350147
8601.48539116
8601.61018938
8601.71508854
8601.80485439
8601.89399233
8602.04024632
8602.26210991
8602.28575102
8602.40877523
8602.62813343
8602.68044017
8602.89318646
8602.96881529
8603.09115121
8603.28207702
8603.37934669
8603.46986782
8603.69451613
8603.84413414
8603.86079201
8603.99134474
8604.13410196
8604.27810471
8604.41066044
8604.58478777
8604.73177007
8604.80671871
8604.98112137
8605.0790011
8605.22581569
8605.28231065
8605.43441673
8605.50147478
8605.71097194
8605.8456291
8606.03360959
8606.11712985
8606.25962232
8606.4943236
8606.59689357
8606.74930828
8606.88042556
8607.06632491
8607.16589276
8607.2608692
8607.34607185
8607.47815884
8607.59518237
8607.75546644
8607.91694314
8608.1038895
8608.26152717
8608.44834614
8608.55676863
8608.67388126
8608.76998667
8608.86700371
8609.00783058
8609.10407026
8609.29381163
8609.42112901
8609.5799024
8609.71583558
8609.76874274
8609.87707094
8610.05526109
8610.22566514
8610.33321186
8610.54485699
8610.63934548
8610.77290375
8610.89601898
8611.0136134
8611.12565917
8611.2941586
8611.38780572
8611.55462532
8611.77081397
8611.82740073
8612.02494426
8612.20684289
8612.30813271
8612.38894788
8612.49807607
8612.61614419
8612.80337293
8612.87513426
8612.97627498
8613.14191868
8613.21746455
8613.3432154
8613.48249372
8613.66104949
8613.84127238
8613.98340659
8614.20126556
8614.24532893
8614.44849405
8614.55346198
8614.69518581
8614.81032195
8614.89000374
8615.03400456
8615.08284992
8615.32270924
8615.43815139
8615.50018836
8615.58160557
8615.79723278
8615.97771944
8616.00159312
8616.16156651
8616.33225329
8616.46688933
8616.56089881
8616.69329341
8616.92313685
8617.0470666
8617.15013239
8617.3208906
8617.43205456
8617.57382451
8617.74661911
8617.8770968
8618.02700155
8618.13920584
8618.29479126
8618.51837927
8618.5881811
8618.77131025
8618.98901269
8619.04132119
8619.10819913
8619.23466197
8619.40268457
8619.51184504
8619.66745357
8619.76735261
8619.82852784
8620.00220909
8620.17306372
8620.28904752
8620.44127194
8620.59260595
8620.65171322
8620.75848617
8620.88948244
8621.07824921
8621.14934305
8621.34227502
8621.51512445
8621.65866665
8621.75191343
8621.86499015
8622.02989739
8622.20394587
8622.24064297
8622.42555208
8622.50100868
8622.61523023
8622.69108198
8622.94091231
8622.98904254
8623.27992379
8623.35793266
8623.47477291
8623.61967526
8623.80255027
8623.90412155
8624.03693107
8624.13484651
8624.34151515
8624.4190407
8624.55839905
8624.72426086
8624.79136504
8624.96643193
8625.05151863
8625.19973771
8625.29709991
8625.48387235
8625.62699079
8625.82328426
8625.91669198
8626.0247874
8626.07439599
8626.3047471
8626.42651542
8626.60041728
8626.71629366
8626.87099003
8627.02045662
8627.21427051
8627.30250959
8627.37345446
8627.61569569
8627.68535758
8627.88814456
8627.98793498
8628.05122255
8628.1536107
8628.24429471
8628.38949638
8628.56962817
8628.72896481
8628.9133462
8628.95450652
8629.06680131
8629.29641395
8629.39591313
8629.56372703
8629.6946356
8629.78610813
8630.0237526
8630.11736389
8630.24847408
8630.41843177
8630.5155588
8630.68682408
8630.84678471
8630.91986273
8631.03612822
8631.17496635
8631.24259078
8631.35157483
8631.56515382
8631.67434155
8631.79979154
8631.89365611
8632.06580191
8632.19957405
8632.33905661
8632.51875716
8632.6162783
8632.68361715
8632.79890237
8632.89333742
8633.01351236
8633.2418671
8633.32240593
8633.48650401
8633.65178425
8633.76931394
8633.85933035
8634.14052336
8634.24946478
8634.3557977
8634.54868974
8634.61508175
8634.75742376
8634.85016959
8635.03995277
8635.13599071
8635.31065633
8635.38669759
8635.54444395
8635.72356018
8635.96342364
8636.02825153
8636.12287653
8636.32233804
8636.43992944
8636.53263602
8636.66265557
8636.8470499
8636.95535252
8637.02438245
8637.19065378
8637.37102087
8637.42508474
8637.63201092
8637.69816121
8637.89415673
8638.09067033
8638.18401372
8638.23936264
8638.48238807
8638.59448079
8638.68467735
8638.7462559
8638.94295647
8639.03559767
8639.15866463
8639.27665069
8639.37287516
8639.57551032
8639.6598741
8639.84099224
8639.9451543
8640.03466425
8640.23268559
8640.39966124
8640.57590086
8640.75596746
8640.84575769
8640.90465553
8641.07326682
8641.24655522
8641.34256508
8641.4687175
8641.57849086
8641.75240651
8641.82421102
8642.00231572
8642.1057214
8642.30623248
8642.40564578
8642.46643521
8642.72644451
8642.79178801
8642.93467829
8643.09397949
8643.24615173
8643.34597224
8643.44295902
8643.5788834
8643.69561289
8643.82831982
8644.07891681
8644.13907093
8644.27840632
8644.42486918
8644.49089741
8644.64043036
8644.69577363
8644.86889262
8645.08518589
8645.25120411
8645.42545096
8645.50873342
8645.58713012
8645.83795948
8645.97802511
8646.09576803
8646.19596905
8646.33283998
8646.45179225
8646.63915354
8646.82664556
8646.92150406
8647.02867549
8647.12766561
8647.32050516
8647.43015299
8647.51783034
8647.64300404
8647.80021677
8647.94479965
8648.06187625
8648.18466359
8648.27152916
8648.5338493
8648.60430775
8648.72989021
8648.88285665
8648.92964328
8649.05985111
8649.23377819
8649.35299437
8649.47782894
8649.65096271
8649.79172635
8649.948277
8650.05710574
8650.15635138
8650.2944447
8650.45322405
8650.60981111
8650.750177
8650.85449606
8651.00625934
8651.12381983
8651.21451423
8651.33225115
8651.47703813
8651.53621041
8651.65696713
8651.90333
8652.05561289
8652.15496865
8652.31530238
8652.46114568
8652.58503615
8652.63399541
8652.7652439
8652.94903485
8653.18526864
8653.39318675
8653.53996894
8653.63055018
8653.75083895
8653.88802949
8654.00466574
8654.18325422
8654.3000125
8654.43084277
8654.49215483
8654.58879526
8654.72164615
8654.90416075
8655.05431914
8655.21475355
8655.29270839
8655.43194254
8655.5277022
8655.6152251
8655.80124207
8656.00086718
8656.17929118
8656.30508275
8656.3534802
8656.40724988
8656.65024913
8656.7642201
8656.91495749
8657.01484462
8657.16560028
8657.29397979
8657.37756768
8657.56610399
8657.74148823
8657.91245027
8657.99763889
8658.06904266
8658.27994675
8658.37150738
8658.56655229
8658.71684304
8658.75951619
8659.01491205
8659.0742826
8659.18721992
8659.31552826
8659.42869987
8659.58422138
8659.66519948
8659.78316196
8659.94149825
8660.10601167
8660.23785345
8660.36602002
8660.48967364
8660.63357518
8660.76475964
8660.90585317
8661.05025089
8661.14298698
8661.28762676
8661.35108951
8661.6259474
8661.74893217
8661.81832459
8661.88183531
8662.08210312
8662.23383781
8662.3891648
8662.47681875
8662.69523104
8662.8078144
8662.8822048
8663.03461716
8663.27813087
8663.38440662
8663.5772733
8663.66815627
8663.8037236
8663.89695777
8664.10465397
8664.15118497
8664.34864452
8664.41540009
8664.53591782
8664.76133483
8664.80099143
8664.94988866
8665.15925089
8665.23191347
8665.34709352
8665.60270069
8665.70625284
8665.81258627
8665.88821846
8666.10399747
8666.14312173
8666.36450079
8666.46303134
8666.62659585
8666.70465491
8666.88719198
8666.96626753
8667.04849873
8667.18261723
8667.25241625
8667.49906799
8667.55590311
8667.69356623
8667.90022888
8667.9179547
8668.12760496
8668.26968443
8668.42839208
8668.49934423
8668.62176351
8668.80206154
8668.94796719
8669.05459793
8669.24640258
8669.38500823
8669.57631758
8669.65175681
8669.8004644
8669.98935261
8670.1019561
8670.21015927
8670.35501216
8670.38732157
8670.51161996
8670.7029338
8670.91346988
8671.0503578
8671.1192769
8671.18845085
8671.28094911
8671.43994872
8671.56514518
8671.72702452
8671.90022215
8672.10051841
8672.28010212
8672.46403709
8672.52320633
8672.65068246
8672.79406601
8672.83134634
8673.05636865
8673.2129453
8673.29111461
8673.37391414
8673.48432708
8673.69287149
8673.80317426
8673.91916721
8674.11133425
8674.22859388
8674.38693881
8674.50180157
8674.58077056
8674.83406672
8674.84722754
8675.02671298
8675.11650329
8675.35458601
8675.4056776
8675.54619244
8675.62531154
8675.85454677
8675.95583219
8676.11332604
8676.24661478
8676.41951096
8676.50663954
8676.69864661
8676.78799594
8676.93287788
8677.06570613
8677.1389964
8677.24277477
8677.39495438
8677.58303891
8677.65684208
8677.84545882
8677.9437241
8678.07669785
8678.2003935
8678.35083305
8678.45497305
8678.64672458
8678.72590422
8678.82837203
8678.92235049
8679.1072437
8679.23836826
8679.38527473
8679.49001579
8679.68642226
8679.85800083
8679.90873271
8680.02481018
8680.15233508
8680.2738641
8680.51863679
8680.73927129
8680.84467297
8680.94640616
8681.0374942
8681.25284156
8681.35380076
8681.46700634
8681.63787952
8681.82447383
8681.91327993
8682.05008923
8682.22780866
8682.37020403
8682.44842267
8682.52635297
8682.68798962
8682.89574852
8682.94024282
8683.11754873
8683.26662407
8683.37078894
8683.48357131
8683.65141044
8683.72413257
8683.82795208
8683.97895753
8684.06389724
8684.14072152
8684.24017876
8684.50037427
8684.70731213
8684.86054511
8684.98811895
8685.11636264
8685.22015446
8685.40861771
8685.56621172
8685.65104532
8685.7197697
8685.82043716
8685.94236241
8686.15357619
8686.24185729
8686.38988814
8686.54195525
8686.66229148
8686.72903883
8686.95918517
8687.04437497
8687.26520284
8687.3933204
8687.49907606
8687.59314454
8687.71954281
8687.80824144
8687.99338716
8688.13376574
8688.35043301
8688.47484449
8688.56259819
8688.66465955
8688.79750435
8688.96716034
8689.03947413
8689.17968892
8689.32042499
8689.50747822
8689.65480696
8689.85861985
8689.99188917
8690.01205975
8690.21705729
8690.31865867
8690.4332803
8690.56424365
8690.69714626
8690.84750835
8690.94973501
8691.10677016
8691.20489178
8691.28110702
8691.47020767
8691.63207641
8691.80357123
8691.90046812
8692.11594067
8692.29569313
8692.4550181
8692.5624759
8692.63890211
8692.74882965
8692.91879012
8693.03386307
8693.1916108
8693.38118792
8693.47954231
8693.58657718
8693.68547893
8693.7309458
8693.8861613
8693.97012651
8694.18984655
8694.38902984
8694.4423291
8694.59675593
8694.76694381
8694.95839267
8695.00791447
8695.07788005
8695.24748731
8695.33373703
8695.45829519
8695.6506781
8695.74515765
8695.93727612
8696.05774292
8696.2556647
8696.31308357
8696.40432362
8696.61391554
8696.73890059
8696.82761122
8696.95819784
8697.06313756
8697.12554614
8697.36524099
8697.52320942
8697.56542926
8697.87231978
8697.95408852
8698.11306798
8698.25826426
8698.35228096
8698.54816465
8698.63498368
8698.82188721
8698.95300965
8699.08771225
8699.15523841
8699.20863739
8699.41662925
8699.59485038
8699.70407235
8699.81613788
8700.06228177
8700.15792482
8700.26421381
8700.44215887
8700.65408443
8700.72879861
8700.80588621
8700.96339831
8701.03862195
8701.15447793
8701.31101979
8701.40117632
8701.59298754
8701.67805369
8701.88925218
8702.00651778
8702.13282178
8702.32290781
8702.39402438
8702.50122422
8702.56550651
8702.74149665
8702.90390895
8703.03527894
8703.18401347
8703.27073084
8703.36519801
8703.59101132
8703.66387341
8703.85433858
8704.01580591
8704.1931041
8704.28303586
8704.43588216
8704.51854607
8704.78136275
8704.85367316
8704.88172984
8705.04293318
8705.15388192
8705.40867878
8705.55624617
8705.61306051
8705.79251238
8705.91866594
8705.97205661
8706.08708035
8706.15945586
8706.27082438
8706.45721611
8706.63375115
8706.79227141
8706.90765345
8706.97135498
8707.1786119
8707.2692194
8707.37350982
8707.52377903
8707.77440333
8707.84536003
8708.01074061
8708.19828768
8708.31303448
8708.46226767
8708.57910478
8708.71816312
8708.84430776
8708.95677674
8709.23983187
8709.26762697
8709.48826168
8709.55410333
8709.64456984
8709.75051035
8709.9169425
8710.04533686
8710.26054115
8710.32761988
8710.37794649
8710.55050737
8710.70026243
8710.83764704
8711.05383216
8711.2471219
8711.28398837
8711.40342686
8711.4869421
8711.57557953
8711.71813829
8712.02269489
8712.10805376
8712.24167276
8712.29428926
8712.50644057
8712.60980101
8712.71515281
8712.78161451
8712.92804377
8713.10316458
8713.17696099
8713.42236618
8713.45122421
8713.55042338
8713.7320762
8713.85784571
8714.00003253
8714.14566848
8714.28389599
8714.45827875
8714.51348699
8714.70125115
8714.90343857
8715.00477254
8715.11756307
8715.18739704
8715.3438928
8715.51196043
8715.59532023
8715.77347231
8715.95805684
8716.06676426
8716.14541453
8716.36659278
8716.47407307
8716.6682258
8716.76794897
8716.89122103
8717.09335607
8717.14279036
8717.34643406
8717.46897046
8717.52550908
8717.72339602
8717.8162707
8717.90474162
8718.13412748
8718.18919895
8718.36896302
8718.48905831
8718.63463858
8718.76158208
8718.92426526
8719.02594579
8719.1607459
8719.31308644
8719.45570573
8719.56006677
8719.61406813
8719.79838443
8719.94373032
8720.05763908
8720.16028545
8720.38378365
8720.59515957
8720.68671846
8720.84205625
8720.9229856
8721.06219305
8721.18389588
8721.26771868
8721.45204481
8721.60934744
8721.7906556
8721.84638708
8722.07006666
8722.12796651
8722.27129461
8722.39882414
8722.4672694
8722.61015685
8722.75288861
8722.8929967
8722.97433255
8723.00016555
8723.12182524
8723.51310062
8723.62432658
8723.6998285
8723.87527148
8723.95125031
8724.05987524
8724.25522198
8724.41773159
8724.54350985
8724.60753095
8724.7634851
8724.94122419
8725.0145824
8725.10080406
8725.23744721
8725.44161259
8725.5981025
8725.64634389
8725.73896732
8725.90152158
8726.09693313
8726.26273569
8726.32284008
8726.50529645
8726.73739643
8726.89460242
8727.05679121
8727.1447395
8727.21501332
8727.41604714
8727.51973269
8727.65942378
8727.8378498
8728.03595076
8728.07876933
8728.2394431
8728.30623507
8728.42039249
8728.5739259
8728.69786277
8728.85323873
8728.94421698
8729.13291184
8729.21297099
8729.30684583
8729.43616627
8729.6427193
8729.82992296
8729.89321192
8730.01364674
8730.13405722
8730.30252161
8730.41715146
8730.49536263
8730.60141034
8730.74331113
8730.84167296
8731.08195335
8731.22480777
8731.38514005
8731.50983941
8731.520377
8731.71329611
8731.97439719
8732.00169541
8732.2269816
8732.36933293
8732.50179307
8732.62252367
8732.7279104
8732.79338565
8732.94965097
8733.04517973
8733.16263633
8733.27389426
8733.39238729
8733.56877811
8733.81718656
8733.98665475
8734.10983266
8734.17055771
8734.34435116
8734.47553467
8734.49037546
8734.63275459
8734.83858766
8734.94037221
8735.18149996
8735.30550932
8735.35884648
8735.53738701
8735.63358971
8735.80002912
8735.97131435
8736.02184158
8736.16556241
8736.31795102
8736.44342129
8736.70769436
8736.80361882
8736.86729517
8737.02117334
8737.18059654
8737.35456635
8737.43208512
8737.49420309
8737.68795125
8737.78587547
8737.90817377
8738.05036627
8738.20872984
8738.31423154
8738.51843475
8738.6590768
8738.78945509
8738.92281034
8739.1007488
8739.21670837
8739.3260233
8739.36957286
8739.48173241
8739.73666023
8739.76656492
8739.90567816
8740.07077978
8740.36930354
8740.43149078
8740.46935689
8740.65090433
8740.81783171
8740.93042928
8740.97048185
8741.15526587
8741.27601032
8741.36261537
8741.46784286
8741.56237109
8741.72341547
8741.90245464
8742.03391462
8742.10721616
8742.32496012
8742.47472831
8742.5650485
8742.67546382
8742.87071747
8742.94706882
8743.0914614
8743.25812548
8743.40911374
8743.64036534
8743.68590457
8743.93295786
8743.99661896
8744.20194433
8744.25447777
8744.35828049
8744.56298059
8744.72831791
8744.86833507
8744.92785016
8745.12444463
8745.21330003
8745.42843659
8745.4859594
8745.56595717
8745.73453293
8745.83672312
8745.97985345
8746.17792973
8746.25579607
8746.35571207
8746.47887206
8746.67791927
8746.80615692
8746.90336131
8747.15637608
8747.26298507
8747.47205742
8747.5558472
8747.57657342
8747.72295014
8747.7606938
8747.95016924
8748.16706169
8748.27428061
8748.36554331
8748.51348202
8748.66147168
8748.76247271
8748.94410384
8748.98595364
8749.16110587
8749.39906849
8749.45197487
8749.61483444
8749.70338983
8749.80128042
8750.03733773
8750.16892102
8750.28246468
8750.42263524
8750.54773074
8750.72234422
8750.8379872
8750.94914509
8751.07063795
8751.20057864
8751.3889619
8751.49020517
8751.63619162
8751.74050701
8751.84708814
8752.00765552
8752.13918207
8752.25404393
8752.37304895
8752.43291961
8752.5942491
8752.77748867
8752.9597206
8753.16192071
8753.22692586
8753.33044596
8753.52285464
8753.63299302
8753.75051449
8753.85681224
8753.98696858
8754.26067926
8754.3688739
8754.44478246
8754.58299435
8754.73332435
8754.82025822
8754.99898409
8755.13291044
8755.21053676
8755.35823856
8755.57055046
8755.71462446
8755.9109005
8756.02214455
8756.13449904
8756.25191919
8756.45310019
8756.49981768
8756.63552423
8756.81186959
8756.85500745
8756.95390025
8757.10984076
8757.24507228
8757.38852044
8757.46220936
8757.55189406
8757.84848161
8757.91713957
8758.03401401
8758.18205278
8758.31738756
8758.404616
8758.55835992
8758.79659024
8758.88279031
8758.93706112
8759.13982808
8759.2652244
8759.2839462
8759.49448239
8759.67554697
8759.78069645
8759.89671334
8759.98123097
8760.12664595
8760.32189659
8760.45576043
8760.60023398
8760.78790487
8760.89086355
8761.0282197
8761.16400915
8761.22880267
8761.39318801
8761.42945254
8761.59512376
8761.80132772
8761.98283822
8762.05788226
8762.21889833
8762.37338513
8762.44688863
8762.65824004
8762.8402403
8762.9336804
8763.0432437
8763.29069189
8763.40380957
8763.50112352
8763.62373698
8763.75834155
8763.93010021
8764.07155922
8764.09730998
8764.20846658
8764.34442699
8764.53265667
8764.57746749
8764.71461202
8764.91732096
8765.07339569
8765.16846098
8765.21002539
8765.38479417
8765.48174092
8765.59365675
8765.7863618
8766.01443192
8766.15000705
8766.32337589
8766.51139307
8766.56868665
8766.70547522
8766.8036376
8766.89697487
8767.0587213
8767.21856607
8767.31840304
8767.54060922
8767.60925519
8767.72245173
8767.8023617
8768.03357673
8768.11606254
8768.19163128
8768.38633008
8768.54569035
8768.68641771
8768.74523311
8768.85757411
8769.06187219
8769.16394351
8769.36120986
8769.42888528
8769.5737918
8769.70338095
8769.83662348
8769.87053918
8770.01377577
8770.20710269
8770.34439999
8770.55768617
8770.63187588
8770.72714463
8770.92506726
8771.05388541
8771.22519175
8771.36636849
8771.49222521
8771.60782567
8771.72227008
8771.88365151
8771.98411093
8772.17928689
8772.29944676
8772.47528935
8772.67405884
8772.78139416
8772.82546991
8772.98879049
8773.18861836
8773.23643305
8773.41995689
8773.55910807
8773.63737444
8773.69734525
8773.9593184
8774.03335833
8774.23251838
8774.33662115
8774.50663209
8774.63517611
8774.71859058
8774.80802173
8775.05422303
8775.0759433
8775.1709142
8775.24876869
8775.5868217
8775.6428693
8775.85595856
8775.93050895
8776.01007946
8776.08831492
8776.27306383
8776.45396648
8776.57035403
8776.67880374
8776.88436848
8776.91743765
8777.08195796
8777.17149113
8777.37095167
8777.45826864
8777.56539195
8777.63898156
8777.88258333
8777.91961469
8778.07531769
8778.34693901
8778.51673389
8778.66387934
8778.75288857
8778.90239419
8779.08712852
8779.19092099
8779.30683711
8779.37375019
8779.49348416
8779.59558716
8779.74309897
8779.84403205
8780.1092857
8780.27473716
8780.31923671
8780.51001635
8780.58370369
8780.70794032
8780.80661604
8780.99902784
8781.18153426
8781.2879401
8781.43387933
8781.56959101
8781.6343189
8781.77818059
8781.86640521
8782.00426173
8782.27884462
8782.39878677
8782.57108251
8782.74638507
8782.81627513
8782.92242473
8783.02624003
8783.12580993
8783.27789655
8783.38510204
8783.6040609
8783.68382634
8783.85084434
8784.05785992
8784.14610137
8784.17710465
8784.37355927
8784.48156773
8784.59875091
8784.79587796
8784.83198891
8785.07281727
8785.19167772
8785.31895096
8785.38356927
8785.60113598
8785.71586086
8785.7738973
8786.08811657
8786.1369313
8786.24354824
8786.36590816
8786.50245145
8786.62329802
8786.71927917
8786.80966351
8787.01414513
8787.17908482
8787.24404434
8787.41639053
8787.56478575
8787.66555641
8787.80569435
8787.91473938
8788.09866305
8788.20938944
8788.31675845
8788.45086047
8788.56227951
8788.64681756
8788.8389702
8788.91329225
8789.14363408
8789.37465133
8789.44016744
8789.66834404
8789.76239931
8790.00540597
8790.14247207
8790.18172095
8790.28290957
8790.42120067
8790.61101989
8790.67882027
8790.86033799
8790.94374225
8791.15059606
8791.24360278
8791.34257885
8791.53848942
8791.64615975
8791.81383338
8791.87477118
8791.9391123
8792.15843586
8792.35625524
8792.46096166
8792.55461066
8792.72217147
8792.80108206
8792.95478375
8793.07075318
8793.19595714
8793.26376912
8793.43314898
8793.60394551
8793.66840552
8793.90454288
8793.93742276
8794.11719741
8794.21338392
8794.42257248
8794.59072815
8794.72258388
8794.79754059
8794.94137296
8795.07923487
8795.28811518
8795.42358869
8795.47303291
8795.59229019
8795.79281205
8795.97001649
8796.04880478
8796.23808112
8796.32476054
8796.36855702
8796.48358959
8796.60957407
8796.74151305
8796.9194787
8797.06051791
8797.21114095
8797.30195396
8797.54179045
8797.57453315
8797.69828381
8797.88649807
8798.03472461
8798.15431852
8798.35258967
8798.50428332
8798.59379434
8798.76972132
8798.91126328
8799.05938094
8799.15627585
8799.19531626
8799.39147972
8799.49940043
8799.54506351
8799.78875028
8799.85765229
8799.98640819
8800.27988194
8800.36094544
8800.5126905
8800.62424971
8800.7199038
8800.93336238
8800.9851747
8801.18719762
8801.30727448
8801.38235015
8801.56443322
8801.68569359
8801.75432648
8801.98893486
8802.10493475
8802.24172173
8802.44279135
8802.52751411
8802.66861677
8802.84306802
8803.00061497
8803.09079371
8803.15517806
8803.28168804
8803.41043717
8803.4915612
8803.60060634
8803.70501534
8803.94349952
8804.01346292
8804.03392003
8804.2577414
8804.47438543
8804.58725105
8804.71962744
8804.84063271
8805.03207319
8805.10383925
8805.26450351
8805.36274824
8805.5836498
8805.70996151
8805.77496702
8805.89470275
8806.07226277
8806.11559284
8806.33169102
8806.43136271
8806.64669158
8806.7656134
8806.90135645
8807.03299104
8807.17094925
8807.2427091
8807.34982116
8807.65947674
8807.76250643
8807.87299243
8808.01435749
8808.16672908
8808.21638253
8808.41955367
8808.58926132
8808.73859676
8808.83212028
8808.92504502
8809.0699849
8809.18940357
8809.35273547
8809.45108032
8809.56952567
8809.65938089
8809.81567271
8810.01141055
8810.20691283
8810.3708068
8810.47598444
8810.56021908
8810.64926778
8810.68411386
8810.85269286
8811.03443434
8811.21240658
8811.31361558
8811.45046949
8811.58077623
8811.75979255
8811.83282127
8812.03588794
8812.13891467
8812.2277817
8812.40801939
8812.46757772
8812.62352668
8812.82666749
8812.94508937
8813.02679107
8813.19310508
8813.381302
8813.51601144
8813.63808549
8813.77660544
8813.87954062
8814.00015209
8814.13009006
8814.31210072
8814.37366195
8814.55892959
8814.64110611
8814.79514177
8814.88695543
8815.04564174
8815.23235122
8815.35757728
8815.47733724
8815.60036275
8815.70506713
8815.77796543
8815.94342138
8816.16544085
8816.2924424
8816.38139253
8816.42660095
8816.4985023
8816.67973095
8817.03567632
8817.11160119
8817.2632817
8817.38354976
8817.49035418
8817.68279764
8817.76843989
8817.95922822
8818.15294097
8818.29371135
8818.41725733
8818.45947915
8818.63229873
8818.82552204
8818.89061826
8818.98818356
8819.20648444
8819.33050426
8819.36946317
8819.51756736
8819.63365738
8819.75083485
8819.85849356
8820.01625541
8820.18037644
8820.32528453
8820.44883085
8820.62385652
8820.69811468
8820.86356997
8821.01857493
8821.10692181
8821.28763182
8821.37451228
8821.52004208
8821.65253338
8821.80189691
8821.92006533
8822.078839
8822.13079842
8822.33926648
8822.40077405
8822.65412916
8822.7010518
8822.8171907
8822.92161015
8822.99544237
8823.11401353
8823.38661942
8823.50980795
8823.64274783
8823.80130338
8823.89865856
8824.0015057
8824.14910961
8824.35573852
8824.46984272
8824.54812301
8824.81413552
8824.91576416
8825.05232485
8825.20695879
8825.2707136
8825.39467685
8825.49840428
8825.66772406
8825.8135895
8825.99997249
8826.10333067
8826.21732872
8826.43237044
8826.52689813
8826.6229523
8826.82193592
8826.8881424
8827.04089001
8827.17073976
8827.36915989
8827.45263252
8827.55247225
8827.63840258
8827.86689427
8827.97764533
8828.14337056
8828.17684318
8828.25197865
8828.45401146
8828.60649526
8828.79220254
8828.87793874
8829.09338204
8829.22327349
8829.33504386
8829.45754879
8829.61814495
8829.73445797
8829.81425577
8830.00712055
8830.18439758
8830.2547643
8830.42185462
8830.57030414
8830.66578116
8830.79558146
8830.96237986
8831.06662697
8831.14791205
8831.26352215
8831.44558724
8831.5171584
8831.70911081
8831.83941899
8832.04686364
8832.09797462
8832.23000276
8832.3742469
8832.43920995
8832.58555831
8832.75258034
8832.93680783
8832.98599258
8833.18633316
8833.22823766
8833.34785792
8833.44941469
8833.69518677
8833.8384007
8833.97084733
8834.14475858
8834.23761282
8834.43496296
8834.55208549
8834.68874245
8834.85414694
8834.9755983
8835.03754011
8835.24582606
8835.3593038
8835.41552128
8835.57965326
8835.77502472
8835.85230643
8836.1300365
8836.20294051
8836.27496553
8836.35807202
8836.56397623
8836.79674512
8836.8378781
8837.12323175
8837.21863974
8837.34497416
8837.46976476
8837.52507422
8837.62117775
8837.72940741
8837.87915072
8838.00009403
8838.22038645
8838.28343248
8838.41513469
8838.57484405
8838.70327384
8838.84282031
8838.94488591
8839.0308266
8839.20890127
8839.339951
8839.43267797
8839.52289937
8839.68131578
8839.87234714
8840.01975765
8840.13654449
8840.30498209
8840.4215487
8840.52990971
8840.74921568
8840.79492036
8840.97420466
8841.11507232
8841.27426221
8841.41349201
8841.54227397
8841.71447216
8841.84637102
8841.88869517
8841.93550142
8842.15607741
8842.28790716
8842.47473759
8842.56329904
8842.73195806
8842.84290412
8842.99665933
8843.08063747
8843.19759342
8843.31749974
8843.50617178
8843.62266549
8843.67003808
8843.89948992
8844.06949373
8844.22019349
8844.35351472
8844.4874897
8844.60337431
8844.76447441
8845.02431645
8845.10257492
8845.20268337
8845.27872391
8845.32998325
8845.4971216
8845.67670504
8845.87707557
8845.95967841
8846.04286428
8846.10133945
8846.31489371
8846.45303347
8846.6743502
8846.80052634
8846.86057771
8847.13901224
8847.26861066
8847.39735014
8847.48327681
8847.58671952
8847.67929295
8847.72847396
8848.03045847
8848.1270456
8848.25854322
8848.2796894
8848.40362227
8848.6043218
8848.77444588
8848.92572245
8849.02740577
8849.17012936
8849.28329725
8849.39489445
8849.56660133
8849.70986986
8849.8807633
8849.95646436
8850.12986002
8850.20391443
8850.32065831
8850.49060192
8850.61588127
8850.6876494
8850.80159809
8850.96734721
8851.05587123
8851.26271707
8851.33813115
8851.41893852
8851.69960515
8851.86077968
8851.93692596
8852.07195741
8852.10068434
8852.31176625
8852.5543453
8852.70558047
8852.79083243
8852.97994864
8853.04378069
8853.2612088
8853.35823263
8853.56009366
8853.68389757
8853.80521951
8853.91450538
8854.0448808
8854.22873095
8854.29262832
8854.48177418
8854.54789094
8854.63062961
8854.85594935
8854.90387075
8855.04395318
8855.24141265
8855.32414702
8855.45257285
8855.48486416
8855.66240997
8855.90733472
8856.01127778
8856.12516468
8856.33584845
8856.47517129
8856.58222469
8856.65043732
8856.78148936
8856.88512709
8857.0119522
8857.28385822
8857.35867153
8857.49958589
8857.64463714
8857.7300537
8857.9151177
8857.99868262
8858.11672195
8858.21187025
8858.38986787
8858.5930673
8858.6978837
8858.82161506
8858.9087677
8859.17310988
8859.23999772
8859.33838421
8859.39927914
8859.52903742
8859.66938148
8859.93671557
8860.02841096
8860.09716148
8860.30699393
8860.41205479
8860.55154535
8860.79300702
8860.87673325
8860.99059201
8861.13702559
8861.20289213
8861.30679987
8861.50102106
8861.58657627
8861.60442232
8861.79370327
8861.94751508
8862.12751247
8862.22311052
8862.52102145
8862.6994715
8862.80262455
8862.87238836
8862.95292477
8863.09896319
8863.17912217
8863.35938845
8863.48027831
8863.6523489
8863.88814953
8864.03310022
8864.08255276
8864.22405997
8864.45201424
8864.54394935
8864.64561565
8864.78128566
8864.89310162
8864.99566719
8865.1536562
8865.28929757
8865.41981523
8865.51973525
8865.66298012
8865.77762374
8865.99362439
8866.11650212
8866.25412487
8866.34042188
8866.49307112
8866.59450982
8866.71632509
8866.87154367
8866.96162403
8867.11646175
8867.23294723
8867.37918186
8867.54909363
8867.60050242
8867.74286411
8867.81779054
8867.98208123
8868.13700721
8868.35314088
8868.42730713
8868.57992456
8868.71105413
8868.86949136
8869.04153436
8869.14517984
8869.3061537
8869.4209707
8869.58859893
8869.63777883
8869.83528697
8869.92438108
8869.98535386
8870.17511709
8870.35910553
8870.4534869
8870.66834046
8870.71095296
8870.94085931
8871.04870661
8871.13040088
8871.36292816
8871.48811159
8871.54849628
8871.70681529
8871.82954262
8872.05779057
8872.17740636
8872.24383504
8872.32305682
8872.54783703
8872.72431505
8872.81347803
8872.88007688
8873.15015343
8873.26249849
8873.30948802
8873.41704352
8873.55741167
8873.76344022
8873.86667633
8874.00064305
8874.13499681
8874.2908354
8874.37934362
8874.45526323
8874.56322622
8874.75675552
8874.83048704
8874.98281121
8875.12698018
8875.29835867
8875.46881439
8875.51947377
8875.85439894
8875.9915598
8876.0560739
8876.16548311
8876.30956276
8876.46644915
8876.57964238
8876.68173879
8876.8262989
8877.00299081
8877.07330251
8877.17481777
8877.28585957
8877.41527649
8877.56059555
8877.70594591
8877.84468646
8877.99780876
8878.07922522
8878.17086239
8878.3253486
8878.41519248
8878.63781512
8878.75360018
8878.8455879
8879.1057798
8879.18984599
8879.33689925
8879.4880278
8879.62578382
8879.67212442
8879.79847834
8880.03702826
8880.09848657
8880.19324131
8880.33241476
8880.63893036
8880.801097
8880.85676637
8881.00186059
8881.13421634
8881.28627376
8881.53704593
8881.60859603
8881.66865678
8881.74183312
8881.88475857
8882.02213892
8882.19256032
8882.34751406
8882.47810399
8882.67029606
8882.70050418
8882.83219032
8882.96069253
8883.08420435
8883.33765422
8883.42631826
8883.52203934
8883.73227245
8883.76527657
8883.91011702
8884.01087556
8884.04130113
8884.38944596
8884.50401186
8884.62675722
8884.68804173
8884.87817059
8884.91202166
8885.08695005
8885.14391232
8885.39733748
8885.45853942
8885.57893945
8885.7543416
8885.91962413
8885.99224578
8886.15448386
8886.27125448
8886.46489399
8886.60760211
8886.63585048
8886.90269491
8887.06188242
8887.10579505
8887.17228063
8887.40896729
8887.53492217
8887.61358803
8887.73304377
8887.88058836
8888.06899716
8888.16099378
8888.30949625
8888.52070957
8888.68867192
8888.76438953
8888.84450892
8889.04356254
8889.1522763
8889.2486778
8889.50628389
8889.5969919
8889.75266806
8889.77772667
8889.93831418
8890.00645367
8890.18721914
8890.3616116
8890.4385659
8890.67996345
8890.80039746
8890.85909348
8890.97559105
8891.0912309
8891.1990031
8891.43460361
8891.59589931
8891.6705045
8891.80279063
8892.04034577
8892.25135743
8892.30697056
8892.44391858
8892.56664423
8892.62398803
8892.84925322
8892.91286459
8893.03425389
8893.18697431
8893.26946852
8893.4763311
8893.57886745
8893.74411822
8893.83573943
8893.93286558
8894.10947452
8894.19979823
8894.36716411
8894.51525243
8894.66135798
8894.72073895
8894.88107638
8895.01690805
8895.16330651
8895.26039623
8895.36983789
8895.57226037
8895.7350232
8895.90178217
8895.99985417
8896.10533964
8896.21310631
8896.32770046
8896.54770645
8896.61433543
8896.73173104
8896.87033811
8896.96264729
8897.10102637
8897.23178002
8897.33982097
8897.54512111
8897.69031867
8897.79857955
8897.94896659
8898.08422671
8898.26185542
8898.49642545
8898.65249254
8898.72121343
8898.82278668
8898.89644846
8899.1268461
8899.29217352
8899.42442255
8899.60769047
8899.66016673
8899.81175096
8899.94679896
8900.00724494
8900.16414172
8900.23413934
8900.46892
8900.63936718
8900.73485773
8900.82104733
8901.02473735
8901.18109452
8901.2481496
8901.30721761
8901.40758361
8901.51404684
8901.73063706
8901.83318542
8902.03988981
8902.12306539
8902.24894822
8902.41004313
8902.49933018
8902.74911955
8902.85873953
8902.93857864
8903.03895593
8903.20662425
8903.37551123
8903.55057792
8903.60574498
8903.74938919
8903.93566212
8903.95767511
8904.1553889
8904.21317873
8904.39348006
8904.56399314
8904.75376645
8904.86593611
8905.0146264
8905.20835955
8905.29425925
8905.37788493
8905.49228556
8905.639993
8905.8159996
8905.85066575
8906.04078722
8906.07685839
8906.15963325
8906.30809115
8906.51579406
8906.71495331
8906.80156806
8906.9643759
8907.0771838
8907.20915975
8907.47348411
8907.52757542
8907.73516176
8907.74887154
8907.91485816
8908.09093251
8908.23909287
8908.38233007
8908.45374108
8908.64070274
8908.74206202
8908.90709875
8908.9948248
8909.21746458
8909.29406912
8909.3616543
8909.50468011
8909.66507
8909.84078192
8909.9982543
8910.07328788
8910.19843627
8910.35762345
8910.52243478
8910.61415628
8910.74527497
8910.88025362
8911.07833145
8911.21336794
8911.32907745
8911.52679107
8911.64428382
8911.73047371
8911.84829779
8911.87156546
8912.08920887
8912.21648133
8912.26297119
8912.46126962
8912.62047501
8912.72958187
8912.86962619
8913.11073713
8913.19860532
8913.25558446
8913.38385534
8913.51405183
8913.58576427
8913.68438695
8913.81615125
8913.9936368
8914.13125699
8914.32803867
8914.4500463
8914.61645612
8914.6838102
8914.86411603
8914.96438609
8915.23202342
8915.32920835
8915.4267563
8915.56034247
8915.78354546
8915.87171308
8915.99815032
8916.1614235
8916.26198922
8916.47328849
8916.50901281
8916.69205253
8916.76627112
8916.87850674
8917.05136716
8917.1670746
8917.23669799
8917.45942465
8917.5497725
8917.74462167
8917.96908153
8918.1193798
8918.20983536
8918.32859913
8918.48195129
8918.57598208
8918.60778366
8918.72583318
8918.96988888
8919.03286411
8919.18613802
8919.31885056
8919.45636111
8919.56883808
8919.76247113
8919.79779934
8920.01058106
8920.08877724
8920.26600482
8920.42450294
8920.55245281
8920.63518903
8920.81024103
8920.97890722
8921.12250536
8921.22724084
8921.39032035
8921.49927698
8921.57533138
8921.68317666
8921.84714004
8922.02913666
8922.12892563
8922.21761579
8922.4034455
8922.55275693
8922.68310988
8922.91296043
8922.99695929
8923.10201302
8923.18930474
8923.29428338
8923.45035867
8923.57372578
8923.718509
8923.88909784
8923.97349071
8924.10583798
8924.36594543
8924.4085385
8924.46069156
8924.61380299
8924.70428502
8924.99700096
8925.04986427
8925.19573127
8925.3331582
8925.56290501
8925.62300994
8925.67478
8925.84857328
8925.99381841
8926.10148899
8926.26597512
8926.49772842
8926.63029107
8926.83469821
8926.93502954
8927.00823271
8927.12998627
8927.31758879
8927.45026652
8927.61485709
8927.72214497
8927.88726542
8927.960913
8928.00713531
8928.18702723
8928.44383663
8928.5564322
8928.67241764
8928.72028991
8928.85826069
8929.03447904
8929.11101127
8929.1795701
8929.36956559
8929.53081947
8929.60734463
8929.67591241
8929.9312834
8930.05718654
8930.146959
8930.2443584
8930.45800926
8930.59148499
8930.67167554
8930.86617808
8931.09737784
8931.18136768
8931.26227458
8931.34341024
8931.5363789
8931.66422792
8931.76984016
8931.90754702
8932.03400889
8932.15308619
8932.24755218
8932.47508458
8932.548145
8932.76815675
8932.90121582
8933.01470407
8933.1087864
8933.14228309
8933.32681929
8933.58850153
8933.64919203
8933.84559011
8933.95627994
8934.03321967
8934.23956943
8934.30751505
8934.52198367
8934.74880277
8934.79067515
8934.97450703
8935.04387248
8935.23081178
8935.32801904
8935.50518639
8935.58223618
8935.71417751
8935.78891756
8935.97950677
8936.09939065
8936.21600391
8936.31633109
8936.5188969
8936.64727036
8936.78774628
8936.89239284
8936.97809623
8937.16391901
8937.29533475
8937.49838666
8937.61961527
8937.69353891
8937.80457475
8938.05067546
8938.10924707
8938.19460622
8938.37433001
8938.5571583
8938.71205898
8938.89119822
8938.92690658
8939.07098505
8939.31005925
8939.35613894
8939.41141472
8939.56592672
8939.70417438
8939.94202257
8940.03072123
8940.07913875
8940.23643774
8940.3250138
8940.43939708
8940.71364721
8940.8092694
8940.8982523
8941.14103825
8941.19760028
8941.22358776
8941.34640572
8941.50437158
8941.65717376
8941.80588414
8941.93454669
8942.06466601
8942.30748929
8942.34530145
8942.5054562
8942.61634034
8942.74680952
8942.91745019
8943.07829918
8943.13292404
8943.27256994
8943.46153285
8943.56940641
8943.78856849
8943.93866933
8944.10769277
8944.17616046
8944.3412147
8944.44384461
8944.60089662
8944.79178741
8944.93296823
8945.06806242
8945.08320178
8945.24527954
8945.40331877
8945.48206211
8945.65121329
8945.72802626
8945.91281031
8946.01072934
8946.14349705
8946.28284079
8946.46907839
8946.57024549
8946.74300191
8946.84831716
8947.08270659
8947.19898027
8947.31433649
8947.41206527
8947.50358197
8947.65760542
8947.69691995
8947.93565612
8948.03268107
8948.19156324
8948.24242481
8948.33174427
8948.48392698
8948.63277593
8948.75092692
8948.81790135
8949.04036674
8949.25100649
8949.39220965
8949.5480016
8949.64721494
8949.79102755
8949.92156047
8950.09231844
8950.18073817
8950.34349081
8950.43272192
8950.64138503
8950.76599089
8950.89720501
8951.04467778
8951.10400616
8951.23149514
8951.33796437
8951.42681333
8951.60850871
8951.84305322
8951.8742209
8952.04586838
8952.20743408
8952.32716553
8952.40411703
8952.56528757
8952.75248041
8952.8377869
8953.04599809
8953.14464034
8953.1977484
8953.3503302
8953.47781612
8953.66232477
8953.88297413
8954.01821248
8954.07986147
8954.21988231
8954.40031727
8954.56872622
8954.69990123
8954.7716278
8954.954065
8955.00666062
8955.11779316
8955.27734461
8955.42996927
8955.6362321
8955.71593871
8955.87778728
8955.94625854
8956.10388301
8956.21496811
8956.38337302
8956.5026971
8956.67389025
8956.79756877
8956.91354872
8957.03812378
8957.15151946
8957.24919731
8957.47325203
8957.55671866
8957.73980651
8957.88728994
8957.97977141
8958.14601692
8958.20879809
8958.40086056
8958.47351771
8958.54515902
8958.7160224
8958.82422571
8958.95117239
8959.14236854
8959.31473754
8959.38023333
8959.52038855
8959.67702958
8959.85701219
8959.97897001
8960.0439392
8960.14452262
8960.27620914
8960.47894778
8960.61680454
8960.81734474
8960.92604602
8961.00714526
8961.13461178
8961.29080518
8961.40987406
8961.58532096
8961.66729789
8961.84712969
8961.96307164
8962.22879111
8962.42972558
8962.51294971
8962.6207374
8962.75986612
8962.86404835
8962.9981339
8963.06289997
8963.26512934
8963.40003612
8963.55541971
8963.60975519
8963.70087803
8963.9274714
8964.00447292
8964.1962088
8964.24688563
8964.33327798
8964.50549371
8964.56837352
8964.8600118
8964.951851
8965.08952794
8965.17681202
8965.41735484
8965.45873961
8965.60185997
8965.70265757
8965.86464308
8966.03278556
8966.07758066
8966.20003046
8966.38998519
8966.45366938
8966.83168351
8966.98460173
8967.06336395
8967.18164672
8967.30922451
8967.35938594
8967.46314994
8967.60326549
8967.69589428
8967.86822667
8967.99083671
8968.11678493
8968.22054954
8968.36385126
8968.57582411
8968.66588277
8968.7316621
8968.9801397
8969.16691704
8969.19389
8969.33138926
8969.45740517
8969.61839061
8969.73262092
8969.90898271
8970.07967995
8970.17191818
8970.2370886
8970.36692277
8970.60035076
8970.70966448
8970.82696559
8970.91435452
8971.18166327
8971.32871856
8971.40969183
8971.5277717
8971.66965227
8971.77386875
8971.83453425
8971.8998759
8972.23118781
8972.33362968
8972.51707028
8972.61889505
8972.73315733
8972.96610567
8973.05405381
8973.18684681
8973.36315477
8973.38066546
8973.68208567
8973.73467068
8973.85672555
8973.96929381
8974.1470584
8974.22179071
8974.37482719
8974.50482033
8974.58964171
8974.76033785
8974.87089926
8974.99258986
8975.11931823
8975.23889643
8975.35263316
8975.5186614
8975.65686513
8975.79693457
8975.92297864
8976.08378467
8976.26125912
8976.34141248
8976.45433387
8976.59912924
8976.70017841
8976.78462198
8976.92506208
8977.02870178
8977.20445912
8977.43517902
8977.5491709
8977.71587963
8977.80568615
8977.88670452
8978.03733124
8978.16812895
8978.29652526
8978.50820392
8978.69481711
8978.82477472
8978.92571226
8979.01322301
8979.14020938
8979.26522607
8979.48190529
8979.52571808
8979.74892164
8979.85507847
8979.99516016
8980.13446802
8980.18297946
8980.36990251
8980.54857827
8980.67524236
8980.84384357
8980.94231226
8981.00883081
8981.13625262
8981.31031767
8981.46793187
8981.67174422
8981.76510322
8981.94835036
8981.98406508
8982.164266
8982.2327424
8982.35995948
8982.53414778
8982.68449729
8982.74683126
8982.95787232
8983.10999619
8983.15882398
8983.30764067
8983.40899599
8983.5900758
8983.63252505
8983.98345011
8984.0345683
8984.1511017
8984.27544073
8984.32507952
8984.64699156
8984.70805351
8984.78434793
8984.80757094
8985.03802112
8985.21769638
8985.35657556
8985.42311329
8985.62243237
8985.77913453
8985.9539245
8986.01918342
8986.19489842
8986.33165278
8986.39280239
8986.5324607
8986.67574496
8986.82030797
8986.90518847
8986.97973074
8987.20278055
8987.37118171
8987.44049963
8987.49905028
8987.63778326
8987.82852518
8987.87332037
8988.04756873
8988.16504343
8988.27914417
8988.4247354
8988.68871559
8988.90362126
8988.92805749
8989.14620399
8989.32355178
8989.50192213
8989.62118687
8989.6655086
8989.83071695
8990.00762667
8990.04853289
8990.14877912
8990.28343403
8990.43874428
8990.66009717
8990.70295521
8990.85575481
8991.04061094
8991.17316219
8991.3519077
8991.46822179
8991.55985488
8991.66808199
8991.75217892
8991.86873664
8992.04144137
8992.1966509
8992.24077897
8992.42807937
8992.60518725
8992.73278309
8992.9246262
8992.99947951
8993.14665343
8993.24404756
8993.40285605
8993.45374851
8993.63477153
8993.73739668
8993.88151305
8994.09596307
8994.16781575
8994.30813346
8994.42661782
8994.57791868
8994.63987987
8994.87411297
8994.92845657
8995.09219623
8995.33255473
8995.4080391
8995.49988351
8995.60690484
8995.65496756
8995.88414221
8996.07708267
8996.19444925
8996.31324268
8996.58013536
8996.63783371
8996.83293806
8996.90454662
8996.94128708
8997.08014775
8997.27117739
8997.39916753
8997.43648687
8997.65691243
8997.76676197
8997.98090566
8998.13406027
8998.23970324
8998.39038345
8998.44823755
8998.66672043
8998.7608688
8998.97293642
8999.05006638
8999.19486526
8999.34330066
8999.42485391
8999.56660442
8999.69562551
8999.77450116
8999.92592194
9000.09520001
9000.20603827
9000.35070829
9000.38609568
9000.63274846
9000.73692675
9001.00459063
9001.05873885
9001.24693768
9001.33415572
9001.49762656
9001.59445135
9001.80665935
9001.92796019
9002.03131277
9002.10167597
9002.3035699
9002.42141304
9002.53220424
9002.65973136
9002.83753688
9002.92420128
9003.00502293
9003.11327096
9003.38193119
9003.50508541
9003.54052728
9003.62209967
9003.73391411
9003.84988882
9004.08159866
9004.21851554
9004.37923967
9004.46324571
9004.60951443
9004.75122338
9004.90030608
9005.12414284
9005.22694598
9005.3328677
9005.39797504
9005.52358672
9005.68827474
9005.81133491
9005.89565848
9006.10933615
9006.19011132
9006.41522094
9006.51834942
9006.62992976
9006.75518877
9006.95838077
9007.06724488
9007.22121086
9007.3046772
9007.52918454
9007.69099448
9007.73749192
9007.89474305
9008.08145988
9008.24044624
9008.31886294
9008.45550777
9008.57123461
9008.75209265
9008.85711894
9009.00506736
9009.1668284
9009.25210961
9009.37146029
9009.61223427
9009.70253032
9009.84957135
9009.92986742
9010.02755907
9010.1172064
9010.25046873
9010.3029568
9010.50993372
9010.64267017
9010.78390842
9011.02487034
9011.07578079
9011.13812843
9011.28365975
9011.65151334
9011.68403402
9011.74861452
9011.78577442
9011.98184239
9012.0855957
9012.21610383
9012.46226733
9012.61333964
9012.77322078
9012.92285218
9012.97076069
9013.05287208
9013.32566263
9013.41597402
9013.52270915
9013.67024038
9013.78291794
9013.86527824
9014.03707763
9014.10211219
9014.32948473
9014.4429103
9014.57861603
9014.62113562
9014.74743819
9014.9809464
9015.16786378
9015.22960881
9015.36585595
9015.44282724
9015.60644997
9015.73844077
9015.94311433
9016.09674126
9016.16360992
9016.37268827
9016.43148184
9016.59023635
9016.68604046
9016.85341208
9017.01676616
9017.13379976
9017.26891665
9017.30192625
9017.52569718
9017.84241635
9017.93863027
9018.02029289
9018.06643675
9018.24780237
9018.35289893
9018.58646831
9018.69046948
9018.81539619
9018.89408273
9019.07167047
9019.12118782
9019.2701443
9019.36973855
9019.54059963
9019.7386742
9019.80148986
9019.91400252
9020.03817524
9020.22783595
9020.4075715
9020.50652101
9020.69191536
9020.8233733
9020.94649097
9021.05722721
9021.19649251
9021.35686347
9021.38976516
9021.54098126
9021.60988153
9021.7892299
9021.93614984
9022.00589582
9022.1359723
9022.33911427
9022.48492594
9022.56327862
9022.79038675
9022.91668917
9022.98775458
9023.11322273
9023.15431267
9023.33359345
9023.50883385
9023.65519884
9023.7769001
9023.90939869
9024.01095952
9024.28570028
9024.41679148
9024.55214551
9024.65171071
9024.8487606
9024.9682966
9025.08374694
9025.24783882
9025.38966327
9025.46870328
9025.66442278
9025.71702091
9025.91590375
9026.11298139
9026.1698122
9026.2985421
9026.3511418
9026.47064173
9026.68446264
9026.77412038
9026.91286539
9027.09409449
9027.19145171
9027.29164541
9027.51948892
9027.58005367
9027.69573451
9027.8470111
9028.0090692
9028.16771729
9028.32982003
9028.43068543
9028.59013317
9028.66445145
9028.82175485
9029.00349662
9029.09427444
9029.20357862
9029.35825066
9029.43372586
9029.60612494
9029.73857899
9029.80447087
9030.02555637
9030.12173259
9030.25265721
9030.39994515
9030.60605529
9030.69203358
9030.75193271
9031.05808408
9031.13921216
9031.25865489
9031.39669526
9031.50997156
9031.64573294
9031.7179574
9031.85571043
9031.9566768
9032.06399926
9032.21353084
9032.39267109
9032.49860697
9032.68063817
9032.83194265
9032.93738811
9033.07857253
9033.21092958
9033.3685966
9033.45192495
9033.67853456
9033.72236604
9033.87191659
9033.98820117
9034.09912012
9034.25889333
9034.35486314
9034.55443201
9034.66378429
9034.89074823
9034.97769901
9035.19440487
9035.27181341
9035.39205408
9035.55711248
9035.70561319
9035.82780167
9035.93559617
9036.15637181
9036.29431765
9036.4248006
9036.53459753
9036.61245371
9036.74192527
9036.86177642
9036.99664123
9037.11926181
9037.33073318
9037.43319788
9037.56444091
9037.7417701
9037.8646855
9037.98287938
9038.05353639
9038.19737337
9038.30760336
9038.40889613
9038.61999943
9038.74690581
9038.84357897
9038.96371767
9039.04400402
9039.24884358
9039.3065787
9039.50554278
9039.54628838
9039.78543884
9039.87248526
9040.07426424
9040.21264313
9040.31839084
9040.45655373
9040.64725154
9040.79378742
9040.86632545
9040.98533038
9041.10471106
9041.20383395
9041.4616504
9041.62239433
9041.79858615
9041.83843731
9041.9447811
9042.03220252
9042.1386304
9042.32214052
9042.38151901
9042.57803046
9042.71187752
9042.792316
9043.04030718
9043.11036136
9043.35001651
9043.49750156
9043.62062457
9043.67683187
9043.85988172
9044.00818651
9044.16013316
9044.3223436
9044.4265016
9044.55496893
9044.64364948
9044.82321854
9044.93767099
9045.07577599
9045.24948438
9045.29792314
9045.42736345
9045.57444406
9045.64930618
9045.7418251
9045.93239815
9046.1524467
9046.27085816
9046.39222202
9046.47677942
9046.58323474
9046.81432142
9046.90255958
9047.04081449
9047.20798692
9047.49937862
9047.58267754
9047.65227692
9047.76627975
9047.85202607
9047.99157741
9048.11445327
9048.2882549
9048.35562923
9048.57965584
9048.65101257
9048.80559271
9049.00895503
9049.03749375
9049.25117736
9049.32880844
9049.3894305
9049.54590336
9049.68141342
9049.76862818
9049.9815694
9050.09369622
9050.27217707
9050.41444451
9050.51551083
9050.59947328
9050.66583825
9050.83552353
9051.04879449
9051.20587236
9051.28018171
9051.42477006
9051.55929691
9051.65979872
9051.84670659
9051.9921162
9052.1215556
9052.32683256
9052.51781558
9052.59880116
9052.65620884
9052.80099779
9053.01641509
9053.15092858
9053.29876443
9053.48320738
9053.56246406
9053.72255794
9053.77793668
9053.92800137
9054.03120892
9054.22628276
9054.3010738
9054.45282985
9054.60108539
9054.6760541
9054.89467009
9055.00299758
9055.10531177
9055.34112682
9055.44019753
9055.52481968
9055.59767663
9055.79030392
9055.84268741
9055.9549358
9056.13721711
9056.30346977
9056.42956739
9056.61455459
9056.74358864
9056.92545221
9056.97237541
9057.07644066
9057.23921852
9057.38764135
9057.52865925
9057.6736038
9057.71521248
9057.81620115
9057.9932688
9058.19311175
9058.3023594
9058.45371127
9058.49742043
9058.74775438
9058.85303249
9058.91239448
9059.08063296
9059.25463517
9059.34280325
9059.58024272
9059.69672732
9059.80180279
9059.95862125
9060.0607001
9060.22919048
9060.38423329
9060.5223007
9060.57514085
9060.76191394
9060.91074463
9061.00724412
9061.08291461
9061.1753272
9061.34395776
9061.44782132
9061.61928519
9061.78393515
9061.9730436
9062.05899374
9062.20865231
9062.39530654
9062.45065701
9062.63711313
9062.72739087
9062.94127689
9063.05040531
9063.18897905
9063.33224042
9063.40127846
9063.55895175
9063.75247273
9063.83808525
9063.91263118
9064.24361808
9064.28665816
9064.39662704
9064.49052241
9064.71387067
9064.8643227
9065.00096651
9065.06385857
9065.1776919
9065.3358444
9065.38722436
9065.59468907
9065.68881858
9065.79654287
9066.00877017
9066.07591454
9066.16971191
9066.34743194
9066.45330256
9066.5799007
9066.75709691
9066.91550227
9067.02891105
9067.20636792
9067.39266648
9067.4326421
9067.63881173
9067.78677825
9067.86802431
9067.89731765
9068.02571225
9068.13762053
9068.32534775
9068.41500537
9068.6007335
9068.69148002
9068.8411199
9068.97662938
9069.12248014
9069.20988055
9069.4669578
9069.63956762
9069.70002755
9069.8733163
9070.04488728
9070.13992811
9070.30055175
9070.35357169
9070.50412307
9070.70969684
9070.78798525
9070.91294914
9071.10254301
9071.29885172
9071.48972801
9071.60595088
9071.65106521
9071.79875958
9071.8936053
9071.99210788
9072.17591259
9072.26963249
9072.36147203
9072.52184928
9072.71408024
9072.93608857
9073.09334017
9073.1475396
9073.19324227
9073.35384056
9073.42424581
9073.64196479
9073.78273572
9073.85538591
9073.95307565
9074.15052535
9074.19882843
9074.31826786
9074.51063877
9074.53564412
9074.80143778
9075.04362138
9075.17334858
9075.21570509
9075.37870174
9075.5084044
9075.71486295
9075.78298592
9075.92866283
9076.02063026
9076.20946477
9076.38583891
9076.42399466
9076.52724254
9076.77471608
9076.83514951
9076.95318695
9077.06973001
9077.17541528
9077.31688501
9077.51999605
9077.59724946
9077.76806007
9077.95106822
9078.01360541
9078.12116467
9078.23201287
9078.32871938
9078.4654087
9078.68499877
9078.78072269
9078.96313521
9079.03367616
9079.27965027
9079.3978185
9079.47628004
9079.7160922
9079.84608293
9079.90798317
9080.08837767
9080.25097965
9080.34635697
9080.45116959
9080.57470887
9080.82342422
9080.87509845
9081.04029303
9081.14822571
9081.29310057
9081.41722435
9081.51988374
9081.61454854
9081.84478095
9081.93749051
9082.02288103
9082.29728248
9082.4371169
9082.53873511
9082.71230299
9082.81522254
9082.8462512
9083.11454494
9083.181773
9083.36964487
9083.41687115
9083.55526399
9083.65997376
9083.83193062
9083.93140371
9084.04564161
9084.20901698
9084.34764815
9084.50519822
9084.61842218
9084.75841866
9084.90224508
9084.95722642
9085.05443514
9085.25764021
9085.31216478
9085.47027291
9085.53768138
9085.78362204
9085.87687416
9086.09383405
9086.21925524
9086.39049383
9086.45897528
9086.6109406
9086.73556718
9086.9906145
9087.04712697
9087.16251945
9087.30180298
9087.41797491
9087.48272037
9087.70429422
9087.81599702
9087.99560774
9088.13804965
9088.19964683
9088.3044693
9088.50135034
9088.61533015
9088.8509929
9088.97870417
9089.16495374
9089.26160962
9089.33765003
9089.51932551
9089.60916597
9089.69670193
9089.79909545
9089.93485697
9090.1062623
9090.26982418
9090.43142764
9090.52915936
9090.67589132
9090.78466608
9091.03621359
9091.04502483
9091.08879852
9091.33756457
9091.52753933
9091.64653282
9091.70270631
9091.88132585
9092.01610545
9092.179678
9092.32256641
9092.36898658
9092.5314595
9092.64936997
9092.75879763
9092.87954871
9093.11428054
9093.30415237
9093.40961329
9093.53838345
9093.66896227
9093.70291738
9093.82474881
9093.89988249
9094.16069152
9094.28886584
9094.43554355
9094.58026881
9094.64288985
9094.73708273
9094.91524946
9095.09684655
9095.24526979
9095.36155591
9095.48008703
9095.60540744
9095.74356565
9095.86319007
9096.02499655
9096.09903656
9096.22771333
9096.39832357
9096.54072744
9096.63574507
9096.71723357
9096.83875959
9097.09444399
9097.1722028
9097.27078058
9097.47818929
9097.66110272
9097.71481351
9097.78999931
9097.92896627
9098.18882286
9098.31657182
9098.52747937
9098.65577548
9098.78341879
9098.90113413
9099.05233067
9099.28819147
9099.38482068
9099.511661
9099.63676912
9099.72422726
9099.86068812
9099.94607204
9100.11726402
9100.15753426
9100.20398504
9100.38443698
9100.56342007
9100.72384219
9100.79271477
9100.99438245
9101.12612853
9101.30260853
9101.39996364
9101.55653074
9101.63615218
9101.8071864
9101.91873297
9101.99341572
9102.14843102
9102.3339604
9102.51742148
9102.59055728
9102.70730017
9102.85299109
9103.02497257
9103.11536751
9103.25992406
9103.30960768
9103.51140097
9103.61140769
9103.73972841
9103.85833079
9104.03897569
9104.31181123
9104.35728726
9104.48227729
9104.6864453
9104.77841901
9104.80620894
9104.9470947
9105.03537309
9105.25485602
9105.44611442
9105.53580801
9105.60534565
9105.79192898
9105.90323826
9106.04247151
9106.18149263
9106.41964615
9106.57879722
9106.65106649
9106.77374849
9106.89558424
9107.00999389
9107.17473978
9107.31195884
9107.42525209
9107.56589527
9107.7610824
9107.93222091
9107.95581211
9108.08830981
9108.14744321
9108.35547374
9108.3866069
9108.65183228
9108.73118255
9108.96232727
9109.09602431
9109.22516933
9109.33467778
9109.4827491
9109.62134405
9109.70446835
9109.83469478
9109.9451121
9110.16400735
9110.31038463
9110.43782759
9110.51091476
9110.60326424
9110.79755807
9110.94331519
9111.10136031
9111.26876127
9111.33128668
9111.43989204
9111.64734942
9111.76802349
9111.89914713
9112.03830452
9112.16080511
9112.22336251
9112.42129357
9112.48718453
9112.56972733
9112.69917702
9112.87809126
9112.98590483
9113.15430753
9113.28664063
9113.42035164
9113.52041204
9113.67398467
9113.80465971
9113.90469292
9114.03714749
9114.19197715
9114.43410356
9114.48005348
9114.68105144
9114.81525599
9114.90322479
9115.12539946
9115.16096378
9115.28635842
9115.51103203
9115.61327638
9115.69755183
9115.95208527
9116.04556964
9116.17555884
9116.37276503
9116.48705068
9116.57662147
9116.71873744
9116.80884085
9116.97435904
9117.1026312
9117.15940127
9117.37474154
9117.47110261
9117.71555216
9117.8505695
9117.95389078
9118.10972955
9118.2258945
9118.37293902
9118.39848509
9118.57567671
9118.71469478
9118.88558235
9118.94093409
9119.15187282
9119.22018984
9119.4215467
9119.52999611
9119.63087643
9119.72602905
9119.77479436
9119.96245815
9120.13828087
9120.35960921
9120.41535354
9120.54100269
9120.66045122
9120.73289485
9120.93255353
9121.0263509
9121.31537364
9121.40645525
9121.52631778
9121.6737507
9121.82435319
9121.9588301
9122.08801784
9122.21987182
9122.28251847
9122.42057073
9122.56687949
9122.80976865
9122.91807128
9123.00560577
9123.09291011
9123.21547948
9123.38105931
9123.54059384
9123.55969345
9123.6721209
9123.87382347
9124.00697927
9124.14427108
9124.25396803
9124.52669991
9124.56080574
9124.64742814
9124.76707121
9125.02861423
9125.15235108
9125.36194375
9125.46675748
9125.51883709
9125.64893261
9125.82989198
9125.91649716
9126.07073516
9126.23974458
9126.34213467
9126.45418787
9126.68062879
9126.87330869
9126.91883278
9126.99472185
9127.28094834
9127.33720955
9127.45671535
9127.55615518
9127.74861898
9127.83753742
9127.93055115
9128.17500486
9128.22543972
9128.42251169
9128.51223931
9128.71721286
9128.76649492
9128.94743302
9128.98519859
9129.14844244
9129.24408189
9129.46265282
9129.54697321
9129.6493522
9129.79252964
9129.93889788
9130.14213918
9130.20017533
9130.35401383
9130.46608943
9130.58195102
9130.75763491
9130.89742574
9131.05191486
9131.11188569
9131.39741469
9131.47129811
9131.53293868
9131.6544942
9131.85523297
9131.89664808
9132.01199465
9132.12915594
9132.31947028
9132.38648013
9132.49368956
9132.74616668
9132.88381633
9132.98882158
9133.24454455
9133.37487524
9133.56242709
9133.6346957
9133.78168991
9133.88606377
9133.96612031
9134.18556456
9134.31776958
9134.38458324
9134.51780635
9134.6821002
9134.82974898
9135.00669268
9135.20185126
9135.25996585
9135.33939373
9135.51764243
9135.62701285
9135.81317396
9135.91248117
9136.00579626
9136.09903568
9136.19360562
9136.44846355
9136.49231525
9136.62415544
9136.71317794
9136.90572214
9137.03240058
9137.20276363
9137.35155339
9137.45097302
9137.62289997
9137.80307944
9137.89677333
9138.09124034
9138.21078565
9138.36527398
9138.47966873
9138.64087697
9138.70562439
9138.84278601
9138.93646402
9139.05797537
9139.16510529
9139.35023423
9139.53557063
9139.58815385
9139.79213729
9139.87667233
9140.01828916
9140.11255216
9140.20264762
9140.3336491
9140.54381266
9140.69392562
9140.88520462
9140.95467947
9141.0958612
9141.26253555
9141.34767269
9141.53890951
9141.5709786
9141.74834334
9141.87081662
9141.97670413
9142.1113595
9142.27931329
9142.3801045
9142.46534813
9142.6827536
9142.84432546
9142.99609701
9143.02030307
9143.2366955
9143.33988078
9143.45926407
9143.73178309
9143.86282459
9143.95703838
9144.11342577
9144.27845108
9144.39591173
9144.45638897
9144.57323639
9144.81704593
9144.96173485
9145.00005665
9145.12456794
9145.29034376
9145.39668835
9145.63761254
9145.72216027
9145.84128943
9145.99767192
9146.07155161
9146.21431319
9146.40355064
9146.50638982
9146.63210007
9146.83335845
9146.95812292
9147.02351068
9147.06988456
9147.15357132
9147.36037488
9147.49883154
9147.69442739
9147.74737012
9147.87716796
9148.04139609
9148.24849898
9148.33168
9148.46230959
9148.57579531
9148.66121828
9148.82966892
9148.98818418
9149.14067519
9149.22476542
9149.38646273
9149.52476068
9149.66249631
9149.72589216
9150.01832867
9150.08568359
9150.24450588
9150.3411658
9150.58157913
9150.61493001
9150.78990132
9150.92140614
9151.0086522
9151.07612041
9151.3884763
9151.42219567
9151.55107229
9151.70345018
9151.86371229
9152.00542314
9152.02923398
9152.15528613
9152.30180405
9152.4030823
9152.62920499
9152.8107828
9152.88544973
9153.09801721
9153.20726304
9153.44149063
9153.58923383
9153.60897001
9153.74302683
9153.95081751
9154.02135838
9154.06701747
9154.16377152
9154.42595518
9154.52063007
9154.71103444
9154.75416633
9154.87667718
9155.04621958
9155.20181286
9155.38485384
9155.51859405
9155.59382661
9155.72598839
9155.81898531
9156.00231933
9156.12268194
9156.18137669
9156.33342308
9156.59298988
9156.7973473
9156.90525708
9156.93845788
9157.05575113
9157.24028036
9157.31966443
9157.52261386
9157.66430411
9157.79852409
9157.90450814
9157.99702343
9158.06891256
9158.24166516
9158.42850542
9158.50642679
9158.6248717
9158.74882994
9158.8552413
9158.99669529
9159.15872594
9159.30909085
9159.42305685
9159.47030423
9159.74743843
9159.86440748
9159.95208961
9160.10603502
9160.27680884
9160.34212927
9160.47642478
9160.57371657
9160.70130484
9161.00290356
9161.17107502
9161.27968293
9161.46786676
9161.61037779
9161.72595928
9161.78516667
9161.90157795
9162.08493483
9162.22135628
9162.31018616
9162.47699756
9162.55453582
9162.74275904
9162.90107338
9163.0762733
9163.21388225
9163.32709458
9163.38624189
9163.54858197
9163.62956879
9163.73023187
9163.84350228
9164.0319717
9164.19931276
9164.3048348
9164.4843821
9164.61371963
9164.69137173
9164.85901166
9164.99240888
9165.13880844
9165.25661613
9165.38255577
9165.53948224
9165.6528561
9165.74963912
9165.88169071
9166.01281403
9166.14366556
9166.22159724
9166.32610259
9166.65422199
9166.77669849
9166.89589293
9167.07105446
9167.16477053
9167.29383788
9167.3532824
9167.47370865
9167.6670086
9167.754098
9167.9435915
9168.0125338
9168.20216176
9168.32162858
9168.46443066
9168.57359866
9168.70985979
9168.79281923
9168.96085297
9169.10446434
9169.30881496
9169.39115341
9169.52984874
9169.72192301
9169.77692794
9169.98407075
9170.13044893
9170.20609536
9170.3431782
9170.55241677
9170.64029961
9170.79702924
9170.89795237
9171.00954254
9171.09049606
9171.26361633
9171.31886313
9171.43892788
9171.69982401
9171.90253182
9171.92803472
9172.0738602
9172.31500221
9172.39761787
9172.47766295
9172.61476322
9172.7963292
9173.01495343
9173.19522036
9173.2807304
9173.33935167
9173.51539052
9173.6221086
9173.78909792
9173.85350886
9173.96195196
9174.12548381
9174.28832929
9174.37795029
9174.4790748
9174.66819387
9174.77132319
9174.8563444
9175.03553574
9175.14957151
9175.2840261
9175.40374235
9175.57357689
9175.68425467
9175.86322332
9176.013615
9176.12268488
9176.1907229
9176.36093257
9176.43584434
9176.59270633
9176.72866346
9176.81399829
9177.03036518
9177.18390631
9177.26583447
9177.49880437
9177.58840577
9177.7167693
9177.90386699
9178.03651668
9178.11081836
9178.18503475
9178.38764948
9178.44743258
9178.51103238
9178.66742979
9178.9633498
9179.09103338
9179.23338214
9179.32802044
9179.50833795
9179.59259672
9179.84241929
9179.99092684
9180.03598065
9180.24714041
9180.40091138
9180.50708924
9180.52209291
9180.7263514
9180.85346356
9181.04723673
9181.14546728
9181.24966501
9181.34280029
9181.46442525
9181.53596914
9181.71400403
9181.86733926
9182.04868975
9182.20590424
9182.31501616
9182.42776055
9182.51500946
9182.77016394
9182.83099055
9182.99265123
9183.05474053
9183.18688726
9183.32826047
9183.44950281
9183.67110172
9183.72302409
9183.82885941
9184.00714379
9184.12855067
9184.33959896
9184.53477746
9184.57114669
9184.70573334
9184.83015124
9184.931344
9185.14346962
9185.30722416
9185.48821796
9185.60821551
9185.65749782
9185.77630959
9185.90613984
9185.96232072
9186.09139075
9186.26944428
9186.36924142
9186.60693231
9186.78035408
9186.83305473
9186.89471505
9187.09881399
9187.20672196
9187.30261388
9187.43444851
9187.60500112
9187.71082333
9187.91629848
9187.98610725
9188.07547704
9188.26169701
9188.48283836
9188.63305268
9188.76798116
9188.917166
9189.05869098
9189.13028165
9189.31704403
9189.41154725
9189.62907122
9189.74399503
9189.86407784
9190.00723307
9190.07989101
9190.16519455
9190.42390782
9190.48762008
9190.65178034
9190.81415983
9190.92999609
9191.01842851
9191.24513235
9191.32946685
9191.37221989
9191.56505709
9191.65256107
9191.74480214
9191.97828647
9192.07783755
9192.22199718
9192.40103589
9192.50467082
9192.64352152
9192.81178255
9193.00131083
9193.07224876
9193.17961031
9193.27644966
9193.385068
9193.56416282
9193.67679401
9193.81690095
9193.93000781
9194.02200162
9194.13910831
9194.28323494
9194.40937747
9194.47665254
9194.79340703
9194.82509905
9194.94867558
9195.06834055
9195.23614811
9195.38769969
9195.66830772
9195.76571964
9195.89984953
9195.96691509
9196.10314788
9196.21767361
9196.36643228
9196.51016529
9196.60815477
9196.79771465
9196.96632845
9197.08992396
9197.20700438
9197.32304767
9197.43360397
9197.56625442
9197.77797616
9197.83241296
9198.06310623
9198.12335045
9198.28229255
9198.43415301
9198.56221815
9198.62297812
9198.76002471
9198.90602175
9199.07737865
9199.17134011
9199.30381953
9199.56184301
9199.65660153
9199.77817953
9199.89373263
9200.02592435
9200.1410825
9200.26903486
9200.41005051
9200.57425807
9200.59924806
9200.77438341
9200.87060325
9200.97042387
9201.24988849
9201.42886114
9201.56327057
9201.71077888
9201.80076239
9201.9988242
9202.03023861
9202.16385435
9202.19204627
9202.41849199
9202.55692146
9202.68293874
9202.81450324
9202.95127858
9203.10522098
9203.17923761
9203.29936383
9203.41618714
9203.59760698
9203.62698105
9203.94186443
9204.15963851
9204.19599352
9204.27823144
9204.39454065
9204.53773796
9204.58702281
9204.78636985
9204.86786481
9205.00907259
9205.2445449
9205.33557721
9205.47153032
9205.5741426
9205.74775535
9205.8593757
9206.0186811
9206.07031682
9206.18494277
9206.44176544
9206.60412457
9206.76088005
9206.79176141
9206.93752707
9207.19989236
9207.34365705
9207.4746433
9207.52961645
9207.69083606
9207.76904302
9207.89733993
9208.0670791
9208.3198237
9208.39864841
9208.47930041
9208.69297235
9208.8513226
9208.9184188
9209.05344485
9209.20216803
9209.33867706
9209.39956051
9209.55409451
9209.63401897
9209.81194117
9209.92359283
9210.04312788
9210.22559536
9210.25922231
9210.46738686
9210.54741933
9210.6115332
9210.76933015
9210.91732257
9211.0564575
9211.29943896
9211.38363718
9211.50706242
9211.73515947
9211.85084743
9211.90551021
9212.0769106
9212.19972737
9212.34917349
9212.50265764
9212.62932781
9212.79609073
9212.86078293
9213.02656902
9213.0845911
9213.24238874
9213.38937624
9213.54544819
9213.63760032
9213.80228869
9213.93617067
9214.11242702
9214.15286838
9214.29466756
9214.48775251
9214.57460289
9214.73474677
9214.87030364
9214.97808054
9215.18026206
9215.34250474
9215.44266171
9215.53370856
9215.72239526
9215.87819953
9215.97034614
9216.10988462
9216.20835802
9216.40956306
9216.50712712
9216.62608142
9216.83247143
9216.98013998
9217.09230152
9217.21059293
9217.28704501
9217.4104117
9217.53588878
9217.73542803
9217.86517155
9217.92940807
9218.06609119
9218.28165878
9218.42923793
9218.48620934
9218.64990939
9218.8352345
9218.91209844
9219.09430197
9219.2907373
9219.37072165
9219.56593509
9219.65519294
9219.79845797
9219.88188027
9219.95630668
9220.15878249
9220.29556735
9220.40630076
9220.49025321
9220.59299316
9220.81270336
9220.89769443
9221.0397139
9221.08332668
9221.3667628
9221.45807748
9221.68735076
9221.74107694
9221.85113314
9221.98293553
9222.02830196
9222.20231045
9222.36095755
9222.54796919
9222.61830998
9222.67291571
9222.82162113
9223.05801328
9223.09418331
9223.31066012
9223.43318778
9223.50140098
9223.73095907
9223.83974981
9223.93867869
9224.18977861
9224.28585915
9224.45574024
9224.59821636
9224.79129206
9224.95868245
9225.04722309
9225.170951
9225.3404451
9225.40203306
9225.4662609
9225.55832078
9225.85268181
9225.89248673
9226.0013184
9226.17967242
9226.32114802
9226.43810208
9226.63702774
9226.67541326
9226.79476051
9227.04035253
9227.12292831
9227.27890836
9227.35630714
9227.50154011
9227.65568932
9227.81349567
9227.95446855
9228.08802093
9228.19608018
9228.36271563
9228.44059805
9228.53221844
9228.62498494
9228.78657673
9228.99905149
9229.14694833
9229.19848798
9229.33912904
9229.49964195
9229.66632878
9229.80288662
9229.93406021
9230.00557588
9230.21546425
9230.27122058
9230.32036854
9230.49417667
9230.77368917
9230.8840037
9230.99225239
9231.12541695
9231.32352061
9231.43782352
9231.57560585
9231.69305086
9231.85135569
9231.95723898
9232.01600599
9232.21521953
9232.26979872
9232.39837286
9232.5609485
9232.63067696
9232.87663085
9232.92854112
9233.11379538
9233.26116905
9233.37289089
9233.51452949
9233.62724511
9233.76124058
9233.91346267
9234.03121226
9234.21235537
9234.33420327
9234.47366049
9234.59998862
9234.74360416
9234.93335899
9235.08502101
9235.23718684
9235.32922843
9235.40536128
9235.61510159
9235.81775133
9235.87846759
9236.06271078
9236.18962809
9236.24537645
9236.38695656
9236.58389528
9236.62412674
9236.71905784
9236.84443728
9237.03021802
9237.17114487
9237.36414145
9237.47153307
9237.58211568
9237.68879995
9237.86146864
9238.00834951
9238.10387595
9238.31689319
9238.41276887
9238.47093519
9238.60900529
9238.7089483
9238.88853626
9238.99806816
9239.08129954
9239.21847608
9239.42130765
9239.60598399
9239.70193176
9239.830513
9240.00657642
9240.1415256
9240.18790958
9240.32077973
9240.41554748
9240.51999607
9240.70405848
9240.94529482
9241.08805615
9241.17540492
9241.32936239
9241.34444001
9241.66667896
9241.69763285
9241.87816514
9241.98430556
9242.11322453
9242.23374218
9242.33484564
9242.41204301
9242.70361292
9242.85349236
9242.94621513
9242.99361985
9243.26339253
9243.47260053
9243.6035065
9243.69164541
9243.79642652
9243.94097773
9244.01754392
9244.16326827
9244.30958433
9244.46805243
9244.55559528
9244.69007263
9244.80839206
9244.95694673
9245.09701968
9245.18903889
9245.3799915
9245.4161014
9245.58815457
9245.72438782
9245.83738636
9245.946265
9246.12532297
9246.24512102
9246.41680819
9246.5506802
9246.74791791
9246.84855247
9247.02551388
9247.14748797
9247.28521747
9247.3575585
9247.52876516
9247.57535721
9247.766937
9247.92913547
9248.04526222
9248.22855996
9248.36734232
9248.50632098
9248.56191966
9248.74307219
9248.81753742
9249.00785638
9249.07688572
9249.19935481
9249.32619197
9249.40023731
9249.60085267
9249.67139029
9249.83673161
9249.88977441
9250.07553615
9250.22171056
9250.46312306
9250.54574623
9250.67218064
9250.90377931
9251.08400514
9251.11423594
9251.22485657
9251.38233259
9251.52116277
9251.64509468
9251.69793924
9251.86765007
9252.01894552
9252.23536731
9252.3507285
9252.42825147
9252.49968608
9252.72011674
9252.91463731
9253.04303594
9253.24848135
9253.33830403
9253.44903189
9253.5507683
9253.7911747
9253.87745708
9253.98294886
9254.1139101
9254.17177959
9254.41832461
9254.55304717
9254.62022388
9254.707358
9254.90394338
9255.05926058
9255.17381094
9255.26557256
9255.44643465
9255.59318698
9255.67680416
9255.83585239
9255.98072784
9256.05352028
9256.19602757
9256.2886179
9256.48623019
9256.56507343
9256.74403424
9256.87969735
9256.9219339
9257.16811305
9257.22205353
9257.42708923
9257.51903243
9257.6231171
9257.7252145
9257.82773203
9258.08709864
9258.25203586
9258.32767364
9258.5571138
9258.63942114
9258.76970783
9258.86585897
9259.04243552
9259.16052143
9259.22690329
9259.43440196
9259.58606138
9259.75755605
9259.885598
9259.94864348
9260.13266238
9260.21819492
9260.36641695
9260.4797233
9260.60415205
9260.73860064
9260.8130402
9261.07646897
9261.20326971
9261.32772063
9261.55242376
9261.6272547
9261.77917492
9261.8872362
9262.00487604
9262.04598294
9262.23150783
9262.40913621
9262.46943168
9262.59161738
9262.73535839
9262.95094065
9263.09201952
9263.23964883
9263.32440334
9263.54778237
9263.68581673
9263.724479
9263.95022409
9264.02963043
9264.19080545
9264.36134873
9264.41276262
9264.57858687
9264.63521206
9264.78531088
9264.8931228
9265.02363098
9265.25128748
9265.30971687
9265.4074965
9265.59765875
9265.70067342
9265.96936291
9266.02275806
9266.18958551
9266.33500709
9266.43260121
9266.50476406
9266.63434032
9266.80970019
9266.9696873
9267.03706505
9267.19961946
9267.47242319
9267.54676116
9267.59192004
9267.66651157
9267.80291152
9267.9833956
9268.09831995
9268.24681782
9268.31037146
9268.42334529
9268.58024448
9268.73705967
9268.94408979
9269.05843538
9269.10520179
9269.36737024
9269.45987386
9269.53837939
9269.67454394
9269.95296014
9270.11635203
9270.23833626
9270.34720554
9270.5481217
9270.64744794
9270.75117639
9270.99090435
9271.05553275
9271.18127787
9271.31711477
9271.37450617
9271.49680926
9271.75043278
9271.81497952
9271.95842164
9272.08880991
9272.17518374
9272.29551923
9272.376938
9272.62534462
9272.73735409
9272.87880616
9272.99119739
9273.09226952
9273.27076247
9273.39678479
9273.53289523
9273.66647116
9273.77662126
9273.88027779
9274.08846972
9274.18956019
9274.25580047
9274.44402146
9274.56735428
9274.67190687
9274.84947329
9275.05513685
9275.15689896
9275.29907286
9275.35554308
9275.51865316
9275.67723076
9275.76154862
9275.90488689
9276.10571513
9276.20929596
9276.28162647
9276.49721262
9276.5948098
9276.71428208
9276.92062231
9277.03709903
9277.10621673
9277.24414331
9277.41301128
9277.47345904
9277.64473733
9277.8603944
9277.920306
9278.00790402
9278.12405738
9278.3304249
9278.54428047
9278.65263
9278.78924348
9278.88863132
9278.91697585
9279.08751591
9279.23391869
9279.45994037
9279.54665626
9279.77800166
9279.90202362
9279.98091161
9280.11636357
9280.2635717
9280.44606539
9280.48754505
9280.67678726
9280.83328195
9280.90121337
9280.96133215
9281.05004972
9281.18310611
9281.51102587
9281.61423915
9281.75017021
9281.86076513
9282.05501879
9282.17960272
9282.35004246
9282.42970392
9282.57562847
9282.73737256
9282.85847654
9282.89244214
9283.02855116
9283.28408121
9283.3888149
9283.4697664
9283.57508287
9283.7186773
9283.8678435
9284.01491814
9284.07760265
9284.28412394
9284.34305391
9284.38410732
9284.52901161
9284.67740334
9284.83836507
9285.01207136
9285.20147007
9285.38622424
9285.48666853
9285.56090556
9285.69563228
9285.77410193
9285.82581017
9286.13106399
9286.30029681
9286.36692132
9286.54793116
9286.59604084
9286.75503926
9286.9216234
9287.08559751
9287.16249845
9287.38898934
9287.4668552
9287.65137567
9287.75199074
9287.87355671
9288.00469099
9288.15495393
9288.31345247
9288.47292737
9288.53384133
9288.65307175
9288.87102803
9288.9519292
9289.04815633
9289.28824501
9289.38696474
9289.59778473
9289.70314797
9289.76513876
9289.97295185
9290.03664625
9290.20516287
9290.2998876
9290.42184515
9290.69419067
9290.75751145
9290.9095571
9290.95578076
9291.04549749
9291.21398508
9291.32406623
9291.42882978
9291.56532208
9291.71517836
9291.8511884
9292.05721701
9292.143424
9292.32143711
9292.37824448
9292.58384468
9292.64883747
9292.8312943
9293.07526415
9293.14608097
9293.22264796
9293.50304044
9293.60877197
9293.70253077
9293.82176821
9293.89651555
9294.0373418
9294.15896414
9294.26504127
9294.35746723
9294.53131614
9294.69390841
9294.80834656
9294.93248851
9295.15966566
9295.28939047
9295.40480626
9295.60857224
9295.70564052
9295.80145626
9295.90408838
9295.9488359
9296.08785569
9296.30606558
9296.33895514
9296.47461865
9296.66132419
9296.76548378
9296.91381779
9297.17101762
9297.25827485
9297.37218235
9297.52721164
9297.72842702
9297.82811631
9298.01241903
9298.16126312
9298.26282993
9298.33097272
9298.50921153
9298.70993341
9298.80934324
9298.92169797
9299.03723511
9299.21902921
9299.32462665
9299.48276628
9299.61040851
9299.78333865
9299.85353684
9299.95516342
9300.09871799
9300.27703033
9300.40385506
9300.51339658
9300.59812178
9300.69669153
9300.94591289
9300.97908731
9301.11373688
9301.25325243
9301.43948849
9301.52630958
9301.72232622
9301.81226706
9301.93550023
9302.21767521
9302.29200215
9302.4166378
9302.47682031
9302.62116095
9302.67182629
9302.80839101
9302.9757939
9303.24049825
9303.2839588
9303.38661636
9303.51303952
9303.63379442
9303.8050583
9303.96240342
9304.02132563
9304.16259157
9304.32124138
9304.47574801
9304.70836792
9304.81668933
9304.8749166
9304.98625991
9305.1165974
9305.25990341
9305.41322477
9305.62249559
9305.80795825
9306.00646005
9306.07614932
9306.14651947
9306.2962536
9306.49344706
9306.54932399
9306.62438581
9306.81426399
9306.87701889
9307.04018485
9307.34172097
9307.41633475
9307.43977253
9307.51078026
9307.65055238
9307.82659849
9308.02916794
9308.14420006
9308.32969789
9308.38516356
9308.54346606
9308.67499084
9308.77471489
9308.93008606
9309.1258779
9309.23430793
9309.37932476
9309.52644242
9309.63036097
9309.73710369
9309.8973114
9310.03344692
9310.18427156
9310.34324743
9310.4906573
9310.5711056
9310.67262611
9310.79773752
9311.0270877
9311.13418804
9311.22461023
9311.33546616
9311.46736466
9311.60971877
9311.73162217
9311.87284447
9312.01997529
9312.17262379
9312.32331487
9312.44885967
9312.55416185
9312.6232205
9312.74087237
9312.96512649
9313.02784801
9313.17276656
9313.41269397
9313.47336752
9313.65263236
9313.72243994
9313.88242143
9313.95151669
9314.06363155
9314.20181685
9314.40656895
9314.53168348
9314.59711678
9314.82752166
9315.02067542
9315.18848698
9315.25861245
9315.34146
9315.5581765
9315.73416336
9315.80003343
9315.87964731
9315.92960355
9316.26338517
9316.42506886
9316.52568042
9316.66282271
9316.73969421
9316.91938768
9317.06871376
9317.17970686
9317.32887483
9317.421178
9317.55736449
9317.69288379
9317.83949587
9318.01931374
9318.15552645
9318.22127044
9318.32180692
9318.51116055
9318.56673889
9318.73196059
9318.81101437
9318.9761918
9319.23040025
9319.29165341
9319.40083565
9319.52959511
9319.68263248
9319.78080489
9319.92093002
9320.07120637
9320.11936622
9320.28294701
9320.40757859
9320.54527794
9320.62698994
9320.71347496
9320.94778165
9321.13022538
9321.4144206
9321.52391535
9321.55782293
9321.76795412
9321.93075405
9321.95564855
9322.07952482
9322.33496523
9322.37996804
9322.49313107
9322.5717876
9322.66706031
9322.92008024
9322.95172916
9323.13691971
9323.17096118
9323.39603884
9323.52286258
9323.68110944
9323.80825675
9323.87682951
9323.99855667
9324.26149298
9324.44545463
9324.51509709
9324.61052388
9324.76290122
9325.01926131
9325.08469742
9325.27717533
9325.32450669
9325.46519681
9325.60642032
9325.72349487
9325.77051526
9325.99733937
9326.17642265
9326.3327729
9326.39516847
9326.4784927
9326.65343299
9326.74405046
9326.84887876
9327.08385161
9327.22553017
9327.34273963
9327.5624955
9327.7046634
9327.79661702
9327.90049382
9327.98546051
9328.066771
9328.27301765
9328.39547642
9328.4736338
9328.64700106
9328.90108072
9328.97368388
9329.15098026
9329.25040329
9329.34591743
9329.46338844
9329.63603207
9329.76564049
9329.87792383
9329.99245656
9330.06841182
9330.30009795
9330.35966007
9330.45302056
9330.6137217
9330.74414378
9330.87473162
9331.01007801
9331.1970168
9331.27488267
9331.36045808
9331.5698857
9331.72792053
9331.85516133
9331.92530652
9332.11114179
9332.21743594
9332.43474357
9332.59108582
9332.676458
9332.78234867
9332.9202578
9333.03647722
9333.27416292
9333.39988159
9333.55377934
9333.59733947
9333.8188796
9333.95375831
9334.05139225
9334.2602366
9334.39605809
9334.44524967
9334.68666881
9334.83729689
9334.90760104
9334.98030004
9335.09981792
9335.23521421
9335.41117352
9335.47802116
9335.67710474
9335.80839207
9335.91853945
9336.05327707
9336.08786636
9336.29276695
9336.40480663
9336.45636478
9336.77578938
9336.90676067
9336.98299448
9337.1301712
9337.23003801
9337.42577741
9337.52425176
9337.65745595
9337.77013064
9337.97113515
9338.08820333
9338.18982145
9338.35755115
9338.41825679
9338.58689706
9338.66891873
9338.81687739
9339.04293743
9339.07814291
9339.28032811
9339.38185259
9339.51585565
9339.62300615
9339.79140454
9339.92753351
9340.03597384
9340.1883962
9340.34702222
9340.45483548
9340.60851847
9340.74193829
9340.89918833
9341.00099253
9341.06518388
9341.26597164
9341.33826499
9341.54625774
9341.62689416
9341.84254635
9341.95264331
9342.04306359
9342.20953011
9342.33274014
9342.49702182
9342.61858312
9342.71805679
9342.81276344
9343.00954415
9343.08697333
9343.20581274
9343.35947968
9343.55922959
9343.67115421
9343.83376427
9344.04910615
9344.20933481
9344.30018892
9344.36757934
9344.60718935
9344.72733508
9344.876872
9344.97373553
9345.06260914
9345.20933763
9345.36442326
9345.44123419
9345.57868398
9345.78278532
9345.85040416
9345.99789599
9346.17179403
9346.31193874
9346.36499897
9346.47100713
9346.590818
9346.71394669
9346.92811568
9347.03894079
9347.13662339
9347.22251188
9347.46998858
9347.54030127
9347.74114102
9347.85731149
9347.9447356
9348.0839913
9348.25463317
9348.33754904
9348.52063007
9348.65171133
9348.76192768
9348.84546826
9348.94566677
9349.22653453
9349.30220794
9349.4325699
9349.50865676
9349.67092862
9349.82979234
9350.03660877
9350.10139743
9350.18921364
9350.30385451
9350.53793305
9350.71016319
9350.79693771
9350.92473857
9351.06073495
9351.26944062
9351.40232793
9351.47108742
9351.5794692
9351.82615808
9351.88620714
9352.03406366
9352.14655795
9352.27201076
9352.40593969
9352.59589003
9352.70577166
9352.75621309
9352.98486282
9353.16079772
9353.28009821
9353.48273592
9353.53381615
9353.68060685
9353.77591484
9353.92114484
9354.0061287
9354.12731579
9354.27537217
9354.37014864
9354.55664774
9354.61255816
9354.71516155
9354.99521077
9355.05934541
9355.27123675
9355.40413751
9355.51889501
9355.6519504
9355.72475105
9355.92307675
9355.98568877
9356.10293725
9356.32768875
9356.50393049
9356.64562539
9356.79696447
9356.88270647
9357.04501111
9357.11744577
9357.25197144
9357.33512079
9357.49068637
9357.70975108
9357.77475399
9357.92425568
9357.96089317
9358.1426737
9358.32264486
9358.43805505
9358.56177788
9358.65890394
9358.73663904
9358.87246076
9359.04830029
9359.1916789
9359.36589774
9359.46762045
9359.61131967
9359.65085598
9359.84250429
9360.11043468
9360.17716791
9360.23429507
9360.38694833
9360.58330098
9360.8250344
9360.91885261
9361.04004919
9361.18730372
9361.3056154
9361.41794026
9361.58466939
9361.76904627
9361.90333495
9362.04585526
9362.18302548
9362.28335925
9362.34758745
9362.40501857
9362.5489621
9362.62156744
9362.921093
9362.99948391
9363.14351359
9363.30468108
9363.48765325
9363.56592551
9363.77915697
9363.8813941
9364.0966093
9364.23629553
9364.26109441
9364.33962697
9364.45111364
9364.63122298
9364.68709725
9364.92652189
9365.02473443
9365.1073569
9365.19392167
9365.31501785
9365.40756394
9365.7049861
9365.86643374
9365.95135915
9366.11573841
9366.16986416
9366.3041498
9366.43540719
9366.62934645
9366.80566381
9366.92310954
9366.9871753
9367.06999287
9367.2421495
9367.41139933
9367.54767907
9367.69869213
9367.83280934
9367.9656067
9368.08914463
9368.29818824
9368.42942907
9368.56873147
9368.65312758
9368.81048636
9368.86899978
9369.02219094
9369.1011309
9369.35165016
9369.45443598
9369.57614983
9369.67081582
9369.77682809
9369.97444487
9370.2551069
9370.33431656
9370.34543912
9370.56132062
9370.71781361
9370.81611466
9370.89289506
9371.01293317
9371.13665256
9371.26783419
9371.51015956
9371.61041783
9371.79814034
9371.94585116
9372.00044315
9372.14435614
9372.25104166
9372.42354109
9372.5495706
9372.66648384
9372.82171726
9372.96725028
9373.06352004
9373.16503791
9373.40126257
9373.63729567
9373.72681867
9373.89604166
9373.94740143
9373.99923242
9374.13893906
9374.24581197
9374.37879197
9374.4523639
9374.63224034
9374.84500602
9374.95996556
9375.02105358
9375.15797716
9375.40392239
9375.48314905
9375.59872654
9375.74209649
9375.81758422
9375.99321865
9376.10470283
9376.25457017
9376.51290922
9376.53287183
9376.62148843
9376.80153914
9376.97580543
9377.13761817
9377.253234
9377.37961763
9377.44511675
9377.47349295
9377.61768507
9377.75624348
9378.01463256
9378.13809005
9378.24920622
9378.38155845
9378.46157881
9378.71574141
9378.88624051
9378.98752602
9379.11103526
9379.32170071
9379.54727108
9379.69690251
9379.71923435
9379.79427165
9379.9863273
9380.13293097
9380.21015275
9380.35818072
9380.5122612
9380.62808179
9380.80066462
9380.88808185
9380.9992145
9381.18784602
9381.23249254
9381.46089746
9381.50116607
9381.67936825
9381.80013361
9381.87223732
9381.96534432
9382.22698154
9382.34614695
9382.4722471
9382.53418959
9382.66374326
9382.72663219
9382.97793147
9383.13834558
9383.28104424
9383.50529998
9383.58391538
9383.66270263
9383.81265421
9383.83547409
9384.07466905
9384.19246614
9384.38287151
9384.54544884
9384.65829287
9384.80198572
9384.82225329
9384.93730965
9385.09230027
9385.23663291
9385.45981619
9385.57690743
9385.73508181
9385.7842262
9385.85962709
9385.98932564
9386.22198645
9386.42120718
9386.47252489
9386.61176703
9386.70041256
9386.82057322
9386.88597351
9387.18840432
9387.25057869
9387.465226
9387.5772664
9387.69892393
9387.81123471
9387.92783294
9388.07036593
9388.28459293
9388.44403829
9388.5290063
9388.66073479
9388.76816706
9388.83695618
9388.99218187
9389.20364577
9389.37861016
9389.43179688
9389.52429634
9389.67212822
9389.95809102
9390.05823063
9390.21367933
9390.29889591
9390.4562017
9390.55960215
9390.61286188
9390.77825522
9390.89716158
9391.08517544
9391.20080055
9391.3202698
9391.52571755
9391.62585729
9391.80592643
9391.9151991
9391.97720578
9392.08181101
9392.24872993
9392.38311279
9392.60638341
9392.66258165
9392.83287515
9392.95886613
9393.09034396
9393.20999111
9393.30905162
9393.45399116
9393.56395094
9393.64861225
9393.74263234
9393.95947697
9394.08647197
9394.23567748
9394.35176751
9394.41174729
9394.57126031
9394.68159736
9394.86134458
9394.97452337
9395.08404811
9395.38554328
9395.59516022
9395.73749363
9395.80286202
9395.87374218
9395.98252747
9396.1114626
9396.26805206
9396.48257236
9396.54323144
9396.72205746
9396.81704428
9396.92745126
9397.14005478
9397.17016365
9397.38475435
9397.52057149
9397.70576489
9397.86049658
9397.97991271
9398.02413343
9398.18110122
9398.27660214
9398.37838395
9398.51428915
9398.75974764
9398.92123276
9399.01615615
9399.08416915
9399.20563033
9399.39495844
9399.54672704
9399.64148057
9399.77704349
9399.86658502
9400.11887639
9400.26682915
9400.37163302
9400.47594204
9400.57324321
9400.68150379
9400.78665235
9400.87199248
9401.06079711
9401.2674746
9401.34171966
9401.46695541
9401.63400147
9401.79116157
9401.87645167
9402.10156008
9402.21917162
9402.35954664
9402.47646883
9402.60370864
9402.72851165
9402.84002194
9403.01354554
9403.1029998
9403.28537259
9403.44699706
9403.60192914
9403.68160156
9403.75996214
9403.94139136
9404.04303735
9404.14712221
9404.25005659
9404.39599225
9404.48685211
9404.6585617
9404.84373092
9404.92288329
9405.06761214
9405.21563075
9405.39043209
9405.46234467
9405.6778409
9405.86902712
9405.91796072
9406.02628288
9406.17392883
9406.3926442
9406.49726169
9406.67281545
9406.75904646
9406.84985108
9406.95952529
9407.16391422
9407.36945938
9407.53096815
9407.57673843
9407.78155776
9407.87891963
9408.07380856
9408.1663502
9408.21463585
9408.43795413
9408.52538059
9408.69709032
9408.8637939
9408.97637291
9409.05530721
9409.18756301
9409.34982453
9409.40505832
9409.48368457
9409.62963345
9409.75196782
9409.91332722
9410.09002713
9410.25402106
9410.43550966
9410.53285927
9410.62872148
9410.7630656
9410.91132693
9411.0119976
9411.18439735
9411.23679945
9411.38865268
9411.59936375
9411.65011631
9411.77059461
9411.93780133
9412.12115863
9412.19993299
9412.34206144
9412.500677
9412.6771309
9412.73192838
9412.97351406
9413.01230613
9413.1811926
9413.35601418
9413.44115975
9413.56859346
9413.65993577
9413.81670237
9413.89669941
9414.09268938
9414.26172449
9414.3138293
9414.54164532
9414.66110451
9414.79281239
9414.86589021
9415.10645351
9415.30774986
9415.45279875
9415.55420017
9415.71951439
9415.8276697
9415.95620063
9416.0223778
9416.19071774
9416.24245479
9416.33722787
9416.47264574
9416.67632848
9416.79471209
9416.9713921
9417.08706656
9417.21814281
9417.30142507
9417.45940784
9417.57360133
9417.725797
9417.86336253
9418.03103807
9418.14199681
9418.29622954
9418.37203586
9418.61782492
9418.73561359
9418.90532946
9419.03901042
9419.18685728
9419.25571464
9419.3921954
9419.56771587
9419.72118687
9419.77261424
9419.95652092
9420.05545651
9420.0998663
9420.28609584
9420.3501096
9420.54032326
9420.59171115
9420.84457971
9420.94698645
9421.15850222
9421.20185527
9421.26699479
9421.52685013
9421.65950031
9421.75169714
9421.8170328
9421.91956644
9422.08911887
9422.37823432
9422.44357034
9422.58449536
9422.70607529
9422.81208072
9422.91681471
9423.03350917
9423.14769716
9423.22639657
9423.47374048
9423.57399795
9423.77826463
9424.03347056
9424.09200795
9424.23411653
9424.35666238
9424.47419058
9424.61606066
9424.78886536
9424.89214117
9425.00502859
9425.13322371
9425.26751292
9425.41782954
9425.65641997
9425.74776792
9425.9009688
9426.00527406
9426.05794681
9426.19987574
9426.46308014
9426.51506976
9426.6588904
9426.73695598
9426.79433848
9426.99428974
9427.20842775
9427.28817611
9427.44106687
9427.52915836
9427.6969584
9427.75562156
9428.01994145
9428.13990961
9428.25708694
9428.27605041
9428.52157411
9428.58834088
9428.65193134
9428.87871839
9428.92943339
9429.04409689
9429.18314572
9429.41236141
9429.51110884
9429.7192095
9429.81690303
9429.98637587
9430.05270299
9430.22646648
9430.33633682
9430.50048171
9430.63792506
9430.76150787
9430.9382992
9431.04816482
9431.13121816
9431.28967158
9431.40637583
9431.54017304
9431.69640063
9431.91629571
9431.98440001
9432.16022205
9432.20912181
9432.36290911
9432.55204438
9432.58378381
9432.73103793
9432.85444398
9433.01556595
9433.05815318
9433.28071353
9433.3876139
9433.48470304
9433.72298323
9433.86182185
9433.98509129
9434.16393634
9434.33744632
9434.37440754
9434.56253284
9434.73803464
9434.85359927
9435.0217603
9435.06838566
9435.21299433
9435.34492168
9435.46485096
9435.57505711
9435.88635016
9435.9438772
9436.01331606
9436.14758524
9436.17977493
9436.37090324
9436.50178268
9436.61214284
9436.80652958
9437.00063563
9437.1577433
9437.24409949
9437.41510034
9437.48201709
9437.63002148
9437.72667613
9437.89377288
9437.98902491
9438.14135283
9438.29402651
9438.39737942
9438.51709258
9438.62167673
9438.81906474
9439.0262832
9439.10036753
9439.22539429
9439.28500244
9439.48623228
9439.52405865
9439.6392397
9439.81303003
9439.99529296
9440.18277086
9440.28280831
9440.37258252
9440.45753941
9440.56267095
9440.69483473
9440.79657011
9441.07984511
9441.20822564
9441.34703376
9441.42162203
9441.59152808
9441.80361677
9442.01888007
9442.11619291
9442.20698872
9442.35353359
9442.47593484
9442.66209971
9442.7572758
9442.8611636
9442.98775973
9443.23352859
9443.2887434
9443.38310375
9443.51651798
9443.6667036
9443.80533731
9443.90222189
9444.05051801
9444.21003546
9444.28279896
9444.52660157
9444.59782705
9444.83057834
9444.91879673
9444.9672869
9445.12994728
9445.2283475
9445.35100312
9445.44024876
9445.62967641
9445.80751088
9445.89838311
9446.04677364
9446.14653947
9446.28122158
9446.47902695
9446.55140028
9446.68546924
9446.83335987
9447.03406848
9447.21687671
9447.36635496
9447.45025342
9447.53155754
9447.6677986
9447.78408684
9447.94302637
9448.12169644
9448.23914807
9448.33020393
9448.42706266
9448.65656671
9448.68934355
9448.8787998
9448.92271846
9449.06922114
9449.19633958
9449.30518674
9449.47811285
9449.67468664
9449.84868729
9449.97954712
9450.02318053
9450.1822443
9450.43040322
9450.47035485
9450.6081596
9450.71945503
9450.87083478
9450.96936588
9451.10577781
9451.29893172
9451.41089561
9451.57564049
9451.67357179
9451.76345546
9451.98991165
9452.16885364
9452.27548703
9452.34585328
9452.45768007
9452.6063223
9452.77243575
9453.00840244
9453.09452293
9453.15050998
9453.24396914
9453.42227054
9453.65222845
9453.77419894
9453.98001907
9454.0757025
9454.19855251
9454.32496536
9454.42479712
9454.55914162
9454.64810223
9454.81841028
9454.9687189
9455.07996915
9455.19422684
9455.27839905
9455.44186103
9455.56777221
9455.74455196
9455.89379401
9455.99953619
9456.13541877
9456.24145702
9456.32895569
9456.35383853
9456.45190899
9456.73214744
9456.89425422
9457.0188535
9457.16749748
9457.29528685
9457.4461847
9457.60487008
9457.83326561
9457.87738934
9457.95166791
9458.12166374
9458.21891412
9458.34516488
9458.52406712
9458.59858169
9458.73446346
9458.96198945
9459.07225474
9459.18136718
9459.3435101
9459.48278692
9459.5546083
9459.74100729
9459.87728796
9460.01344263
9460.18025836
9460.2455513
9460.43354734
9460.57920254
9460.7412656
9460.82052181
9460.9520688
9461.06224239
9461.18529444
9461.48235619
9461.57268367
9461.64994923
9461.86769625
9462.01089213
9462.05160175
9462.18823931
9462.28087192
9462.40035219
9462.46109235
9462.63127834
9462.75549419
9463.02093394
9463.16385726
9463.27493505
9463.36653852
9463.42040516
9463.61057917
9463.80473601
9463.92634737
9464.07237721
9464.2249828
9464.30899341
9464.40437822
9464.56299259
9464.73173967
9464.88060137
9464.98780267
9465.11667819
9465.16928055
9465.35703643
9465.50295692
9465.67485733
9465.81165243
9465.95154212
9466.06327656
9466.15233115
9466.35985338
9466.52997282
9466.67964908
9466.72333189
9466.8106733
9466.99664543
9467.12258903
9467.20184874
9467.27936002
9467.3974338
9467.56387288
9467.77485489
9467.92336062
9468.01645878
9468.11898777
9468.27447539
9468.34886609
9468.5546757
9468.68174402
9468.86314074
9468.91297867
9469.05304938
9469.23115795
9469.32508202
9469.60996228
9469.66661708
9469.78375556
9469.99652038
9470.1508436
9470.32394863
9470.45981755
9470.53873636
9470.70611612
9470.81639247
9470.98186827
9471.07712829
9471.161703
9471.37598104
9471.43948811
9471.59315885
9471.68595331
9471.8288854
9471.92702636
9472.09824581
9472.21633387
9472.32252158
9472.52211018
9472.62856415
9472.73651188
9472.82145461
9473.02226371
9473.22489402
9473.33222573
9473.47602798
9473.55037089
9473.67593874
9473.8145859
9474.02663459
9474.13184521
9474.26749048
9474.37542338
9474.47761227
9474.58614931
9474.72492869
9474.84749539
9475.05124977
9475.12025749
9475.2461605
9475.33361651
9475.44653361
9475.63894925
9475.78184774
9475.95620363
9476.15995794
9476.20238681
9476.34765868
9476.58095067
9476.71766229
9476.79481268
9476.93149735
9477.04230787
9477.14600613
9477.36831948
9477.48323962
9477.60285243
9477.70072394
9477.83601305
9477.88438646
9478.00958035
9478.30092636
9478.40136142
9478.58992981
9478.70698038
9478.76956919
9478.94691422
9479.1183195
9479.16779458
9479.31274156
9479.46025512
9479.58899239
9479.78395684
9479.99854783
9480.0792474
9480.1660341
9480.20071509
9480.28776691
9480.47280683
9480.6050692
9480.77464321
9480.8578079
9481.18749723
9481.29866677
9481.44284303
9481.55395622
9481.70904174
9481.80740299
9481.94207531
9482.0480341
9482.23616196
9482.27574963
9482.42145264
9482.47064003
9482.66751652
9482.84344781
9483.00592679
9483.0597182
9483.20705033
9483.34321152
9483.58197163
9483.62507256
9483.73461846
9483.96913342
9484.02897104
9484.18785766
9484.30600953
9484.36144308
9484.46638224
9484.61845164
9484.79462757
9484.94390637
9484.97962464
9485.1428179
9485.27663363
9485.52110013
9485.59450072
9485.73791515
9485.92190514
9486.04706805
9486.15571261
9486.18702624
9486.44299481
9486.54450421
9486.68619705
9486.76311354
9486.94515661
9487.15094071
9487.23854549
9487.36387189
9487.50927718
9487.71135358
9487.8165587
9487.89243566
9488.05056908
9488.11585005
9488.39108748
9488.59539532
9488.62711886
9488.77897078
9488.87495651
9488.99950662
9489.15347438
9489.37274305
9489.52589017
9489.64002034
9489.7036574
9489.8091116
9489.96474078
9490.12173441
9490.26966882
9490.35685139
9490.46562639
9490.54345932
9490.73622565
9490.88101302
9490.96236817
9491.10912886
9491.2830122
9491.37548924
9491.41475475
9491.59488826
9491.70124803
9491.91606145
9492.07028255
9492.19586525
9492.33336866
9492.46654164
9492.69345575
9492.75967045
9492.9643286
9493.03821836
9493.05990605
9493.26112234
9493.46677306
9493.49028586
9493.73837536
9493.94608818
9493.9959029
9494.09160109
9494.21975726
9494.38986119
9494.44336526
9494.62886095
9494.74074345
9494.80402781
9494.98694998
9495.09251682
9495.1614613
9495.3710139
9495.49973918
9495.69746281
9495.83811851
9495.932468
9496.13163383
9496.22536587
9496.30942229
9496.45709201
9496.62812771
9496.72474955
9496.9242575
9497.12063875
9497.24288129
9497.37063461
9497.52287565
9497.58221487
9497.70401352
9497.8032543
9497.91005973
9498.1194348
9498.27664883
9498.38467392
9498.53613933
9498.70514404
9498.87961003
9498.98637933
9499.08868229
9499.23287734
9499.3378739
9499.4842836
9499.63177648
9499.70606652
9499.88361324
9499.98059201
9500.18504382
9500.33264243
9500.45100111
9500.59306147
9500.69676555
9500.84437524
9500.92961313
9501.05537779
9501.15516676
9501.32018974
9501.42260775
9501.5279165
9501.78370366
9501.89706422
9502.00852989
9502.1729586
9502.18629974
9502.41309366
9502.5303088
9502.59483793
9502.78017123
9502.8714842
9503.0039025
9503.23392667
9503.3127112
9503.38357207
9503.56459524
9503.65157428
9503.84391565
9503.95101046
9504.05594952
9504.21959118
9504.36500805
9504.59385963
9504.67688349
9504.81929371
9504.96955912
9505.09635897
9505.23036281
9505.37807111
9505.45127406
9505.79824071
9505.91759863
9505.95272722
9506.10401122
9506.21654348
9506.27280126
9506.48938377
9506.60174756
9506.73497127
9506.85839171
9506.98067066
9507.04020445
9507.22833285
9507.29517739
9507.5082939
9507.63798586
9507.78471384
9507.87292545
9508.0709085
9508.28715658
9508.35551289
9508.44993881
9508.53581958
9508.76828339
9508.85811663
9508.98952688
9509.09584164
9509.26651638
9509.38886001
9509.5134405
9509.67292676
9509.75208565
9509.90044178
9510.09439565
9510.16900261
9510.34412709
9510.45796307
9510.63155324
9510.78927437
9510.89559918
9511.0411783
9511.12880196
9511.23904081
9511.29981628
9511.50706335
9511.54170561
9511.7108915
9511.93134626
9512.0833067
9512.2037884
9512.41083881
9512.53669638
9512.59591826
9512.78100148
9512.82763512
9512.92288865
9513.1352458
9513.23773601
9513.43298372
9513.56243357
9513.61195117
9513.78693909
9513.88177183
9514.05248498
9514.16114454
9514.22598838
9514.35323667
9514.48802108
9514.69847332
9514.83167779
9514.97802202
9515.13832933
9515.40345626
9515.46628251
9515.60054057
9515.77911954
9515.865964
9516.03981715
9516.21703778
9516.35201735
9516.37722696
9516.53078901
9516.6963301
9516.78152742
9516.8661879
9517.09916418
9517.17011032
9517.34938153
9517.48098934
9517.64997721
9517.73558768
9517.90192815
9518.0342585
9518.10130975
9518.13488557
9518.39222926
9518.55925969
9518.6703735
9518.81396263
9518.91002803
9519.04416804
9519.11325616
9519.2876202
9519.39169334
9519.47385913
9519.7168177
9519.80131591
9519.95064276
9520.10768576
9520.19443432
9520.38170138
9520.53354077
9520.64769211
9520.71242052
9520.77996781
9521.07930089
9521.21019627
9521.28679439
9521.44218833
9521.616326
9521.75723395
9521.92152477
9521.99828885
9522.08610253
9522.25905223
9522.333255
9522.5029187
9522.7141818
9522.76113301
9522.86454354
9522.98158227
9523.08063937
9523.33514983
9523.53160697
9523.66433016
9523.79416451
9523.88989242
9524.06730823
9524.12355175
9524.30260624
9524.42513993
9524.52349639
9524.677399
9524.92191441
9524.98342384
9525.06971545
9525.20869912
9525.34134072
9525.5315218
9525.69411934
9525.78619556
9526.01921148
9526.05193623
9526.20070267
9526.28054636
9526.34933799
9526.44005803
9526.63629836
9526.81943429
9526.91687233
9527.0424918
9527.23613799
9527.34544993
9527.52616405
9527.65144604
9527.753515
9527.92959896
9528.12045554
9528.20835102
9528.42778248
9528.50674844
9528.70050204
9528.79211666
9528.8764474
9528.96959384
9529.07605595
9529.23943858
9529.4106355
9529.46946605
9529.5399742
9529.69284303
9529.84883825
9530.06997234
9530.09360781
9530.26538195
9530.41737389
9530.57242296
9530.69694733
9530.76719898
9530.93819799
9531.11398843
9531.19016184
9531.29601095
9531.4520753
9531.51605175
9531.60269641
9531.93882373
9532.05625869
9532.24680208
9532.38653141
9532.44170872
9532.65047904
9532.76415352
9532.84514529
9532.96795296
9533.15128386
9533.2968513
9533.4173156
9533.50874028
9533.73527654
9533.84732435
9533.93574132
9534.11705175
9534.32697881
9534.43122263
9534.55717633
9534.62962785
9534.77515373
9534.90825862
9534.98936658
9535.12906167
9535.33391876
9535.46640014
9535.62564896
9535.69234696
9535.79676657
9535.96720745
9536.0447438
9536.22582686
9536.43556845
9536.51014686
9536.64181143
9536.7196416
9536.87870096
9536.99402852
9537.1271644
9537.25818699
9537.39990259
9537.45981978
9537.72787237
9537.78913092
9537.9532571
9538.13213112
9538.21714036
9538.26979193
9538.37982034
9538.64147588
9538.76992126
9538.8929377
9539.05119434
9539.13848353
9539.28222372
9539.38806376
9539.64776146
9539.75704791
9539.91260139
9539.98038342
9540.04352034
9540.16896603
9540.40216456
9540.51421865
9540.53993121
9540.76472778
9540.87501674
9541.06886006
9541.17852251
9541.32572067
9541.47142616
9541.51372076
9541.65102976
9541.92945435
9542.02589503
9542.12006235
9542.28773995
9542.36786665
9542.41084815
9542.64568106
9542.78819027
9542.8551835
9543.11549033
9543.18567265
9543.28393483
9543.43924395
9543.66603582
9543.78383512
9543.82339537
9543.99554041
9544.19714857
9544.29370291
9544.53224072
9544.65123856
9544.72692792
9544.89677154
9545.00099437
9545.07245729
9545.22369049
9545.38856382
9545.52835002
9545.63373178
9545.78985841
9545.87531796
9546.06851665
9546.10119614
9546.25090517
9546.37142886
9546.51460923
9546.55131613
9546.74040128
9546.98554999
9547.08200411
9547.17781862
9547.34350245
9547.53928063
9547.70108118
9547.79206865
9547.93184136
9548.03151255
9548.19403493
9548.29042273
9548.36891707
9548.49788004
9548.54119693
9548.75046864
9548.81183107
9549.03442592
9549.21137644
9549.28378049
9549.47755517
9549.60399556
9549.70753123
9549.89603677
9549.9866162
9550.13217558
9550.23843914
9550.43120395
9550.54656478
9550.67192566
9550.88125658
9550.998221
9551.19152686
9551.36620149
9551.43262676
9551.51759084
9551.66652172
9551.84278835
9551.95701793
9552.10641013
9552.2449557
9552.38063378
9552.60614915
9552.73014666
9552.78084423
9552.86846536
9552.96398169
9553.09911508
9553.19184891
9553.34676021
9553.49220379
9553.66831936
9553.71851988
9553.87841274
9554.07098888
9554.20713482
9554.2817731
9554.50905271
9554.60155464
9554.71212062
9554.91725861
9555.01849289
9555.16067279
9555.28022961
9555.38532332
9555.45136393
9555.61008128
9555.85249138
9555.99565829
9556.08212368
9556.21943005
9556.35963169
9556.48306021
9556.57879013
9556.70658949
9556.85988968
9557.09051581
9557.20054754
9557.27805158
9557.43635073
9557.55077438
9557.64340283
9557.77201092
9557.93976333
9558.0611823
9558.2438726
9558.30500899
9558.50727305
9558.57519527
9558.6939404
9558.77550183
9558.94601529
9559.02278569
9559.21212304
9559.40704804
9559.57760232
9559.61831116
9559.78421875
9560.02500462
9560.16097628
9560.28537688
9560.44543819
9560.55248835
9560.60804454
9560.76274214
9560.90232422
9561.02300324
9561.11869412
9561.35094776
9561.49582575
9561.61249499
9561.73421766
9561.84394154
9561.9902718
9562.10390398
9562.33094827
9562.51389507
9562.55489206
9562.68662144
9562.76730459
9562.96361768
9563.07986903
9563.19345796
9563.29986311
9563.4677739
9563.63574885
9563.81976837
9563.93897148
9564.05652456
9564.19463154
9564.22904804
9564.40821094
9564.53152971
9564.59971173
9564.78748031
9564.92492977
9565.07655994
9565.13249464
9565.29917014
9565.37500993
9565.52664079
9565.69169591
9565.79499816
9565.95444979
9566.12127138
9566.14686612
9566.34312093
9566.46707261
9566.61778326
9566.72248273
9566.9677653
9567.07324089
9567.20136706
9567.30863787
9567.45599171
9567.67736401
9567.82092495
9567.8998035
9568.09053418
9568.1510621
9568.33538975
