# AB-Cloud embedded dataset: 50,000 real Riemann zeta zeros (Odlyzko official table)
# Source: https://www-users.cse.umn.edu/~odlyzko/zeta_tables/zeros6
# First zero: 14.134725142 | extracted verbatim from EMBEDDED_ZEROS_50K_STR (ab_cloud_v19.jl)
# Format: one gamma value per line (s = 1/2 + i*gamma)
14.134725142
21.022039639
25.010857580
30.424876126
32.935061588
37.586178159
40.918719012
43.327073281
48.005150881
49.773832478
52.970321478
56.446247697
59.347044003
60.831778525
65.112544048
67.079810529
69.546401711
72.067157674
75.704690699
77.144840069
79.337375020
82.910380854
84.735492981
87.425274613
88.809111208
92.491899271
94.651344041
95.870634228
98.831194218
101.317851006
103.725538040
105.446623052
107.168611184
111.029535543
111.874659177
114.320220915
116.226680321
118.790782866
121.370125002
122.946829294
124.256818554
127.516683880
129.578704200
131.087688531
133.497737203
134.756509753
138.116042055
139.736208952
141.123707404
143.111845808
146.000982487
147.422765343
150.053520421
150.925257612
153.024693811
156.112909294
157.597591818
158.849988171
161.188964138
163.030709687
165.537069188
167.184439978
169.094515416
169.911976479
173.411536520
174.754191523
176.441434298
178.377407776
179.916484020
182.207078484
184.874467848
185.598783678
187.228922584
189.416158656
192.026656361
193.079726604
195.265396680
196.876481841
198.015309676
201.264751944
202.493594514
204.189671803
205.394697202
207.906258888
209.576509717
211.690862595
213.347919360
214.547044783
216.169538508
219.067596349
220.714918839
221.430705555
224.007000255
224.983324670
227.421444280
229.337413306
231.250188700
231.987235253
233.693404179
236.524229666
237.769820481
239.555477573
241.049157796
242.823271934
244.070898497
247.136990075
248.101990060
249.573689645
251.014947795
253.069986748
255.306256455
256.380713694
258.610439492
259.874406990
260.805084505
263.573893905
265.557851839
266.614973782
267.921915083
269.970449024
271.494055642
273.459609188
275.587492649
276.452049503
278.250743530
279.229250928
282.465114765
283.211185733
284.835963981
286.667445363
287.911920501
289.579854929
291.846291329
293.558434139
294.965369619
295.573254879
297.979277062
299.840326054
301.649325462
302.696749590
304.864371341
305.728912602
307.219496128
310.109463147
311.165141530
312.427801181
313.985285731
315.475616089
317.734805942
318.853104256
321.160134309
322.144558672
323.466969558
324.862866052
327.443901262
329.033071680
329.953239728
331.474467583
333.645378525
334.211354833
336.841850428
338.339992851
339.858216725
341.042261111
342.054877510
344.661702940
346.347870566
347.272677584
349.316260871
350.408419349
351.878649025
353.488900489
356.017574977
357.151302252
357.952685102
359.743754953
361.289361696
363.331330579
364.736024114
366.212710288
367.993575482
368.968438096
370.050919212
373.061928372
373.864873911
375.825912767
376.324092231
378.436680250
379.872975347
381.484468617
383.443529450
384.956116815
385.861300846
387.222890222
388.846128354
391.456083564
392.245083340
393.427743844
395.582870011
396.381854223
397.918736210
399.985119876
401.839228601
402.861917764
404.236441800
405.134387460
407.581460387
408.947245502
410.513869193
411.972267804
413.262736070
415.018809755
415.455214996
418.387705790
419.861364818
420.643827625
422.076710059
423.716579627
425.069882494
427.208825084
428.127914077
430.328745431
431.301306931
432.138641735
433.889218481
436.161006433
437.581698168
438.621738656
439.918442214
441.683199201
442.904546303
444.319336278
446.860622696
447.441704194
449.148545685
450.126945780
451.403308445
453.986737807
454.974683769
456.328426689
457.903893064
459.513415281
460.087944422
462.065367275
464.057286911
465.671539211
466.570286931
467.439046210
469.536004559
470.773655478
472.799174662
473.835232345
475.600339369
476.769015237
478.075263767
478.942181535
481.830339376
482.834782791
483.851427212
485.539148129
486.528718262
488.380567090
489.661761578
491.398821594
493.314441582
493.957997805
495.358828822
496.429696216
498.580782430
500.309084942
501.604446965
502.276270327
504.499773313
505.415231742
506.464152710
508.800700336
510.264227944
511.562289700
512.623144531
513.668985555
515.435057167
517.589668572
518.234223148
520.106310412
521.525193449
522.456696178
523.960530892
525.077385687
527.903641601
528.406213852
529.806226319
530.866917884
532.688183028
533.779630754
535.664314076
537.069759083
538.428526176
540.213166376
540.631390247
541.847437121
544.323890101
545.636833249
547.010912058
547.931613364
549.497567563
550.970010039
552.049572201
553.764972119
555.792020562
556.899476407
557.564659172
559.316237029
560.240807497
562.559207616
564.160879111
564.506055938
566.698787683
567.731757901
568.923955180
570.051114782
572.419984132
573.614610527
575.093886014
575.807247141
577.039003472
579.098834672
580.136959362
581.946576266
583.236088219
584.561705903
585.984563205
586.742771891
588.139663266
590.660397517
591.725858065
592.571358300
593.974714682
595.728153697
596.362768328
598.493077346
599.545640364
601.602136736
602.579167886
603.625618904
604.616218494
606.383460422
608.413217311
609.389575155
610.839162938
611.774209621
613.599778676
614.646237872
615.538563369
618.112831366
619.184482598
620.272893672
621.709294528
622.375002740
624.269900018
626.019283428
627.268396851
628.325862359
630.473887438
630.805780927
632.225141167
633.546858252
635.523800311
637.397193160
637.925513981
638.927938267
640.694794669
641.945499666
643.278883781
644.990578230
646.348191596
647.761753004
648.786400889
650.197519345
650.668683891
653.649571605
654.301920586
655.709463022
656.964084599
658.175614419
659.663845973
660.716732595
662.296586431
664.244604652
665.342763096
666.515147704
667.148494895
668.975848820
670.323585206
672.458183584
673.043578286
674.355897810
676.139674364
677.230180669
677.800444746
679.742197883
681.894991533
682.602735020
684.013549814
684.972629862
686.163223588
687.961543185
689.368941362
690.474735032
692.451684416
693.176970061
694.533908700
695.726335921
696.626069900
699.132095476
700.296739132
701.301742955
702.227343146
704.033839296
705.125813955
706.184654800
708.269070885
709.229588570
711.130274180
711.900289914
712.749383470
714.082771821
716.112396454
717.482569703
718.742786545
719.697100988
721.351162219
722.277504976
723.845821045
724.562613890
727.056403230
728.405481589
728.758749796
730.416482123
731.417354919
732.818052714
734.789643252
735.765459209
737.052928912
738.580421171
739.909523674
740.573807447
741.757335573
743.895013142
745.344989551
746.499305899
747.674563624
748.242754465
750.655950362
750.966381067
752.887621567
754.322370472
755.839308976
756.768248440
758.101729246
758.900238225
760.282366984
762.700033250
763.593066173
764.307522724
766.087540100
767.218472156
768.281461807
769.693407253
771.070839314
772.961617566
774.117744628
775.047847097
775.999711963
777.299748530
779.157076949
780.348925004
782.137664391
782.597943946
784.288822612
785.739089701
786.461147451
787.468463816
790.059092364
790.831620468
792.427707609
792.888652563
794.483791870
795.606596156
797.263470038
798.707570166
799.654336211
801.604246463
802.541984878
803.243096204
804.762239113
805.861635667
808.151814936
809.197783363
810.081804886
811.184358847
812.771108389
814.045913608
814.870539626
816.727737714
818.380668866
819.204642171
820.721898444
821.713454133
822.197757493
824.526293872
826.039287377
826.905810954
828.340174300
829.437010968
830.895884053
831.799777659
833.003640909
834.651915148
836.693576188
837.347335060
838.249021993
839.465394810
841.036389829
842.041354207
844.166196607
844.805993976
846.194769928
847.971717640
848.489281181
849.862274349
850.645448466
853.163112583
854.095511720
855.286710244
856.484117491
857.310740603
858.904026466
860.410670896
861.171098213
863.189719772
864.340823930
865.594664327
866.423739904
867.693122612
868.670494229
870.846902326
872.188750822
873.098978971
873.908389235
875.985285109
876.600825833
877.654698341
879.380951970
880.834648848
882.386696627
883.430331839
884.198743115
885.272304480
886.852801963
888.475566674
889.735294294
890.813132113
892.386433260
893.119117567
894.886292321
895.397919675
896.632251556
899.221522668
899.858884608
900.849739861
902.243207587
903.099674443
904.702902722
905.829940758
907.656729469
908.333543645
910.186334057
911.234951486
912.331045600
912.823999247
914.730096958
916.355000809
917.825377570
918.836535244
919.448344440
921.156395507
922.500629307
923.285719802
924.773483933
926.551552785
927.850858986
928.663659329
929.874092851
931.009211337
931.852740746
934.385306837
934.995424864
936.228649379
937.532925712
939.024300899
939.660940615
941.156999642
942.052341643
944.188035810
945.333562503
946.765842205
947.079183096
948.346646255
950.151612685
951.033248734
952.727988620
954.129719270
954.829308938
956.675479343
957.510052596
958.414593390
959.459168807
961.669572474
963.182086671
963.567040192
965.055579624
966.110754818
967.371153766
968.636301906
970.125610557
971.071491486
973.185361294
973.873078993
974.774635066
976.178502421
976.917202117
978.766671535
980.578000640
981.288615302
982.396485169
983.575076006
985.186928656
986.130515110
986.756008408
988.992622371
990.223917804
991.374294148
992.728696337
993.214580957
994.404590571
996.205336164
997.511934752
998.827547137
999.791571557
1001.349482638
1002.404305488
1003.267808179
1004.675044121
1005.543420304
1008.006704307
1008.795709901
1009.806590747
1010.569757011
1012.410042516
1013.058638098
1014.689632622
1016.060178943
1017.266402364
1018.605572519
1019.912439744
1020.917475017
1021.544344500
1022.885270912
1025.265724198
1025.707944371
1027.467693516
1028.128964255
1029.227297444
1030.897368791
1031.833180297
1032.812883035
1034.612915530
1036.195917358
1037.024707646
1038.087752241
1039.077401437
1040.264037938
1041.621528015
1043.623954350
1044.514975829
1045.107042353
1047.089817484
1047.987147490
1048.953785195
1049.996284257
1051.576571843
1053.245785158
1054.781039478
1055.002146476
1056.688847364
1057.100043660
1059.133769107
1060.139518562
1061.501304465
1062.915381508
1064.071551072
1065.121855106
1066.463223469
1067.418860121
1067.990000079
1070.535041997
1071.618623215
1072.543998011
1073.570353165
1074.747771044
1076.266625594
1076.924056066
1078.647198481
1079.809965429
1081.171002343
1082.952749723
1083.295466514
1084.183264310
1085.647831209
1086.911998990
1088.755724675
1089.795337924
1090.863191026
1091.728472967
1093.440873272
1094.284457524
1095.433084759
1096.401917795
1098.841015467
1099.360667179
1100.574460622
1101.839111169
1102.551779900
1103.732297175
1105.617188831
1106.774371676
1107.774531955
1109.158918857
1110.444142994
1111.443504765
1112.432995408
1113.397595115
1115.065359462
1116.787253881
1117.965919669
1118.684134861
1119.473247426
1121.155937676
1122.458621357
1123.101117388
1125.314729398
1125.763442429
1127.658023527
1128.430224614
1129.728996777
1130.391597896
1131.495085562
1133.708625669
1134.885654592
1135.562213975
1136.929293481
1138.151589780
1138.992341820
1140.721848172
1141.261022964
1142.858659608
1144.782299519
1145.485327517
1146.576814925
1147.501776523
1148.615277209
1149.982601028
1151.562814724
1152.943128531
1153.890303716
1154.697519535
1156.621567834
1157.432314576
1158.001609027
1159.480657019
1161.396644634
1162.487528602
1163.701031683
1164.737586351
1165.271227706
1166.943613410
1168.086271610
1169.698356885
1170.463638578
1172.120681866
1173.305687764
1174.232766856
1175.215452396
1176.632875810
1177.106304422
1179.701223502
1180.653543787
1181.267318152
1182.582270347
1183.712775296
1185.155842847
1185.875358695
1187.345161493
1188.856444298
1189.963636498
1191.482605926
1192.218611478
1193.324021427
1193.857427135
1196.034671749
1197.071786659
1198.686569105
1199.356513708
1200.532692031
1201.810334857
1203.137350861
1203.855247594
1204.985492171
1206.870499794
1208.471459950
1208.989484168
1209.898030088
1211.416115893
1212.113153066
1213.598372680
1215.389975065
1216.183722033
1217.174482498
1219.050028177
1219.614471311
1220.816347691
1221.692242483
1222.952484095
1225.018330024
1225.855020761
1227.231827641
1227.917141614
1228.793154363
1230.584603154
1231.562273878
1232.529587041
1234.277816653
1235.502548527
1236.399017466
1237.977298514
1238.457232796
1239.490807147
1240.813471785
1243.078076398
1243.538146526
1244.851433967
1245.655866188
1247.372561970
1248.063061053
1249.159887953
1250.672397276
1251.659832004
1253.673577852
1254.431328422
1255.408230645
1256.181214198
1257.541219413
1258.779233489
1260.344548316
1261.611717161
1262.556614000
1263.676732844
1264.957223007
1266.179037761
1267.200345612
1267.570571779
1270.118921886
1271.134299632
1272.083959599
1273.261144633
1274.196220889
1275.092030316
1276.842171556
1277.763091986
1279.332843317
1280.155794409
1281.828726960
1283.000491387
1283.335032139
1284.854795155
1285.695023331
1287.410026617
1289.165351533
1290.104771520
1290.417708073
1291.945870968
1293.493981557
1294.118474378
1295.365363505
1296.801110992
1298.256527068
1299.405171251
1300.490018982
1301.495516681
1302.346742379
1303.273200229
1305.401672188
1306.508393313
1307.267242108
1308.988196518
1309.421532493
1311.056570511
1311.966940608
1313.031599369
1314.052565652
1316.212112603
1317.072986035
1318.171279132
1318.947880597
1319.931082878
1321.628138552
1322.258067123
1324.224978719
1325.237624359
1325.981969630
1327.635281108
1329.043517997
1329.205018785
1330.429937120
1331.827591385
1333.673522610
1334.747329052
1335.694974526
1336.690184653
1337.688791810
1338.923164599
1340.426400457
1341.166272253
1342.608507884
1344.156044004
1345.477106261
1345.731413255
1347.519471751
1348.017238019
1349.085194014
1351.296206374
1352.210465159
1353.483338358
1353.886781972
1355.680595321
1356.605655710
1357.771742829
1358.460160399
1360.393144762
1361.393074714
1363.022328603
1363.879190797
1364.576584897
1365.493733551
1367.104090970
1368.330193308
1369.686949077
1370.973522768
1371.686553553
1373.202914562
1374.154798659
1375.302392345
1376.161779994
1377.177633642
1379.683283029
1380.148578442
1381.073977149
1382.345662978
1383.297591008
1384.444415848
1385.663777011
1387.326647663
1387.921454127
1389.565831798
1390.705490286
1391.853200443
1392.644027789
1393.433401741
1394.884184676
1396.544163124
1397.834623321
1398.837675201
1399.839472941
1400.426946297
1402.564347250
1402.973747641
1404.006292171
1405.666975059
1407.085142776
1408.136307496
1409.320681080
1410.024810726
1411.257056816
1411.965653462
1413.843148789
1415.585784795
1415.781581303
1417.102822934
1418.696963852
1419.422480946
1420.416526324
1421.850567187
1422.461310988
1424.463045670
1425.873469245
1426.645979682
1427.365671109
1428.592305876
1429.650477276
1431.218313673
1432.049740893
1433.821940737
1434.584942168
1435.692907383
1437.226721624
1438.006284842
1438.949552747
1439.622793078
1441.960987505
1442.911059581
1444.041930706
1445.072278459
1445.830084780
1447.226227100
1448.323853516
1449.488771281
1450.773561858
1451.835297999
1453.737596757
1454.226011260
1455.312091240
1456.167797608
1457.539001668
1458.393777369
1460.688270535
1461.245443345
1462.266123266
1463.286891190
1464.696903298
1465.889557614
1466.505621108
1467.703989586
1469.347649878
1470.966589127
1471.388764527
1473.020132324
1473.745649186
1474.203221566
1476.092127038
1477.435191148
1478.441395973
1479.759918706
1480.766879018
1481.964684210
1483.032959958
1484.143580882
1484.817883231
1486.171349028
1488.116337976
1489.252466946
1489.970892205
1490.670693815
1492.180090544
1493.330835421
1494.155368614
1495.768832979
1497.065505572
1497.747360933
1499.640824747
1500.351951517
1501.119324922
1502.346063292
1503.090933127
1505.261529655
1506.152986138
1507.407505164
1508.253031030
1509.280419363
1510.391797446
1511.923005459
1512.589764705
1513.589765540
1515.708343587
1516.435989719
1517.719806254
1518.414791487
1519.741009494
1520.273622220
1521.901909065
1523.486047149
1524.724892161
1525.227837234
1526.552311910
1528.040930429
1529.034456729
1529.369975365
1531.020742970
1532.222326939
1533.886977913
1535.042277471
1535.769502395
1536.620701824
1537.651062168
1539.302854856
1540.030270140
1541.742248763
1542.496522923
1544.118670055
1544.834608228
1546.091197786
1547.297581121
1547.806563802
1548.871348179
1551.273845326
1552.006872838
1552.736105330
1554.156519110
1554.921285165
1556.162987498
1557.394507018
1558.339152852
1559.781154391
1560.876475778
1562.410153180
1563.385400958
1564.177940460
1564.915788262
1566.266415602
1567.623450717
1569.022477804
1570.509277867
1571.045381486
1571.845352088
1573.806563330
1574.230915430
1575.638154952
1576.161352363
1578.118826946
1579.514055068
1580.372081625
1581.363551773
1582.329486944
1583.394693435
1584.234848066
1586.293210750
1587.004342107
1588.163404029
1589.357945950
1590.835904321
1591.293884374
1592.637167039
1593.584808189
1594.442689656
1596.484492410
1597.715895944
1598.420798550
1599.619348950
1600.048044903
1601.911946229
1602.815404794
1603.655202996
1605.521646647
1606.293418127
1607.556905212
1608.836295305
1610.003264190
1610.253823163
1611.437141270
1613.078855451
1614.710627852
1615.574608719
1616.398394842
1617.734684841
1618.537517832
1619.952501261
1620.774310821
1622.098751698
1622.977767699
1625.021856658
1625.987020164
1626.399919312
1627.755441276
1628.715316857
1629.658668955
1631.194814552
1632.798183571
1633.512516890
1634.516822662
1635.718366326
1637.089190173
1637.994643586
1638.599658304
1639.821235730
1641.899819009
1642.489779822
1644.152065960
1644.713745775
1645.573760363
1646.624866593
1648.270598223
1649.118535409
1650.416988983
1651.732693341
1652.671065900
1654.205896759
1654.726652393
1655.822775677
1657.114236400
1657.567101179
1660.019980338
1660.860056833
1661.836892884
1662.377202549
1664.057265418
1664.968004486
1665.877640414
1667.241125052
1668.368229327
1669.669728452
1671.047182433
1671.984259334
1672.963370831
1673.687445334
1674.648462097
1676.362486324
1677.691227142
1678.630368091
1680.077946717
1680.504770113
1681.812320174
1683.273289261
1684.171656837
1684.558863253
1686.421121948
1688.080142693
1688.933868510
1689.703154256
1691.051559917
1691.515192892
1693.053020930
1694.017564653
1695.832554474
1696.654997440
1697.342514287
1699.229547188
1699.966817267
1700.820303245
1701.825550997
1702.923249764
1704.291412427
1706.256032432
1706.615665035
1707.912312493
1708.512116178
1709.780842299
1711.137603259
1712.155397654
1713.055341728
1714.717145255
1715.825283040
1716.769983717
1717.974485066
1718.954152499
1719.724469322
1720.498070948
1722.844661740
1723.532822631
1724.733958738
1725.638628020
1726.605700740
1728.166506761
1728.644486480
1730.023872545
1731.014193762
1732.430169859
1733.840825021
1735.175466021
1735.624715343
1736.305662733
1737.893884787
1738.783237589
1740.169115680
1741.779167809
1742.467680721
1743.426436859
1744.721511938
1746.097498596
1746.595456627
1747.781695528
1748.563987381
1750.822818490
1751.617794946
1752.511511141
1753.661355243
1754.763369874
1755.169694068
1757.046518461
1757.984077033
1759.240085647
1760.215166243
1761.854899939
1762.497688871
1763.719121496
1764.591476849
1765.400493992
1766.676243599
1768.295971136
1769.940952052
1770.243677312
1771.212944984
1772.328000364
1773.894915511
1774.660430990
1775.341987574
1777.255860224
1778.041734762
1779.552270809
1780.665228493
1781.355637723
1782.439067320
1783.084829520
1784.607946397
1786.342201179
1787.049273087
1788.215123480
1789.242179964
1790.449562370
1791.254409819
1792.616102735
1793.525390652
1794.178482007
1796.465140537
1797.376335671
1798.147067458
1799.231647210
1800.024724020
1801.309636945
1802.301283491
1803.796843813
1804.904160975
1806.289667019
1806.578391751
1808.714431865
1809.119273788
1810.108892988
1810.873719159
1812.420077002
1814.024140348
1814.973082363
1816.338611220
1816.758023365
1817.710608563
1819.260334099
1820.187882187
1821.305708365
1822.427671440
1823.766265896
1825.213676893
1825.915683615
1826.795455271
1828.211270500
1828.621091758
1829.832529710
1831.936379902
1832.984940244
1833.273239033
1834.721559749
1835.883754438
1836.827672516
1838.086943306
1838.640288708
1840.195563473
1841.478582571
1842.875955279
1843.771057743
1844.759043650
1845.417534146
1846.353253421
1848.330980622
1848.722760911
1850.601184048
1851.400361995
1852.342204733
1853.519342921
1854.855632116
1855.592934937
1856.389179154
1857.498074815
1859.495271569
1860.541388109
1861.379671547
1862.121464929
1863.425464845
1864.353981336
1865.367433794
1866.836547019
1868.085190999
1868.706745684
1870.421471768
1871.416043098
1872.441566428
1872.865667638
1874.508361413
1874.913774010
1877.095064167
1878.022251483
1879.153303090
1880.082325419
1880.611766480
1882.321974797
1883.408724270
1884.005778350
1885.198075130
1887.053894807
1887.808841417
1888.938182637
1890.348128614
1890.612128588
1891.678510540
1892.867701336
1894.558537572
1895.697155654
1896.585494347
1897.513692860
1898.829372819
1900.006144829
1900.571884272
1901.891305751
1902.805059207
1904.089325323
1906.102756198
1906.597678004
1907.332780124
1908.433063045
1909.465930026
1910.733659616
1911.704690943
1913.182489776
1914.352300052
1915.054629333
1916.606371840
1917.344704042
1918.786498910
1919.207778398
1919.937457371
1922.101625622
1923.280837936
1924.055831101
1925.231987975
1926.211583080
1926.820092795
1928.417518550
1929.487560181
1930.258387180
1931.760069437
1932.875754550
1934.416436369
1934.907943434
1935.924848804
1936.873093814
1937.968633498
1939.050029151
1940.977326706
1941.822862216
1942.633568692
1943.367947449
1945.153796306
1945.922716949
1946.609945362
1947.917047738
1949.030030074
1950.743201553
1951.536695873
1952.850129212
1953.448556325
1954.418588175
1955.315809284
1956.848164578
1958.314403555
1958.851883463
1960.418845269
1961.359277880
1962.233571849
1963.621184573
1964.357390938
1965.377829505
1966.117658574
1968.471602019
1969.047617547
1970.305009517
1970.855547580
1971.970312805
1973.182663406
1974.347201910
1975.080610302
1977.173943698
1977.271446200
1978.801448168
1980.371772287
1980.910043091
1981.748768897
1982.663279195
1983.923804622
1985.416540175
1986.757107716
1987.873473361
1988.251876807
1989.702002708
1990.478352526
1992.001706394
1992.784987875
1993.577493138
1995.168739612
1996.796176966
1997.390914060
1998.279006926
1999.545764176
2000.434515302
2000.929620689
2002.896408374
2004.139669233
2005.077848124
2005.900934886
2007.125180170
2008.418240330
2009.176634123
2010.153324768
2011.020705074
2012.538935477
2013.872097714
2015.186728609
2016.029638032
2016.800075656
2017.386767252
2019.264600216
2019.884367140
2021.196042769
2022.545617685
2023.572911777
2024.488262158
2025.878906202
2026.738258912
2027.573317056
2028.582459354
2029.385479551
2031.750550691
2032.420780856
2033.017892746
2034.554828789
2035.077440096
2036.527526483
2037.217111094
2038.841738251
2039.443218740
2040.839119673
2042.344586251
2043.217116563
2044.121593292
2045.037320860
2045.802760432
2047.098336346
2048.454094066
2049.847525606
2050.906055385
2051.718388196
2052.407790192
2054.059916898
2055.180267326
2055.572602899
2056.620866690
2058.450651119
2059.448021744
2060.868247208
2061.367059202
2062.572650920
2063.283559498
2064.304867700
2065.832672282
2066.985229378
2068.345638527
2068.669941083
2070.504717593
2071.377083170
2071.990454815
2073.397603716
2074.171064902
2075.028065545
2077.117570137
2078.155484639
2078.939288115
2079.567628462
2080.910343458
2081.799686564
2083.300276859
2083.779992550
2085.389813692
2086.580318534
2087.473340988
2088.712281199
2090.036206757
2090.447550027
2091.221580661
2092.473218110
2094.335917469
2095.138256660
2096.346529979
2097.371606357
2097.951922200
2099.311651265
2100.593745237
2101.135489459
2102.535100215
2103.390454809
2105.372206592
2105.994704339
2107.172362432
2107.617911408
2108.938384889
2109.963143181
2110.822371848
2112.907087523
2113.483966448
2114.396137326
2115.506602795
2116.900056068
2117.722399441
2118.618646217
2119.456428469
2120.691562592
2122.465151175
2123.344042303
2124.370368738
2125.512400029
2125.958784840
2126.975711193
2128.752290554
2129.406080228
2130.555102283
2132.080620993
2132.798516468
2134.154933985
2134.950772504
2136.086897525
2136.967470548
2137.509940526
2139.380759985
2140.949362639
2141.710035960
2142.355043196
2143.374444181
2144.895337431
2145.505753734
2146.625894476
2147.785367346
2149.151849383
2149.910639858
2151.776885116
2152.390226597
2153.011964165
2154.263623952
2154.935345848
2156.394727256
2157.856489565
2158.878072291
2159.902286017
2160.853062328
2161.692172189
2163.107122286
2164.049720356
2165.011437174
2165.503949023
2167.693444255
2168.890615852
2169.263829283
2170.787074973
2171.396361926
2172.250962828
2173.528296969
2174.745020803
2176.204119466
2176.939451699
2178.004209155
2179.232185030
2180.495318259
2181.252367011
2181.725783030
2183.330584017
2184.103190761
2185.965528321
2187.085690959
2187.798455878
2188.558763203
2189.497072903
2191.093363046
2191.778017401
2192.826770540
2194.231530050
2195.231687681
2196.715977667
2197.258747040
2198.687512684
2199.302965321
2200.351020913
2200.915953026
2203.277453731
2203.906364584
2204.997801755
2205.855761246
2207.172161915
2207.802741337
2209.153744400
2210.208014989
2210.850941099
2212.343568400
2213.700256248
2214.949925632
2215.820565691
2216.296375888
2217.469375116
2218.521006913
2219.799815698
2220.852158849
2222.636604588
2223.055057919
2223.777772507
2225.564645117
2226.332734406
2227.246229377
2227.970573882
2229.127958910
2230.898690856
2231.977154074
2232.924853869
2233.720222250
2234.814934531
2235.546662136
2236.773643845
2238.154799519
2239.167743960
2240.021209470
2241.536186524
2242.621180159
2243.373668419
2244.370701700
2245.565286531
2246.016558178
2247.364431251
2249.550198574
2249.770766553
2251.046641942
2251.845318339
2252.678432674
2254.562246994
2254.759079001
2255.824565572
2257.346384683
2258.501847291
2259.517842057
2260.890259417
2261.660064449
2262.674430648
2262.878305381
2264.676399706
2265.768446115
2267.384501068
2267.879175337
2269.226998262
2269.919103217
2271.326282468
2272.049015701
2273.347534053
2273.956289146
2275.068664776
2277.079317757
2278.012628393
2278.525942156
2279.507305841
2280.870719853
2281.356483615
2282.690375138
2284.056011459
2285.222242365
2286.149814141
2287.046158671
2288.578849446
2289.336284710
2290.241458211
2291.097663612
2291.928901252
2293.896145106
2294.687918412
2296.115091188
2296.998522473
2297.372647580
2298.612363366
2299.961577620
2301.234125799
2301.454840352
2303.295481983
2304.305138670
2305.508356789
2306.517733070
2307.355553370
2308.210284635
2309.370358240
2309.931122384
2312.047996450
2313.190914171
2313.689359967
2314.621182114
2316.049454720
2316.962494505
2317.851531864
2318.826035336
2320.088523204
2320.949531629
2322.812632607
2323.534274241
2324.512455232
2325.557096492
2325.903015928
2327.376855820
2328.634875101
2329.705723406
2331.013110290
2331.942707806
2332.987765433
2333.720863374
2335.531712574
2335.867153806
2336.621036786
2337.761730159
2339.615683896
2340.826726707
2341.324596186
2342.654041658
2343.259158955
2344.311216236
2345.570483634
2346.464119530
2347.934254642
2348.843423633
2349.730054258
2351.455046928
2352.195701503
2352.750870075
2353.912135852
2354.951081235
2355.810813978
2357.608315920
2358.904705198
2359.434859076
2360.314285090
2361.342541642
2362.718317923
2363.495617654
2364.751176089
2365.191515064
2367.249219843
2367.957701823
2369.220577767
2370.093390284
2371.100747930
2371.938137795
2372.440347260
2374.444230718
2375.543967037
2376.355463516
2377.755407914
2378.212961680
2379.726502950
2380.545657219
2381.500123710
2382.530830566
2383.356013916
2384.965071641
2386.430937110
2387.299084122
2387.813568556
2388.748207635
2389.955988114
2391.260549872
2391.754982337
2393.630593292
2394.485367856
2395.270169995
2396.603878763
2397.791643762
2398.558311383
2399.433832906
2400.152356522
2401.482998376
2403.418798445
2403.975315149
2404.921593490
2406.253988718
2406.732851182
2407.715910422
2409.441502352
2409.881602683
2411.126193381
2412.222935837
2413.976123195
2414.379879801
2415.576893466
2416.534054628
2417.278087422
2418.229443267
2419.507917163
2421.142943993
2422.152084925
2422.996230123
2423.504146889
2425.124760213
2426.193437542
2426.907064294
2427.640896949
2429.185595990
2430.265812636
2431.611135096
2432.727569299
2433.705896805
2433.916873238
2435.348894365
2436.191600375
2437.794076108
2438.671790794
2439.927127219
2440.826160291
2441.929836550
2443.033560058
2443.775436396
2445.154381015
2445.744952101
2446.398523306
2448.988312286
2449.231032009
2450.503650580
2451.181708310
2452.283365741
2453.257485812
2454.300561842
2455.482288384
2456.514551841
2457.907999090
2458.546799837
2460.013579466
2461.202295375
2461.731628648
2462.464294914
2463.569667295
2464.927816361
2466.183097013
2467.640860784
2468.186816301
2469.336263892
2469.781485032
2471.539297742
2472.336417589
2473.107124735
2474.237849734
2475.539353861
2477.021755096
2478.014854025
2478.397597583
2479.977351981
2480.433606985
2481.356767280
2482.683411519
2484.503238275
2485.087590537
2485.785620712
2487.333836443
2488.113831754
2489.261157452
2490.051090516
2491.105516422
2491.907473934
2493.489295449
2494.866177828
2495.846840420
2496.485336703
2497.648465247
2497.969973967
2499.862042821
2500.564386412
2501.577744672
2503.185227212
2504.008933659
2504.772152511
2506.305351937
2507.151885648
2507.871039580
2508.766046104
2509.652997441
2511.660189787
2512.538220985
2513.579517021
2514.259859060
2515.286482925
2516.571049142
2517.146931880
2518.552852040
2519.634252640
2520.402323516
2521.885175646
2523.263480156
2523.967055819
2524.642045796
2525.687993325
2526.868810059
2527.418791161
2529.378043463
2530.273672273
2531.543961220
2531.969384081
2533.067317099
2534.408614098
2535.505886074
2536.091884922
2536.867485223
2538.559826936
2539.998407119
2540.531661936
2541.998729154
2542.687650514
2543.343955089
2544.290953657
2545.878017730
2546.761141282
2548.181615394
2548.895987575
2549.996484492
2551.411141992
2551.880445960
2553.275677996
2553.723069201
2555.050875291
2555.832350747
2558.009105943
2558.752211368
2559.234296597
2560.263289514
2561.405635748
2562.426113338
2563.501718904
2564.332107854
2565.975270478
2566.557557897
2567.958599725
2569.043090175
2569.948111597
2570.958525662
2571.540774148
2572.368208186
2574.207163950
2575.404511997
2576.141011186
2577.519835533
2578.070129925
2578.971298336
2580.346111565
2581.398140583
2582.138733931
2583.003294535
2584.758402442
2585.772739404
2586.925178957
2587.591000924
2588.368210424
2589.579264554
2590.371692925
2591.549378448
2593.275876805
2594.023618335
2594.905011552
2595.687530139
2597.546141490
2597.979353418
2598.598768320
2600.121355062
2600.641952319
2602.412300558
2603.628781119
2604.573564824
2605.368075916
2606.243664548
2607.003639114
2608.364899649
2609.552086738
2610.444520939
2611.543670381
2612.956807037
2613.731929438
2614.737136165
2615.847707268
2616.902118244
2617.335046935
2618.292915478
2620.279393694
2621.429055213
2622.048696798
2622.994507976
2624.050603855
2624.909501777
2626.460502230
2626.710471396
2628.098026526
2629.604139511
2629.994800764
2632.043116637
2632.443658949
2633.676399940
2633.966543434
2635.217331617
2636.432585995
2637.510683358
2639.062573045
2640.054245882
2640.462942827
2641.801744784
2642.755759063
2643.970900957
2644.887867143
2645.395567279
2646.689940173
2648.577429282
2649.325653552
2650.058544458
2651.227331332
2652.160775242
2652.770642829
2653.897069746
2655.615772326
2656.238998498
2657.537760758
2658.341557629
2659.658316021
2660.610245803
2661.582573758
2662.183573435
2663.393945622
2664.235489083
2666.030101479
2666.982849073
2668.291859038
2668.663651403
2669.253744888
2670.998998582
2671.918382671
2672.603779589
2673.874618711
2675.271759130
2676.066490229
2677.246193893
2678.538156522
2679.025281597
2680.039021546
2680.843117133
2681.841051456
2683.882275551
2684.529156905
2685.377113426
2686.496160151
2687.489939808
2688.385081596
2689.423275981
2690.633186856
2691.318382840
2692.368718959
2694.102820613
2695.208957969
2695.750049240
2696.695372582
2697.857558215
2698.290961320
2699.942027500
2700.731207011
2702.433544847
2703.143657511
2703.981714245
2704.955737553
2706.528247327
2707.090764646
2708.117069229
2708.476524962
2710.368359824
2711.458227864
2712.786687335
2713.525289303
2714.367906689
2715.339871631
2716.025049049
2717.665774871
2718.308652474
2719.770998978
2720.493474899
2721.798775617
2723.086082744
2723.768928850
2724.523924437
2725.882989204
2726.479701034
2727.274459432
2729.395041669
2730.492891807
2730.797702080
2732.004049913
2732.830123558
2734.200782969
2734.938856084
2736.000479107
2736.922048440
2738.266444164
2739.513547296
2740.311109420
2741.878852421
2742.254107878
2742.993068160
2743.953469810
2745.321831898
2746.714798952
2747.514097996
2748.916191066
2749.643649789
2750.314083410
2751.823671457
2752.715502495
2753.487796417
2754.458663083
2755.416876191
2757.301868214
2758.278103328
2758.858670969
2759.898613920
2760.657151540
2762.082880144
2762.444580466
2764.041846252
2765.407691146
2766.157035590
2766.887269747
2768.664523888
2769.144698796
2770.279093644
2771.017392143
2771.896293660
2773.029713424
2774.670010733
2775.725707342
2776.619160308
2777.512125203
2778.289695300
2779.127539134
2780.771118379
2781.656070228
2781.989239655
2783.943665287
2784.705283876
2786.043335739
2786.702566351
2787.932021258
2788.796278014
2789.197561121
2790.493080792
2792.113378557
2793.301469241
2794.238093337
2794.653824666
2796.034761604
2797.174539351
2797.972901230
2798.798140177
2800.067444818
2800.937603116
2802.224801536
2803.864955139
2804.418935677
2805.205300363
2806.002732415
2807.132318371
2808.153501198
2809.291652245
2810.724634083
2811.460992224
2812.861997589
2813.201488028
2814.656757981
2815.838653991
2816.337954816
2817.458907317
2817.949462161
2820.488842021
2820.660841054
2821.891930075
2822.923026217
2823.866992057
2824.281884122
2825.872656692
2826.712170375
2828.029973946
2828.851526591
2830.087545290
2831.128425437
2832.416550858
2833.138035852
2833.658717233
2834.980248463
2835.775847744
2837.014472081
2838.812881529
2839.485753395
2840.285754911
2840.920672973
2842.332641081
2843.469837885
2844.198986963
2845.025433610
2846.390776213
2847.535935530
2848.770308556
2849.797086647
2850.471888197
2851.678938036
2852.303726568
2852.926214765
2854.832394232
2855.853721193
2856.816133544
2857.736139810
2858.857860356
2859.838748954
2860.577436498
2862.120208237
2862.506966278
2863.363589552
2864.911426759
2866.493209756
2867.149356094
2868.224163663
2868.657629194
2869.843456575
2870.909506375
2872.023511114
2872.858555184
2874.569154073
2875.282119166
2875.889914341
2877.546649152
2878.527002624
2879.119907547
2879.868973939
2880.978994738
2882.153646391
2884.013657553
2884.346757790
2885.773055403
2886.308874640
2887.224885507
2888.394382456
2889.404168048
2890.642626362
2891.280078215
2892.462624017
2894.174448737
2894.746550357
2895.641103862
2896.825405168
2897.428300566
2898.541353180
2899.177779837
2901.263850362
2902.065102481
2902.855785528
2903.957879043
2904.598196022
2906.176417597
2906.923339343
2907.605736911
2908.658045520
2910.028233435
2911.142903665
2912.345904726
2913.522785867
2914.044611072
2914.802702224
2915.685975328
2917.274173441
2917.982416702
2919.321772327
2920.615555992
2921.083198935
2922.396084557
2923.390932357
2924.333434995
2925.261509119
2926.295436226
2926.624014686
2928.761073847
2930.004366372
2930.711168697
2931.069101112
2932.806414414
2933.174857162
2934.290717836
2935.552463705
2936.550374849
2937.708958982
2938.581220351
2939.847529163
2941.261601535
2941.425217756
2942.724885865
2943.353684960
2944.321648794
2945.944499286
2946.922394895
2948.374261866
2948.867577209
2949.790143026
2950.521108352
2952.283829639
2952.827176584
2953.589030991
2954.711275291
2956.258730424
2957.236259247
2958.290776257
2959.221014234
2960.033617811
2960.814839266
2961.825970575
2962.819636335
2964.633921497
2965.398341584
2966.065269746
2967.270190425
2968.405348995
2969.401136656
2970.049930111
2971.122238125
2972.308884109
2972.811686391
2975.018020413
2975.619957166
2976.526232137
2977.553574914
2977.981978512
2979.319042212
2980.487381007
2981.343947484
2982.523719896
2983.825333266
2984.639177804
2985.547666235
2986.805393383
2987.856151502
2988.634699665
2988.855046367
2990.423270574
2992.163668673
2992.868866377
2993.974353094
2994.865507047
2995.540266916
2996.736506016
2997.647203115
2998.959301099
2999.494492996
3001.023331164
3001.707332456
3003.477042853
3004.290975917
3004.662308408
3005.772929284
3006.990738365
3007.468699218
3008.882120871
3010.514962131
3011.344380181
3012.074694786
3012.788450549
3014.459082207
3014.911666503
3016.348394170
3016.700060810
3017.783440191
3019.461775780
3020.487633899
3021.420400693
3022.447483795
3023.338509068
3023.930996074
3024.793963871
3026.510826908
3027.299522807
3028.401522530
3029.499388370
3030.594529651
3031.289217468
3032.756029361
3033.218123973
3034.360907192
3035.074103948
3036.133113238
3037.980383590
3039.033651044
3039.521601572
3040.500427565
3041.256803549
3042.653049854
3043.670541622
3044.055127982
3046.050030225
3046.454504219
3047.708817641
3048.922632490
3050.019676757
3050.801233316
3051.342383344
3052.476848524
3053.348265937
3054.986520867
3056.242923310
3056.765138113
3058.013703011
3058.901494693
3059.437861758
3061.062700118
3061.837584445
3062.726873164
3063.435086484
3065.286555585
3066.320250404
3067.071320241
3068.013501342
3068.984266186
3069.782904780
3070.542621550
3072.000993378
3073.185237780
3074.523494285
3075.033872877
3075.833479242
3077.427473307
3078.286226918
3078.897379147
3079.871394644
3080.856382342
3082.163163759
3083.361357990
3084.838451504
3085.377268994
3085.965522259
3087.018815358
3088.083437042
3089.222308945
3090.282194903
3091.154469701
3092.687667039
3093.185445717
3094.833068430
3095.132031239
3096.515485513
3097.342606531
3098.038354972
3098.758089848
3101.079373087
3101.657370790
3102.436089123
3103.589916060
3104.362546342
3105.391402370
3106.396352646
3107.484255857
3108.303596267
3109.533099790
3110.557200381
3111.920727714
3112.840737859
3113.755213668
3114.473416201
3115.002672414
3116.720450816
3117.269723388
3118.955013666
3119.957556604
3120.986214976
3121.337219763
3122.610128875
3124.150225164
3124.525922646
3125.374441472
3126.450116435
3127.693012373
3129.468612610
3129.796205505
3130.877663730
3131.861090216
3132.698331366
3133.398883823
3134.635445901
3136.015560752
3137.175172667
3137.613495212
3139.049508499
3140.138494142
3141.001174828
3141.748032543
3142.979456728
3143.567499184
3144.490488145
3146.283528376
3147.344606628
3148.379041870
3148.861228784
3149.771738698
3150.824652722
3152.151059466
3152.994559997
3153.596976530
3155.312108218
3156.300357947
3156.905761455
3158.578287708
3159.265204659
3159.804097579
3161.061912578
3161.402435208
3163.311959558
3164.350531321
3165.540597894
3166.139586714
3167.121094757
3168.197515714
3169.179764608
3170.014131566
3171.343958070
3171.837774346
3173.011633917
3174.815385976
3175.528722744
3176.480343517
3176.915636009
3178.371705005
3178.902595537
3180.011213373
3181.328501713
3182.839446920
3183.205673347
3184.451499960
3185.214344580
3186.545869430
3187.646162708
3188.055482329
3188.877460715
3190.168661963
3191.706256364
3192.681791617
3193.557208472
3194.786707379
3195.326699927
3195.793895634
3197.547165657
3198.430125768
3199.248977114
3200.663270230
3201.424866362
3202.778286501
3203.630891153
3204.557410188
3205.497580563
3206.228893304
3207.270062357
3208.086133892
3210.352420540
3210.670388301
3211.618832521
3212.319227342
3213.606498798
3214.667562488
3215.325298905
3216.491524692
3217.430804779
3218.659983744
3219.639171306
3221.198341683
3221.609476301
3222.813840823
3223.372566375
3224.213706520
3225.366715965
3227.044102375
3227.525149514
3229.016311632
3229.981066961
3230.336636732
3231.741347918
3232.738713126
3233.913360603
3234.306591245
3235.154617184
3237.087579532
3237.998236326
3239.090434563
3239.767314075
3240.605747278
3241.595312938
3242.568307582
3243.501652712
3244.884157091
3246.040157816
3246.841676162
3247.570503533
3249.308085745
3249.906446319
3250.613324267
3251.510637744
3252.723990907
3253.369017244
3255.142076593
3256.346612817
3256.941943205
3257.831340011
3258.706714275
3259.539730686
3261.192124421
3261.535312602
3262.718968695
3263.784940489
3265.198771598
3266.153786420
3266.803954480
3268.188517856
3268.909408586
3269.516785360
3270.310803458
3272.019397611
3273.363032965
3274.059953013
3274.863567638
3276.124154987
3276.694554680
3278.059478291
3278.986193734
3279.489509642
3280.976418714
3281.706690820
3283.239124300
3284.499863133
3285.202828752
3285.682259711
3286.718540341
3287.773091993
3288.936972845
3289.724306537
3291.385725928
3292.222642049
3292.856716098
3293.975869246
3295.266663233
3296.021754765
3296.873142162
3297.836842311
3298.357878622
3300.450576192
3301.413776304
3302.017097666
3303.317261842
3303.813719206
3305.076177241
3305.472088699
3307.221711602
3308.045402223
3308.832877515
3310.235706774
3311.155306118
3312.349459451
3313.199876673
3313.842662273
3315.015013827
3315.619742541
3316.752453418
3318.387470172
3319.412648993
3320.476699682
3320.887941461
3321.663572699
3323.490923180
3323.875124914
3324.925684145
3325.691627038
3327.338441751
3327.988269208
3329.465583951
3330.290400360
3331.299404161
3331.892288244
3332.700898578
3333.781382961
3335.045996424
3336.575968430
3337.044211897
3338.150407356
3339.256673695
3340.117152697
3340.972263638
3342.211554859
3343.051722278
3343.604908510
3344.852255868
3346.848430817
3347.397830991
3347.936001611
3349.301027927
3349.856252115
3350.803704025
3352.153804097
3352.845364543
3354.278231280
3355.483680305
3355.880578183
3357.198154118
3358.402699623
3359.359283068
3359.852404381
3360.584153298
3361.887588621
3363.233878349
3364.355763554
3365.600957469
3366.120883810
3367.055542540
3367.769443868
3369.183728555
3370.061651747
3370.997536143
3371.922445601
3373.160140925
3374.427471990
3375.379955756
3376.298386044
3376.820970848
3378.258956963
3378.780608495
3379.460192667
3381.634647447
3382.296714922
3383.348489576
3383.871212415
3385.177310828
3386.166295749
3387.149564459
3387.808777786
3389.091880157
3389.648879041
3391.481233732
3392.147572632
3393.651785893
3394.137666352
3394.991106311
3395.614850938
3396.890066311
3398.271677189
3398.841197218
3400.322476548
3401.387450700
3402.000441415
3403.008864821
3404.362761573
3405.132918695
3405.809942805
3406.679482810
3407.728314290
3409.578736852
3410.424565212
3411.223633497
3411.855830275
3413.219036005
3413.710819477
3415.006415298
3415.806623573
3417.201725528
3418.194842707
3418.744246677
3420.540582987
3421.307537317
3421.882420408
3423.128594192
3423.611394670
3424.728989863
3425.830917736
3427.431811006
3428.345014649
3429.077161459
3430.158809529
3430.611618680
3432.026366532
3433.306331160
3433.769710163
3434.432930181
3436.183607570
3437.219161607
3438.212616155
3439.112430155
3440.229299588
3440.844025770
3441.467977671
3442.683392445
3444.036570702
3445.277432469
3446.015386158
3447.158925421
3447.700517605
3449.497002716
3449.685001064
3450.723487593
3451.940669428
3452.569816770
3453.677893918
3455.488799435
3456.258614559
3457.184172894
3457.573598858
3458.665410625
3460.046064020
3460.484230469
3461.915971198
3462.896732402
3464.083832160
3464.977695252
3465.827155727
3467.204403986
3467.909471077
3468.775551367
3469.551913133
3470.214108961
3472.249018221
3473.168763395
3473.814882020
3475.219106733
3475.717792819
3476.519931771
3477.700190285
3479.049830179
3479.465965313
3480.682915951
3481.776396694
3483.057856801
3484.159388044
3484.884585353
3485.691497728
3486.534339669
3487.539477843
3488.455776622
3489.665123316
3491.550561368
3491.811099965
3492.414435580
3493.720613083
3494.816408482
3495.988931968
3496.350361364
3497.372960542
3498.576136539
3499.686553821
3501.145919590
3501.897095233
3502.775867949
3503.636215790
3504.588927775
3504.992627195
3506.860778988
3507.545273797
3508.772500867
3509.636408038
3510.845083645
3511.731091113
3512.473586843
3513.877573874
3514.366752244
3515.416808850
3515.901814499
3518.026445241
3518.868409209
3519.870186740
3520.491665964
3521.365040903
3522.382212894
3523.635835723
3524.215220738
3525.386566639
3526.670256711
3527.615207051
3528.351824583
3529.955744346
3530.835046799
3531.201023965
3532.038508847
3533.328243396
3534.062588280
3535.772576943
3536.633250707
3537.708013056
3538.500568907
3539.089936525
3540.456758809
3541.357522377
3542.340883918
3543.322306535
3543.816796285
3545.699212171
3546.864134595
3547.314781396
3548.351252964
3549.458356776
3550.065059226
3550.853298372
3552.080209750
3553.840680597
3554.165034789
3555.534145072
3556.065234536
3557.427102353
3558.349345038
3559.265664700
3560.019248824
3560.776183335
3562.162435083
3563.215121486
3564.760770714
3565.396422887
3566.284910776
3566.916683897
3567.733251751
3569.343132086
3570.008671365
3570.822916555
3572.513965628
3573.079804301
3574.100016307
3575.493155747
3575.955379645
3577.205283986
3577.981184110
3578.410382621
3579.750102617
3581.585338239
3582.394916620
3582.923042186
3583.945574775
3585.206278713
3585.684448659
3586.840745006
3587.968813668
3588.859444520
3589.745006545
3590.983471294
3592.405889080
3593.028558840
3594.227274785
3594.469272698
3595.779063754
3596.421772540
3597.802641293
3598.948560206
3600.166323797
3601.104013685
3601.791282752
3602.418894263
3604.248053633
3604.754984018
3605.494474972
3606.359317624
3607.574809645
3609.283333035
3609.700266169
3611.101631552
3611.910994676
3612.324192688
3613.549021241
3614.327814642
3615.606268126
3616.840689134
3617.802842397
3618.452558516
3619.885723508
3620.705570450
3621.886132366
3622.179274502
3623.558468475
3624.437503558
3624.881726598
3627.060315519
3627.949114789
3628.610375056
3629.407217612
3630.363425045
3631.308684289
3632.478178334
3633.440157775
3634.056193093
3635.673633427
3636.439638357
3637.540657718
3638.553707679
3639.679806518
3640.362976494
3641.010538146
3641.707123241
3643.479573646
3644.403358341
3645.632116644
3646.450894372
3647.284261680
3648.158454688
3649.166164133
3650.302043571
3651.253106164
3651.783523375
3653.088326196
3654.211437503
3655.905726441
3656.334529766
3656.892829633
3658.129372194
3658.921689553
3659.907500749
3660.735665815
3662.368949297
3663.448288853
3664.002007105
3664.878137729
3666.237025973
3667.307339233
3667.735638946
3669.030191157
3669.423746307
3670.731997269
3672.349351294
3673.159176144
3674.087608958
3675.262610130
3675.662484246
3676.368938137
3677.893295663
3678.847783057
3679.818311650
3680.583983908
3682.418731434
3682.571730549
3683.971024204
3684.859893089
3685.974442143
3686.271337181
3687.538413760
3688.177027971
3690.184258111
3691.039162253
3691.756939721
3692.647653927
3693.370984735
3694.791126718
3695.672790133
3696.121982633
3697.585963646
3698.547362767
3699.430292631
3700.838316760
3702.050756988
3702.460155933
3703.347476074
3704.209894383
3705.129228188
3706.294721356
3707.579055361
3708.658452869
3709.582271722
3710.371491777
3711.404818176
3712.170139466
3713.583581053
3714.424676840
3714.739333587
3715.846459035
3717.751095917
3718.498355476
3719.483495399
3720.182048933
3721.296040000
3722.058836767
3722.627320553
3724.388127501
3724.882319990
3726.517718265
3727.105295975
3727.938465956
3729.472791702
3730.187320676
3731.075159248
3731.652937303
3732.847475614
3733.671696805
3735.007644635
3736.462855617
3737.426702786
3737.847779332
3738.588055468
3739.831690660
3740.875153687
3741.925079349
3742.485013547
3743.859616212
3744.846671965
3746.135972513
3746.840953103
3747.997127045
3748.752860723
3749.672707911
3750.303158431
3751.164644510
3753.186449130
3753.946989066
3754.507321885
3755.922818842
3756.524972712
3757.481439850
3758.696426296
3759.359216676
3760.582729131
3761.085334950
3762.475079096
3763.999842699
3764.644280170
3765.746026065
3766.455967532
3766.872421485
3768.338640156
3769.293394313
3770.105497899
3771.728992762
3772.512331217
3773.467327741
3773.941580305
3775.752711841
3776.258807342
3777.143244332
3777.833370602
3778.839373785
3780.226486451
3781.668646123
3782.390575662
3783.126649464
3784.265550344
3784.865105100
3785.791018601
3786.935697906
3788.263664870
3788.800050330
3790.041776673
3791.020914403
3792.560247672
3792.872479502
3793.790990277
3795.021653416
3795.808588148
3796.139177933
3797.854055844
3799.298497077
3800.132426403
3800.877635579
3801.590617176
3802.640239734
3803.829200466
3804.790840394
3805.434646755
3806.297896755
3808.093049896
3808.459507837
3809.874248313
3811.184712333
3811.428221765
3812.544754399
3812.978308902
3814.327017462
3815.531819858
3816.602598128
3817.768707914
3818.505533966
3819.414498548
3820.438313369
3821.438059665
3822.371913386
3823.148110408
3824.418553125
3824.541037159
3826.947627238
3827.576335686
3828.339520520
3829.144810487
3830.161823923
3831.034679120
3831.932487128
3832.941548849
3834.353094561
3835.220398724
3836.022881981
3837.238847223
3838.084058667
3839.426268466
3839.974002766
3840.504678748
3841.682344812
3842.678532636
3844.403553213
3844.897010964
3846.487475476
3846.747301185
3847.681749671
3848.415301006
3850.170201815
3850.603920438
3851.410102462
3852.703102475
3853.860293846
3854.902586333
3855.955254473
3856.703867396
3857.610583015
3858.448586237
3859.285738177
3860.093008505
3861.852719325
3862.983783667
3863.658286020
3864.150190996
3865.565077205
3866.822404111
3866.972328125
3868.412859074
3869.144666921
3870.114034539
3871.291750189
3872.666546573
3873.810208381
3874.229614846
3875.105197585
3876.173740690
3876.657964937
3878.256174941
3879.110338710
3880.082213598
3881.540350514
3882.116845258
3882.899992550
3884.209799208
3885.109963086
3886.225209766
3886.451289791
3887.352013760
3889.155346344
3890.309181969
3891.086883003
3891.929936986
3893.001131077
3893.407062083
3894.783730291
3895.567931274
3896.642632278
3897.870750290
3898.651961795
3899.623743454
3901.007764610
3902.077427042
3902.411160511
3903.351543071
3904.379191304
3905.344851666
3906.119319112
3908.188165438
3908.606362666
3909.465847404
3910.632716857
3910.911438236
3912.642948599
3913.259137862
3914.219923269
3914.949001245
3916.176538560
3917.658165954
3918.443052988
3919.222740961
3920.540431095
3921.152570242
3921.652560349
3922.665203224
3924.193310525
3925.247119257
3926.176083584
3927.080517370
3928.142218295
3928.886559207
3930.099281280
3930.891086382
3931.745217360
3932.624568087
3933.516881842
3934.938347810
3936.443286120
3936.974234314
3937.905380853
3938.214616538
3939.775186812
3940.434637597
3941.630029648
3942.352722188
3944.030362807
3944.650915652
3945.333063668
3946.878983573
3947.703864075
3948.434192200
3949.313705822
3950.132375511
3950.859466440
3952.942870157
3953.356526591
3954.778621167
3955.176546373
3956.420217192
3957.019901777
3957.954717946
3959.470755507
3960.071028757
3960.770534614
3962.168461927
3963.470348861
3964.312649523
3965.132707099
3966.138714994
3966.753894106
3967.818761421
3968.484653608
3969.914600220
3971.318070212
3972.115760265
3973.010681504
3973.457014784
3974.893413368
3976.066183196
3976.731418901
3977.113908695
3978.686119981
3979.497341176
3980.844099782
3982.048502087
3982.764068117
3983.749795369
3984.227435181
3985.098725244
3986.516179038
3987.230709155
3988.719449263
3989.352175809
3990.481409607
3991.570890985
3992.331105100
3993.293163732
3994.395873998
3995.168459723
3995.797813413
3996.689040235
3998.809292300
3999.519248285
4000.017285177
4001.144258635
4002.112349428
4002.695719415
4004.022451396
4004.806731029
4005.876737437
4006.931920818
4008.142030891
4008.689596253
4010.361019024
4010.983311280
4011.663881542
4012.568916001
4013.233688804
4014.657294818
4015.657651052
4016.968938010
4018.029268460
4018.776951600
4019.106065041
4020.570773104
4021.628014218
4022.380106439
4023.428504974
4023.905151399
4025.583199027
4026.602759102
4027.866297572
4028.247172920
4029.195557081
4030.383280199
4030.916107786
4031.654311716
4033.374476877
4034.520820162
4035.105599030
4036.079389602
4037.126014571
4038.290698859
4038.948310434
4039.857819222
4040.940563222
4041.464677645
4042.702480396
4044.322287003
4045.055147387
4046.214784829
4046.738210817
4047.468044326
4048.380709828
4049.973704686
4050.431390624
4051.384379551
4052.997625981
4053.566272078
4054.690712871
4055.477852502
4056.996361902
4057.428904233
4057.993493539
4059.085428290
4060.048996007
4061.743933050
4062.850288693
4063.157725455
4064.358380196
4065.178475193
4066.109592651
4067.074106869
4068.083223826
4068.969297626
4070.281912570
4070.603677650
4072.705128706
4073.126450172
4074.087681133
4074.817064511
4075.741346670
4076.719781864
4077.413345484
4078.922771360
4080.108304481
4081.066083421
4081.698568432
4082.588348141
4083.630042860
4084.942883203
4085.515370585
4086.379221075
4086.967478975
4088.781881483
4089.730285640
4090.591265910
4091.910846159
4092.297206465
4093.248362229
4093.905911945
4095.137930751
4096.510847297
4097.063684460
4098.475186448
4099.244845294
4100.107534131
4101.578447922
4102.037362535
4102.825941826
4104.141331202
4104.613098580
4105.512852569
4107.327219356
4108.624233430
4108.852443161
4109.710931286
4110.634319887
4111.859845445
4112.667206019
4113.485989227
4114.687567837
4115.615773798
4116.813980891
4117.600710742
4118.974352669
4119.596332883
4120.634210584
4121.348656802
4121.794658787
4123.240086670
4124.648829380
4125.592128453
4126.378063880
4127.593370807
4128.298166700
4128.777675203
4130.466763780
4131.136979900
4131.928002433
4132.724451309
4134.050648827
4135.441760020
4136.396688873
4136.974853483
4137.962941380
4138.838339556
4139.464099155
4140.892830116
4141.373775320
4143.347062502
4143.897624856
4144.603298798
4145.564792569
4147.071922280
4147.595069547
4148.652520779
4149.069451051
4150.445097953
4151.146851510
4152.768725266
4153.839146745
4154.630899006
4155.334787262
4156.296304964
4156.913907992
4158.129334414
4159.480461699
4159.921665840
4161.096281182
4162.377914596
4163.278853051
4164.135351441
4165.139162956
4166.078428062
4166.984173408
4167.509875344
4168.303453626
4170.482806111
4170.875114381
4172.130758052
4172.876966852
4173.416864023
4174.873181875
4175.512052253
4176.643071922
4177.322188622
4178.530304183
4179.574699432
4180.503181765
4181.922493184
4182.850792879
4183.377504372
4183.846344459
4185.312727675
4185.957936687
4187.200718848
4188.419977240
4189.615279793
4190.233269291
4190.985912226
4192.109712346
4193.175851164
4194.092245882
4194.899013889
4195.541351655
4196.604548356
4198.425989113
4199.335192630
4199.633002830
4200.997463467
4201.827002236
4202.416698746
4203.280813660
4204.736011073
4205.627365267
4206.870191888
4207.354542106
4208.734782098
4209.642902760
4210.549793194
4211.527980700
4212.170228130
4212.967293233
4214.117686584
4215.179293282
4216.832135764
4217.495524249
4218.230788627
4219.086410356
4219.672061531
4221.306739710
4222.126671441
4222.507243705
4223.901179993
4225.282365846
4225.722307331
4227.210630502
4227.984705072
4228.980834107
4229.533411498
4230.657847975
4231.008079755
4232.660327381
4234.137260751
4234.672186486
4235.502814785
4236.708778083
4237.343105088
4238.581562429
4239.083355091
4240.609223279
4241.104024290
4241.783753083
4243.573652494
4244.575822635
4245.621059998
4246.010961504
4247.050666370
4247.882863618
4248.798229920
4249.842360551
4251.024571917
4252.063770375
4253.452157043
4253.641943496
4254.606741243
4256.253977916
4256.903916382
4257.398426071
4258.412309499
4259.219971503
4260.828780400
4261.801316154
4262.834917760
4263.851070090
4264.326484097
4265.197753530
4266.175526298
4267.375018116
4268.223032064
4269.311963383
4270.228945852
4271.219357725
4272.626546683
4273.266070376
4274.006198485
4275.106732634
4275.863648070
4276.733176340
4277.420042959
4279.548867188
4280.161625525
4280.973787693
4281.587159761
4282.943479139
4283.493728633
4284.844965402
4285.629053649
4286.158107287
4287.680518179
4288.504766274
4289.812145761
4290.683826358
4291.674919392
4292.726444975
4292.817263391
4293.813814960
4295.348211448
4296.247687554
4297.269668493
4298.663179090
4299.054947283
4300.089148378
4301.012050609
4302.145194882
4303.183384179
4303.534636903
4304.617528000
4305.613823712
4307.449077599
4307.998991754
4309.172964977
4309.358615069
4310.632176097
4311.662007244
4312.226430124
4313.401370260
4314.799283160
4315.573741806
4316.464656307
4317.356190740
4318.867542854
4319.406828393
4320.162243602
4321.074891627
4322.076165190
4322.664566486
4324.546748008
4325.293085726
4326.350118585
4327.394690704
4327.700362559
4328.615769054
4330.027835915
4330.890065792
4331.851915622
4332.303902287
4334.020581084
4335.063147369
4335.606667165
4337.133662606
4337.451842981
4338.719122160
4339.027061505
4340.087832539
4341.413050960
4342.901618175
4343.563201207
4344.334641491
4345.249657155
4346.242896210
4347.628030072
4347.788735323
4348.975430852
4350.013922106
4350.871384355
4351.952516633
4353.700189732
4354.220757625
4354.724596591
4355.893110782
4356.482766408
4357.587591693
4358.755643133
4359.500185597
4361.191076818
4361.486734505
4362.761583186
4363.525581319
4364.546908846
4365.671997009
4366.527307543
4367.000511849
4367.711048430
4369.537964927
4370.734627510
4371.362633022
4372.227906507
4373.433178291
4373.863804411
4374.695096161
4376.083223911
4376.982953296
4377.768463362
4379.103315875
4379.759864529
4381.091028310
4382.125949499
4382.875748523
4383.466427318
4384.419601139
4385.579886329
4386.083678707
4387.756260026
4389.029478392
4389.719630869
4390.351108275
4391.021213067
4392.574337675
4393.358662553
4394.028511126
4395.060893844
4395.951097931
4397.223222686
4398.451719633
4399.177467304
4400.270180040
4401.175471549
4401.533574080
4402.808234517
4403.239569923
4405.218604640
4405.832303994
4406.706876416
4407.973180940
4408.623707863
4409.666097134
4410.491141982
4411.715201531
4412.237247491
4413.216561164
4413.934044512
4415.850961826
4416.593999029
4417.580116976
4418.241556471
4418.971524791
4419.922457573
4421.141217995
4421.904701206
4422.790749621
4424.339666554
4425.244909575
4425.495648733
4427.164720657
4428.073175843
4428.881802432
4429.488009567
4430.247448793
4431.424340483
4432.575627455
4434.029253196
4434.779104837
4435.529083293
4436.423737984
4437.394173678
4437.976869629
4439.557560714
4440.107585509
4441.064996265
4441.984948578
4443.365941871
4444.564424110
4445.238338541
4445.772758249
4447.263096017
4447.732962462
4448.301901069
4449.635268127
4451.098120800
4452.188083705
4452.680702067
4453.734551271
4454.462905440
4455.762657973
4456.703250192
4457.245826340
4458.188749333
4459.171279017
4460.548529288
4461.404140478
4462.734622195
4463.647648067
4464.038523257
4464.812716128
4465.805997569
4467.228532885
4467.739817015
4469.170662737
4469.978032832
4471.361757252
4471.550195590
4472.959272018
4474.186277577
4474.317091779
4475.801110932
4476.246519158
4477.015857063
4479.269423276
4479.730664772
4480.533629739
4481.410040221
4482.366885689
4483.238277467
4484.123623369
4485.052226104
4486.327219163
4487.084191428
4488.070667249
4489.240895548
4490.295506996
4491.218481252
4492.008277880
4492.638034669
4493.533634735
4494.493755902
4495.810018030
4496.893451767
4498.107112046
4498.778394073
4499.585223107
4500.164602396
4501.627186644
4502.673855554
4503.329854346
4503.715555681
4505.458867094
4506.311496729
4507.745182883
4508.211436900
4509.371444647
4509.943668937
4511.040014029
4511.462718597
4512.809991107
4514.077139589
4515.191306765
4516.089845214
4516.365671041
4518.275389222
4518.584679214
4519.574800020
4520.538555009
4521.475485153
4522.144077728
4523.237464379
4524.973397158
4525.790882297
4526.348586359
4527.353633124
4527.943893545
4529.069234592
4530.025233174
4531.318968338
4531.643575987
4533.297976471
4534.135598245
4534.935556005
4535.907562518
4537.252568547
4537.806098344
4538.508935088
4539.188862923
4540.347726623
4542.129666251
4542.620486098
4543.746922274
4544.720271321
4545.263343636
4546.141207421
4547.593415369
4547.938636006
4549.281071828
4550.068688879
4550.979693585
4552.321926161
4553.536850281
4554.197951051
4554.959391487
4555.595473599
4556.891310536
4557.533974071
4558.396623828
4560.215941098
4560.999833506
4561.629346602
4562.596817089
4563.416046270
4564.815955842
4565.416958272
4566.253326081
4567.121450991
4567.941686478
4569.615770295
4570.433329175
4571.457898784
4572.249860419
4573.246173187
4573.924130512
4574.297621384
4576.189954392
4576.793917800
4577.859111431
4578.927025832
4579.956917854
4580.717084505
4581.894187213
4582.568249086
4583.673687922
4584.380768499
4584.977258165
4586.207762605
4587.674877079
4588.977914221
4589.643449489
4589.748811534
4591.204146513
4592.049309089
4593.159791573
4593.836891986
4594.787190560
4596.263664401
4596.829908459
4597.820812342
4599.373672440
4599.907579439
4600.630054114
4601.602961817
4602.256123514
4603.209690546
4604.641681401
4605.883451694
4606.462472402
4607.753032587
4608.216380946
4609.224160777
4610.084231646
4611.484674459
4612.028597459
4612.788854014
4613.684307641
4615.536616092
4616.222300662
4616.958582780
4618.107678910
4618.767170619
4619.465593895
4620.544365613
4621.348279218
4622.819323121
4623.805611945
4624.726278754
4625.409262502
4626.342985701
4627.790229823
4628.463443403
4628.974234757
4629.888782939
4631.226406989
4631.762401044
4633.564438992
4634.307105419
4635.357160887
4636.028343961
4636.392280749
4637.792071979
4638.748153748
4639.715380823
4640.561739731
4641.758272380
4642.685758177
4643.751735864
4644.753105528
4645.362987352
4646.739486074
4647.117263732
4648.112608175
4648.564886817
4650.614330328
4651.664121146
4652.088399129
4653.119156055
4654.068949600
4654.947323958
4655.721560896
4656.922418573
4657.820890195
4658.394949958
4659.918687611
4660.563963934
4662.080004603
4662.945890919
4663.505025594
4664.322897244
4665.141375953
4666.090798753
4667.424428268
4668.055177752
4669.829513522
4670.350631746
4671.032106499
4671.877847965
4673.282690521
4674.126716049
4674.741639863
4675.727566686
4676.334095816
4677.930219147
4679.087491041
4680.088468859
4680.606397111
4681.604890747
4682.648662425
4683.021291067
4684.186914790
4685.407789640
4686.708155146
4687.072177975
4688.252603006
4689.505062437
4690.178840007
4691.296768789
4691.862100093
4692.866432862
4693.939417293
4694.173942795
4696.095849873
4697.354147472
4697.774403761
4698.924504209
4699.497252231
4700.158603281
4701.842587035
4702.437645696
4703.015173841
4704.338118406
4705.482138783
4706.468570903
4707.187171952
4708.595427452
4709.332678157
4709.944940346
4710.552242005
4711.691980185
4712.777797476
4714.247723107
4714.997962825
4715.952621729
4716.660239219
4717.733401081
4718.529894767
4719.595704167
4720.386694376
4721.537540938
4721.954561819
4723.234934939
4724.996421878
4725.487196575
4726.271143853
4726.949295827
4728.211604352
4728.750507230
4729.661501548
4730.962714324
4732.021907045
4733.193764940
4733.844098700
4734.527817833
4736.044923936
4736.596840064
4737.784035549
4738.432582515
4738.793733317
4740.332565970
4741.721885804
4742.414037310
4743.717920628
4744.421811485
4744.996853270
4745.842419031
4746.839593745
4748.335806689
4748.700881129
4749.728100218
4751.215949060
4751.682732579
4753.084026102
4753.918835840
4754.589564976
4755.588948859
4756.356140489
4757.222671632
4757.970669573
4760.158590209
4760.441048060
4761.516430763
4761.983993808
4763.158188507
4764.275424407
4764.998476803
4765.803255385
4766.884818058
4767.868858831
4768.726470930
4770.256497158
4770.891284039
4772.057494829
4772.644938936
4773.439797772
4774.056619725
4775.395711249
4776.429201253
4777.635676984
4778.374124696
4779.596151378
4780.479123091
4780.708587502
4782.356874432
4783.343224125
4783.714516795
4784.640967679
4785.525415336
4787.252675346
4788.152570124
4788.999015740
4789.698347934
4790.733815869
4791.291170821
4792.408824019
4793.347319652
4794.286764715
4795.780117832
4796.352903432
4797.097933598
4798.420841863
4799.673211404
4800.097767615
4800.671002186
4802.188369510
4802.377850870
4803.704592678
4805.072216480
4806.371973580
4806.921270593
4807.541012033
4808.604499169
4809.346880320
4810.531881343
4811.632288845
4812.160772204
4813.045552124
4814.681559818
4815.324276549
4816.451758257
4817.232875408
4818.240133484
4819.028426196
4819.754628169
4820.210030016
4822.221164873
4822.905726969
4824.137537481
4824.678397755
4825.736295502
4826.494341215
4827.767321264
4828.337946621
4829.386309919
4830.136823558
4831.185693209
4832.224866731
4833.663263959
4834.665341190
4835.144026610
4835.951966776
4836.608965379
4838.026709907
4838.660483731
4839.647158112
4841.064723647
4842.043504688
4842.585412400
4843.621336001
4844.699612969
4845.696734419
4846.657760144
4846.916049335
4848.107405391
4848.885041904
4850.871518792
4851.468722998
4852.001065083
4853.425815432
4854.027006706
4854.574296103
4855.718462364
4856.921830079
4857.815380260
4858.604172218
4859.680531624
4860.809330726
4862.076654388
4862.359349646
4863.760153920
4864.191948668
4865.055351274
4866.071578272
4866.954021269
4868.588327039
4869.466636286
4870.517253832
4870.696564723
4871.705539530
4873.193181376
4873.818446227
4874.789996783
4875.237660837
4876.743142327
4877.725299568
4878.629005583
4880.058127359
4880.609661002
4881.311012342
4882.304462235
4882.890785936
4883.927414232
4885.362074724
4886.270478880
4887.198480647
4888.175610835
4888.908079345
4890.214451318
4890.627756889
4891.783056076
4892.934979043
4893.388337636
4893.963169530
4895.963739546
4896.957746691
4897.650781298
4898.457291766
4899.161200689
4900.429563378
4900.742881746
4902.307209903
4902.821632069
4904.228632937
4905.142489081
4906.098238142
4906.699541974
4908.330089351
4908.913521445
4909.624111715
4910.245081667
4911.291910102
4912.451308936
4913.660637618
4914.792645832
4915.700240690
4916.332164479
4917.230780505
4917.807535043
4919.487036337
4919.889325052
4920.840430544
4921.970590628
4922.718991374
4924.317098251
4925.077606689
4925.795026681
4926.727642210
4927.597951291
4928.526064803
4928.957136246
4930.240318443
4932.036812774
4932.600670526
4933.068125844
4934.352289122
4935.200994250
4936.133949524
4937.207162986
4937.770365698
4938.753815526
4939.641724785
4940.852294862
4942.135528578
4942.976896464
4943.977866732
4944.641603022
4945.186898518
4946.119253477
4947.500490322
4948.389808797
4949.085915385
4950.615812590
4951.502384929
4951.878797918
4953.200555668
4954.255067680
4954.976576379
4955.822259816
4956.466055279
4957.331889630
4959.028989321
4960.163928407
4960.758090265
4961.688462945
4962.261952448
4963.526118618
4964.307031405
4964.925235090
4966.633216270
4966.868645587
4968.394640927
4968.836094655
4970.479982679
4971.339245556
4971.824996150
4972.713491617
4973.711578032
4974.430478147
4975.310997141
4976.964034078
4977.755154087
4978.847855754
4979.580892327
4980.118762529
4981.192703747
4982.512361526
4983.225027315
4983.979975830
4984.568543575
4986.252566836
4987.187900983
4988.191597307
4988.905166591
4990.345480286
4990.449701819
4991.214774409
4992.379462341
4993.495748984
4994.632742172
4995.879247705
4996.220820877
4997.396150709
4998.370030196
4999.329681373
5000.234316933
5000.834381432
5001.889773627
5002.854002890
5003.484944378
5005.495907488
5006.208381106
5006.788558806
5007.485982920
5008.626199656
5009.229044117
5010.811172546
5010.933198106
5012.396833740
5013.533605873
5014.238442054
5015.357927938
5016.192546914
5017.347756568
5018.084913546
5018.939831850
5019.395831473
5020.352759395
5022.203022984
5022.834526019
5023.904889142
5024.725752596
5025.730993594
5026.185476882
5027.221563709
5028.537886821
5029.216956939
5030.026936940
5030.967858187
5032.399063541
5033.166566080
5034.550361163
5035.013416409
5035.523058437
5036.841667107
5037.500692757
5038.324319635
5039.621887453
5041.041398994
5041.798034522
5042.492149716
5043.015445394
5044.656791091
5045.467130480
5045.941675502
5046.997617429
5047.863086182
5048.790228820
5050.308459699
5051.106699534
5052.279310473
5052.772155289
5053.712365320
5054.434547343
5055.192672473
5056.605813079
5057.589996236
5058.345409417
5059.439905819
5060.559080915
5061.326249329
5062.168472727
5063.182715937
5064.333813617
5064.628972967
5065.480124961
5066.576539185
5068.384815239
5069.095935944
5069.675544138
5070.868551266
5071.249797277
5072.410372661
5073.482256177
5074.356062044
5074.911470243
5076.598637948
5077.152989531
5078.001109183
5079.612726167
5080.123622144
5081.130097771
5081.694344430
5082.317781512
5083.769848919
5084.387439341
5085.944230788
5086.999761578
5087.532668938
5088.598901322
5089.178093913
5090.345876812
5091.262957882
5092.401941911
5092.837760452
5093.668880111
5095.086913061
5096.637933186
5096.959423854
5097.814429759
5098.956789006
5099.610743038
5100.491462416
5101.034063049
5102.645948615
5103.728341253
5104.418093047
5105.638635527
5106.052225950
5107.385740123
5108.447770149
5108.959096698
5109.838982090
5110.806041672
5111.503124654
5113.010157222
5113.946042880
5115.372842952
5115.726762098
5116.560557464
5117.025993416
5118.533838769
5119.365669162
5120.240023466
5121.083490156
5122.454781410
5123.302893479
5124.061784987
5125.253686757
5126.279118015
5126.729993292
5127.741716960
5128.681624974
5128.964483859
5131.043898974
5132.007167839
5132.683137054
5133.306575990
5134.663043880
5135.171964074
5136.129936082
5137.206291398
5138.042957957
5139.121530962
5139.679125650
5141.096623937
5142.447907865
5142.902032221
5143.933700534
5144.587752602
5145.480449174
5146.149645920
5147.562791840
5148.253527357
5149.768260281
5150.709614962
5151.141849588
5152.186214623
5152.953127295
5154.656845439
5154.899143798
5155.493362582
5156.509447328
5157.819065556
5158.954824001
5160.057736252
5160.852779928
5161.605392920
5162.587186685
5163.060164467
5164.102312022
5165.306771507
5166.191972909
5167.483594402
5167.990828057
5169.070194564
5170.291516087
5171.235927500
5171.585481170
5172.801688877
5173.675024556
5174.359901137
5175.093122775
5177.237132249
5177.609630023
5178.752194620
5179.202606392
5180.106626203
5181.189792409
5182.130914017
5182.998826329
5183.950307013
5184.685795032
5186.355746810
5186.709472601
5187.887847767
5189.076719614
5189.859588664
5190.355291128
5191.126801598
5192.046486957
5193.404415344
5194.707488902
5195.159163854
5196.707324199
5197.117498332
5197.718324177
5199.223858199
5199.776329229
5200.961311213
5201.555843874
5202.457989722
5203.521216950
5205.099606997
5205.900595705
5206.633161680
5207.215066682
5208.288522939
5209.138239302
5210.010911049
5210.808218700
5212.419404470
5213.316674242
5213.896943192
5214.775252558
5216.054491352
5216.932009339
5217.650795322
5218.691413008
5219.057877219
5220.220855174
5221.422951323
5222.858787673
5223.434428938
5224.457463497
5225.256065097
5226.148424105
5226.351540381
5228.183098672
5229.198557199
5229.241811259
5230.897209709
5231.815083588
5232.884620193
5233.658115095
5234.640289889
5235.574735166
5236.300461229
5236.957439365
5237.801695402
5239.192789208
5240.607636041
5241.502825460
5241.822720416
5242.792985389
5243.882548869
5244.845451001
5245.755732518
5246.279250857
5247.610320392
5248.441539016
5249.366336132
5250.675238104
5251.798558626
5252.522037867
5252.890575148
5253.944070492
5254.912630871
5255.613164306
5257.081180064
5257.924941007
5259.108320960
5259.771904521
5260.959190246
5261.180476047
5262.848835686
5263.396965102
5264.411378018
5265.088374535
5265.605936327
5267.885364151
5268.198270778
5269.201393021
5270.259454505
5270.886227526
5271.696969114
5272.517960359
5273.578737968
5274.691509015
5275.643878880
5276.683503025
5277.475759503
5278.379390382
5279.775667718
5280.315445981
5281.239950686
5281.633380066
5283.163868560
5283.478719186
5284.926926631
5286.437161558
5287.137482205
5287.711380226
5288.515549598
5289.353245220
5290.674974348
5291.399590509
5292.275016391
5293.024355515
5294.464760714
5295.126355475
5296.581056719
5297.125394920
5297.981183439
5299.274679238
5299.627300320
5300.144736871
5301.458131811
5302.981454220
5303.885255546
5304.508457855
5305.526333012
5306.498769767
5307.300388636
5308.072790500
5309.361753482
5310.032764727
5310.606801112
5311.859049892
5312.980209159
5314.439426792
5314.954794050
5315.726296859
5316.639253906
5317.139734906
5318.445240959
5319.364734298
5320.109753010
5321.536694998
5322.633280585
5323.137231112
5323.796327876
5325.466411141
5326.038512791
5326.867763790
5327.480222283
5328.463844665
5329.377158593
5331.015051850
5331.855033783
5332.582449339
5333.746349451
5334.061217957
5335.195388352
5335.947926227
5337.059672761
5338.214274772
5338.933125465
5339.674564988
5341.264957859
5341.907714557
5342.986689834
5343.623359433
5344.507532612
5345.528297342
5346.069965615
5346.890937422
5348.769669282
5349.489057840
5350.395904771
5351.225419928
5351.771637384
5352.900178207
5354.185202829
5354.773479714
5355.347063677
5356.538865829
5357.711619892
5358.669106442
5359.633917927
5360.877126531
5361.630997292
5361.916637019
5362.990405327
5363.717280477
5365.296267419
5365.742257681
5367.380123854
5367.905543115
5368.813641601
5369.807596453
5370.713539813
5371.538329751
5372.680867258
5373.219972947
5374.114835212
5374.869738245
5376.722663659
5377.719730869
5378.207038130
5378.768713720
5380.103731883
5380.877056511
5381.348150697
5382.809993371
5383.528600989
5384.819764524
5385.689781134
5386.311049248
5387.705534129
5388.449137495
5389.608146494
5389.909513561
5390.992260085
5391.505965625
5392.981959683
5394.083717253
5395.116663428
5396.115859472
5397.003429726
5397.261960158
5398.277621995
5399.712504640
5400.418887868
5401.194496185
5401.947143075
5403.389590115
5404.287687737
5405.354453323
5406.184132744
5407.075537997
5407.735014382
5408.588715766
5409.577739475
5410.101872019
5412.119660739
5412.756931862
5413.448942336
5414.391884655
5415.225062961
5416.511814309
5417.190777294
5417.730775966
5419.145769366
5419.647914017
5420.595118618
5422.107201544
5423.364285030
5423.582839997
5424.990137502
5425.205579332
5426.077473621
5427.327787267
5428.200793508
5429.307069477
5430.093232395
5431.518550462
5432.081300563
5432.867061874
5433.939314658
5435.224510669
5435.614214161
5436.658400672
5436.820644930
5438.486077903
5439.874947382
5440.645160132
5441.565050361
5442.197196541
5443.283539712
5443.795137321
5444.966959570
5445.925027100
5446.765247873
5447.861998301
5448.908413286
5449.427630168
5451.309407660
5451.666775613
5452.330950202
5453.276425897
5454.232766091
5454.948555511
5455.867963983
5457.254335830
5458.715645087
5459.062182609
5459.714513943
5460.815544165
5461.682968831
5462.745000550
5463.764554543
5464.243875228
5465.083241510
5466.418306246
5467.790444991
5468.244535553
5469.480888388
5470.220068670
5471.082873142
5471.760866920
5472.264037693
5473.925204186
5474.871452902
5475.749436824
5476.748893801
5477.671940619
5478.463436459
5479.396814760
5480.654805801
5480.956733202
5481.993734078
5483.066851690
5483.473148968
5485.379530335
5486.250958079
5487.158642326
5487.814448203
5488.239469785
5489.539886310
5490.606477202
5491.198488462
5492.137050601
5493.792469128
5494.038480583
5495.280875462
5496.089727275
5497.373490397
5498.174123945
5498.633565305
5499.612797509
5500.353983645
5501.331224223
5503.211694479
5503.522536239
5504.579491041
5505.571935829
5506.330011486
5506.908179898
5508.017009501
5509.291230677
5509.945930302
5510.544264814
5511.757773878
5513.109958055
5514.001848704
5514.844462098
5515.501482956
5516.629656666
5517.161633411
5517.948299556
5519.095837607
5520.215397939
5521.614204753
5522.249630993
5522.970046465
5523.601350980
5525.239782350
5525.717122329
5526.662765224
5527.355332469
5528.166412502
5529.660934020
5530.203159249
5531.929612603
5532.461117365
5533.275825278
5533.953358477
5534.810789007
5535.656868325
5536.899525057
5537.790908369
5538.740727318
5539.814585079
5540.694583143
5541.576351544
5542.764646058
5543.113256672
5544.515208609
5545.192999163
5545.667895222
5546.535304578
5548.523919662
5549.358839816
5549.834823141
5550.807899779
5551.929911750
5552.207947117
5553.659789786
5554.238599944
5555.402430795
5556.199245744
5557.363922456
5558.202004498
5559.248178603
5560.367211777
5561.310135214
5561.791548798
5562.261884446
5563.637870901
5564.430162551
5565.566217327
5566.912177257
5567.644318652
5568.798580122
5568.912933770
5570.006356173
5571.437867776
5572.175581210
5572.586024228
5573.899529404
5574.441283883
5576.064762433
5577.183679281
5577.672276828
5578.644644374
5579.495916493
5580.333270376
5581.025573784
5581.822277194
5583.389191418
5584.323740892
5585.244570956
5585.708717008
5587.160081275
5587.886525282
5588.751061185
5589.691727171
5590.385173138
5591.400963624
5591.925240793
5593.555617029
5594.574594283
5595.711374712
5596.227736683
5596.856616829
5597.841768955
5598.606006813
5600.162150310
5600.549747048
5601.300750967
5603.081362652
5603.564840051
5604.347254349
5605.644654187
5606.542579546
5607.273178719
5608.005403502
5608.695582164
5609.563895925
5611.146743754
5612.157114644
5613.121400282
5613.727896997
5614.492287917
5615.741026438
5616.254524797
5617.320271438
5618.289089574
5619.268082017
5619.902394520
5621.023391661
5622.488604142
5623.413625843
5623.777120107
5624.755579135
5625.592184743
5626.502242712
5627.213187208
5628.348462444
5629.890648798
5630.380502230
5631.520288040
5632.197465154
5632.847100006
5634.370016212
5635.016250808
5635.929470275
5636.236694481
5637.490237063
5638.788714458
5640.134252592
5640.385710966
5641.872250768
5642.463399098
5643.093319441
5643.663127488
5645.328117415
5645.769016095
5647.161576573
5647.857206977
5648.974462995
5649.800756925
5650.839075233
5651.883418463
5652.345479579
5653.407356205
5654.192151375
5655.000372764
5655.819252624
5657.866738716
5658.411247460
5658.921215889
5659.894412873
5660.630422803
5661.929696761
5662.457451148
5663.557248249
5664.336708256
5665.460459802
5666.472615778
5667.316170463
5668.525315609
5669.472767900
5669.978563814
5671.149659068
5671.479959153
5672.290954891
5673.937158396
5674.814995126
5675.707528740
5676.972536523
5677.385026083
5678.347908882
5679.113903985
5680.339045053
5681.241565137
5682.099169925
5682.288150146
5683.970509043
5685.123793485
5686.093541224
5687.024519731
5687.481856548
5688.363844470
5689.508631787
5689.952695062
5691.140945771
5692.205217959
5693.589608697
5694.311966528
5694.609217468
5696.031917371
5697.172049668
5697.902079625
5698.374747827
5699.372993197
5700.481014346
5700.983872396
5702.732811445
5703.616227812
5704.505840610
5705.177927108
5706.077414327
5706.596075746
5707.768652251
5709.039424444
5709.520369132
5710.601740935
5711.559224969
5712.815871228
5713.793844101
5714.099754696
5715.633644359
5716.333560486
5716.750279152
5717.771496603
5718.472339581
5720.363389999
5721.050534732
5721.964323486
5722.591357948
5723.779045994
5724.163357935
5725.671140913
5726.233386879
5726.988743536
5728.120700254
5729.152376853
5729.883193187
5731.347862115
5732.341189147
5732.882093180
5733.599967910
5734.289092687
5735.448992419
5736.325416947
5737.255261081
5738.609819841
5739.569634432
5740.311894799
5740.865372181
5742.146698513
5743.006062922
5743.891993556
5744.857530427
5745.316395043
5746.105037294
5747.944351267
5748.737621329
5749.840045598
5750.072418941
5751.510678658
5752.022580454
5752.725353415
5753.688438232
5755.267001496
5755.666768504
5756.764768472
5757.942007977
5758.475340727
5759.896683465
5760.646107948
5761.131645053
5762.451906740
5762.733907454
5763.832280946
5764.963556718
5766.305389090
5767.382918923
5767.985095808
5768.708111306
5769.217379490
5770.681886992
5771.717742973
5772.110310913
5773.085986223
5774.269143739
5775.404901666
5776.052509871
5777.400076384
5778.091121756
5779.005201101
5779.661555489
5780.378597204
5781.253921951
5782.400466795
5784.048432518
5784.468467316
5785.212894536
5786.493575401
5787.134878800
5787.969440944
5788.985799825
5789.954351321
5790.692267029
5791.546976217
5792.289593635
5794.301907789
5794.668781596
5795.563939738
5796.419040669
5797.217839236
5797.884282192
5798.939664255
5800.041030273
5800.719277323
5802.371718407
5802.781136073
5803.871206258
5804.409409032
5805.820188754
5806.798661010
5807.373949622
5807.786383388
5808.950049547
5810.033203191
5811.356821179
5812.204788292
5813.345051567
5813.946414929
5814.499327316
5815.624714250
5816.295670203
5817.687141956
5818.292158757
5819.263873661
5820.323072484
5821.199580318
5822.554932362
5823.160120589
5824.034446196
5824.644070748
5826.022417685
5826.437166474
5826.894313622
5828.890322957
5829.884397342
5830.591034346
5831.348619827
5832.010437995
5833.320748988
5834.000771326
5834.935242019
5835.952597526
5836.409775793
5837.694816939
5838.887811771
5839.657148890
5840.870745780
5841.773244697
5842.257347261
5843.004016164
5843.745504057
5845.043540779
5846.122346478
5846.858967154
5848.182987414
5848.996958343
5849.661517376
5850.489268139
5851.711059760
5852.668145588
5853.095554595
5854.191539972
5854.715491773
5856.094228894
5857.843809341
5858.083358309
5858.833953060
5859.861397252
5860.649383001
5861.434868986
5862.557428298
5863.094038513
5864.656763606
5865.522792511
5866.040235325
5867.201546981
5868.543660975
5868.986917037
5870.008991854
5870.718884648
5871.419724498
5872.402794856
5873.387593706
5874.881588208
5875.798358154
5876.374963621
5877.609748609
5877.933293920
5878.676214478
5880.463284727
5880.709560928
5881.825024121
5882.270516172
5884.032826245
5884.684250048
5885.744730541
5886.621191165
5887.486300389
5888.387576534
5888.845470522
5889.698291836
5890.842689360
5892.225848294
5893.121091671
5894.085613219
5894.544410864
5895.557133652
5896.814625874
5897.528508397
5898.045615593
5899.335294403
5900.026130768
5900.832883795
5902.160660216
5903.459104336
5904.359224850
5904.786649649
5905.377904297
5906.654294834
5907.305604479
5908.304130378
5909.432316005
5910.297428640
5911.489176577
5912.332412221
5912.935296613
5914.115666541
5915.019576754
5916.088332581
5916.441169128
5917.380890968
5917.975417962
5920.055550869
5920.538476511
5921.438418563
5922.552080088
5923.106480528
5924.023918206
5924.612567997
5925.982652112
5926.867806896
5927.479356434
5928.899161985
5929.345382898
5930.860362894
5931.570134864
5932.736065547
5933.033536560
5933.987898043
5934.829981307
5935.948347327
5936.465147329
5938.287679988
5939.265303267
5939.695838711
5940.379099853
5941.441894804
5942.467736154
5943.543979175
5944.130246624
5944.725413371
5946.143331991
5946.820062653
5948.301613869
5949.142426313
5949.777706352
5950.989084393
5951.430121674
5952.261902584
5952.902618768
5954.465995762
5955.342138477
5956.365914061
5957.027692949
5958.332640101
5958.866457495
5959.876516606
5960.740693076
5961.788662548
5962.574245886
5962.943559513
5964.146533459
5965.736509168
5966.619515143
5967.433133231
5968.178918742
5968.735878785
5969.779680207
5970.844216767
5971.604971542
5972.485368405
5973.620902248
5974.886211179
5975.356163230
5976.141901893
5978.026590421
5978.139309726
5978.832670353
5979.862288577
5980.592613333
5981.506260800
5982.914976764
5984.012615640
5984.792817507
5985.669034668
5986.419145205
5987.055919518
5988.313841463
5988.973948251
5990.294284874
5990.809755141
5991.472985430
5993.084653615
5994.057233176
5995.024532494
5995.409540651
5996.609465538
5997.392505689
5998.052919753
5998.734794942
6000.121020998
6001.495519090
6002.154589633
6002.914838346
6003.878519365
6004.591820725
6005.855784942
6006.678028615
6007.325565907
6007.978287458
6009.204540380
6010.190820410
6011.253025428
6012.651122637
6013.047245644
6014.042373169
6014.663869380
6015.161467300
6016.736803704
6017.530542899
6018.180474530
6019.650285836
6020.485477165
6021.078533685
6022.496991536
6022.866086751
6024.235928622
6024.765822155
6025.652989060
6026.328429366
6027.149989355
6029.083879336
6029.871336491
6030.366565545
6031.190552493
6032.274114807
6033.146731331
6033.644977208
6034.942132630
6035.782357605
6036.735104464
6037.621814971
6038.620819010
6039.780188462
6040.747929474
6041.398240993
6042.397652239
6042.668644064
6043.995010269
6044.552572124
6046.181521954
6046.796932396
6048.263607361
6048.952645864
6049.241142989
6050.246128122
6051.626971034
6052.439739294
6053.067413924
6053.778846036
6054.804164558
6056.260886232
6057.072842114
6058.000876271
6059.134493786
6059.466828728
6060.341627593
6061.493619822
6061.793911747
6063.253687208
6064.593399933
6065.104446594
6066.142573933
6066.829934378
6068.165352787
6068.884377848
6069.569709881
6070.456730949
6071.607124380
6071.987031737
6072.986930282
6074.835751881
6075.456209880
6076.319580411
6076.896595429
6077.923525598
6078.464257000
6079.725372515
6080.817594640
6081.177170653
6082.501083708
6083.644016757
6084.383007366
6085.230905162
6086.325556913
6087.278392366
6088.144768072
6088.537541405
6089.128616020
6090.717153106
6091.689881768
6093.192335325
6093.283426818
6094.550261331
6095.331193380
6095.911728318
6097.096728489
6098.071498010
6098.786888080
6099.667065247
6100.713939635
6101.542636011
6103.111062056
6103.890836008
6104.369986546
6105.080112319
6106.427937948
6106.698870787
6107.888398279
6108.683780717
6110.531011476
6110.830996155
6111.844532848
6112.464435385
6113.552617474
6114.761891752
6115.274791544
6116.167495931
6117.090753292
6117.552359428
6119.215997842
6120.281534698
6120.933301686
6122.094398759
6122.857424920
6123.356607973
6124.138883220
6125.172619880
6126.568586520
6127.130221394
6128.046863130
6129.268751548
6130.291606465
6130.686768648
6132.121687397
6132.762353486
6133.489892704
6134.455051668
6135.143074922
6135.892613201
6137.781389320
6138.445601390
6139.589346959
6139.813239834
6140.675863383
6141.872358756
6142.911451640
6143.356666103
6144.405867208
6145.505364044
6146.604329605
6147.070023448
6148.593113946
6149.398925230
6150.275374104
6150.879887870
6151.572502081
6152.585599028
6153.326365653
6154.805638424
6155.704809902
6156.737464496
6157.381128649
6158.397686173
6159.096947189
6159.829468996
6161.429368946
6161.827253697
6162.415562412
6163.378477444
6164.773220517
6166.200513435
6166.483048994
6167.464531359
6168.379809680
6169.394736468
6169.538152647
6170.820008109
6171.920474772
6172.839930458
6174.235069962
6174.747542413
6175.309013705
6176.744162203
6177.630404450
6178.410285632
6179.094486918
6179.764681614
6181.012825756
6181.678420747
6183.062480335
6184.336316582
6185.079974864
6185.460103700
6186.457283968
6187.126750723
6188.458683360
6189.118029682
6190.169795887
6190.926665972
6192.097286028
6193.133431145
6193.902824192
6194.965274093
6195.672078990
6196.664752127
6197.387063257
6198.065389562
6198.652216561
6200.674034464
6201.593088506
6201.832569639
6203.190910737
6203.867876242
6204.585656187
6205.731342331
6206.513025685
6207.353677367
6208.562086127
6208.813972411
6210.470030163
6211.207816547
6212.549686058
6213.187976900
6213.799999959
6214.501304730
6215.400957017
6216.668292163
6217.188858909
6218.517119863
6219.844220203
6220.276866168
6221.350127563
6221.641300961
6223.447708927
6223.854786960
6224.732447311
6225.470678081
6226.232883568
6227.450045327
6228.832840927
6229.761584418
6230.323749795
6231.186984215
6232.234236964
6232.811490701
6233.436150635
6234.905356028
6235.691811529
6236.871797214
6237.401188052
6238.507790150
6239.720298749
6240.518432489
6240.987478338
6242.263742650
6242.916128110
6243.536571205
6244.467501007
6245.846353793
6247.220803895
6247.765900413
6248.617590057
6249.223567203
6250.125998033
6251.160830040
6252.337721682
6252.960641624
6253.372699435
6255.212382592
6255.709995716
6256.737988104
6257.821913768
6258.863142202
6259.511130503
6259.969134480
6260.941865600
6261.776846422
6263.065904932
6264.199277451
6265.060898277
6265.972125305
6266.645735922
6267.560486576
6268.625266755
6269.267355567
6270.349148875
6271.148771757
6271.964363396
6272.586182981
6274.619334058
6275.133981984
6275.846693888
6276.916164708
6277.229194883
6278.607595709
6279.122462096
6279.993148665
6281.406047966
6282.275812910
6283.220407902
6284.054280278
6284.788411119
6285.899070663
6287.173743025
6287.425952941
6288.211245409
6289.114831894
6290.037006599
6291.549652025
6292.329914870
6293.297335720
6294.349329654
6295.006181306
6295.221568857
6296.546591928
6297.771255865
6298.458690160
6299.172745575
6300.374887381
6301.383220878
6302.230259740
6303.490771613
6303.949179387
6304.900391852
6305.747858387
6306.557291346
6307.144720876
6308.253824516
6309.939810023
6310.837756045
6311.201065750
6311.879397195
6313.321021468
6313.825911946
6315.031008723
6315.483979857
6316.769600866
6317.255760099
6318.603143129
6319.382478612
6320.918880337
6321.415499802
6322.118186693
6323.182594445
6323.689061224
6324.348503494
6325.991157332
6326.550698605
6327.709329596
6328.768971502
6329.665095499
6330.240406355
6331.108424755
6332.346151109
6333.196346147
6333.916050927
6334.410684882
6335.356899772
6337.044248810
6337.822038198
6339.041957468
6339.248808947
6340.441439654
6341.029239095
6341.954159170
6343.025918904
6343.639577677
6345.124572354
6345.812781596
6346.708588292
6347.512774839
6348.864774975
6349.694650325
6350.349366018
6350.797904043
6352.124095647
6352.824041916
6353.487236190
6355.408107878
6355.930130900
6356.984106930
6357.606857658
6358.315701848
6359.169623808
6360.503448522
6361.108114372
6362.082499058
6362.685361831
6363.900839548
6365.283583744
6365.852321021
6366.671353345
6367.958813533
6368.438094220
6369.245882999
6369.770229024
6370.898050448
6372.415682394
6373.173152452
6374.053534359
6375.032404909
6375.599195636
6376.764549170
6377.511439945
6378.550145730
6379.246624189
6379.959409796
6381.143665232
6381.848039062
6383.410238912
6384.459219016
6384.920488511
6385.578203508
6386.357077119
6387.528294108
6388.197850517
6389.360853370
6390.006152211
6391.686645484
6392.187328679
6392.718575156
6394.065073886
6395.031740701
6395.668869606
6396.729259797
6397.361130693
6397.786081170
6399.176640347
6400.746238658
6401.323625925
6402.175290622
6403.110886587
6403.861397515
6404.767039731
6405.178961948
6406.748283859
6407.612952819
6408.077160918
6409.279021190
6410.353801336
6411.384469329
6412.247558438
6413.040420059
6413.833451375
6414.570290069
6415.462076136
6416.175908959
6417.378052854
6418.792599643
6419.692022861
6420.182578627
6421.255935828
6421.491228644
6423.414486177
6423.764508954
6424.401461603
6425.399747335
6426.480014182
6427.401528361
6428.587583739
6429.468848693
6430.694571981
6430.918186134
6431.981683246
6432.433303080
6433.622387486
6434.514944025
6435.774652679
6436.905185938
6437.123406603
6438.740481005
6439.140618634
6440.125226421
6441.140573843
6441.894099406
6442.897533673
6443.565266181
6443.978372086
6445.971515285
6447.022174123
6447.474618172
6448.246132866
6449.332054724
6449.896208786
6450.770449031
6451.965072774
6452.616809388
6453.681785667
6454.861307375
6455.690820622
6456.243758468
6457.653867884
6458.658611073
6459.067827430
6459.952831321
6460.534639478
6461.614784191
6462.852814106
6463.724097146
6465.143720813
6465.743873967
6466.295733700
6467.193447824
6468.092790956
6469.131125191
6470.197357328
6470.701077817
6471.560457479
6472.780201590
6473.798648697
6475.021493493
6475.727754608
6476.113123924
6477.481705763
6478.027176625
6478.831342933
6479.431139218
6481.273679157
6482.002790372
6483.006704610
6483.450189796
6484.519323277
6485.713209327
6486.163374262
6487.445215264
6487.830216813
6488.926620779
6489.622575931
6490.906097872
6492.190210433
6492.813486515
6494.004710693
6494.622125319
6494.866454096
6496.007974725
6497.279308278
6498.038769460
6498.834863258
6500.031689481
6501.207453992
6501.665184352
6502.566972222
6503.701543494
6504.732509796
6505.408729994
6505.667900632
6507.137020078
6507.477752628
6509.618252800
6510.058208139
6510.892054061
6511.726223192
6512.566938401
6513.360945148
6514.382624270
6515.052647859
6516.171290291
6517.240330845
6517.861387847
6518.808197452
6520.320492652
6520.909964940
6521.788872386
6522.371597082
6523.377319126
6524.089123053
6524.898764044
6526.082562691
6527.431766364
6528.187904465
6529.103609832
6529.761023942
6530.427671756
6531.598707500
6532.693567138
6533.491429405
6533.871387071
6534.762937011
6536.470053698
6537.054650214
6538.142600402
6539.169984549
6539.724960985
6540.638906760
6541.354659155
6541.862394583
6543.517657050
6544.117508866
6545.406761306
6546.203853146
6546.926187187
6547.849360758
6549.129863100
6549.691789354
6550.283449196
6551.606750605
6552.137913651
6552.822686786
6554.188696831
6555.776866674
6556.290164156
6556.932787603
6557.550866184
6558.710265696
6559.459473094
6560.485236248
6561.246375942
6562.260958256
6563.369421996
6564.166004197
6565.225896725
6565.916463679
6567.222123704
6567.810942959
6568.585110674
6569.319354207
6569.866289056
6571.349397080
6572.768540539
6573.166263739
6574.230084645
6575.279364268
6575.921041737
6576.290007733
6577.842444727
6578.668340545
6579.281726766
6580.253132475
6581.106726792
6582.366235017
6583.647989893
6584.025065237
6585.152149259
6585.766065749
6586.365117608
6587.679935019
6588.133534515
6589.210210195
6590.863205277
6591.491048593
6592.144011229
6592.845950012
6594.035062428
6595.182141382
6595.672779584
6596.500204524
6597.265170319
6598.340695484
6599.176046768
6600.753780455
6601.347457984
6602.390527991
6602.977753482
6603.897138837
6604.427167139
6605.399554340
6606.694580788
6607.765474189
6607.967781789
6609.741917966
6610.094415677
6611.386797396
6612.007975269
6612.907977502
6614.103829390
6614.525354352
6615.245604673
6616.001321093
6617.823120342
6618.582598754
6619.598203883
6620.243653082
6620.801846218
6621.897593444
6622.896150264
6623.574968354
6624.663719463
6625.250125791
6626.636287300
6627.460241762
6628.061836653
6629.891281103
6630.110418430
6631.038268217
6631.547698185
6632.548656712
6633.484002021
6634.352598133
6635.696775491
6636.654287339
6637.625363681
6638.090473849
6639.075753371
6639.859562436
6641.055120834
6641.786228642
6642.644283634
6643.292547542
6644.119902868
6645.918402374
6646.611795536
6647.322423863
6648.077919597
6649.384089934
6649.647351977
6650.383134980
6651.545139434
6652.583661010
6653.941240679
6654.366268487
6655.334573449
6656.446114677
6657.053755493
6658.335707229
6659.055077833
6659.521842321
6660.503555598
6661.461648933
6662.346720632
6663.719022678
6664.872916950
6665.432916954
6666.236097926
6666.808353083
6667.616350899
6669.097362270
6669.810009518
6670.175702316
6671.713778808
6672.526465395
6673.539418182
6674.254359554
6675.608127236
6676.021079515
6677.034062071
6677.773602311
6678.438197869
6679.147300423
6680.890098038
6681.885127242
6682.565640307
6683.184617812
6684.323087145
6685.084637365
6685.936244319
6686.656349752
6688.040741921
6688.503502135
6689.259935462
6690.508707529
6691.704920009
6692.647541253
6693.499651871
6693.981516036
6694.823702885
6695.938981836
6696.272310647
6697.779004687
6698.507679623
6699.761639218
6700.871368181
6701.375798237
6701.784678330
6703.336806678
6704.270589494
6704.873686013
6705.640106166
6706.214075998
6707.535168633
6708.721048690
6709.726991700
6710.545176388
6711.503024658
6712.089903868
6712.731759929
6713.825345385
6714.552463891
6715.865576388
6716.558365973
6717.809675011
6718.186519713
6719.559687205
6720.626196173
6721.043429320
6722.047668249
6722.914170255
6723.649784948
6724.573284419
6725.062801240
6727.203484213
6727.861353027
6728.191087299
6729.486019096
6729.895237293
6730.934946662
6731.961248880
6733.013197273
6733.352651969
6734.491411333
6735.744523773
6736.409605358
6737.651227898
6738.297181094
6739.552413812
6740.261721735
6740.457697493
6741.366527616
6742.674048333
6743.672183245
6744.725146506
6745.670849832
6746.593080880
6747.242437891
6748.029172420
6749.031010236
6750.213685342
6750.601759542
6751.786325714
6752.178020361
6753.436904756
6754.800870277
6755.929060722
6756.349056165
6756.987912269
6757.968818186
6759.040586962
6759.501932128
6760.462459401
6761.720180325
6762.871493913
6763.550805102
6764.315430967
6765.177507003
6766.626418343
6767.055387842
6767.826497444
6768.762729473
6769.585676838
6770.093879397
6771.955148425
6772.495692993
6773.740383049
6774.572946801
6774.993840108
6776.146685002
6776.359235997
6778.094859515
6778.684172079
6779.586018071
6780.217537108
6781.893987625
6782.353593658
6783.353036592
6784.369341123
6785.226455747
6785.783415366
6786.860012201
6787.190723306
6788.359287918
6789.795642994
6791.028915457
6791.376409716
6792.196698982
6793.061593445
6794.096623844
6795.007815668
6795.896919250
6796.295555004
6797.774135881
6798.366625615
6799.273322355
6800.772051417
6801.656988283
6802.224132416
6802.957130340
6803.905959481
6804.369622405
6805.731785578
6806.401467743
6807.689586082
6808.690301597
6809.403080164
6810.366331181
6811.157036390
6811.850764838
6813.242160314
6813.937310609
6814.462465953
6815.081096307
6816.335338647
6817.957478322
6818.595648109
6819.200378866
6820.389495636
6821.029054303
6821.700640049
6822.503719519
6823.687203033
6824.619085023
6825.430833430
6826.694558729
6827.215195840
6828.196024118
6829.600399880
6830.083027379
6830.870213621
6831.545028253
6832.556238234
6833.389260422
6834.177858652
6835.801628119
6836.654339309
6837.608007663
6837.961927128
6838.573655317
6840.160959158
6840.629444019
6841.652128808
6842.568406741
6843.097716812
6844.542069427
6845.395596547
6846.437600650
6847.230869123
6848.211314779
6848.775908203
6849.879668262
6850.113716574
6851.115911270
6852.988639447
6853.366485079
6854.363467097
6855.292491817
6856.262283256
6856.760131672
6858.049411801
6858.558429214
6859.922463959
6860.187858899
6861.108305661
6862.251552326
6863.661560662
6864.468078714
6865.320196230
6865.947533330
6866.605957422
6867.507291743
6868.582153642
6869.569127748
6870.024934551
6871.789073857
6872.372448382
6873.072723614
6873.934694036
6875.153324100
6876.145315862
6876.698117410
6877.237646576
6878.258863122
6879.112421813
6880.377942410
6881.688038384
6882.445197358
6882.838577211
6884.181301467
6884.701384279
6885.263282750
6886.623661121
6887.549968308
6888.250992867
6889.289681088
6889.977275509
6891.537372836
6892.182738261
6892.950976500
6893.749941561
6894.725796290
6895.615387172
6895.840311976
6897.082003227
6898.502343014
6899.560414679
6900.318742990
6900.858109755
6901.834315321
6902.578676873
6903.937998227
6904.535186363
6905.140661439
6906.094062894
6907.140032630
6908.442281898
6908.903089541
6910.472255699
6911.048924562
6911.819906831
6912.192144576
6913.303555547
6914.187543371
6915.329117316
6916.245063931
6917.216468424
6918.357587014
6918.817356663
6919.750351056
6920.967473415
6921.483827935
6922.480973999
6923.354034044
6924.145884037
6924.460427819
6926.654831367
6927.286797838
6928.071663257
6928.719431898
6929.627051913
6930.528890050
6931.345058649
6932.023250808
6933.304572523
6934.184535983
6935.045370895
6936.108134342
6936.738749030
6938.142460070
6938.676824999
6939.728174417
6940.311344605
6940.802649582
6942.049400325
6942.947798551
6944.312163921
6945.071500565
6946.311464558
6946.661391101
6947.472631964
6948.143968613
6949.584246728
6950.558031840
6950.778718799
6951.731756771
6953.170717241
6953.807636483
6955.261558552
6955.788441535
6956.546043636
6957.755993704
6958.032891660
6958.980843289
6959.816566485
6960.901479752
6962.607412063
6962.870225996
6963.680284482
6964.533684080
6965.796786755
6966.478635399
6967.140998081
6968.316501087
6968.801828339
6969.932237761
6970.535368744
6972.095936146
6973.262414597
6973.654656489
6974.591510671
6975.295197954
6976.008257663
6976.919054491
6978.181615019
6978.842393159
6979.762843417
6981.004332177
6981.976866684
6982.397415580
6983.385289849
6984.843874844
6985.151721857
6986.003674961
6986.850633675
6987.254126323
6989.031870465
6990.113171654
6990.678711335
6991.939520171
6992.275498256
6993.159083827
6994.109978418
6995.039339733
6995.819351876
6996.886975870
6997.808697349
6998.498795223
6999.682678655
7000.717687589
7001.855900891
7002.352835851
7002.691508680
7004.043723499
7005.062866175
7005.100564674
7006.739662384
7008.114742057
7008.817473633
7009.367750707
7010.354080472
7011.000501881
7012.236145979
7013.158434224
7013.706426479
7014.629880155
7015.280466924
7016.721610296
7017.835435824
7018.482223808
7019.437796946
7020.435877383
7021.023066109
7021.657557247
7022.295224444
7024.042832032
7024.455165700
7025.699304046
7026.594723732
7027.308306663
7028.454474427
7029.026736381
7030.160937812
7030.916480678
7031.735908086
7032.326789393
7033.374833300
7034.292019875
7036.042983450
7036.590328236
7037.287650971
7037.826378794
7038.892159118
7039.724690853
7040.828312059
7041.380467340
7042.367190690
7043.660231422
7044.644895547
7044.831635315
7046.487185182
7047.225072049
7047.948438454
7048.949401864
7049.280272517
7050.297213171
7051.126075603
7052.731101998
7053.529831410
7054.229325776
7055.362254326
7055.986004943
7056.614758135
7057.640859333
7058.629780454
7059.889596893
7060.046570772
7060.897300347
7062.396671827
7063.516698792
7064.111543391
7065.149328526
7065.783828581
7066.700657475
7067.232275508
7068.407664648
7068.910823584
7070.631775542
7071.257549039
7072.437115057
7072.983187563
7073.466662995
7075.067136415
7075.890873553
7076.342464150
7077.065912472
7078.271618866
7078.931890804
7080.137304262
7081.329045568
7082.278642200
7083.024206212
7083.620734180
7084.299067797
7085.248728798
7086.306731439
7087.186239237
7088.172775646
7089.062481920
7090.042338354
7090.994773909
7091.867503873
7092.676342251
7093.502511763
7094.688695952
7095.085720383
7095.725602562
7096.634105638
7098.543092300
7099.105747705
7100.148609518
7100.374674131
7101.805060779
7102.326350495
7103.038586281
7104.510386062
7104.853653429
7105.840204619
7107.089407119
7107.734543392
7108.776071696
7110.001860581
7110.890294249
7111.196220368
7112.280552946
7112.700332234
7113.874906599
7115.004276076
7115.666729177
7117.412224325
7117.750925735
7118.533335836
7119.283665361
7120.250769053
7121.421516882
7122.205851774
7122.716594278
7123.681370583
7124.489058108
7125.915836857
7127.035111899
7127.569883238
7128.564326582
7129.114147837
7130.329985124
7130.710717139
7131.460814545
7132.874807758
7134.003937657
7134.723114155
7135.384622833
7136.640749183
7137.288235954
7138.467686063
7139.026902843
7139.857139272
7140.793842097
7141.546892189
7142.172195161
7143.971077070
7144.642672074
7145.706891491
7146.385883317
7147.152214247
7147.421342256
7149.102831304
7149.690649366
7150.675386373
7151.241040723
7152.673138349
7153.629414431
7154.183565147
7155.223016559
7156.483767097
7157.069573700
7157.560009134
7158.479721559
7159.230610393
7160.332445434
7161.815172321
7162.637987017
7163.137487199
7164.371935919
7164.711987143
7166.042526862
7166.532447391
7167.595613911
7168.643915101
7169.192035856
7170.161501605
7171.135705961
7172.806744273
7173.355088188
7173.622770906
7174.907955976
7175.547478521
7176.380745981
7177.135820087
7178.280438269
7179.369326560
7180.557671965
7181.140798189
7181.855662359
7182.761647877
7183.850495117
7184.720859712
7185.725322573
7186.027941312
7186.689666429
7188.322594511
7189.145690498
7190.294612843
7191.067900939
7191.983733313
7192.682398728
7193.221050147
7194.053741291
7195.421790712
7196.187762765
7196.957814200
7198.143606364
7198.993453207
7199.744478634
7201.057149778
7201.577794024
7202.481414821
7203.172044687
7204.265486358
7204.764022449
7205.523076977
7207.445017115
7208.190170854
7208.927724212
7209.383550026
7210.413788577
7211.335323497
7212.363396769
7212.963407702
7213.836766767
7215.101957543
7215.532729522
7216.953096055
7217.710867057
7218.731285314
7219.713045158
7220.432147547
7220.784711973
7221.858048232
7222.538863253
7223.961329509
7224.960275793
7225.664637285
7226.826232421
7227.670652098
7228.104973436
7228.963984593
7230.578979850
7230.781896556
7231.712168225
7232.507337222
7233.305725602
7235.032410358
7235.592047600
7236.715293142
7237.292700988
7237.923815551
7239.107138358
7239.492824903
7240.744574581
7241.383737523
7242.813003429
7243.908367803
7244.194739884
7245.048351171
7246.521971662
7247.172743213
7247.980135165
7248.558877326
7249.575515822
7250.311306882
7251.235573153
7252.579133336
7253.776967720
7254.381581373
7255.040228435
7255.894616493
7256.728742506
7257.358809297
7258.884140088
7259.519592697
7259.970840182
7261.333797703
7262.445974055
7263.122832007
7264.272994053
7264.748248090
7265.962856286
7266.825071623
7267.022572811
7267.851161907
7269.281796531
7270.665196022
7271.162578225
7272.293916095
7272.756819679
7273.701234076
7274.639386094
7275.692946628
7276.188510980
7277.313417506
7277.911194921
7279.226323516
7279.768521281
7281.316094067
7282.176167151
7282.817681698
7283.495775764
7284.023697897
7285.277302370
7286.139694205
7286.779238866
7288.267170428
7289.103758082
7289.940276827
7290.821429931
7291.290043575
7292.741249445
7293.403109651
7294.204147964
7295.048894053
7295.564849560
7296.571619043
7298.368684316
7299.138848602
7299.336571426
7300.763476875
7301.581317104
7301.848557609
7302.917875819
7303.843900683
7305.060287115
7305.818161576
7306.637205578
7307.660752634
7308.671664974
7309.497903971
7310.501357046
7311.190951721
7311.881145969
7312.724372392
7313.555046084
7314.449131441
7315.755628547
7317.100250555
7317.553738652
7318.351002510
7318.871998939
7319.896757100
7321.233781570
7321.717373427
7322.568751053
7323.243983123
7324.849333142
7325.226115150
7326.444102995
7327.534497970
7328.283514383
7328.861171711
7329.815578232
7330.586839534
7330.970858436
7332.652130476
7333.517033388
7334.639105971
7335.193963691
7336.016820436
7337.312223967
7337.649201460
7338.621251439
7339.763136524
7340.495964531
7341.172411124
7341.781448953
7343.507522666
7344.429407194
7345.413384428
7345.737188185
7346.698927085
7347.601440601
7348.226470588
7349.249777629
7350.347618714
7350.973256493
7352.631847583
7352.880430232
7353.913947829
7354.584625580
7356.076801102
7356.713901535
7357.298064964
7357.829927025
7359.022424061
7359.818833444
7361.267013426
7362.058134432
7363.102591149
7363.822093867
7364.469761390
7365.120059910
7366.176826462
7367.444805267
7367.716583625
7369.211235569
7369.532613631
7370.778296044
7371.987960978
7372.805047996
7373.424035168
7374.349391959
7375.199243762
7375.878151645
7376.873649474
7377.190089317
7379.332785006
7379.979603053
7380.464011573
7381.536932091
7382.222713357
7383.173523724
7384.202396205
7384.924513067
7385.752633652
7386.461552514
7387.542420642
7388.629535056
7389.584509292
7390.664177740
7391.440259728
7392.160733369
7392.988605529
7393.173269331
7394.711617875
7395.693962380
7396.403273587
7397.531933665
7398.751920762
7399.220386820
7399.828819541
7401.354181203
7401.670669619
7403.018090818
7403.448923018
7404.103468670
7405.071527891
7406.434875899
7407.782772520
7408.318442248
7408.961023091
7409.697910100
7410.875016639
7411.475578801
7412.213344652
7413.328582878
7414.418814788
7415.180650159
7416.269504359
7416.713391717
7418.310509223
7418.988098354
7419.537617023
7420.415913275
7421.420781814
7421.806962622
7422.910687408
7424.220735433
7425.306205763
7426.042615765
7427.010358315
7427.618882172
7428.124246614
7429.350889133
7430.555368895
7431.156635122
7431.634303467
7432.740669968
7434.041575198
7435.059191590
7435.590441588
7436.766516776
7437.658181522
7438.125995043
7438.872215941
7439.737648718
7440.703121048
7441.969323389
7443.171160863
7443.628394354
7444.423866229
7445.518979786
7446.192112312
7447.470379602
7447.915999950
7448.578846008
7450.026851981
7450.313414658
7451.287377007
7453.156333014
7453.562255597
7454.501150895
7455.111599985
7455.756248183
7456.879264174
7457.555015684
7458.758896548
7459.317916598
7460.742319219
7461.412836776
7462.345119230
7463.241034353
7463.953428493
7465.235332546
7465.873648618
7466.509567400
7467.236892003
7467.893516231
7469.742312776
7470.410694724
7471.316153957
7472.216337833
7472.938452470
7473.801923222
7474.318375562
7475.457148466
7476.661685381
7477.126117162
7477.990220376
7479.360803881
7479.826490149
7481.270585133
7482.088353050
7482.760970559
7483.222684507
7484.435406371
7485.087260837
7485.836110098
7486.980574711
7488.341398400
7489.410793263
7489.801649960
7490.288466891
7491.480237437
7492.871177011
7493.000605946
7494.155593665
7494.893354721
7495.620535551
7496.903234041
7497.876666871
7499.018375213
7499.635017045
7500.520758701
7501.394356540
7501.889601166
7502.606128497
7503.815822096
7505.007627511
7505.855760749
7506.458777844
7507.881582710
7508.325357728
7509.362857972
7510.062014247
7511.268152095
7511.831550095
7512.639108892
7513.256478602
7514.327458197
7516.017338757
7516.682865383
7517.316546883
7518.233922044
7518.988255293
7519.483808585
7521.095478308
7521.418960159
7522.235955941
7523.583809963
7524.576063141
7525.117755067
7526.077888671
7527.339243900
7528.255945299
7528.618824836
7529.572439684
7530.024518137
7531.443037755
7531.918476004
7533.701788860
7534.196176756
7535.269416747
7535.795879638
7536.852140836
7537.312581104
7538.513844108
7539.507181192
7540.227539901
7540.952212400
7541.719927233
7543.274086808
7544.143089598
7545.017282211
7545.469645336
7546.619778437
7547.346464375
7548.163928908
7548.467009257
7550.120472175
7551.093890397
7552.050977944
7552.915722720
7553.422599595
7554.415064431
7555.636986998
7556.215633319
7557.123848470
7557.731650015
7558.618693145
7559.643376319
7560.829820025
7561.658959994
7563.182814439
7563.520415699
7563.769301891
7564.960243676
7565.732853404
7566.845322430
7567.866531116
7568.289067603
7569.797165106
7570.547137990
7571.281289378
7572.278993978
7573.255184307
7574.046802049
7574.749888838
7575.696668165
7576.268605074
7576.905770591
7578.917486665
7579.597757316
7580.280088977
7580.959830819
7582.031705549
7582.802983861
7583.462734775
7584.486959736
7585.469517629
7586.234994584
7587.283239492
7587.890350603
7589.356254116
7590.120871487
7590.918224864
7591.966193812
7592.269712606
7593.098313958
7594.102742542
7595.077658168
7596.016212838
7597.414985717
7598.007882858
7598.982709953
7599.565154716
7600.130858727
7601.751366015
7602.405163471
7603.022366327
7603.560678580
7604.831196491
7605.857934325
7606.994882980
7608.021354123
7608.420807870
7609.673607810
7610.066214265
7610.854490320
7611.794530221
7612.682249516
7613.949125483
7614.911019081
7615.589706733
7616.361441790
7617.490687418
7618.506225530
7619.109221400
7619.749441833
7620.983924855
7621.693574971
7622.017492707
7623.423298548
7624.987382547
7625.594493501
7626.265292759
7627.127213556
7627.690979948
7628.742026442
7629.642702478
7630.569927977
7631.506758032
7632.009099304
7633.651861592
7634.312300239
7634.771788001
7636.387151487
7636.822989399
7637.940366203
7638.237099967
7639.039294911
7639.934790875
7641.505667573
7642.166837363
7643.295177167
7644.035703918
7644.927813314
7645.331599328
7646.560905686
7647.399804109
7648.197821585
7649.210368914
7649.787924743
7650.778131572
7651.918000849
7653.356680958
7653.702814986
7654.580638877
7655.121494573
7656.261966851
7656.956407645
7657.717933645
7658.652286327
7660.264422520
7660.874842472
7661.578687879
7662.331833438
7663.456194164
7664.203009254
7665.444059488
7665.801809429
7666.502822823
7667.549329156
7668.365665796
7669.936029947
7670.581042533
7671.447129921
7672.450691458
7673.103534095
7673.740632527
7674.241511065
7676.061473909
7676.404517064
7677.306367426
7678.489609006
7679.283816646
7680.369729689
7681.049611798
7681.945482259
7683.018167364
7683.593964874
7684.205667991
7685.305556834
7685.782993533
7687.513293018
7688.591692890
7689.156619858
7689.858001084
7690.429650783
7691.802176533
7692.342743389
7693.479401398
7693.897005961
7695.112272418
7696.136385041
7696.779476828
7697.898469111
7699.071025944
7700.036047546
7700.216724380
7701.157954572
7702.194731382
7702.589229876
7703.831003122
7705.213166786
7705.703216887
7706.962196191
7707.736760361
7708.220972632
7709.242640641
7710.123839878
7711.223648931
7711.928933800
7712.779308289
7712.908648890
7714.904975655
7715.806809193
7716.493161847
7717.430625539
7718.209439895
7718.871828010
7719.753486075
7720.412175075
7721.553996963
7722.557228802
7723.618282221
7724.440916672
7725.242870633
7725.881074559
7727.365067834
7728.154537019
7728.345321205
7729.508444298
7730.156710684
7731.326343495
7731.904604017
7733.551152378
7734.637209897
7734.799051748
7735.920191803
7736.398982954
7737.281516673
7738.683400516
7739.076079126
7740.113547443
7740.932128955
7742.093826817
7742.861768148
7744.168742339
7744.539185766
7745.564177666
7746.617972150
7747.262729143
7747.603843256
7748.560899267
7749.950340468
7751.417942591
7751.732240722
7752.412059064
7753.812564124
7754.165808072
7755.042744738
7756.140545943
7756.961660294
7757.748648753
7758.441967610
7759.592954771
7760.470136606
7761.852016417
7762.516669839
7763.365536637
7763.887943627
7764.629540609
7765.580549321
7766.648068549
7767.347361430
7768.417093856
7769.913327771
7770.261243683
7770.983886849
7771.801935594
7773.152164236
7774.018899976
7774.296269529
7775.448785292
7775.977608167
7776.955377123
7778.619618818
7779.147738368
7780.294143760
7780.791631250
7781.703703738
7782.448108668
7783.333189556
7783.869822963
7785.543212016
7785.972158398
7786.910885164
7787.847577242
7788.942037730
7789.846487232
7790.584748288
7791.498122458
7792.057000207
7793.208438103
7793.731179351
7794.330647915
7796.167939908
7796.882750798
7797.939994786
7798.642876532
7799.027356176
7800.048866700
7801.085965693
7802.278136743
7802.563043839
7803.341640437
7804.662539155
7805.651244456
7806.365526757
7807.453947055
7808.521694541
7809.148095665
7809.949348552
7810.246422781
7811.425296755
7812.392880858
7813.480751250
7814.556090477
7815.586939345
7815.855841175
7817.152637267
7817.796685740
7818.660115006
7819.635648032
7820.586397431
7821.053880222
7822.094093499
7822.719034352
7824.645471276
7825.273177260
7825.827781341
7826.471180297
7827.806459756
7828.125195235
7828.993878289
7830.128538967
7830.877581938
7832.274462693
7832.824494594
7833.920755249
7834.383065915
7835.733258050
7836.463501639
7837.396947490
7838.064178061
7838.482550843
7839.568362839
7840.782349086
7841.828068609
7842.773773978
7843.741048099
7844.457429440
7845.080327764
7845.576147186
7847.000089159
7847.835966138
7848.647013324
7849.322974184
7850.381575865
7851.749375194
7852.055533001
7853.536887110
7854.099209291
7854.705243499
7855.730232865
7856.589741468
7857.007480210
7857.998247520
7859.863876592
7860.360848829
7861.074293126
7861.968307522
7862.576808490
7863.886469839
7864.688424186
7865.047548550
7866.327295717
7867.142338042
7867.701391247
7869.054058998
7870.100532362
7871.026268505
7871.891593704
7872.421051360
7873.258974733
7873.857411725
7874.894281011
7876.081256282
7876.811378417
7877.833953051
7878.910611220
7879.774371318
7880.247924998
7881.172597091
7882.440411049
7883.219132091
7883.739288678
7884.386136361
7885.310055571
7886.697844125
7887.902634545
7888.582508385
7889.247759853
7890.199885170
7890.829109254
7891.738485149
7892.471581268
7893.753775746
7894.146224242
7895.752701737
7896.284146796
7896.810706211
7898.443975526
7899.189387686
7899.737784134
7900.699743497
7901.203724772
7902.431940428
7902.845882349
7904.000011351
7905.495359794
7906.307057653
7907.033279620
7907.462023027
7908.754089325
7909.071081108
7910.496345642
7911.290474749
7911.974654015
7912.521894757
7913.958900163
7914.898228655
7916.139083619
7916.249620364
7917.846984219
7918.206299766
7919.009503414
7919.702077253
7920.394917845
7922.053034575
7922.723312421
7923.710141381
7924.582047218
7925.391338795
7926.044750272
7927.227859749
7928.007764630
7928.684234751
7929.540229147
7930.604941257
7930.948076826
7932.471666174
7933.645643224
7934.495415310
7935.214648402
7935.570718562
7936.442237035
7937.745180589
7938.315574080
7939.086639386
7940.354012879
7941.265683750
7942.317604789
7942.745097903
7943.785515988
7944.959519127
7945.740693786
7946.220788193
7947.289771166
7947.729600273
7948.634211572
7950.265470540
7951.314030650
7951.584851706
7952.794489272
7953.594656973
7954.308997263
7954.747608585
7956.152267106
7956.989578250
7957.947945783
7958.317455919
7959.688750438
7960.661379308
7961.649596877
7962.562547059
7962.956507790
7964.203600710
7964.684089865
7965.315678843
7966.568849824
7967.266107539
7968.909886517
7969.629440351
7970.220548111
7970.847928249
7971.821330831
7972.995331892
7973.804869057
7974.458129758
7975.017853871
7976.207792148
7977.291194444
7977.975322928
7979.419830145
7980.244153621
7980.592156636
7981.677158958
7982.329229078
7982.856726483
7984.194787626
7985.078461489
7986.116271566
7986.989921280
7987.776841672
7988.826884443
7989.527182534
7990.464730054
7991.154615188
7992.449601868
7992.775448789
7993.535520097
7994.268276832
7996.325873551
7996.702938036
7997.562596961
7998.503621701
7998.960515917
8000.086767552
8000.654289531
8001.827414146
8002.504226796
8003.544020732
8004.486900354
8005.558741556
8006.089452662
8007.166316113
8008.486686301
8009.024278313
8009.383936412
8010.212236322
8011.469380857
8011.929391131
8013.442022089
8014.276774716
8015.371885937
8016.201731490
8016.491199874
8017.361465468
8018.637826607
8019.356639066
8020.319689667
8020.837459741
8021.895481637
8022.717489710
8024.403582467
8024.670982459
8025.752452902
8026.391854103
8027.305874160
8028.124025979
8028.746401312
8029.407822326
8031.058009787
8031.951322173
8032.793383791
8033.269191958
8034.386240873
8035.393242317
8035.999510970
8037.034489891
8037.803468787
8038.428466931
8039.310951895
8040.363774176
8041.485092079
8042.752607556
8043.228211966
8044.222079324
8044.702036441
8045.412198483
8046.349100763
8047.858586761
8048.092532351
8048.939018672
8050.707855426
8050.928553718
8051.826700973
8052.854735734
8053.850683692
8054.632075494
8055.387536444
8056.043545404
8056.628566090
8057.849854097
8059.163910472
8060.410573958
8060.656750844
8061.432878645
8062.591530739
8063.105008848
8064.205515208
8064.758371516
8065.960611558
8066.852181449
8067.499979188
8068.480997184
8069.620473526
8070.895715104
8071.223812048
8072.006261155
8072.891660955
8073.661638199
8074.476781796
8075.212479534
8076.604646443
8077.693139054
8078.331290952
8079.345222789
8080.039511696
8080.371623670
8082.095848369
8082.727357334
8083.188121262
8084.353898816
8084.627810374
8086.389367184
8087.201332970
8087.989215923
8089.000277332
8090.011702435
8090.302075183
8091.013047476
8092.013186019
8093.056821601
8093.960796849
8095.226429752
8095.644649780
8096.881209450
8097.422804534
8098.601451658
8099.483713020
8100.033954900
8100.893317321
8101.847479885
8102.652891917
8103.081247386
8104.959580646
8106.001082599
8106.472478547
8106.981007273
8107.990030628
8108.858614987
8109.690218972
8110.637684030
8111.447479981
8112.264753495
8113.552643127
8114.167019840
8115.107358483
8116.251266964
8116.864424632
8118.004737873
8118.437379653
8119.287139449
8119.648862099
8121.226751668
8122.361423445
8123.010669984
8124.184278678
8124.843587426
8125.501626937
8126.529528436
8126.964551002
8128.592208780
8129.097632570
8129.501991537
8130.717735754
8131.714724492
8132.854767683
8133.952804659
8134.457140991
8135.253151706
8135.925988506
8136.958578383
8137.609942436
8138.437429271
8139.566538052
8140.950740591
8141.595750010
8142.276001937
8142.810496641
8144.358563540
8144.926296078
8145.927384408
8146.251283809
8147.375558665
8148.188405805
8148.986653563
8150.740615482
8151.026671305
8152.217728258
8152.965931128
8153.488253661
8154.272979427
8155.128933993
8156.304912385
8157.194764620
8157.981568492
8158.767638744
8160.078200810
8160.950122590
8161.346145633
8162.592140587
8163.454284501
8164.106957147
8164.870257333
8165.448818475
8166.448089240
8168.295104130
8168.668480129
8169.593836204
8170.415779002
8171.095110982
8171.823553153
8173.111533981
8173.738292658
8174.366180916
8175.531628952
8176.449213454
8177.331542719
8178.104666953
8179.690387023
8180.035752136
8181.013209816
8181.282044614
8182.430116793
8183.129990253
8184.254600673
8185.038683170
8186.605228280
8187.019086128
8187.927398545
8188.675092155
8189.458001684
8190.538859646
8191.317359422
8192.334649942
8192.995406727
8193.233410994
8194.929408138
8196.067584918
8196.948324752
8197.513353943
8198.242611792
8199.585117178
8199.884773863
8200.341952209
8201.755260359
8202.876646170
8203.529203739
8204.761729330
8205.259250532
8206.228375058
8207.281175265
8208.167607524
8208.846424314
8209.530685579
8210.510348799
8211.030888883
8212.265612419
8213.253267547
8214.668747955
8215.237624959
8215.962628470
8216.502661261
8217.268004087
8218.619573330
8219.346543828
8220.050014501
8220.852882450
8222.153933482
8222.908793156
8223.804093212
8224.783041493
8225.662484685
8226.606391578
8227.022032307
8227.898063963
8228.756591821
8229.309424343
8231.318604911
8231.752039396
8232.534397486
8233.385017837
8234.463093964
8234.940463387
8235.903077656
8236.852837632
8237.661239321
8238.643824854
8239.166099548
8240.107660165
8241.810539848
8242.262983380
8243.126125161
8244.126672343
8244.522473036
8245.291902817
8246.414750235
8247.104523645
8248.198015438
8249.182211674
8250.476640454
8250.905128430
8251.591930805
8252.495963346
8253.795261751
8254.542110873
8255.238100661
8255.519078692
8256.777714952
8257.752236884
8258.997998913
8259.868525257
8260.782502763
8261.566253508
8262.002122421
8263.168899726
8263.541048292
8264.798832930
8265.847428255
8266.459167726
8267.620802306
8268.306797080
8269.293837369
8270.597375144
8271.102988989
8271.527124563
8273.023727020
8273.359088658
8274.260748916
8274.761296174
8276.532087622
8277.550531732
8278.311044894
8278.724155122
8279.658220294
8280.576684591
8281.427733833
8282.325186835
8283.364230098
8283.682719744
8284.837059155
8286.156465378
8286.666088558
8287.736512264
8288.980436058
8289.388001230
8290.178026756
8290.941297006
8291.360592491
8292.962945185
8293.588170376
8294.846862903
8295.568517316
8296.693739595
8297.216960600
8297.847035140
8299.092930897
8300.012435010
8300.536369898
8301.505488875
8302.243478657
8302.932610094
8304.590585714
8305.587635161
8306.142916438
8306.723994988
8307.761913372
8308.422654234
8309.351684271
8310.142625948
8310.895266168
8312.487888176
8313.144211390
8313.584885345
8314.936714629
8315.508934703
8316.991697010
8317.138031600
8318.217082256
8318.759355840
8319.747436441
8320.463512545
8321.895686241
8322.995964073
8323.508788174
8324.656429208
8325.300636981
8325.708797278
8326.619738160
8328.079211692
8328.715589743
8329.271340699
8330.212048925
8331.593502850
8332.263071024
8333.237664714
8334.052726657
8335.037292360
8335.626392666
8336.461889739
8337.076040924
8337.871295467
8339.257480606
8340.393714333
8341.281554843
8341.924980694
8342.350313542
8343.649101637
8344.661638670
8345.053008323
8346.083112882
8346.963463359
8347.710096767
8348.747559864
8349.534979215
8351.134421812
8351.661547503
8352.417119848
8352.958073703
8353.845609049
8354.918549437
8355.268913975
8356.904040991
8357.317471404
8358.619425855
8359.658407185
8359.970765630
8361.073625395
8361.854099315
8362.910269692
8363.896584173
8364.270313084
8364.921654252
8365.842461795
8367.570202901
8368.300171090
8368.924192692
8369.980516632
8370.774259906
8371.308043549
8372.087574386
8373.147445440
8374.076460465
8374.967512124
8375.843575317
8376.964785295
8377.391886567
8378.850000556
8379.465601295
8380.556228744
8380.966154321
8381.564090255
8382.905500682
8383.402690457
8384.243264856
8386.020866345
8386.716772954
8387.240328395
8388.199827520
8388.635538222
8389.785194387
8391.043045052
8391.345769447
8392.202609093
8393.253383485
8394.048747019
8395.258153894
8396.238183232
8396.956726475
8397.801538603
8398.740715655
8399.525152211
8399.733280377
8400.790029634
8402.071249480
8403.287132731
8403.814434923
8404.739289499
8405.705195480
8406.569355488
8407.084863514
8408.331513209
8408.928736383
8410.102479273
8410.365241307
8411.254384289
8412.634141842
8413.680979399
8414.783450749
8415.403499857
8415.723254018
8416.838129918
8417.556527395
8418.527239230
8419.569109017
8420.005248982
8421.508390248
8422.378527635
8423.240648285
8423.389063749
8425.250971770
8425.839729271
8426.287467348
8427.283348870
8428.018573119
8428.624830032
8429.995855684
8431.177000629
8431.955360420
8432.975958833
8433.312480291
8434.415421302
8435.058137203
8435.811385399
8437.043923774
8437.890770506
8438.581508721
8439.280453877
8440.622495639
8441.680875472
8442.342548491
8443.184375821
8443.859358821
8445.019550656
8445.343743347
8446.186349822
8447.097012279
8448.634176636
8449.496018879
8450.170450780
8451.011051486
8451.672354838
8452.526787587
8453.840544327
8454.385593870
8455.129114745
8455.682201312
8457.256933895
8457.584956675
8459.077902975
8459.817317811
8460.913889073
8461.562867847
8462.069886427
8462.646579164
8463.899499846
8464.878542531
8465.537510486
8466.826335992
8467.635630189
8468.444307123
8469.241866818
8470.285462154
8470.855567882
8472.106756705
8472.581593586
8473.422142531
8474.178986718
8474.840320404
8476.904664917
8477.388694102
8477.921861025
8478.842816768
8479.721517906
8480.498098396
8481.301917570
8481.987757045
8483.482314466
8483.709365227
8485.134315483
8485.731595820
8486.695524390
8487.794494039
8488.692418611
8489.335843596
8490.035611176
8490.800705907
8491.507454767
8492.596487047
8493.823574635
8494.552018030
8496.029850064
8496.290002226
8497.053886707
8497.637356296
8498.955065490
8499.848538085
8500.587623330
8501.302755465
8501.908544843
8503.528225473
8504.088873614
8505.263513055
8506.184467090
8506.655630251
8507.568430665
8508.341839185
8509.205092760
8509.605168069
8511.168181149
8512.237298971
8513.180504245
8513.428366856
8514.603122415
8515.510306167
8516.520710986
8517.066793399
8517.836912408
8518.994229230
8519.543241913
8520.204192768
8521.698529413
8522.883461467
8523.581766093
8524.072959893
8525.192740842
8525.580145938
8526.384967076
8527.801285476
8528.335279661
8529.165725245
8530.392088475
8531.215969405
8532.311647984
8532.610707275
8533.780194487
8535.042150484
8535.467449845
8536.033310081
8536.749664145
8537.778374014
8539.057118234
8540.192595720
8540.966649371
8541.539982809
8542.565392468
8543.339096415
8543.751519718
8545.303334074
8545.618122407
8546.691491453
8547.709108139
8548.380388381
8549.305495771
8550.742265128
8551.451183852
8552.036847252
8552.704688818
8553.657695232
8554.540035259
8555.129548601
8556.062209076
8557.527026799
8558.612656242
8558.923460876
8559.960124311
8560.426167012
8561.800541027
8562.354829385
8563.582511285
8563.910392634
8564.757382722
8565.618743676
8567.204607150
8567.744539731
8568.746748321
8569.695230959
8570.473144255
8570.946215416
8571.818896201
8572.426464757
8573.882934741
8574.913003320
8575.175968707
8576.708934631
8577.398701996
8577.971246764
8579.236900976
8579.917964133
8580.702003921
8581.556354735
8582.296736736
8582.982426418
8583.913021381
8585.651463150
8586.174833981
8587.197320927
8587.711288195
8588.094852601
8589.642476710
8590.127188414
8591.095567302
8591.803792343
8592.920901774
8594.055748659
8594.502062461
8595.550909470
8596.787241215
8597.384498851
8598.230072428
8599.006813111
8599.431780759
8600.495518301
8601.336163044
8602.800930633
8603.667158055
8604.204875746
8605.372037846
8606.065011944
8606.596847048
8607.469584159
8608.874054413
8609.476576481
8609.969946523
8610.900549174
8612.007241032
8613.349092570
8614.153530621
8614.570297617
8615.778990895
8616.334145127
8617.170423147
8617.682388006
8619.004610240
8619.610075257
8621.154330974
8621.952650157
8622.390314620
8623.284603670
8624.220096516
8625.481069983
8626.016582944
8626.570046899
8627.469440409
8628.431748373
8629.276843948
8630.330799696
8631.669465393
8632.398793413
8633.071914191
8633.591393340
8634.592755997
8635.206921732
8636.439865708
8637.187563979
8638.150805592
8638.929026205
8640.056739782
8640.930858834
8641.656960762
8642.643422720
8643.454487335
8644.166494253
8645.314890919
8645.629539138
8646.021671928
8648.180817663
8648.774619217
8649.780880844
8650.239461089
8651.375577781
8651.868483746
8652.861534420
8653.778576965
8654.501099441
8655.647399978
8656.072710342
8657.338800754
8658.222107504
8659.065463815
8660.464749769
8660.894985319
8661.469178733
8662.186065275
8663.160874844
8664.068204986
8664.933277767
8666.008296740
8667.232034709
8668.106266274
8668.375532887
8669.317504226
8670.233446196
8671.639127702
8671.820091555
8672.776806952
8673.524006100
8674.349201865
8675.596120099
8676.924281051
8677.519367828
8677.987746530
8679.291278168
8679.748657452
8680.584051407
8681.161852779
8682.385865916
8683.501223958
8684.345138141
8685.162576755
8685.791259887
8687.189699002
8687.777364109
8688.479057297
8689.551335129
8690.364817870
8690.662797622
8691.926226852
8692.523178294
8694.228413296
8694.902289443
8695.905093298
8696.258314853
8697.336511435
8697.610485681
8699.091219710
8699.936426458
8700.597521995
8701.161157565
8702.804254878
8703.417101022
8704.079332239
8705.318810429
8706.154650753
8707.005236582
8707.597537701
8708.113872195
8709.159693739
8709.949365151
8711.450294477
8712.275399475
8712.986720708
8714.030953901
8714.366502801
8715.585779950
8716.356426968
8717.003515228
8718.139853934
8719.090250677
8719.382554053
8720.447893299
8721.974942172
8722.755721398
8723.599098642
8724.108198074
8724.859676038
8725.956761585
8726.536842210
8727.253773684
8728.498800855
8729.628006990
8730.322892933
8731.474828184
8731.879802246
8732.623377537
8734.081398173
8734.675973837
8735.414586538
8736.080091412
8736.767658873
8737.886599701
8739.389508170
8739.714814520
8741.112495669
8741.683325896
8742.525510715
8742.997118096
8743.749048930
8745.053827139
8745.977161412
8746.443532494
8747.807308512
8748.384570856
8749.516423499
8750.330086645
8751.346430864
8751.999141009
8752.672763590
8753.775489789
8754.258907092
8755.009176121
8756.043831127
8757.903052121
8758.330109659
8758.806686424
8759.591981370
8760.797760690
8761.335651596
8762.328890281
8763.396469367
8763.655686196
8765.005865643
8765.741131577
8766.709274468
8767.797892850
8768.800400514
8769.371308012
8770.321068743
8771.029690956
8771.396367345
8772.413788999
8773.892563781
8774.336921666
8775.643665409
8776.412826979
8777.325477643
8778.016754196
8778.547501529
8779.874152389
8780.751048628
8781.399843070
8781.999405250
8782.763532849
8784.098180393
8785.349005620
8786.001416920
8786.925723642
8787.516533268
8788.234123962
8789.166704652
8790.055912969
8790.605373031
8791.865750061
8792.938115377
8793.748087606
8794.528210803
8795.102194578
8796.605348615
8797.281339331
8797.933469184
8798.459711537
8799.627566552
8800.402790798
8800.875335741
8802.633957952
8803.428243939
8804.220472214
8805.171186875
8805.599435361
8806.272540599
8807.488748834
8808.223313838
8809.413500174
8809.849477655
8810.602647387
8812.167774580
8812.725714809
8813.832162751
8814.311277666
8815.594893298
8816.333686040
8816.597902425
8817.604528339
8818.267042194
8819.823257464
8820.831983669
8821.428062324
8822.438231461
8822.982439196
8823.926324359
8824.821596600
8825.747064034
8826.471286824
8827.196344366
8828.126900137
8829.200853015
8829.757344108
8831.476274008
8832.095903441
8832.667733534
8833.353272701
8834.227333954
8834.898748526
8836.174940859
8836.623445374
8837.776447826
8839.103878636
8839.786452489
8840.183848850
8841.401930089
8842.186429294
8843.085298045
8844.209896067
8844.421280321
8845.399046171
8845.929067542
8847.529970810
8848.664758578
8849.293012163
8849.940859440
8850.968666279
8851.906343481
8852.149291308
8853.023070043
8854.558251386
8854.955551217
8856.079945292
8856.734523784
8857.963064805
8858.680999708
8859.693494673
8860.675496387
8861.046695267
8861.974859877
8862.808651074
8863.498357024
8864.378003968
8865.753819372
8866.791201368
8867.753787140
8868.092270037
8868.750967015
8869.691904789
8871.078180954
8871.689920886
8872.005432888
8873.297980869
8874.050059551
8875.172814315
8876.122838582
8876.890060628
8878.289574607
8878.480878110
8879.175609723
8880.343782097
8880.621668525
8881.726078190
8883.028741255
8884.165749605
8884.446684815
8885.602305365
8886.584181469
8887.058666341
8888.146956751
8888.831196780
8889.952996221
8890.537948369
8891.306737048
8891.874379357
8893.684840402
8894.604473094
8895.038202754
8896.103336815
8896.531323011
8897.673494067
8898.051507139
8899.302724467
8900.126946768
8900.854875978
8902.243765062
8903.054487162
8903.453422786
8904.497639306
8905.780057620
8906.334722625
8907.296439180
8907.620487928
8908.365865373
8909.714669788
8910.428989515
8911.756517262
8912.717343388
8913.324972961
8914.111116782
8914.741188912
8915.623803672
8916.514178386
8917.678078160
8918.302168644
8918.917303083
8920.276287089
8920.807424922
8922.348329237
8922.962986122
8923.430369164
8924.452124841
8925.469534406
8925.913861821
8926.590671427
8927.543910280
8929.299323788
8929.808678924
8930.622184355
8931.360853743
8932.151532174
8933.161556856
8934.023589736
8934.749925304
8935.684604088
8936.253765071
8937.198156762
8938.346035492
8939.308181977
8940.290249828
8941.181572192
8942.047712430
8942.474071166
8942.901797183
8944.315501548
8945.056384875
8946.156952172
8946.789546432
8948.094866137
8948.871203068
8949.659174963
8950.085438400
8951.679585355
8952.132146366
8952.910570342
8953.663140522
8954.570266106
8955.021105983
8956.904086111
8957.719764459
8958.329612995
8959.083915903
8959.872529807
8960.757465937
8961.514277567
8962.376098410
8963.122595274
8964.501768867
8965.042322645
8965.909132690
8966.831852557
8968.083142598
8968.730830805
8969.576813396
8970.156460463
8971.008144512
8971.900341570
8972.398475359
8973.827888983
8974.779544771
8976.046813315
8976.339748018
8977.267754470
8978.139157901
8978.484856067
8980.105035039
8980.789975097
8981.364598450
8981.893809433
8983.298016882
8984.458470335
8984.976927663
8986.278143617
8986.765638639
8987.708763258
8988.513243869
8988.936179401
8989.737246620
8991.143647231
8991.847222467
8993.206522750
8993.843872417
8994.285296829
8995.438088515
8996.520060324
8997.025737752
8997.967571698
8998.648899442
8999.718728032
9000.243406943
9001.129405308
9002.623776993
9003.873677517
9004.052178244
9004.805111170
9005.606797077
9006.565630589
9007.260756057
9008.304703038
9009.070075285
9010.088962864
9011.033504193
9012.042284017
9012.644453438
9013.551021067
9014.565229679
9015.596687046
9015.977933055
9016.814019973
9017.345160194
9018.424475610
9020.072493602
9020.646017116
9021.257036937
9022.745934353
9022.965488033
9023.565193774
9024.667245993
9025.628559534
9026.521713970
9027.231504803
9028.106836457
9028.987081386
9030.147631957
9031.032976777
9032.149738850
9032.444258623
9033.515720830
9033.854034846
9035.168949368
9035.749059048
9036.429306615
9038.302210472
9038.744798376
9039.773178758
9040.140208824
9040.975491232
9042.313865996
9043.019421320
9043.610772971
9044.618071148
9045.108590882
9046.315029702
9047.178898922
9048.588554505
9049.087937802
9049.992714868
9050.882205632
9051.428508999
9052.224339386
9052.755417231
9054.400106783
9054.931264072
9055.905240586
9056.785351957
9057.930288444
9058.352731342
9059.695201794
9059.901550741
9061.261010259
9062.010375428
9062.556640823
9063.065987666
9064.398647015
9065.676445012
9066.715937219
9067.344319124
9067.890693026
9068.707565891
9069.651864012
9070.419820652
9071.485275093
9072.068890118
9072.950481989
9074.381551781
9074.869755815
9075.539800391
9076.905342563
9077.941193163
9078.388813149
9078.885068810
9079.958594689
9080.600278838
9081.525029641
9082.687459166
9083.817684468
9084.719189339
9085.261991006
9086.216791442
9086.854064628
9087.619989059
9088.908988498
9089.425998602
9090.498988662
9090.953967031
9091.778385808
9093.554540593
9094.080653739
9094.817936162
9095.707283365
9096.611589238
9097.164150723
9098.092115415
9098.532042167
9099.836635635
9101.042374241
9101.885250830
9102.497480971
9103.493787095
9104.193256144
9105.074920830
9106.474161546
9106.705267548
9107.191202664
9108.613643184
9109.023970775
9110.230386515
9111.375084879
9112.381582610
9113.302297847
9113.658797282
9114.444853437
9115.042930639
9116.424405315
9117.137058330
9117.860968025
9118.810944247
9120.116281593
9120.569264317
9121.584902245
9122.504965211
9123.393854939
9124.084874392
9125.059677153
9125.604247738
9126.235472798
9127.121392691
9128.945962237
9129.473000955
9130.446701654
9130.768159171
9131.957373713
9132.877022276
9133.253132722
9134.299136950
9135.427457334
9136.139601994
9136.679196436
9138.105910777
9138.600382790
9140.231969818
9140.578259697
9141.357179362
9142.266523220
9142.836907709
9143.596977939
9144.619980820
9145.638522322
9146.526358406
9147.808894963
9148.555047142
9149.117996849
9149.558123853
9151.026455173
9151.817672101
9152.649018567
9153.267808749
9153.740200096
9155.111134265
9156.088026234
9157.200853860
9157.957603483
9158.830116897
9159.438824975
9160.353847712
9160.796139419
9161.926432340
9162.627075285
9164.011258569
9164.765021491
9165.448663414
9166.381734371
9167.382447423
9168.304925879
9169.005615314
9169.689672310
9170.658946114
9171.402013820
9172.213321782
9172.683910448
9174.799448249
9175.208835881
9175.927458355
9176.891017124
9177.479208893
9178.130377599
9179.285979756
9180.321113396
9180.739286974
9181.702974296
9182.811173985
9183.699837538
9184.767194412
9185.136000609
9186.578146636
9187.345086892
9187.811497032
9188.464829563
9189.187313215
9190.366779364
9191.463118656
9192.438691654
9193.368911875
9194.036497583
9194.998618070
9195.415993341
9196.541376822
9197.375793024
9198.428751555
9198.789347491
9200.006746344
9200.451077572
9201.837434832
9203.050941491
9203.761790101
9204.449930356
9204.760708258
9206.165350792
9206.847375416
9207.189750329
9208.520414153
9209.480933056
9210.873978974
9211.220220623
9211.878326614
9212.942543018
9213.953457243
9214.809815383
9215.383063607
9216.396499883
9216.889162999
9217.632413627
9219.125065266
9220.020083392
9220.852137982
9222.000798288
9222.354047560
9223.237859071
9223.870046096
9224.578163424
9226.173215901
9226.625762800
9227.262194971
9228.502157992
9229.558364129
9230.160704777
9231.116341547
9232.082594098
9232.764557617
9233.690366509
9234.086401680
9235.309074306
9235.520669017
9237.255825766
9238.525524178
9238.873162118
9239.599760445
9240.463318407
9241.168927234
9242.438747056
9243.002727145
9243.629625414
9244.722256155
9245.730317260
9246.372479218
9247.323682010
9248.859664428
9249.097134245
9250.217232552
9250.850268732
9251.325332009
9252.301982660
9253.266895877
9254.039963750
9255.629242735
9255.870307159
9257.090976370
9257.922851052
9258.513197989
9259.199490497
9260.462686090
9261.410917752
9261.832615530
9262.571905341
9263.278863899
9264.808555511
9265.914999338
9266.523355584
9267.157637377
9268.359885083
9268.846663836
9269.385312605
9270.504925931
9271.301028119
9272.394102687
9273.266843199
9274.338133837
9274.986375913
9275.555512462
9277.160514444
9277.608768375
9278.356214546
9279.040933079
9279.938256161
9280.769267593
9281.537438795
9282.734288937
9284.093681675
9284.762478437
9285.344159689
9285.849431119
9286.901569163
9287.799427531
9288.657678861
9289.634716493
9290.238472558
9291.071149949
9292.450151019
9293.020371573
9294.077099796
9294.994414286
9295.564223472
9296.607047273
9297.328597822
9297.791417095
9298.415822954
9300.174304705
9301.095504972
9301.630677862
9302.761169162
9303.238852585
9304.478169098
9304.747219153
9306.002925381
9306.808098668
9307.501144154
9308.397687579
9309.059307209
9310.294182823
9311.394263391
9312.287090012
9313.137110977
9313.642041787
9314.191767556
9315.257777093
9316.091993797
9317.221478363
9317.520864383
9319.337900164
9319.827795195
9320.592913364
9321.355037465
9322.199858978
9323.579903835
9324.038643000
9324.662478031
9325.359891018
9326.496593790
9327.029340176
9328.937276209
9329.235940410
9330.230659584
9330.921834157
9331.875838211
9332.545535708
9332.990177777
9334.305898777
9335.206489196
9336.031511110
9336.966415722
9337.535506027
9338.970532756
9339.734206712
9340.336005010
9341.340822196
9341.999574596
9342.923902156
9343.478761545
9344.189903972
9345.473934990
9346.909626243
9347.350886762
9348.412153406
9348.847438790
9349.534174826
9350.701823059
9351.640126344
9352.399663268
9353.014453103
9353.743506761
9355.235106158
9355.820175979
9356.673033797
9357.970513890
9358.838675558
9359.076903405
9360.025057414
9360.682314261
9361.527052532
9362.648214728
9363.690016545
9364.532422656
9365.565561379
9366.263485245
9366.856452107
9367.994621558
9368.900918158
9369.264875034
9370.763366233
9371.178734815
9371.587599991
9372.784751975
9374.379510451
9375.170795001
9375.736537522
9376.328130231
9377.450651134
9377.983702594
9379.018437924
9379.494344123
9380.793873689
9381.675840486
9382.560440805
9383.568374418
9384.090451459
9385.110359164
9386.234914019
9386.888612208
9387.733832772
9388.121802784
9388.979169604
9390.090466519
9391.049764368
9392.305852528
9392.964477181
9393.984756239
9394.689784015
9395.103416037
9395.826310147
9397.472564245
9397.818267625
9398.618868890
9399.494206832
9400.580871304
9401.427516666
9402.552909282
9403.382930754
9403.920835264
9405.062878279
9405.517985108
9406.317820402
9407.247627536
9407.745436536
9409.471336661
9410.603937082
9410.808666731
9411.457048112
9412.787360568
9413.355204753
9414.366649963
9415.106792479
9415.823151301
9416.804191133
9417.532924978
9418.349184603
9419.744269401
9420.582583619
9421.526892050
9422.040011769
9422.810743700
9423.591008663
9424.174561789
9425.411963547
9426.506903688
9426.874533970
9428.235207717
9429.379144120
9429.574025270
9430.535514117
9431.485551951
9432.713826105
9433.125018232
9433.826715940
9434.666665735
9435.196314277
9437.178849319
9437.419496808
9438.835191548
9439.288351899
9439.978628850
9440.804069910
9441.857096239
9442.274634496
9443.449249712
9444.311353869
9445.247610817
9446.162804214
9446.796122037
9447.907524955
9449.201580602
9449.609725389
9450.152313576
9451.044025469
9452.148976997
9452.581214093
9453.384466730
9454.941836695
9455.879794582
9456.638848993
9457.289938949
9457.972397295
9458.826684386
9459.769410652
9460.903772502
9461.404922056
9462.137989880
9462.936516168
9464.217904345
9465.261895535
9465.991177189
9466.722587065
9467.860632792
9468.494804378
9469.132039337
9469.456006505
9470.882771001
9471.819269687
9472.907942702
9473.723079553
9474.392245664
9475.565521140
9475.919635501
9477.137885719
9477.827320466
9478.855699955
9479.229478691
9480.235271345
9481.143882259
9481.839788621
9483.688815646
9484.207298377
9484.640388958
9485.753856656
9486.030868860
9487.215810246
9488.107214894
9488.903784852
9489.546258565
9491.036789278
9491.622337135
9492.559851589
9493.134847953
9494.478852245
9495.156477924
9495.860072043
9496.823908855
9497.255442783
9497.951007264
9499.137222929
9500.595321345
9501.217267715
9501.922520025
9503.042498301
9503.601117761
9504.264017632
9505.086080347
9506.113854055
9507.223790581
9507.961501776
9508.129637450
9509.769913843
9510.615551925
9511.550977666
9512.380208554
9513.335229213
9513.533893338
9514.814322806
9515.333335579
9516.047851770
9517.248001841
9518.401462280
9519.480657353
9520.014543685
9520.830643942
9521.162437132
9522.916082652
9523.293287274
9524.172145197
9524.673999747
9525.837508223
9526.527981213
9527.680937491
9528.632397361
9529.771681928
9530.405942179
9531.147923592
9531.625571622
9532.674849338
9533.237985855
9534.471660705
9535.377269525
9536.209876871
9537.253631706
9537.834915535
9539.182796450
9539.514744273
9540.396197263
9541.667102046
9542.028340453
9543.161504407
9543.327342114
9544.333386339
9546.148062139
9546.850958231
9547.451494517
9548.202699750
9549.109408072
9550.023825187
9550.297435818
9551.802310113
9552.369737288
9553.055529832
9554.438731024
9555.132351126
9555.765517186
9557.033450243
9557.864073546
9558.778597586
9559.497877392
9559.651002787
9560.804275858
9561.826855174
9562.595160266
9563.767484768
9564.941586598
9565.719270209
9565.998473755
9567.084762809
9567.680668643
9568.920136749
9569.757583805
9570.282928700
9571.225835961
9571.872993121
9573.170828779
9574.260212103
9575.159596765
9575.627693113
9576.504120426
9577.462720728
9578.082268990
9578.752937350
9579.449577444
9581.125284055
9581.813931393
9582.531012949
9583.488437066
9584.163335287
9585.143063862
9586.255233921
9586.572222390
9587.581534661
9588.562422368
9588.897946176
9589.946539842
9591.313819409
9592.130272135
9593.205180494
9593.910165406
9594.431429784
9594.988285873
9595.993695247
9597.340246230
9597.618342097
9598.766169772
9599.449375096
9601.023594443
9601.374051673
9601.972952765
9603.387320429
9604.113455999
9604.831331502
9605.509080557
9606.208589672
9606.948842120
9608.036444606
9609.580310488
9610.210766395
9610.802823322
9611.665887778
9612.606349755
9613.167963418
9614.252323364
9614.790927447
9616.080125100
9616.576304356
9617.711563455
9618.147803719
9619.662657557
9620.711570048
9621.165759367
9621.757407602
9622.960401195
9623.378434431
9624.134944535
9625.222075596
9626.015526809
9627.410922590
9628.224711924
9628.814176044
9629.724366466
9630.301966898
9631.280209290
9632.562265478
9633.111145441
9633.589919581
9634.275150158
9635.651739530
9636.586190719
9637.636829869
9638.333970206
9639.400372273
9639.941632652
9640.667624445
9641.271927638
9642.172583674
9643.651510537
9643.850300727
9645.268004101
9646.033601389
9646.682120242
9647.776874287
9648.593127495
9649.697627600
9649.853790959
9650.999123888
9651.871456187
9652.538464028
9653.014874565
9654.963345357
9655.670242557
9656.509156429
9657.006073676
9657.625816864
9658.780678229
9659.637116337
9660.202999377
9661.371533562
9661.957836041
9663.085768152
9663.881076550
9665.039454449
9665.485661647
9666.807212489
9667.564227300
9668.135428971
9668.700128123
9669.745616207
9670.162113846
9671.949512727
9672.494340341
9673.396190895
9674.547299393
9675.122226685
9675.734272080
9676.482970443
9677.762490774
9678.441444797
9679.309646020
9679.806168479
9680.762833610
9681.933181545
9683.097742919
9683.867021673
9684.589585902
9685.308004229
9685.960000518
9686.938901706
9687.635650375
9688.452504118
9689.424900299
9691.007692605
9691.345099413
9692.129608963
9692.775465088
9694.160018793
9694.810249049
9695.587265123
9696.340584322
9696.969092912
9697.964078698
9698.735918072
9699.909751127
9701.268636038
9701.750955885
9702.343670705
9703.640136865
9703.837388247
9704.480325775
9705.876215990
9706.802865518
9707.414647043
9708.186078194
9709.502438605
9710.185679568
9711.156381036
9711.887312337
9712.668956896
9713.803909573
9714.476372680
9714.689105561
9715.654426519
9716.864893948
9718.217323920
9719.003948229
9719.584605409
9720.464454076
9721.104473047
9721.996753310
9723.058455125
9723.737313266
9724.373873217
9725.549128994
9726.187902554
9727.403728478
9727.880335352
9729.496025751
9730.119586179
9730.576904309
9731.372827729
9732.006893647
9733.303859800
9733.610464090
9734.855515621
9736.090792316
9736.730369149
9737.855582950
9738.240421320
9739.021072199
9740.135575737
9741.076087748
9741.657972105
9742.623564744
9743.232096252
9743.733762359
9745.639066617
9746.440268751
9746.825728282
9748.002697060
9748.639282223
9749.482254349
9750.074742140
9750.773005613
9751.983307432
9753.034700475
9753.717213061
9754.680499290
9755.495112248
9756.380104702
9757.260899469
9758.307454097
9758.814665165
9759.592246659
9760.270891381
9761.363189251
9761.887569295
9763.294099802
9764.416349966
9765.298077292
9765.798045052
9766.238754743
9767.289858684
9768.168596165
9769.341847582
9769.963460334
9770.298585891
9771.872279800
9772.654168676
9773.284337855
9774.703617455
9775.088283541
9776.251533919
9776.730381886
9777.692679376
9778.148806606
9778.880763275
9780.313329425
9781.383732403
9782.385525671
9782.610816340
9783.722534562
9784.680677563
9785.381062852
9785.900034117
9787.276920187
9787.953486118
9788.477759390
9789.402370600
9790.364384932
9791.983400039
9792.246728932
9793.549999292
9793.647618793
9794.761051811
9795.420031376
9796.201811062
9797.293024611
9798.034191398
9799.096192515
9800.348712493
9800.831815356
9801.527598489
9802.247218201
9803.782724366
9804.339386747
9804.771010774
9805.672191923
9806.373069562
9807.415268673
9808.579426843
9809.662905148
9810.291826876
9811.323107615
9812.026190727
9812.268979446
9813.488974531
9814.292509388
9815.145409877
9816.280725472
9816.937616013
9817.665816071
9818.915101402
9819.703209235
9820.652109744
9821.399312630
9821.902829739
9823.078061393
9823.702895700
9824.295346710
9825.034070225
9826.946695211
9827.547832227
9828.155753564
9828.973287305
9829.933473337
9830.307902372
9831.760429332
9832.237602065
9833.139694318
9833.898350380
9834.670764973
9836.112660501
9836.485906520
9837.756654900
9838.631071531
9839.435359541
9840.038249689
9840.729469973
9841.165565424
9842.661664685
9843.426278641
9844.269014988
9845.514484923
9846.234022221
9846.883790561
9847.700262245
9848.563597130
9849.559686381
9850.340915387
9851.168115715
9851.623956976
9852.552236727
9853.637530407
9855.045803748
9856.031387000
9856.177060905
9856.910175667
9858.164581113
9858.732414134
9859.381159522
9860.360205325
9861.363515493
9862.379013197
9863.480482965
9863.698339983
9864.789829098
9866.121993984
9866.515268109
9867.444225598
9868.274452688
9868.714659331
9869.812878324
9870.332258557
9872.000623378
9872.558666059
9873.802220904
9874.323957629
9875.218994098
9875.600956249
9876.479017064
9877.782654004
9878.654772383
9879.036733397
9879.884490597
9881.102360866
9882.192215966
9882.831960845
9883.648049437
9884.820980500
9885.417235786
9885.831209005
9886.927710736
9887.495618736
9888.361557892
9890.123508399
9890.457523943
9891.628625208
9892.017784660
9892.882951596
9893.964140444
9894.773148319
9895.597360102
9896.023338800
9897.287439089
9898.182959746
9898.405455795
9900.125286818
9901.066140006
9901.825966237
9902.414483538
9903.156618969
9903.791439395
9904.892760734
9905.493254379
9906.664873062
9907.434385038
9908.602150117
9909.272060614
9910.349448026
9910.681429652
9911.831981666
9912.738467530
9913.738705139
9914.211424575
9914.653565232
9915.596173634
9917.067913424
9918.138431254
9918.705972906
9919.625835248
9920.376610699
9921.243519427
9921.715530357
9922.554020207
9923.879935139
9924.433066154
9925.273041647
9926.413061809
9927.151435147
9927.864383711
9929.442999753
9929.761473067
9930.426213379
9931.256052743
9932.269131842
9932.650954758
9933.826454084
9934.527161785
9936.297215320
9936.799862766
9937.375081777
9938.090292199
9938.884224451
9940.057687845
9940.795859599
9941.500484514
9942.487113472
9942.896982125
9944.195973810
9945.165420247
9946.088848612
9947.064628747
9947.591101987
9948.742044738
9949.102999741
9949.990912111
9950.398845533
9951.907364928
9952.854372744
9953.866783603
9954.182584369
9955.724033589
9956.068336691
9956.810139922
9958.007999457
9958.649698450
9959.512987188
9960.295355628
9960.856547843
9961.770868304
9963.326931991
9964.155267427
9964.838469803
9965.726087173
9966.208217678
9966.866343385
9968.062474136
9969.033371789
9969.310627782
9970.570859935
9971.790012201
9972.396338091
9973.115830366
9973.988018905
9975.185148630
9976.076448638
9976.556270168
9976.956671511
9978.332770906
9978.625188498
9979.889859833
9981.329076419
9981.831091565
9982.732872816
9983.553013139
9984.152707833
9985.067624896
9985.625469844
9986.981163499
9987.702430928
9988.313141534
9989.133283482
9990.230332884
9991.445890976
9992.253150320
9992.735143503
9993.666948285
9994.620085473
9995.190600851
9995.877231961
9996.556933962
9998.094860335
9998.850397090
10000.065345417
10000.651847322
10000.918178956
10002.279122270
10002.980327512
10004.047053827
10004.679404166
10005.310331728
10006.052756875
10007.372875973
10008.034245243
10009.099264723
10010.396260198
10010.859145158
10011.551642884
10012.098374861
10013.033066685
10013.836810491
10015.055397414
10015.610960154
10016.655508661
10017.828606855
10018.380731877
10019.121152466
10020.331251606
10020.810492183
10021.883178542
10022.591974840
10023.327690618
10024.066739639
10024.538095542
10026.533389540
10027.334815708
10027.693447875
10028.612492025
10029.431275335
10030.406945363
10030.747920893
10032.013997429
10032.544373020
10033.898763499
10034.362265016
10035.355032627
10036.357179058
10037.201015911
10038.185395283
10039.091108444
10039.586905609
10040.323633483
10040.921662904
10042.165511392
10042.740883531
10044.106076349
10045.027803535
10045.857757160
10046.696656582
10047.317083503
10047.592439602
10049.391328278
10049.926325462
10050.486340885
10051.349057594
10052.163555670
10053.327193008
10054.354850298
10055.203177301
10056.143956280
10056.617249277
10057.603014907
10058.329123419
10058.811934191
10059.844775960
10060.775329180
10062.309512354
10062.656191869
10063.479254829
10064.311095359
10065.325453234
10066.345378186
10066.713406052
10067.636020617
10068.698969352
10069.253551240
10069.832670679
10071.099619067
10072.355741781
10073.479214253
10073.648643070
10074.589654016
10075.291872528
10076.112937575
10076.835141431
10078.110533661
10078.837457602
10079.243864501
10080.860166725
10081.549987834
10082.171789828
10083.006831651
10084.414566526
10084.692785227
10085.765052699
10086.299054719
10086.688407200
10087.985149253
10089.271409818
10090.058993633
10091.029958436
10091.799143552
10092.338767613
10093.220539552
10094.085166857
10094.852038121
10095.871378796
10096.593534431
10097.435473881
10098.349034006
10099.069323865
10100.692196523
10101.057303214
10102.052180578
10102.506272876
10103.279650105
10104.399915674
10104.989014622
10105.546035339
10107.048063148
10108.278190651
10108.649560933
10109.477910296
10110.341554527
10110.989128282
10112.204258632
10112.940879397
10113.849020296
10114.014153332
10115.277431498
10116.012498679
10117.551403204
10118.175293408
10118.790580037
10120.258762475
10120.473986651
10121.075650518
10121.811872388
10122.938099811
10124.103683035
10124.618205004
10125.685579305
10126.596546728
10127.447135780
10128.281282226
10129.028309930
10130.045754410
10130.849810925
10131.335457825
10132.299913993
10132.997104307
10133.742002863
10135.406036693
10136.302986037
10136.961956744
10137.347719069
10138.258081665
10139.178510622
10140.171775547
10140.749996060
10141.625182793
10142.557323698
10143.553834067
10144.559162034
10144.921824389
10146.375533432
10147.360931954
10147.607043989
10148.559061478
10149.452104996
10149.834139002
10150.760194567
10152.179469717
10152.941922152
10153.965755322
10154.680656214
10155.644540263
10156.061274518
10156.998088900
10157.821423124
10159.101764792
10159.551301888
10160.345678678
10160.744166552
10162.728496335
10162.952665941
10164.497045904
10164.682737076
10165.590623149
10166.615246969
10167.012970515
10167.842665067
10168.838773878
10169.739276020
10170.992897483
10171.753541516
10172.602229897
10172.990301901
10174.129238817
10175.367487929
10175.913166059
10176.327065917
10177.302928006
10178.268723458
10178.934978731
10179.947333014
10181.403779564
10182.015576032
10182.935499675
10183.270941533
10184.370103570
10184.664298215
10186.111172523
10186.797202113
10187.504470842
10188.754159115
10189.180239789
10190.543201985
10191.222719473
10192.101648186
10192.732576815
10194.023070067
10194.433454050
10195.098257433
10195.856476877
10196.583002952
10198.406769881
10199.105554727
10199.582713508
10200.529887278
10201.515028674
10201.977877983
10202.853109184
10203.914249275
10204.723161045
10205.283354917
10206.362900457
10207.225029241
10208.060381421
10209.268694682
10210.109486691
10210.998836023
10211.383128987
10212.018796785
10213.043282492
10213.885643421
10214.781973009
10215.657348677
10216.931455726
10217.947654064
10218.283079908
10218.810787418
10220.126413779
10220.968771656
10221.751367791
10222.566400181
10223.109025431
10223.878289369
10224.989876493
10226.355841584
10227.055703366
10227.802923162
10228.701932458
10229.161843143
10230.459267897
10230.657746536
10231.386264556
10233.081422475
10233.537139160
10234.431478443
10235.437022863
10236.097477337
10237.241537139
10238.029679456
10238.668125089
10239.540477404
10240.327803937
10241.214177655
10241.491853754
10242.832315996
10244.173044205
10244.913389616
10245.834779868
10246.433178356
10246.933326287
10247.774414109
10249.065589293
10249.690278542
10250.657790871
10250.894677579
10252.528796388
10253.187400906
10254.042911697
10254.889848143
10256.076013833
10256.699140647
10257.386834740
10257.894697542
10258.747946544
10259.733331733
10260.663866323
10262.155024001
10262.585251116
10263.306373672
10264.317792105
10265.158902333
10265.592590014
10266.938070192
10267.361477642
10268.433394969
10269.341674521
10269.594394984
10270.853644660
10272.532333410
10272.896213569
10273.461689708
10274.395913442
10275.261044163
10275.882300763
10276.603445503
10277.680530369
10278.413856085
10279.792710704
10280.460627609
10281.194328703
10282.165346310
10282.614128909
10284.016128649
10284.776082442
10285.248081633
10286.139135585
10286.565219719
10287.838706874
10289.030966616
10289.704013072
10290.955210998
10291.550668652
10292.192533690
10293.102300958
10293.340379745
10294.800868763
10295.555328838
10296.492723985
10297.022712734
10298.265570310
10299.155298427
10299.786935105
10301.107893408
10301.659639761
10302.207479012
10303.217111187
10304.177623499
10304.529284598
10305.204067103
10306.937730438
10307.953273056
10308.506112525
10309.271072147
10309.714678091
10311.049622683
10311.700048619
10312.484501505
10313.269731874
10314.328568184
10314.814780021
10315.932024708
10316.918581807
10317.840326925
10318.860130131
10319.532969080
10320.288582438
10320.871814151
10321.530484773
10322.490747973
10323.604017466
10324.594090514
10325.222314236
10326.597172849
10327.060324558
10327.864215268
10328.494498379
10329.573488812
10330.818232913
10331.143670819
10331.590802585
10332.775756857
10333.466755609
10335.083766397
10335.780513354
10336.509928512
10337.207568184
10338.145493671
10338.612634998
10339.597353172
10340.449106632
10341.180451883
10342.294441578
10343.612077423
10343.819015693
10344.579461555
10345.969301402
10346.775181769
10347.374070512
10348.272339560
10348.784956341
10349.677779337
10350.770500857
10351.048529303
10352.910087330
10353.606628463
10354.296883253
10355.179310137
10355.685044071
10356.546983044
10357.309631180
10358.684775944
10359.127873524
10359.828418507
10360.687991773
10362.022148402
10362.813096615
10363.569025054
10364.467773688
10365.310942111
10366.294138864
10366.560789393
10367.405786063
10368.050826284
10369.616470999
10370.396384942
10371.402107448
10372.007951865
10373.050073834
10373.339762087
10374.634233215
10375.603303210
10375.808911892
10377.120053566
10377.686933257
10378.499163434
10379.528239685
10380.567196466
10381.856342874
10382.465428539
10382.944714037
10383.419941042
10384.755888752
10385.252674535
10386.273510829
10387.004666653
10388.197584943
10389.189774144
10389.839078597
10390.714653125
10391.245452440
10392.674281657
10393.182359356
10393.937182768
10394.904074688
10395.308109775
10395.994834971
10397.697015173
10398.547512955
10399.388272377
10399.822838129
10401.255666051
10401.453058459
10402.199898597
10403.017885500
10404.392729079
10404.879762584
10405.851033987
10406.612203525
10407.620876304
10408.636901160
10409.462682991
10410.213227841
10411.159007955
10411.608252319
10412.511073287
10413.181460630
10414.183391868
10414.961433413
10416.613280588
10417.322757867
10417.606737660
10418.659657168
10419.127940934
10420.318811899
10421.433766533
10421.862977651
10422.409433656
10423.528738583
10424.717761968
10425.127182556
10426.554212795
10427.327796943
10428.057894256
10428.884783558
10429.519615669
10430.147832097
10430.957643998
10431.977494448
10433.220662549
10433.905795447
10434.854208049
10435.551898018
10436.516468526
10437.371529512
10437.893928121
10438.964263146
10439.914653689
10440.516216225
10441.153435500
10441.794816140
10443.514483008
10444.509920411
10444.878475374
10445.958033208
10446.490523447
10447.146060936
10448.370034024
10448.684108532
10449.954535350
10450.676516930
10451.594522419
10452.844652668
10453.502854664
10453.763114800
10455.390737314
10456.151482920
10456.840850379
10457.231215404
10458.092797941
10459.141784200
10459.758372351
10461.311793311
10461.818817627
10463.215686833
10463.586843027
10464.159757340
10465.013991244
10465.961199441
10466.903863596
10467.646864290
10468.710219891
10469.004614494
10470.229130005
10471.256131235
10472.413597068
10472.897709525
10473.663616773
10474.520744262
10475.424074516
10476.013351398
10476.560569157
10477.581047832
10479.194951960
10479.849658150
10480.461597429
10481.258384693
10482.176818880
10483.004903994
10483.766663946
10484.928752361
10485.255087228
10486.108130936
10487.031964527
10487.963082458
10489.004571019
10490.067756594
10491.009790310
10491.446772396
10492.427504266
10492.886908848
10493.422948357
10495.186534746
10495.443495940
10496.246556157
10497.687593338
10498.334105497
10499.201811406
10499.802311427
10500.808262553
10501.838602797
10502.491273440
10503.207288313
10503.886955808
10504.550081938
10505.648939711
10507.119970719
10507.949138870
10508.523138252
10509.014517974
10510.229211676
10510.833179951
10511.561711339
10512.454823511
10513.343344568
10514.443023859
10515.084180462
10515.864173663
10516.949611766
10517.921954428
10518.898560444
10519.475114946
10519.932209538
10521.145321024
10521.656291927
10522.316641204
10523.550203240
10524.752033663
10525.435391904
10526.590493107
10527.042115079
10527.645509479
10528.404773665
10529.925819559
10530.221176673
10531.406798397
10531.561398869
10532.599658682
10534.064933241
10534.784263006
10535.490170566
10536.665084701
10537.355066374
10537.926503128
10538.538711579
10539.577433314
10540.085501043
10541.524255536
10542.279167105
10543.463824506
10543.792506698
10544.855737783
10545.554747765
10546.862586854
10547.153370511
10548.023504986
10548.956457190
10549.714929141
10550.454673962
10551.139597290
10553.168003470
10553.342983613
10554.317528161
10554.823980258
10555.646598590
10556.505882797
10557.315887646
10558.213143485
10559.137973415
10559.773322833
10561.155235243
10561.717051237
10562.476243092
10563.779979166
10564.006692679
10565.518709288
10565.913182512
10566.587772102
10567.001320048
10568.221388297
10569.433377749
10570.456590030
10571.144617942
10571.982177952
10572.897664603
10573.491551988
10574.048493059
10575.149880793
10576.231119237
10577.003025596
10577.244954066
10578.752976241
10579.260968833
10580.533537195
10581.670054259
10582.012889115
10582.812208583
10583.633312015
10584.284015817
10585.443594979
10585.682845619
10586.924153840
10588.359321461
10589.048675627
10589.739778670
10590.180134941
10591.237631225
10592.435170521
10593.015860674
10593.684051786
10594.482073670
10595.486325307
10595.907510767
10597.420376378
10598.282071541
10599.136170660
10600.041148403
10600.623643162
10601.433895773
10601.955295910
10602.804389963
10603.939475316
10605.017344788
10605.587957901
10606.390610103
10607.756601816
10608.309920453
10608.892795797
10610.077947584
10610.848082377
10611.537091527
10612.355233933
10613.079158114
10613.468642232
10615.246487755
10616.162421538
10616.936555329
10617.696035120
10618.207399275
10619.095453162
10619.896774960
10621.026544985
10621.582060426
10622.229605740
10623.637918123
10624.198644515
10625.221255798
10625.806387743
10627.298279997
10628.016474441
10628.270594389
10629.327855284
10629.810319304
10630.843271680
10631.643694684
10632.689747326
10633.921549632
10634.770975888
10635.177634296
10636.169928203
10637.021751909
10637.448912789
10638.782262906
10639.617564121
10640.201443491
10640.779626739
10641.761070575
10643.080447170
10644.188762971
10644.692421347
10645.322053878
10646.377725498
10647.247734486
10647.685095695
10648.189225247
10649.663015540
10650.400697970
10651.632132583
10652.213794357
10653.160911737
10653.638881320
10654.935668517
10655.596282744
10656.460810864
10657.302434817
10657.569813321
10658.821347185
10659.535556788
10660.576533452
10661.849138590
10662.654355877
10663.453701053
10663.900388668
10664.403237669
10665.605849117
10666.541995818
10667.267327861
10668.103873869
10668.901033418
10670.283741171
10670.626073769
10671.721432657
10672.507335452
10673.598214427
10674.047658868
10674.994852296
10675.592710249
10676.402342190
10676.909371664
10679.026251178
10679.383532276
10679.944294056
10681.125403219
10681.734302888
10682.440786924
10683.542939968
10683.929031545
10685.145481884
10686.052551612
10686.490821520
10687.463234913
10688.597502581
10689.711252175
10690.305513352
10691.269588401
10692.050986452
10692.231515830
10693.428873582
10694.151996552
10695.098217352
10696.033577760
10697.181707658
10698.116765967
10698.840050061
10699.203954434
10700.115750848
10701.459647367
10702.196519182
10702.648559035
10703.409720596
10704.148321402
10705.411435703
10706.246041986
10707.555450478
10708.019872397
10708.921862645
10709.564845474
10710.503063946
10710.890480512
10711.850734731
10713.059848240
10713.721462558
10714.885383105
10715.557345416
10716.156573715
10717.620208013
10718.079421729
10719.070139357
10719.433717645
10720.886818357
10721.131431678
10721.860750588
10722.734106998
10724.194182156
10725.351593003
10725.950045831
10726.257558299
10727.364126333
10728.150611678
10728.690112969
10730.170202915
10730.484527767
10731.337454514
10732.212541794
10733.540894903
10734.088802319
10734.911132384
10736.009535860
10737.045722610
10737.410697620
10738.114245129
10738.811983588
10739.581852452
10740.905583348
10741.711031497
10742.765995192
10743.585907848
10744.334315500
10745.130273983
10745.596529686
10746.898362495
10747.604657668
10748.264489675
10749.272953435
10749.959458114
10750.503026497
10752.193714963
10752.949696119
10753.868045537
10754.305210057
10755.020776860
10756.007233964
10756.752201985
10757.549386674
10758.092368419
10759.751941696
10760.369746656
10761.197476042
10761.941425086
10762.726182901
10763.741757358
10764.687311407
10765.384411045
10765.905447117
10766.817353488
10767.509970499
10768.458477744
10770.067758279
10770.322522524
10771.519953586
10772.318539306
10773.001880519
10773.364091335
10774.252826621
10775.515512031
10776.512519785
10776.775446241
10777.775938036
10779.126145314
10779.647249860
10780.599126363
10781.610299652
10782.133758175
10783.196760384
10783.955962733
10784.171877466
10785.388003324
10785.987902566
10787.591261803
10788.537229220
10789.133068804
10789.685025795
10790.398744803
10791.719799906
10792.207102150
10792.989718996
10794.065287779
10794.505480935
10795.714143212
10796.492895376
10797.192951940
10798.760767749
10799.414421370
10799.773324657
10800.797894091
10801.441251461
10802.116676572
10802.991801859
10804.098483855
10805.016827998
10805.914105589
10806.948025759
10807.573608056
10808.312525193
10809.048027464
10810.051100946
10811.075854366
10811.752776540
10812.322351828
10812.770383131
10814.174028679
10815.694080714
10815.907736519
10816.939744806
10817.807442424
10818.470703568
10819.116588795
10819.878377851
10820.836511002
10821.734731662
10822.645112877
10823.825411819
10824.183960873
10825.382266772
10825.899051835
10827.316056008
10827.868395197
10828.609784462
10828.906080803
10830.377323369
10830.806317671
10831.510914388
10833.013937914
10834.276900458
10834.507101529
10835.401665256
10836.156520495
10836.601108150
10837.977889788
10838.708363888
10839.353092653
10840.253896394
10841.103702955
10841.983341453
10843.277922279
10843.804251506
10844.659552443
10845.736392573
10846.237940066
10847.100462654
10847.850663047
10848.020071722
10849.731287951
10850.730141052
10851.581298244
10852.160316674
10853.115025136
10854.087428790
10854.471353448
10855.502141360
10856.546084933
10857.074832446
10858.072460967
10858.463351683
10859.733805374
10860.645506048
10861.913959620
10862.758254075
10863.006409209
10863.882158609
10864.618535220
10865.522287193
10866.308904451
10867.505528059
10867.724419976
10869.547826805
10870.126925727
10870.518748693
10871.396153903
10872.735675508
10873.322937240
10874.185160766
10874.735890227
10875.595277453
10876.141537244
10877.377748857
10878.564939824
10879.556857290
10880.059681665
10880.938204285
10881.683188270
10882.525051240
10882.984540800
10883.999819026
10885.275031622
10885.829726504
10886.493762990
10887.569189125
10888.552820568
10889.551163241
10890.291039066
10890.816266033
10892.095604247
10892.315781884
10893.347509425
10893.933687428
10894.780987410
10896.522608292
10896.940013930
10897.916643340
10898.874562142
10898.951157147
10900.022771913
10901.273082463
10902.104118743
10902.337586320
10903.337627700
10904.308572539
10905.374716631
10906.048673257
10907.229914061
10907.980696445
10909.098642474
10909.445044494
10909.838229648
10910.883621826
10911.995114541
10912.522965605
10913.928614092
10914.641361309
10915.439141282
10916.483791030
10916.881461955
10918.033210868
10918.670335747
10919.630142723
10920.470743494
10921.057206910
10921.881461101
10922.417471925
10924.476431497
10924.797757138
10925.827239374
10926.060108988
10927.238051026
10928.084797975
10928.467951535
10929.516193883
10930.447208336
10931.378702633
10932.232117416
10933.326094139
10933.757923220
10934.745443286
10935.914827656
10936.539470069
10937.320704255
10937.959226210
10938.632709452
10939.372696638
10940.744584943
10941.414846302
10942.618390228
10943.610397091
10944.178324826
10944.546350964
10945.619128721
10946.243265010
10947.715511812
10948.091376488
10948.775887156
10949.665648414
10950.853699605
10951.680287070
10952.562289535
10953.734888305
10954.043012239
10954.803397695
10955.942904819
10956.460773088
10956.894567011
10958.081616714
10959.471812644
10960.340356018
10961.094677352
10961.324759149
10962.722775576
10963.308188729
10964.396650570
10964.863491185
10965.776814420
10966.694037287
10967.390885123
10968.041208076
10969.533336560
10970.421164163
10971.141738064
10972.098750438
10972.472963734
10973.304073098
10973.925492545
10975.101992971
10976.042492146
10976.596708701
10977.797836461
10978.663523161
10979.608278247
10980.236506932
10980.729510476
10982.358943022
10982.796343914
10983.423077367
10984.054162011
10984.915329286
10985.821956366
10987.304181381
10988.178214184
10988.578194908
10989.707597930
10990.270802416
10990.932964982
10991.868291898
10992.779772968
10993.443479366
10994.539329745
10995.345669422
10996.243316813
10996.786954402
10998.275984904
10999.032082797
10999.580865500
11000.303852296
11001.088842116
11001.964372820
11002.730514722
11003.283543727
11004.780230500
11005.899115069
11006.462089798
11007.162978568
11007.923559170
11008.592215159
11009.809645595
11010.351968764
11011.638163909
11011.916802643
11012.395335733
11014.068129891
11014.758507891
11015.773042435
11016.529405350
11017.400615912
11018.229036339
11018.831810158
11019.345591231
11020.136405666
11021.511488691
11022.444203090
11022.961423792
11024.341696641
11024.809837609
11025.494472479
11026.639542700
11027.432155605
11028.024600949
11029.052135725
11029.637801946
11030.441643018
11031.168729522
11032.408026432
11033.808768824
11034.400583373
11034.795445045
11035.680581819
11036.268434494
11037.526304222
11038.051273091
11038.918492069
11039.759274688
11040.945569023
11041.730798210
11042.421130623
11043.299792833
11044.326498536
11045.220076455
11045.852534378
11046.633528147
11047.126333689
11048.059385811
11048.809344392
11050.416299607
11051.098780501
11051.716247763
11052.754187844
11053.558388671
11054.250163198
11054.474973811
11056.135372252
11056.751523243
11057.402882665
11058.355126645
11058.915523206
11060.389820333
11061.265430812
11061.837618107
11062.897534498
11063.418389356
11064.334109349
11064.790772957
11065.840778485
11066.519585387
11067.604345277
11069.056994107
11069.526977031
11070.195113280
11070.890020409
11071.817959655
11072.960698224
11073.752631642
11074.152030205
11074.868240011
11076.164194433
11076.559526470
11077.846924661
11078.788883503
11080.067331773
11080.284862762
11081.085141984
11081.812452041
11082.759016909
11083.140843078
11084.729678409
11085.114484336
11086.245843957
11086.994081489
11088.140400811
11088.617526516
11089.736464635
11090.338992095
11091.189871397
11092.256211086
11092.866500366
11093.227083628
11094.001238156
11095.859326106
11096.473734860
11097.331188464
11098.140979749
11098.575138032
11099.701082582
11100.263793400
11101.163887438
11102.090126978
11102.978943147
11103.536249566
11104.879439937
11105.513882993
11106.204383701
11107.577988973
11108.363930012
11108.878594899
11109.453400670
11110.260636646
11111.168056907
11112.087300605
11112.877486463
11114.257968838
11114.955667985
11115.902271683
11116.384843800
11116.910129406
11118.202301142
11118.958060148
11119.924647980
11120.349847088
11121.264730613
11122.021365758
11123.165840096
11124.586757258
11124.949773245
11125.551195892
11126.703776040
11127.589346742
11127.669988969
11128.875508304
11129.415442634
11130.813879291
11132.037841058
11132.197633702
11133.199150843
11134.201219412
11135.009790827
11135.715668154
11136.793302085
11137.257000387
11138.236487508
11138.699221044
11139.799514972
11140.561693418
11142.214302196
11142.565844698
11143.569520139
11144.336864989
11144.715358897
11145.411243877
11146.744809898
11147.585400126
11148.117256424
11148.911758049
11150.271819096
11151.153695239
11151.475212332
11152.642047185
11153.626907993
11154.460845142
11154.924536445
11155.741348150
11156.459084587
11157.090605939
11158.507787879
11159.626099646
11160.334217735
11161.093594899
11161.637308869
11162.730879519
11163.386297317
11164.191543926
11164.923362263
11166.202555560
11166.666611996
11167.333475176
11168.443272429
11169.565111447
11170.599634051
11171.237201880
11171.782055217
11172.498868627
11173.685956659
11174.035785349
11174.746272090
11176.200665721
11176.825542994
11178.221583264
11178.612247350
11179.534760854
11179.979342589
11181.069236198
11182.312205434
11182.726477441
11183.399426638
11184.137655642
11184.922609205
11186.322562813
11187.162267790
11187.874224361
11189.267715310
11189.362456319
11190.313123623
11190.971239499
11191.562024216
11192.963205985
11193.509057526
11194.523512338
11195.528020526
11196.179969065
11197.045724228
11198.188043624
11198.692306647
11199.733205310
11200.308566630
11201.059055389
11202.105506857
11202.528622652
11203.264203274
11205.258844745
11205.728239845
11206.468986374
11206.862809446
11208.100565321
11208.557932179
11209.581563579
11210.506621608
11211.120850380
11211.941931684
11213.159789838
11213.654253713
11214.848019216
11215.603484470
11216.604576343
11217.280756576
11218.287694998
11218.676052765
11219.060228990
11220.375476876
11221.302633937
11222.492212032
11223.049884781
11224.194643408
11224.984617774
11225.430981940
11226.224547773
11227.214936974
11228.321863836
11228.845756440
11229.621986067
11230.144856875
11231.432598698
11232.429901528
11233.595957789
11234.117627260
11234.954607687
11235.415468546
11236.465395074
11237.177696750
11237.910204066
11238.671272968
11240.045184435
11240.860306564
11241.743619637
11242.318249532
11242.907226732
11244.604060830
11244.980377909
11245.358573513
11246.629561059
11247.115942596
11247.973583809
11248.753620158
11250.192733218
11251.003487291
11251.858166148
11252.631641567
11253.196161939
11253.888090559
11254.695386630
11255.668424297
11256.759071851
11257.473572631
11257.881582506
11259.252539234
11260.393706347
11260.658196138
11261.802034782
11262.542891634
11263.551364835
11264.121413892
11264.736289105
11265.357240207
11266.406482234
11267.815984733
11268.697766732
11269.381806269
11269.997193517
11271.000310476
11271.469973439
11272.590708785
11273.476647445
11274.057397446
11274.793612929
11275.955657118
11276.725328725
11277.317921083
11278.848028288
11279.583912066
11280.289180562
11280.928505240
11281.469500473
11282.456193189
11283.226786789
11284.240131051
11284.860401673
11286.414114859
11287.041105255
11287.505062379
11288.695298585
11289.158765901
11290.099930933
11291.305519108
11291.810830324
11292.412990073
11293.269968812
11293.870625240
11295.584661081
11296.314376078
11297.080186684
11297.635857982
11298.895898002
11299.203529962
11300.123294118
11300.517877661
11301.978809906
11302.804983868
11303.418945149
11304.719476154
11305.048147848
11306.319304873
11306.903574071
11308.164373170
11308.586088068
11309.199090933
11310.180919248
11310.969568868
11311.495750994
11312.822370395
11313.859943241
11315.093210811
11315.409321990
11316.112646845
11316.551999844
11317.880766213
11318.754329408
11319.392891001
11320.162403372
11320.991628398
11321.972679697
11323.243401130
11323.430009920
11324.905627008
11325.491086445
11326.453787712
11326.805088130
11327.805653459
11328.476164408
11328.968424098
11330.656696941
11331.528430651
11332.086119788
11332.993961154
11333.910412804
11334.543796905
11335.417093774
11336.137616331
11337.110282645
11338.066896883
11338.545003723
11339.155582984
11340.398434897
11341.726864401
11342.480870120
11343.003932016
11343.878711237
11344.696656275
11345.120276671
11346.102074914
11347.265707718
11347.603360741
11348.895461224
11349.943759910
11350.832375197
11351.118246004
11352.054901369
11353.285316400
11354.031145242
11354.847595238
11355.251500693
11355.819814733
11357.268718750
11357.755924524
11359.153862603
11360.317446211
11360.430653359
11361.618712154
11362.198008135
11362.833518658
11363.630616646
11364.902749294
11365.392119844
11366.470711503
11367.121489445
11368.092999055
11368.995095582
11370.251538153
11370.710131375
11371.264531413
11372.427275257
11373.090362695
11373.829117093
11374.247719607
11375.350125625
11377.067014464
11377.477668114
11378.252027964
11379.071237847
11379.663264691
11380.668488886
11381.490162982
11382.384042847
11383.081145309
11383.778709302
11384.633655836
11385.730840153
11386.761800829
11387.282601898
11388.745812552
11389.309583271
11389.666105212
11390.540978729
11391.172845322
11392.207002299
11393.253130586
11394.045502197
11394.912454004
11396.185473573
11396.636636640
11397.269432006
11398.167091415
11399.358011592
11399.924121820
11400.579245197
11401.739560896
11401.935659723
11402.841804490
11404.568289410
11405.259633787
11405.980138164
11406.844703682
11407.125167377
11408.400191478
11409.142991261
11409.496096409
11410.741604014
11411.594940774
11412.845281623
11413.149095520
11414.099052582
11415.161783824
11416.020299308
11416.872565472
11417.516531855
11418.209599139
11418.968743999
11419.728199618
11420.555628458
11421.866856426
11422.759481094
11423.742713590
11424.283687367
11425.134566536
11425.759191454
11426.263600305
11427.830303882
11428.615164106
11428.837541056
11429.667997502
11431.122075806
11431.694571333
11432.887164232
11433.491698381
11434.383019887
11435.323956835
11435.819132127
11436.539144292
11437.164007081
11438.254909515
11439.228665386
11440.569861107
11441.210604187
11441.630688254
11442.554339248
11443.607289095
11444.304538618
11445.253424202
11445.650645369
11446.919643275
11447.320389544
11448.385713505
11449.024662948
11450.642200662
11451.457436991
11451.847559430
11452.629688103
11453.447368663
11454.045960119
11455.127177245
11455.727466115
11456.924749259
11457.602747059
11458.640052270
11459.668404233
11460.212014074
11460.836836038
11462.089170972
11462.809328153
11463.711423255
11464.140762793
11464.914731374
11465.471164390
11467.173220199
11468.041183880
11468.624824846
11469.577925465
11470.591934412
11470.889045258
11471.533095741
11472.901524888
11473.231344900
11474.580526060
11475.124039862
11475.927644613
11477.125971654
11477.664737107
11478.887581727
11479.836580485
11480.301455991
11480.839986923
11481.845551444
11482.669696899
11483.395605331
11484.012027547
11485.724280533
11486.462209059
11487.227655772
11487.680918311
11488.455267374
11489.461581633
11490.469708167
11491.151690847
11491.784698444
11492.664768128
11493.406106208
11494.499121001
11495.514073118
11496.467471882
11497.163116122
11497.879966473
11499.085568232
11499.195994464
11499.866947584
11500.844567906
11502.387897456
11502.616230353
11503.995620911
11504.456589216
11505.532335883
11506.348626330
11506.987576109
11507.775068809
11508.959525644
11509.624745159
11509.927567509
11511.013638842
11511.717856649
11513.156154095
11514.170735667
11514.853644275
11515.534531233
11515.910327350
11517.237091743
11517.516522255
11518.802580461
11519.562403963
11519.987060209
11521.583778817
11522.307768615
11522.729431430
11523.713139418
11524.995050978
11525.595896507
11526.475485782
11526.700499264
11527.787477660
11528.521773343
11529.262691200
11530.742421046
11531.498769849
11532.360155115
11533.174523981
11533.710746547
11534.615246440
11535.243966904
11536.208990607
11537.390026899
11537.770333933
11538.771415017
11539.173163468
11540.855171935
11541.633482769
11542.162848110
11543.231533581
11543.821061948
11544.608450095
11545.477546515
11545.922505863
11546.762877721
11548.210670272
11549.141689200
11549.740822582
11550.793626688
11551.264239553
11551.938577816
11553.422211259
11553.822467866
11554.671565213
11555.168944152
11556.255354665
11557.020611462
11558.026912129
11559.050841973
11560.110157767
11560.887977704
11561.425898297
11561.993421378
11562.695309657
11563.843215883
11564.692415648
11565.398128973
11566.401912369
11567.391551992
11568.238387479
11568.861584588
11569.856839451
11570.713560344
11571.372587718
11572.373477100
11573.110248154
11573.533780338
11574.229783592
11575.532716159
11577.159221118
11577.559289270
11577.813155486
11579.051947265
11579.844750065
11580.562916391
11581.100263803
11582.245964949
11583.162004702
11583.781059892
11584.718832964
11585.797743798
11586.262897858
11587.785374687
11588.237678314
11589.033305123
11589.820238581
11590.541133005
11590.936347549
11592.224869579
11593.021168539
11593.951801626
11595.273897319
11595.921633435
11596.477118139
11597.270605762
11597.786584115
11599.452894591
11599.634660472
11600.754893428
11601.064364347
11602.029102066
11603.275985739
11604.064157157
11605.278120211
11605.715873071
11606.751657873
11607.258882572
11608.037290901
11608.984897764
11609.316380805
11610.542724927
11611.831414211
11612.486893123
11613.171689835
11614.017179672
11614.984665844
11615.815224477
11616.617915875
11617.346743414
11617.955077614
11619.229905257
11619.573447439
11620.086537781
11621.946221924
11622.694026514
11623.392332524
11624.398877564
11624.673870903
11625.513317937
11626.349371810
11627.433394485
11628.160782429
11628.909479133
11629.726849310
11631.020976033
11631.628302664
11632.488062826
11633.101177395
11634.532677742
11635.138098962
11635.463467929
11636.263762261
11637.079724512
11637.951513680
11639.396198720
11639.988689980
11641.154498855
11641.620869623
11642.400193904
11643.262344190
11643.904265600
11644.871957114
11645.865740576
11646.377483699
11647.350867367
11648.175813152
11648.884749129
11650.344983916
11651.227695727
11651.690982255
11652.228958012
11653.241665808
11654.245560118
11654.458657603
11655.518481219
11656.473575732
11657.802188583
11658.559716288
11659.377848780
11659.558641719
11660.970664873
11661.574271721
11662.544469079
11663.425334248
11664.028440774
11664.451367053
11665.569948489
11666.787667209
11667.617768966
11668.584206033
11669.308510873
11670.203840449
11670.782802119
11671.403447120
11671.972039074
11673.437067510
11674.205731607
11674.781366706
11675.841950800
11676.845416927
11677.658955511
11678.172573477
11679.520371118
11679.929037580
11680.789951272
11681.779895080
11682.033890172
11683.169190428
11683.686585124
11685.629437886
11686.019419946
11686.953094396
11687.411677493
11688.189086606
11689.039533602
11690.232461638
11690.678055129
11691.294051209
11692.675352251
11693.206526305
11694.168446428
11695.039927896
11695.987688474
11697.089958763
11697.609447091
11698.354463471
11698.989884885
11699.732825813
11700.579653143
11701.469286839
11702.816210759
11703.568795804
11704.134629529
11705.635162597
11705.709223509
11706.318656744
11707.532915595
11708.503316290
11709.250942580
11709.984181532
11710.311681860
11711.500963329
11712.950710038
11713.521557323
11714.496703050
11715.016895810
11716.098480798
11716.494536632
11717.357640314
11718.043543317
11719.144647881
11719.915111079
11721.157413099
11722.037079637
11722.411548176
11723.204227558
11724.459415655
11725.299616525
11725.878841747
11726.514054377
11727.375668471
11728.176517688
11729.027480941
11729.906452094
11731.265491156
11732.319823616
11732.593160541
11733.211445231
11734.196293133
11734.867505999
11735.684371935
11736.833302150
11737.684911141
11737.905476897
11739.509472639
11739.976299987
11741.110505235
11741.908453209
11742.546865927
11743.530831655
11744.428773584
11744.836234279
11745.753334692
11745.949820401
11747.908671837
11748.595252916
11749.508200025
11750.095550661
11750.991623645
11751.728653678
11752.500544138
11753.257007886
11754.457707343
11754.794535205
11755.807215925
11756.598489493
11757.511229703
11758.531652514
11759.572250351
11760.399691359
11761.094313929
11761.651765077
11762.065772725
11763.594976770
11763.865059865
11764.907466346
11765.921749760
11767.206812088
11767.704549640
11768.479740270
11769.069758268
11770.008508441
11771.476412077
11771.579944058
11772.311186401
11773.359591041
11773.873277567
11774.826841080
11776.492110273
11776.924755443
11777.640988566
11778.581718289
11779.392457374
11779.936736637
11780.632880699
11781.496261054
11782.550347463
11783.645708493
11784.214861499
11784.950932685
11786.148016357
11786.811733822
11787.979802290
11788.228824300
11789.432453382
11789.964960020
11790.810151068
11791.390303517
11792.267895336
11793.549605949
11794.719514359
11795.407585505
11795.952598692
11796.862277487
11797.203196601
11798.382152447
11799.472280847
11799.990026327
11800.702336469
11801.458102155
11802.957343763
11803.451465270
11804.077344724
11805.619708276
11806.107989079
11806.699863694
11807.701408564
11808.129106362
11808.771900595
11810.041639204
11810.880108281
11812.132301387
11812.700297453
11813.611080140
11814.179896111
11815.143744888
11816.080529024
11816.471914890
11817.694115605
11818.490664733
11819.124725655
11819.561572524
11820.919409266
11822.255064096
11822.954124895
11823.530711347
11824.117979935
11825.137668866
11825.998780662
11826.288536160
11827.478997590
11828.285948348
11829.434543611
11830.221002227
11831.106306563
11831.814175569
11832.416125088
11833.637700555
11834.570302466
11835.118104673
11835.610175064
11836.432382639
11837.379558737
11838.333296156
11839.665882532
11840.112016959
11841.349799010
11841.971293719
11842.553275097
11842.975373217
11844.136958714
11845.261097858
11845.822269880
11846.530322406
11847.740902179
11848.242344142
11849.500306181
11850.290683536
11851.000272821
11852.025209052
11852.460477056
11853.356730465
11854.112210448
11854.992181501
11855.212856239
11857.300811800
11857.909723017
11858.545132438
11859.188749081
11860.006911506
11861.114555274
11861.571280181
11862.701222362
11863.217790394
11864.167455430
11864.931427599
11865.817209545
11866.741550670
11868.060951768
11868.436835794
11869.755660020
11869.963151726
11870.701636687
11871.616506327
11872.090122558
11873.598031301
11874.193930932
11874.954432792
11876.501804860
11876.692510115
11877.655780827
11878.213813083
11879.335338819
11880.190755512
11881.139579935
11881.502174214
11882.097749436
11883.119221471
11884.440578225
11885.323979609
11886.340066537
11886.867653255
11887.415432454
11888.436891277
11889.139654562
11889.882064810
11890.632003720
11891.818957132
11892.506512376
11893.735935778
11894.114408873
11894.892691144
11896.339565600
11896.953725159
11897.590458937
11898.144590028
11899.226888432
11899.912903807
11900.458452982
11901.568206849
11902.938616668
11903.778502422
11904.309205598
11905.158959262
11905.968573471
11906.264638841
11907.631929868
11908.498236921
11909.096229235
11909.996651678
11910.448398530
11911.984722017
11912.713504609
11913.545873694
11914.236217784
11915.345212157
11916.031564658
11916.637534130
11916.963588447
11918.156907889
11919.050516559
11920.359152540
11921.107763333
11921.698861610
11922.676121959
11923.545213288
11923.884751953
11925.434593631
11925.711081996
11926.506381547
11927.421214647
11928.369157895
11928.792671156
11930.054282616
11931.475871685
11932.017728482
11932.483520739
11933.375705734
11933.941588475
11934.844290704
11936.002931758
11936.287078681
11937.419024130
11938.596292690
11939.388764794
11940.014036946
11940.844766666
11941.707824498
11942.812047150
11943.300189102
11944.322587505
11944.786668391
11945.386608265
11946.312276933
11947.879958216
11948.580799142
11949.285207782
11950.254900745
11950.829804451
11951.811222288
11952.209685769
11952.960306964
11954.421185942
11955.023412261
11955.541135000
11956.555457190
11957.758769730
11958.257553676
11959.536021795
11960.162455759
11960.805889168
11961.613634378
11962.319599803
11963.251804688
11963.624257004
11964.944833468
11965.988881517
11967.175865455
11967.818092440
11968.040374778
11968.842396632
11970.198779802
11970.840189870
11971.635902190
11972.345517262
11972.919021523
11974.256240363
11974.750471473
11976.019330409
11976.821454389
11977.819319444
11978.509131598
11978.911285646
11979.940309418
11980.420980791
11981.319280797
11982.469856791
11983.459171683
11984.183258312
11984.988215185
11985.931732889
11986.792588479
11987.366016655
11988.187893636
11989.319036985
11989.988077171
11990.449375528
11991.496381630
11991.819501600
11993.796299379
11994.532032030
11994.879295476
11995.906634143
11996.762742882
11997.108831358
11998.111552145
11998.999009181
12000.025166873
12000.323019631
12001.869294487
12002.449179581
12003.313330276
12003.982840677
12005.099208541
12006.167037034
12006.617064268
12007.259470531
12007.795463394
12008.916031333
12009.747408296
12010.588562317
12012.070663676
12012.518293887
12013.537023027
12013.995197224
12014.748040693
12015.512907274
12016.696171541
12017.270436773
12018.329635522
12018.726114124
12019.659586779
12020.816913277
12021.788837926
12022.725052429
12023.347085881
12023.834360702
12025.095510870
12025.640696810
12026.190968140
12026.807833879
12028.298394056
12029.363580048
12030.008967156
12030.743901893
12031.539411461
12032.295755403
12033.296061140
12034.198345822
12034.580487905
12035.753931163
12036.353148556
12036.827198926
12038.449034731
12038.851780543
12040.285833733
12040.975618532
12041.697833199
12042.161707985
12042.856800866
12043.757385938
12044.820984560
12045.750096423
12046.150600495
12047.411299779
12048.483047505
12049.143757819
12049.522909915
12050.830067697
12051.660126321
12052.423908766
12052.926330035
12053.901723854
12054.332767290
12055.276252463
12056.842396175
12057.694841026
12058.327240722
12058.799271369
12059.920537992
12060.608137313
12061.206772059
12062.260842626
12062.855111876
12064.088547045
12064.670595125
12065.594501424
12066.207581625
12067.854959879
12068.128960549
12069.017143252
12069.940133119
12070.391933189
12071.171150776
12072.102551818
12072.725907835
12073.883966807
12075.149613615
12075.688758576
12076.799243732
12077.053698201
12078.040067393
12078.580257574
12080.131340933
12080.771125087
12080.927685265
12081.834601708
12082.989380216
12083.948707407
12085.019044297
12085.622760831
12086.638595420
12087.411539967
12088.051524236
12088.497593521
12089.467688037
12090.265199581
12091.447630001
12092.206736881
12093.273209998
12093.992172171
12094.498510612
12095.674444948
12096.629735863
12097.047691743
12097.965439411
12098.728193787
12099.739570567
12100.085494187
12100.910728436
12102.619228956
12103.340974407
12104.152640823
12104.692499968
12105.137100275
12106.413045861
12107.003469553
12107.747009537
12108.861902268
12109.511690040
12110.346772509
12111.592976735
12112.197332651
12112.858928764
12113.989590444
12114.985936952
12115.353628563
12116.365375687
12116.806139429
12117.363293184
12118.682965500
12120.047256917
12120.361924504
12121.489906717
12122.519808026
12122.780995795
12123.631655952
12124.372050485
12125.535226747
12126.223208664
12127.060197913
12127.618988021
12128.594008202
12129.644368877
12130.631341805
12131.638009739
12132.277350971
12132.684361148
12133.750735911
12134.336780540
12135.243467052
12135.958485485
12136.744566896
12138.479797857
12139.060280644
12139.234781484
12140.514256555
12140.974958068
12142.330950858
12142.905664929
12143.622230802
12144.334712063
12145.099253862
12146.032079708
12146.828413357
12148.250272842
12148.945253931
12149.607463624
12150.469534737
12151.343216332
12151.751132301
12152.226255262
12153.947270662
12154.262523310
12155.347163124
12156.064212887
12157.075092894
12158.070272662
12158.696889400
12159.391280087
12160.463597164
12161.229341760
12161.966418080
12162.509524923
12163.123045074
12164.243201288
12165.584515443
12166.548406754
12167.113786982
12167.750932364
12168.606482099
12169.183917327
12170.432753245
12170.887840566
12171.861294969
12172.515021058
12173.612628315
12174.555543100
12175.083360321
12176.104688541
12177.565102851
12177.787426352
12178.542237545
12179.062825513
12180.160690067
12180.807876304
12181.505827449
12182.932736417
12183.583453662
12184.806875624
12185.268916760
12186.023561420
12186.702075677
12187.728566455
12188.456457419
12189.498065338
12190.158281581
12190.737825123
12191.305176026
12192.955034030
12193.907355192
12194.405811604
12195.227820910
12196.279598127
12196.637570484
12197.632404547
12198.119138293
12198.915769533
12200.475804471
12200.809783168
12202.024671609
12202.778765076
12203.321034257
12204.385336319
12205.246429151
12206.103442091
12206.948809405
12207.124748604
12208.272926141
12209.173177353
12209.757974815
12211.120968006
12212.297563566
12212.761860524
12213.608683601
12214.045323563
12214.756748631
12215.843283849
12216.882922558
12217.439530840
12218.057711784
12219.345157105
12220.246011886
12220.738266959
12221.994150356
12222.672425286
12223.353641295
12224.654704198
12224.743294756
12225.577788637
12226.340773664
12227.137593136
12228.772700447
12229.476722492
12230.196574307
12230.617373301
12232.124030176
12232.289643858
12233.113907330
12234.106839419
12235.040094294
12235.780294362
12236.430186130
12237.244932401
12238.361691675
12239.390291590
12240.475236053
12240.725282295
12241.834750353
12242.162645192
12243.210013713
12243.700526330
12245.043769687
12245.435133629
12246.777657113
12247.731067237
12248.533046130
12249.184663149
12249.404345998
12251.062738477
12251.764351148
12252.399185100
12252.907988384
12253.970148815
12254.401903034
12255.935280770
12256.644744965
12257.685994194
12258.589880309
12258.981295681
12259.839527244
12260.570538063
12261.284784193
12262.129447526
12263.178003993
12264.261436898
12264.683402723
12265.637093639
12266.726534800
12267.358330526
12268.468175454
12269.123543022
12269.479073027
12270.899255819
12271.322111199
12271.839509253
12272.704342233
12274.410546279
12275.155928758
12275.750391973
12276.595115168
12277.171308433
12277.981154868
12278.837355907
12279.859208333
12280.656993901
12281.047099906
12282.145260167
12283.185647257
12284.063479796
12284.702921511
12285.825000529
12286.671186831
12287.543087971
12287.800027851
12288.516943976
12289.329015485
12290.665969745
12291.171958229
12292.512669378
12293.199395046
12294.110846772
12294.592761741
12295.592922348
12296.172678871
12297.257745012
12298.180457016
12298.617711340
12299.409512933
12300.396366574
12300.998852063
12302.851706760
12303.245027499
12303.811932868
12304.630933992
12305.395672919
12306.394147155
12306.805033323
12307.658219637
12308.696801192
12309.714217670
12310.911375818
12311.124434588
12311.990881877
12313.067273696
12313.943678717
12314.635198796
12315.542254377
12316.084278830
12316.736807185
12317.633779382
12318.550082790
12320.039230265
12320.350796378
12321.581519576
12322.414336916
12322.695975199
12323.439818613
12324.266976418
12325.437166715
12326.262756257
12327.031853548
12327.365973833
12328.979582482
12329.593071752
12330.396269711
12331.290635233
12332.219576341
12333.032867322
12333.298784385
12334.506404990
12334.985938143
12335.592935130
12337.207963011
12338.251440933
12338.706451484
12339.694358173
12340.017565156
12341.045578143
12342.159769421
12342.784137814
12343.223697185
12344.437580031
12345.235908451
12345.813304147
12346.840041369
12347.954678588
12348.986445154
12349.709122175
12350.065945131
12351.092976294
12351.558529583
12352.514734536
12353.313935209
12354.358101274
12355.262690372
12356.169960286
12357.093339610
12357.716976042
12358.649675494
12358.982060189
12360.503992202
12361.048088654
12361.776835458
12362.422436024
12362.844140248
12364.407571153
12365.397322525
12366.320998165
12366.899604218
12367.611952038
12368.743381753
12369.121868744
12369.587323342
12371.009381096
12371.646512537
12372.442221442
12373.659128445
12374.313300823
12374.914974760
12376.001135026
12377.197188957
12377.604502135
12378.274637200
12379.162024633
12379.769068825
12380.806962336
12381.311447238
12382.432864027
12384.018643852
12384.505781679
12384.940085051
12385.752255898
12386.619178121
12387.308999353
12388.514168996
12389.044124700
12389.864863535
12390.591317736
12391.525381560
12392.686289498
12393.406451964
12394.331113499
12395.069653242
12395.937813360
12396.669857979
12397.302313258
12397.778202687
12398.691913962
12400.208167603
12400.955581868
12401.535797181
12402.608667394
12403.424450519
12403.931521603
12404.843675339
12405.827577748
12406.458864641
12407.402121806
12408.004954369
12408.728836909
12409.633133452
12411.146934629
12411.608271079
12412.867892021
12413.267257378
12413.698120396
12414.550991526
12415.778455195
12416.226911202
12417.113554427
12418.041066744
12419.250920570
12419.966704105
12420.841333251
12421.026749386
12422.577178027
12423.336855433
12423.942610298
12424.711051661
12425.158566195
12426.444257279
12426.671072129
12428.406326821
12429.285404647
12429.747261557
12430.769316431
12431.498300730
12432.031896385
12432.976525220
12433.460837431
12434.983885472
12435.460030865
12436.096601459
12437.162291497
12437.942849347
12439.281255919
12439.784041198
12440.526053203
12441.301468677
12442.383046760
12442.753882352
12443.371721081
12444.352888851
12445.331633927
12446.703279656
12447.366043466
12448.197970428
12448.583598351
12449.486880449
12450.414983954
12451.318556209
12452.303303701
12452.613303921
12453.305473936
12454.613770678
12455.482521583
12456.040281958
12457.508338150
12458.102315412
12458.945860241
12459.359700083
12460.200782698
12460.803645623
12461.863340598
12462.881804464
12463.502577305
12464.923051999
12465.223372110
12466.326207165
12466.955442048
12467.813903621
12468.756496577
12469.363851296
12470.336550877
12471.207215881
12471.445771195
12472.231377163
12474.020240977
12474.844355286
12475.422157007
12476.010497935
12476.975734482
12477.714288244
12478.374264205
12479.209024736
12480.036942681
12481.035061327
12482.027675214
12482.517970196
12483.816153708
12484.248386225
12485.211292448
12486.510616597
12486.923029933
12487.394853958
12488.243230987
12489.133244886
12489.787110336
12491.037145873
12491.903066721
12492.979062595
12493.712692580
12494.481320643
12494.854440911
12495.544744054
12497.023977308
12497.699891335
12498.072351114
12499.266572343
12499.670925381
12501.082244616
12501.767762440
12502.951500363
12503.421223499
12504.388471106
12504.934672167
12505.844261877
12506.541279929
12507.003314791
12508.121808905
12509.503083369
12510.301551013
12510.952830329
12511.403331607
12512.615533966
12513.465750180
12514.062963455
12514.878391229
12515.866278109
12516.366397110
12517.287522165
12517.947086019
12519.148518013
12520.345463872
12521.157705446
12521.536383207
12522.448504881
12523.271507621
12523.560899855
12524.726184044
12525.862772138
12526.423604161
12527.070811793
12528.682470838
12529.151639090
12529.626932440
12530.814762522
12531.464004889
12532.731156544
12533.125136295
12533.774202562
12534.302823717
12535.362202393
12536.467166440
12537.763102942
12538.187147326
12539.229806689
12539.780526190
12540.427081822
12541.491821623
12541.985296955
12542.994029122
12543.852014224
12544.703978166
12545.522769854
12546.294948378
12547.158478134
12548.622999551
12548.911941119
12549.872800789
12550.269485928
12551.251609744
12552.048492087
12552.961212488
12553.139455805
12555.139552252
12555.564020625
12556.603089146
12557.180010185
12557.948468041
12558.487270392
12559.808582432
12560.473898914
12561.246033565
12561.889869747
12562.573436459
12563.572806816
12564.943429198
12565.554388999
12566.203274089
12567.501541156
12567.979667271
12568.574700025
12569.178067583
12569.989013429
12571.195309379
12571.990365121
12572.987246897
12573.653894582
12574.682164055
12575.444289025
12575.993515064
12577.175030996
12577.893140510
12578.464846694
12579.416408112
12580.063923059
12580.795833295
12581.638799251
12583.219516749
12584.036763798
12584.695827074
12584.969984520
12585.917785699
12586.963854835
12587.450318508
12588.668515539
12589.017101553
12590.085986843
12591.320933433
12591.785981080
12592.641668235
12593.547304947
12594.850042637
12595.032918364
12596.026491651
12596.763913951
12597.531532013
12597.718735830
12599.355249620
12600.190931386
12601.233507225
12601.969550602
12602.596975946
12603.724868868
12604.022565390
12604.726753188
12605.932603916
12607.025050018
12607.388410913
12607.908311329
12609.083572808
12610.216051839
12611.079051951
12611.884537210
12612.864166766
12613.077863057
12614.250898819
12614.796579769
12615.453704129
12616.435927770
12617.314914226
12618.574475071
12619.539964590
12619.922315859
12620.643274802
12621.456635662
12622.685672429
12623.515138919
12623.835932118
12624.567955530
12625.721214914
12626.287234343
12627.185186904
12628.452032513
12629.418777771
12630.022981547
12630.899345131
12631.481355947
12631.878457733
12633.160185865
12633.703547068
12634.848545321
12635.646551421
12636.409366261
12637.308077533
12638.395884169
12639.014983506
12639.728280031
12640.635928580
12641.695390029
12642.137920300
12642.838921602
12643.625810472
12644.136926767
12646.222635796
12646.509396258
12647.229806229
12648.235496302
12648.851233433
12649.590003594
12650.289817014
12651.467816215
12651.890836848
12653.075960832
12653.465021799
12654.978986167
12655.211371632
12656.288960930
12657.633094015
12658.019611038
12658.937570710
12659.495551361
12659.921146997
12661.226396073
12661.780425787
12662.773933586
12663.796247246
12665.101403124
12665.497216058
12666.126813837
12666.807432905
12667.950859127
12668.598344424
12669.680128100
12670.251397798
12670.864754224
12671.597846180
12672.818953314
12673.824041013
12674.966451377
12675.333121478
12675.990827394
12677.140904663
12677.709518616
12678.389018037
12678.800426731
12680.329935394
12681.164615346
12681.973536631
12682.782192110
12683.550300272
12684.373691843
12685.517185082
12685.887530566
12686.905228255
12687.599987372
12688.374450905
12688.980058015
12689.813833360
12691.081610986
12692.047729951
12693.120974086
12693.554968645
12694.216166249
12694.930269320
12695.563998266
12696.937905031
12697.614708772
12698.024109484
12699.089676822
12700.221034361
12700.986759046
12701.792031126
12702.390283443
12703.873903143
12704.205762379
12704.963192778
12705.536949142
12706.501780224
12706.998479297
12708.205585375
12709.656833053
12710.138441747
12710.685098217
12711.827104698
12712.380908604
12713.182489035
12713.942000144
12715.003384573
12715.469340825
12716.757172815
12717.182245057
12717.722594914
12719.411669751
12720.153017271
12720.932312407
12721.516855177
12722.306703842
12723.072635476
12723.823199082
12724.468945331
12725.485637942
12726.399745357
12727.656000205
12728.213533749
12729.072393434
12729.773830691
12730.315410615
12731.639218008
12732.511817536
12732.890588659
12733.768964950
12734.137042661
12735.501035796
12736.434440750
12737.378437725
12738.235111357
12739.215046946
12739.733911196
12740.242307482
12741.287366738
12741.641354034
12743.109905525
12743.736901708
12744.448362301
12745.549291002
12746.488331977
12746.872680562
12748.210375931
12749.099222957
12749.302553519
12750.345051271
12751.338763038
12751.812391950
12752.424295211
12753.317813665
12754.982129328
12755.774321193
12756.281511061
12756.954013294
12757.614212996
12758.727579817
12759.474300912
12760.007415459
12761.243040506
12761.737243100
12762.525217141
12763.861621123
12764.232565902
12765.465484022
12766.256043239
12767.097096737
12767.938335712
12768.351471453
12768.962886441
12769.872734714
12770.881152293
12772.007724771
12772.689617255
12773.647020649
12774.647629513
12775.326030895
12775.567974859
12776.704501416
12777.826747183
12778.500091482
12779.070359871
12779.819758418
12780.627437524
12781.648932598
12783.120755441
12783.532268686
12784.315566049
12785.181747904
12785.742820801
12786.472683853
12787.442571142
12788.160480336
12788.754943056
12790.395740978
12790.856989990
12791.900549917
12792.084229651
12793.506556840
12794.172275649
12795.369944994
12795.489968094
12796.344024732
12797.306399688
12798.042411698
12798.635101109
12800.127155818
12801.090531917
12801.741839441
12802.413952117
12803.365737788
12803.764436416
12804.442220535
12805.692528713
12806.633999185
12807.135639057
12807.845505454
12808.939291008
12810.196864704
12810.513558375
12811.529420882
12812.394719387
12813.183911513
12813.965108507
12814.707723374
12814.913421701
12815.995413114
12817.441290561
12818.102325982
12819.331515531
12819.746680995
12820.269784441
12821.427985913
12822.026578685
12823.071538650
12823.681856370
12824.412695939
12825.493267496
12825.944002491
12827.195782021
12827.740009620
12829.285697941
12829.947853878
12830.535798653
12830.724772939
12832.108771143
12832.586931619
12833.434098365
12834.424622412
12835.246199899
12836.468697755
12837.198750750
12837.818013472
12838.578207680
12839.409520970
12840.417490542
12841.162280953
12842.002408460
12842.543847443
12843.166484342
12843.996657871
12845.782811665
12846.143681819
12847.044091832
12847.750849744
12848.754381429
12849.380200049
12849.759912279
12850.705571146
12851.857649645
12852.611431808
12853.476514733
12854.270651517
12855.130072459
12856.099341615
12856.841442312
12857.795894971
12858.517298300
12859.274480088
12859.676224288
12860.712430429
12861.751997915
12861.919312540
12863.801539120
12864.545208771
12865.160476267
12866.039019388
12866.316323407
12867.225239041
12868.680127011
12868.911503923
12869.967167224
12870.309497453
12871.703467651
12872.380696423
12873.223597929
12874.423461786
12874.977517400
12875.918171915
12876.649320288
12877.242289982
12877.905696334
12878.622168651
12879.614933856
12880.920233723
12881.828634434
12882.127332381
12883.412280870
12883.920480913
12884.824828130
12885.626689356
12886.176463718
12887.606958049
12887.918963184
12888.581407158
12889.311300936
12890.597932650
12891.799207076
12892.463361330
12893.185124957
12893.859495845
12894.525112420
12895.364442079
12896.150144297
12896.888769927
12898.136905644
12898.434318006
12900.002493426
12900.671227455
12901.145975198
12901.813742745
12903.355734344
12904.006561897
12904.285191912
12905.397386550
12905.758076702
12906.741506467
12907.763781155
12908.801278479
12909.784784353
12910.658709295
12911.303048605
12911.801718114
12912.707463124
12913.410807817
12914.312067425
12915.361760744
12915.963035575
12916.872108236
12917.503658649
12918.725600161
12919.582834609
12920.655024031
12920.793476051
12921.983668029
12922.563112969
12923.604527803
12923.945919300
12924.550903005
12926.054779683
12927.363703909
12927.752641719
12928.337542455
12929.349446124
12930.157258555
12930.620246610
12932.021305340
12932.553967439
12933.031082706
12934.062775167
12934.900923589
12935.789462480
12936.863911758
12937.645383886
12938.701903129
12939.325665906
12940.021417437
12940.403162318
12941.188998935
12942.540554844
12943.155448140
12943.888244482
12945.215606077
12945.888098389
12946.598456261
12947.483520849
12948.012262059
12949.173483796
12950.170978507
12950.370881114
12951.338822390
12952.207350941
12952.543697130
12954.208423151
12955.350246433
12955.775669514
12956.427013155
12957.142863604
12958.276139528
12958.683062050
12959.509293016
12960.316304830
12961.444931474
12962.249982264
12963.004045773
12963.922803102
12964.542595550
12965.916854902
12966.431581011
12967.161334934
12967.922966365
12968.594562203
12969.534224550
12969.858983027
12971.295382712
12972.269786782
12973.059184346
12974.288483382
12974.537955501
12975.134812455
12975.966684471
12977.003068538
12977.968672534
12978.733678536
12979.237334670
12979.826990002
12981.480384040
12981.979301779
12982.828944467
12983.962660515
12984.497524181
12985.344881962
12986.009754162
12986.540370387
12987.509958311
12988.155671074
12989.617910641
12990.399412852
12991.131575858
12992.062597878
12992.339886756
12993.688387657
12994.383591203
12995.103807398
12995.729237033
12996.832443340
12997.359344997
12998.251295811
12998.884197565
13000.701604185
13001.175339942
13001.725955869
13002.709111431
13003.130517565
13004.029500656
13004.764722122
13005.860702313
13006.406899436
13007.460262556
13008.443761436
13009.190802794
13010.145125064
13010.656744052
13011.599603068
13012.569133367
13013.606250422
13013.961568199
13014.249060099
13015.378862845
13016.364703732
13017.683202082
13018.463267905
13018.986556056
13020.065696820
13020.734800221
13021.333389981
13021.883576228
13023.181323613
13023.949284513
13024.552739924
13025.487959252
13026.461475252
13027.049302692
13028.307131523
13029.117970599
13030.029388600
13030.372567202
13031.070624495
13032.316541791
13032.568358503
13033.529506605
13034.357560963
13035.870304591
13036.697271296
13037.145933758
13037.764049458
13038.589307578
13039.643525906
13040.546036826
13041.053218678
13041.934391147
13042.719730332
13043.299400019
13044.498543202
13045.711746786
13046.066885807
13047.439484799
13047.824751807
13048.548722623
13049.448840167
13049.931550030
13050.537038896
13052.268712996
13052.584648443
13053.512423474
13054.474708774
13055.414069557
13056.104527243
13056.652615603
13057.875358731
13058.430780070
13059.321205372
13060.034856015
13060.681083274
13061.217560471
13062.805771115
13063.685773192
13064.746805445
13065.042891299
13065.924146785
13066.394722127
13067.518418989
13068.249849065
13069.157996398
13069.663091542
13070.774152634
13072.097399990
13072.238755978
13073.166638313
13074.285437305
13075.241081177
13076.037319658
13076.303497965
13077.274747349
13077.834590235
13078.941176533
13079.502784329
13081.025181250
13081.777125477
13082.461236043
13083.176850080
13084.264483061
13084.458346009
13085.350492707
13086.623584222
13087.268841412
13088.022086297
13088.515090574
13089.564562880
13090.707661697
13091.883142313
13092.337793720
13092.785581020
13094.245257526
13094.619941693
13095.067238019
13096.060984276
13096.803450296
13098.003010990
13099.022404557
13099.844186734
13100.424051399
13101.238248345
13101.911174593
13103.156827627
13103.692600260
13104.609975844
13105.036942150
13105.868423713
13106.970233458
13107.618678454
13108.732785830
13109.914887350
13110.648070298
13111.094219437
13111.920290288
13112.293383822
13113.509357118
13114.338443682
13115.037312997
13116.116407828
13116.663903030
13118.158280067
13118.380151647
13119.247323776
13120.457904995
13120.930664780
13121.841633929
13122.597043306
13123.451220262
13123.770608998
13124.493512472
13126.533334879
13126.800930511
13127.781861761
13128.314761732
13129.341612588
13129.851832887
13130.914598694
13131.304060239
13132.425375914
13133.353699382
13134.045551850
13134.667971996
13135.941140000
13136.580811690
13137.650069481
13138.600978572
13139.081962651
13139.741714397
13140.461692335
13141.266174459
13142.124210471
13143.049105407
13143.982424822
13145.191680263
13145.930508980
13146.466012636
13147.108698582
13147.838278690
13149.135852562
13149.991628775
13150.345969815
13150.953040318
13152.083716139
13152.822728546
13154.061398538
13154.894754067
13155.834554972
13156.263819410
13157.225951097
13157.915135955
13158.591768077
13159.104327894
13160.419126515
13161.115444654
13162.432080917
13163.023102631
13163.356824436
13164.760049278
13165.604270361
13166.032423947
13167.050453396
13167.757611090
13168.556615517
13169.337847253
13169.783291342
13170.894639936
13172.487680806
13172.962944730
13173.729472560
13174.419136873
13175.066067169
13175.942849295
13176.524351033
13177.917922944
13178.416268648
13178.868588071
13180.222335728
13181.130702447
13181.913301033
13182.439763135
13183.599020661
13184.711510139
13184.973793531
13185.750932295
13186.365442763
13187.122212890
13188.202266464
13189.402566795
13190.086788096
13191.156981264
13191.671794083
13192.715855341
13192.816218066
13194.284107350
13194.734086600
13195.621716226
13196.805668697
13197.013682516
13197.964880727
13198.933854824
13200.222247352
13201.011194461
13201.649035165
13202.294554843
13202.872990259
13204.011570274
13204.803811395
13204.944076598
13206.253497195
13207.725654825
13208.005694849
13209.087122001
13209.841251154
13210.183359311
13211.554901899
13212.261494526
13213.023542387
13213.670775002
13214.495413777
13214.934021056
13216.256865162
13217.256945224
13218.237768164
13218.761591990
13220.027934844
13220.335878345
13221.109341972
13221.442585868
13222.820735403
13223.692426477
13224.520399574
13225.006488530
13226.342022122
13227.040287791
13227.771082332
13228.772656113
13229.460780020
13230.284088087
13231.207809292
13231.572600839
13232.420176918
13233.230154403
13234.035177869
13235.852345867
13236.193676940
13236.990663544
13237.304671360
13238.544236295
13239.122324874
13240.107526801
13240.820251798
13241.526226569
13242.410549759
13243.447163735
13244.153155751
13244.837308244
13246.275567098
13246.881408999
13247.507943370
13248.336432584
13249.071053562
13249.524348353
13250.442188468
13251.474956263
13252.504113926
13253.320902272
13254.294796292
13254.995654196
13255.721860810
13256.484095137
13256.984359450
13258.581563081
13258.820075216
13259.732967502
13260.265294848
13260.946746064
13262.600569921
13263.255071335
13264.052103039
13264.979647856
13265.550497075
13266.263982476
13267.060719777
13267.737454551
13268.541808032
13269.596027919
13270.494003680
13271.572666526
13272.090573725
13272.909956971
13273.610867403
13274.924628794
13275.677337167
13275.966465562
13276.662715953
13277.887456993
13278.538081508
13278.909665778
13280.616141210
13281.314958975
13282.514104711
13282.853475731
13283.264018034
13284.406863543
13284.921683394
13286.197825248
13286.655994092
13287.739481270
13288.254881304
13289.299997635
13290.319467678
13291.214085062
13291.750468881
13292.760619538
13293.560455423
13294.398279911
13294.838070366
13295.559297347
13296.152379350
13297.727813339
13298.684304919
13299.319831465
13300.014158212
13300.972067231
13301.628490819
13302.348007254
13303.161200952
13304.192212892
13304.979118933
13305.316393071
13306.538080855
13307.251628931
13308.155696459
13309.489570026
13310.199837684
13310.662676618
13311.434902525
13312.150696819
13312.785901401
13313.917039231
13314.668401911
13315.252270335
13316.776159529
13317.587857321
13318.026078612
13318.662768871
13319.690537916
13320.765889967
13321.280705607
13322.252511297
13322.835238609
13323.267634980
13324.436324415
13325.356524297
13326.901216714
13327.099783436
13327.930806561
13328.832824735
13329.684438541
13330.071320186
13330.867541415
13331.752409130
13333.106605383
13333.499145614
13334.360665150
13335.249006295
13336.315048396
13336.965229330
13337.989935205
13338.556588454
13339.305653813
13340.313585058
13340.680931950
13341.555294106
13342.250647025
13343.699317639
13344.776573716
13345.138633367
13346.384614546
13346.613044255
13347.060564810
13348.579201597
13349.326683508
13349.853466333
13350.637095604
13351.486164097
13352.517754480
13353.546620004
13353.993230136
13355.175363619
13356.219447989
13356.704030424
13357.230665293
13357.900758218
13358.978692414
13359.435117744
13360.716951720
13361.736184675
13362.522297100
13363.202728288
13364.080460477
13364.874072212
13365.451497337
13366.588615404
13367.065185425
13368.226401598
13368.750491556
13369.423127510
13370.071800895
13371.768077310
13372.677532014
13373.021494323
13373.878269355
13374.534102874
13375.580851718
13376.043114677
13376.691600977
13378.015939442
13378.488590159
13379.698198002
13380.732151044
13381.053494627
13381.963770642
13382.949673388
13383.755529399
13384.778161960
13385.332043292
13385.621785461
13386.652586509
13387.503245532
13388.716842580
13389.343315026
13390.763347698
13391.223755796
13391.827252934
13392.717120779
13393.162311769
13394.070644680
13395.405445599
13395.918638962
13396.372216775
13397.593044748
13398.488149404
13399.194480973
13400.392606318
13401.021910633
13401.752733460
13402.430552591
13403.403107201
13403.965815197
13404.662135733
13405.244465534
13406.907370347
13407.883533816
13408.341752400
13409.055835693
13409.734981203
13410.913530892
13411.394775965
13412.401705048
13413.009370812
13413.855368782
13414.933835268
13415.097617679
13416.529643274
13417.441505246
13418.360759670
13419.121520490
13419.996864879
13420.367380063
13421.004802699
13421.926003293
13422.934413926
13423.703520907
13424.779659421
13425.324809433
13426.732836487
13427.306793677
13427.627896101
13428.587199212
13430.007115361
13430.289897747
13431.195695132
13431.679591034
13432.520899777
13433.322625667
13434.811628674
13435.638978536
13436.244436351
13437.027702166
13437.881692749
13438.309033835
13439.293466636
13440.151624266
13440.704027027
13441.831698924
13442.898231189
13443.358722511
13444.340292669
13445.009416109
13446.424461132
13447.003314816
13447.373847425
13448.362595852
13449.163492965
13449.726003465
13450.658914042
13451.331873918
13452.904528111
13453.639774153
13454.288346125
13455.002759375
13455.717429213
13456.411831323
13457.264937026
13458.472826315
13459.001361048
13459.744566035
13460.142035520
13461.927148840
13462.175279194
13463.451114856
13464.023014024
13464.961880820
13465.768920653
13466.404818443
13467.124664385
13467.298736272
13468.992754689
13469.624935437
13470.718356568
13471.589550353
13472.182814325
13472.974973795
13473.759322172
13474.791777987
13475.345684613
13476.236428461
13476.991399130
13477.651889177
13478.599844891
13479.181687766
13480.661873738
13481.655233666
13482.344876269
13482.651846995
13483.408149943
13484.343706878
13485.252228148
13485.819676887
13486.799678301
13487.572440895
13488.872415907
13489.379276132
13490.175436803
13491.089125240
13491.743960141
13493.020843263
13493.546433696
13493.987518456
13495.134640010
13495.387696714
13496.320566953
13497.976884244
13498.673083418
13499.062807300
13500.388398004
13500.879642134
13501.641100599
13502.070283120
13503.131672674
13504.271325052
13504.813964539
13505.631872381
13506.361267867
13507.347036416
13508.662038582
13508.933926903
13510.043036642
13510.998237525
13511.192699916
13512.073531549
13513.095539396
13513.536267896
13514.434503519
13515.739065753
13516.868390996
13517.426489486
13517.945456560
13518.645872330
13519.585309199
13520.736659110
13521.342482051
13521.885910910
13522.677794686
13523.616741369
13524.525267710
13525.304246490
13526.470243724
13527.466724134
13527.899090450
13528.705817361
13529.458524625
13530.073182445
13530.705386551
13531.819217892
13532.997705906
13533.381153341
13534.632019281
13535.213406298
13536.172138229
13536.900031014
13537.788740366
13538.259647215
13539.560370487
13540.200658856
13540.678659342
13541.118165107
13542.465998684
13543.801534177
13544.511833087
13545.389884128
13545.629011081
13546.796162816
13547.360724670
13548.064922834
13549.104923316
13549.836617446
13550.641674358
13551.513797405
13552.670565060
13553.399112564
13553.617923691
13555.495451336
13555.677423409
13556.612127596
13557.229323767
13557.683741918
13558.822560522
13559.541177050
13560.436515157
13561.708370327
13562.545272337
13563.182147131
13564.098637448
13564.359559852
13565.288986720
13566.529537840
13566.995791356
13567.909217076
13568.762340172
13569.185855169
13570.287461057
13571.689272528
13572.155533426
13573.110893501
13573.570377361
13574.692801534
13575.303057108
13575.776166599
13576.726429452
13577.324048554
13579.063607398
13579.551114029
13580.179873840
13581.128400813
13581.988825548
13582.555256838
13583.635921419
13584.386578458
13585.162407363
13585.563759078
13586.922409622
13587.031321295
13588.439659135
13589.470177773
13590.353260111
13591.178775139
13591.865706456
13592.233822988
13592.969616203
13593.998781724
13595.084483457
13595.690328517
13596.227801992
13597.700270801
13598.364883990
13599.130278927
13599.712487914
13600.921680798
13601.585173487
13602.601861987
13602.798531624
13603.953385701
13604.200195148
13605.291782459
13606.739099467
13607.538098233
13608.340404848
13608.820619820
13609.529356874
13610.844677310
13611.075909983
13611.758081511
13613.049903154
13613.787280108
13614.384904893
13615.445173147
13616.005258819
13617.300107205
13618.216193363
13618.894820291
13619.404413333
13620.224594891
13621.145106110
13621.669606547
13622.315420472
13623.676087000
13624.355536012
13625.627252824
13626.295082883
13626.904939661
13627.501044557
13628.321740163
13629.450682523
13630.363852627
13630.877084166
13631.385942962
13632.214779507
13633.465675770
13634.344290929
13635.255222421
13635.976373484
13637.038492867
13637.707151667
13637.876493050
13639.037364680
13639.541421207
13640.746878945
13641.469177626
13642.672314315
13643.234016877
13644.010147048
13644.996999915
13645.661886758
13646.762346040
13647.238381969
13648.039816207
13648.800043051
13649.882606341
13650.109478692
13650.916382221
13652.835117235
13653.476711039
13653.762102740
13654.713337733
13655.590274721
13655.925513990
13657.127325121
13657.941548509
13658.470557266
13659.599223126
13660.250093893
13661.354723526
13662.067096488
13662.937704302
13663.692566248
13664.776133508
13665.495536851
13665.980843927
13666.715984317
13667.162999003
13668.507692373
13669.388333483
13670.577198501
13670.983470444
13672.162385369
13672.798654477
13673.300528062
13674.028043195
13675.179696977
13675.949469578
13676.763183637
13677.328035529
13678.024477833
13679.333460098
13679.964084339
13681.372752287
13681.980530243
13682.234714075
13683.229032483
13684.081779315
13684.758085766
13685.433661908
13686.248689523
13687.430808019
13688.567819924
13689.300571590
13689.685561073
13690.391711208
13691.686753750
13692.528798697
13692.919057114
13693.833950459
13694.687839496
13695.186552102
13696.062136488
13697.293211881
13698.179567505
13699.198073115
13699.768643323
13700.570303866
13701.138209289
13702.066090637
13702.315412069
13703.844250806
13704.597265680
13705.207588154
13705.973534535
13707.373448715
13707.761298050
13708.847724701
13709.270157285
13710.519841719
13711.119109414
13711.909375885
13712.327507936
13713.265801578
13713.876172800
13715.656537996
13716.087378327
13717.184990223
13717.586911351
13718.318091232
13719.215370206
13719.902914039
13721.105177367
13721.465504656
13722.178491486
13723.476717308
13724.177958061
13724.694607610
13725.950825582
13726.929389389
13727.666684449
13728.405412162
13728.871256183
13729.467424985
13730.756095832
13731.107283910
13732.113630401
13733.368971428
13734.220097336
13734.900000430
13735.629213444
13736.519623957
13736.959412482
13738.016249069
13739.112801552
13739.668439025
13740.170758840
13741.044046212
13741.753510281
13743.441466819
13743.999687486
13744.579490707
13745.585531164
13746.225342092
13747.234352075
13747.459449628
13748.222635443
13749.413278602
13750.375195030
13751.097852804
13752.063388791
13752.978526705
13753.314643138
13754.533621291
13755.382270592
13756.281684530
13756.471909013
13757.713988307
13758.062443803
13759.082701322
13759.905814768
13760.983672111
13762.322996940
13762.798155437
13763.495970486
13763.860985887
13764.763439845
13765.962029621
13766.403145134
13767.637946242
13767.883589992
13768.958616396
13770.105793086
13770.804563510
13771.440396601
13772.680808842
13773.424240690
13773.764480909
13775.097703586
13775.350817789
13775.952741863
13776.819281669
13778.269290032
13779.342685472
13779.695472485
13780.501722973
13781.573319034
13782.116110674
13782.804971719
13783.796303647
13784.420405703
13785.725938072
13785.930137813
13786.700240642
13787.766870237
13788.865677265
13789.960702857
13790.396653244
13791.276315861
13792.007703695
13792.491227537
13793.298659730
13794.351286801
13795.056716325
13795.793031878
13797.313109564
13797.733480224
13798.647667933
13799.282777404
13799.798590506
13801.287978833
13802.022133558
13802.381092692
13803.032438965
13803.930709599
13804.879994078
13805.696573055
13807.101717647
13807.666035938
13808.379932089
13809.280031634
13809.929137811
13810.419228002
13811.319244775
13812.259715226
13813.180474368
13813.963428841
13814.964116152
13815.402890500
13816.554150678
13817.624223435
13818.128184797
13818.882079197
13819.716840711
13820.554594132
13821.201538844
13821.955707850
13822.323971454
13824.131851131
13824.890855496
13825.871513978
13826.116436137
13827.043619075
13827.760699856
13828.626280467
13829.484937367
13830.369242882
13831.087325265
13831.514542687
13832.833420981
13833.808341518
13834.283280084
13835.358887312
13836.503551351
13837.044075547
13837.517163503
13838.201925729
13839.089260069
13839.727783661
13841.174410426
13841.595907957
13842.698734526
13843.872596195
13844.246504508
13844.710240420
13846.076126605
13846.438799437
13847.649880145
13848.162346997
13849.008597516
13849.830915218
13850.134864167
13851.728780181
13852.867651267
13853.357445221
13854.276557148
13854.471820800
13855.722951587
13856.342645122
13857.107493605
13857.641441386
13858.936709721
13859.806515865
13860.775173566
13861.240803724
13862.148449885
13863.062929210
13863.989908543
13864.674095558
13865.566557552
13865.975915590
13866.734320378
13867.674121024
13868.414090078
13869.799934993
13870.532680098
13871.322612287
13872.276828914
13872.749950063
13873.418006960
13873.881056505
13875.641801540
13875.913238827
13876.574495747
13877.491214067
13878.452700552
13879.582603922
13880.058118238
13881.241346431
13881.702378931
13882.800179158
13883.396013771
13883.919484772
13884.678662554
13885.591241210
13886.344064316
13888.086042255
13888.465077190
13889.037508056
13889.883007570
13890.686721960
13891.573186994
13892.437536528
13893.042726576
13893.756952005
13894.911990321
13895.322023105
13896.276225327
13897.187941240
13898.559842024
13899.154461609
13899.848603846
13900.306459849
13901.409397582
13901.778407371
13902.694644987
13903.698166452
13904.556985239
13905.438556276
13906.348915856
13907.346710605
13907.974053300
13908.299979019
13909.671272628
13910.369176206
13911.195120501
13912.041241025
13912.266074348
13912.965064098
13914.573601715
13915.501600252
13916.076739796
13917.141622529
13917.747197004
13918.368006300
13919.185951839
13919.841552313
13920.722522131
13921.695160926
13922.562763337
13923.209573032
13924.465071122
13924.758376312
13925.850134348
13926.956195106
13927.756328854
13928.082060993
13928.757986038
13929.893769121
13930.557892461
13931.025051903
13932.156812812
13933.663532587
13934.222578328
13934.930667684
13935.521887671
13936.174604824
13937.194969375
13938.032204997
13938.878282402
13939.643684205
13940.075169800
13941.281672117
13941.979028677
13943.175701733
13944.083871562
13944.412003515
13945.674758705
13946.359667187
13946.815277021
13947.491028228
13948.152410485
13949.411206711
13950.494239736
13951.085409467
13952.184288408
13952.556515171
13953.901247343
13954.198830904
13954.921698408
13956.258905063
13956.716308652
13957.454932038
13958.105583141
13959.111024890
13959.746781384
13961.403276146
13961.907816298
13962.700479892
13963.433299161
13963.835387005
13964.780677783
13965.666915531
13966.491957437
13967.193887633
13967.985729086
13969.468703252
13969.941969346
13970.471572138
13971.385050425
13972.543669055
13973.330995782
13973.883258277
13974.615602680
13975.236854411
13976.175435586
13976.718246421
13978.277446282
13978.989253410
13979.899009118
13980.490280273
13981.402711349
13981.912479560
13982.747616713
13983.406158815
13984.529962654
13985.501518958
13986.059926331
13986.441926913
13987.991457069
13988.737164129
13989.547270515
13990.514943300
13990.907268826
13991.891149220
13992.613054336
13993.369045467
13993.701595859
13994.891315749
13996.248244497
13996.841127376
13998.009841825
13998.259418177
13999.101608511
13999.733238284
14001.228725730
14001.549249129
14002.215706513
14003.102217462
14003.814021270
14004.818601623
14005.779164942
14006.467649555
14007.864900352
14008.416056563
14008.858773688
14009.841452020
14010.137225800
14011.150712642
14012.348461315
14012.675260132
14014.016176259
14014.760290743
14015.547714342
14016.445517909
14017.059089308
14018.044314358
14018.647898984
14019.688291712
14020.420069545
14020.914730706
14021.716609287
14022.285603753
14024.000636588
14025.037441542
14025.349819062
14025.811401496
14027.123025294
14027.775707892
14028.126282386
14029.135976684
14030.240411315
14030.702277739
14031.819920969
14032.680650084
14033.331188861
14034.267440927
14035.197034017
14036.123097951
14036.743996277
14037.537522314
14038.018552630
14038.656691932
14039.919507610
14040.459877073
14041.666280535
14042.644252755
14043.677663842
14043.963420715
14044.681410936
14045.372527997
14046.389206492
14047.544127857
14047.960141650
14048.597689829
14049.455677230
14050.453265980
14051.441535241
14052.354796745
14053.232594299
14053.846283917
14054.754938304
14055.144895780
14056.310044944
14056.755655790
14057.211840172
14058.853053004
14059.717925147
14060.417068387
14061.141556980
14061.869752649
14062.761748115
14063.805784871
14064.272638908
14065.014244935
14066.035218100
14066.687666309
14067.346468494
14068.019474913
14069.723702695
14070.134813997
14071.262807662
14071.858761255
14072.580639475
14072.835610765
14074.164884442
14074.625386783
14075.942619567
14076.390773377
14077.166822148
14078.535454102
14079.206170923
14079.788965774
14080.512718735
14081.697215049
14082.633542348
14083.017607021
14083.602195410
14084.434306027
14085.141695456
14086.337375235
14087.495147078
14088.276127421
14088.854902063
14089.766549832
14090.338963668
14091.154510832
14091.883790686
14092.826410281
14093.600006194
14094.432728463
14095.254538127
14096.109128862
14096.685757053
14098.377849694
14098.717246985
14099.406045245
14100.127913307
14100.945925181
14101.812148670
14102.229783020
14103.241334677
14104.034786425
14105.588001164
14106.260446527
14106.515802521
14107.657792356
14108.227637127
14109.016341611
14110.148099201
14110.853877106
14111.558645367
14111.979059067
14112.904709845
14114.202946715
14114.930659909
14115.891609483
14116.718666234
14117.368395165
14118.522584857
14118.644967838
14119.156253015
14120.360872973
14121.520164834
14122.026879245
14123.070304487
14123.867953939
14124.887812998
14125.335937684
14126.271289266
14127.247336322
14128.060027724
14128.348484533
14129.655340296
14130.069690339
14130.636479497
14131.780754691
14133.242112993
14133.971842619
14134.535372090
14135.220707899
14135.695293924
14136.892611889
14137.569602247
14138.467977798
14138.849373606
14140.300868465
14140.733898131
14141.794748297
14142.652715657
14143.224517556
14144.566030795
14145.119561810
14145.819296178
14146.453398261
14147.213898951
14147.914467464
14148.638104272
14150.274646869
14150.674812745
14151.595215238
14152.651947014
14153.128091857
14153.959566309
14154.335589533
14155.576897252
14156.566229020
14157.112011822
14157.770737791
14158.415164274
14159.649228384
14160.762203159
14161.440699989
14162.218578135
14163.037268844
14163.626115898
14164.478291493
14164.981551371
14165.955200460
14166.681484193
14167.754224600
14168.964777927
14169.654653686
14170.145602070
14170.719355648
14172.158659333
14172.627240966
14173.572065923
14174.369547992
14174.537794405
14175.812314122
14176.667427735
14177.154839706
14178.783249568
14179.422941655
14180.418114078
14180.536132122
14181.600279998
14182.274000970
14182.829285292
14184.042040165
14185.029380553
14185.326047639
14186.502544622
14187.454147524
14188.097451083
14189.192297006
14189.734790459
14190.458381639
14191.661543426
14192.220424231
14192.687704553
14193.365806360
14194.174238935
14195.793051113
14196.598951079
14197.074405156
14198.086878297
14198.630661730
14199.473119622
14200.147773069
14201.097159382
14201.841548042
14202.749889889
14203.303516927
14204.408499331
14205.145378419
14206.029610925
14206.971319545
14208.295415529
14208.452740659
14208.990914068
14209.836896375
14210.696884658
14211.666495241
14212.108927076
14213.390255160
14214.414795186
14215.228330062
14215.926427771
14216.494144403
14217.065857242
14218.521761322
14219.060947118
14219.637262018
14220.647117060
14221.267997158
14221.736285414
14223.308902281
14224.227007205
14224.968579966
14225.486192348
14226.579156644
14227.066464245
14227.982862649
14228.346812197
14229.250727472
14230.516239043
14231.301598913
14232.256563591
14232.571719982
14233.993281916
14234.398639589
14235.374542497
14236.369783659
14236.695670978
14237.780589826
14238.378036044
14238.942711742
14239.949746411
14240.944802914
14242.231823907
14242.994667576
14243.502743690
14244.148655105
14245.070016828
14245.368428398
14246.938088589
14247.413285236
14248.142035928
14248.719417615
14250.246652776
14250.825862799
14251.383071330
14252.531453027
14253.478630068
14254.074195336
14254.863957342
14255.497557874
14256.067406519
14256.840012497
14257.985363033
14258.960409793
14260.291093065
14260.429345140
14261.208247653
14262.320587787
14262.869989944
14263.686866370
14264.332771615
14265.603969609
14266.010805918
14266.927499980
14267.398198869
14268.584651548
14269.887604954
14270.692584634
14270.943620695
14271.974583206
14272.580981516
14273.427539855
14274.116675085
14274.753226310
14275.915823820
14276.806138654
14277.744641395
14278.727220777
14279.158657690
14279.818345829
14280.794739095
14282.001725535
14282.488428041
14283.207173793
14283.568998599
14284.757239479
14285.393312940
14286.874518187
14287.338726264
14288.363922363
14289.434330593
14289.813855850
14290.198761957
14291.135089873
14292.176064973
14292.835703802
14293.935461716
14294.484140549
14295.458070204
14296.344439031
14297.129813713
14298.098113260
14298.833568203
14299.588795775
14300.273296271
14301.018695846
14301.938178096
14302.531441094
14302.880594703
14305.056677363
14305.391054441
14306.149387603
14306.938064123
14307.417735266
14308.550649006
14309.185228546
14309.976471692
14310.975220413
14311.411075128
14312.495657049
14313.167879139
14314.306805085
14314.915656037
14316.251519554
14316.570501489
14317.690463089
14318.128917944
14318.830553532
14319.282465896
14320.568477391
14321.550779638
14322.141077602
14323.322064349
14324.202710953
14324.764269689
14325.499656679
14326.151358294
14327.161098513
14328.167196167
14328.858421485
14329.265337197
14329.979066568
14331.089677908
14332.091740555
14333.216148478
14334.192466030
14334.303079953
14335.148928661
14336.164439481
14336.920719359
14337.194967581
14338.605927060
14338.945818982
14340.578000872
14340.932401718
14341.931788677
14342.305208892
14343.592516062
14344.584373635
14345.027622444
14345.640661740
14346.594604988
14347.369475669
14347.866163102
14348.830323883
14350.100311241
14351.112036235
14351.711493735
14352.451908284
14353.284169355
14353.684133465
14354.455608921
14355.720935667
14356.381601327
14357.168412629
14357.749232944
14358.672633744
14360.065038569
14360.569543518
14361.150138304
14362.329596325
14363.168897159
14363.632647464
14364.351343911
14365.061440670
14365.668694711
14366.911796275
14368.158104917
14368.762365834
14369.424929080
14370.468081019
14370.839053539
14371.700970827
14372.893840617
14373.398287727
14373.976634715
14375.054216695
14375.846711243
14376.448428493
14377.393554224
14378.813662933
14379.381326759
14380.302690358
14380.652095965
14381.275534812
14382.312399889
14383.081683947
14383.769526140
14384.687166393
14385.741264701
14386.715120419
14387.513368605
14387.865172335
14389.040862212
14389.578356305
14390.716070388
14391.384896126
14392.194096587
14392.635923961
14393.217449876
14394.465526028
14395.766510848
14396.470602254
14397.061773319
14397.933471592
14398.987326643
14399.131587250
14400.193422824
14400.541687650
14402.165883825
14402.752059829
14403.088925580
14404.662531040
14404.978034064
14405.947742769
14407.137193787
14407.660380408
14408.365713740
14409.281964508
14409.735542739
14410.622645020
14411.389008575
14412.133486966
14413.421505199
14414.573492660
14415.258642909
14415.583225676
14416.196774287
14417.266628264
14418.193391813
14419.064708212
14419.497056096
14420.457253513
14421.064735357
14422.496872269
14422.717057284
14424.084004679
14424.821740011
14425.628875507
14426.389771157
14426.940908530
14427.679487569
14428.367044670
14429.108955667
14430.420179415
14431.469346586
14431.826028206
14432.795038491
14433.851187442
14434.322011136
14435.049326353
14435.984452206
14436.897961786
14437.530267679
14438.442520707
14438.836811211
14439.579847362
14441.372734237
14441.824679711
14442.766065496
14443.352399176
14444.152942938
14444.822120372
14445.360257208
14446.653191597
14447.109840687
14447.922506340
14449.132794751
14449.951624129
14450.705122503
14451.418267803
14452.005671698
14453.579166569
14453.919149320
14454.643456612
14455.077743747
14456.068295561
14456.873621241
14457.704774564
14458.892072699
14459.853925342
14460.723009931
14461.056439977
14462.049895733
14462.616608438
14463.289287012
14464.453779212
14465.200997093
14465.930372479
14466.743208026
14467.397547522
14468.613234874
14469.456955893
14470.384412344
14471.075549297
14471.397522862
14472.789214424
14473.367164810
14473.620897270
14474.446642086
14475.757681246
14476.881446391
14477.720910745
14478.217900123
14478.989911536
14479.714005072
14480.841720824
14481.210025278
14482.497363221
14482.844151713
14483.720736168
14484.328900173
14485.581113530
14486.291820945
14487.201600486
14488.535957746
14488.835733128
14489.551339765
14490.254350666
14490.781887498
14491.789611894
14492.841820235
14493.557013677
14494.207889291
14495.708917881
14496.035209436
14497.023438725
14497.404889351
14498.693674231
14499.343559142
14500.149700432
14500.920173912
14501.356488704
14502.368838648
14502.833113620
14504.744089440
14505.278383680
14505.782511599
14506.719507868
14507.357323683
14508.153885821
14509.032640233
14509.512700046
14510.479629131
14511.519600400
14512.368992338
14512.977619943
14513.812715750
14514.853821076
14515.881055326
14516.269402725
14517.442800001
14517.892553858
14518.326128044
14519.635533798
14519.906682202
14520.988991515
14522.381624575
14522.931620754
14523.875689382
14524.740256325
14525.238317187
14525.509798366
14526.965122059
14527.866788203
14528.574506369
14528.919411616
14529.764147181
14531.060133792
14531.745479946
14532.885002357
14533.356197094
14534.500147518
14535.059025287
14535.782218702
14536.284669884
14537.193938429
14537.878129699
14539.076373217
14540.004216840
14541.041856057
14541.405677124
14542.197540638
14543.149798855
14544.170929842
14544.637305226
14545.380983068
14546.303295694
14547.277934479
14547.482563255
14548.485292727
14549.616964452
14551.090736849
14551.402284241
14552.015117934
14552.702833648
14553.579025893
14554.406645510
14554.887286114
14556.139311667
14556.804830226
14557.498048636
14558.722540114
14559.564355205
14560.018823771
14560.906756295
14561.920561327
14562.798991198
14563.363710114
14564.126125255
14564.695560089
14565.149791136
14566.834847108
14567.488652627
14568.488804466
14569.257723522
14569.973836205
14570.790134038
14571.264769023
14572.008637204
14573.203249440
14573.857420691
14574.588970781
14575.505521962
14576.123078756
14577.245860019
14578.055260684
14579.222126587
14579.712065872
14580.434489879
14580.953999199
14581.999037694
14582.646794002
14583.422096472
14583.999436078
14585.680256042
14586.492684150
14586.916002254
14587.569917345
14588.571247846
14589.117920108
14590.386703157
14591.150215532
14591.295791434
14592.463031839
14593.209190223
14593.878153024
14595.169859110
14596.245778486
14596.546412297
14597.710449252
14598.395034727
14599.020360892
14599.481813797
14600.240597461
14601.578036077
14602.197324732
14603.246684326
14603.764844892
14604.922528934
14605.759880505
14606.247410362
14607.181913382
14607.956545264
14609.181533026
14609.283036627
14610.106246057
14610.981436929
14611.580233531
14613.155597722
14613.972846957
14614.751651953
14615.372665960
14615.849646858
14616.760642469
14617.703331517
14618.366314654
14619.212949401
14619.937461201
14620.838329885
14622.031082197
14622.622662444
14622.997719763
14624.629688644
14625.224869787
14625.907513708
14626.356913816
14627.439210501
14627.815650527
14628.791879857
14629.623622762
14631.046435450
14631.456738396
14632.722093477
14633.149078150
14633.691139609
14634.807755177
14635.275262530
14636.240768191
14637.529646330
14637.834367301
14638.206235313
14639.341808590
14640.625441604
14641.472016731
14642.197945165
14642.846799714
14643.711866970
14644.527438604
14645.067719382
14645.719696928
14646.487932747
14647.695559179
14648.645270735
14649.454370408
14650.289963243
14650.901448980
14651.588243702
14652.618415303
14653.709540173
14653.987898311
14654.879547793
14655.392313969
14656.634934208
14657.057323466
14658.132825797
14659.467737936
14660.091389962
14660.894133841
14661.507722615
14661.944340601
14662.764112862
14663.913233840
14664.743475436
14665.162810269
14666.290248730
14667.358853351
14667.783502447
14669.010243067
14669.551849892
14670.357000234
14671.501681129
14671.843698994
14672.886795443
14673.300436890
14673.955670258
14674.851609343
14676.563325626
14677.120684800
14677.720813533
14678.336195117
14679.593960279
14680.044375104
14680.512894150
14681.731142401
14682.414537962
14683.315063745
14684.024229488
14684.738039238
14685.780776057
14686.678437021
14687.648913524
14688.481441693
14689.059760434
14689.679568514
14690.387487320
14691.263793891
14691.867583641
14693.253220775
14693.468004760
14695.200903881
14695.660279940
14696.396466199
14696.904079748
14697.647862441
14699.091117678
14699.501252624
14700.224825102
14701.082442332
14701.465315715
14702.604887041
14703.789725810
14704.427620299
14705.631997645
14706.182982226
14706.704488651
14707.631019433
14708.413130618
14708.872019922
14709.674261933
14711.048020663
14711.700925589
14712.500345666
14713.399132438
14714.001761925
14715.126822496
14715.891907988
14716.527738437
14717.214254274
14718.183392674
14718.940722674
14719.451987444
14720.022734689
14721.565257477
14722.776634034
14723.040120179
14724.058129788
14724.585625507
14725.265579294
14726.023854444
14727.093216532
14727.846606222
14728.638252059
14729.096278007
14730.406623310
14731.347642006
14731.806905428
14732.789874283
14733.701688129
14734.667058590
14735.386658558
14735.624074823
14736.213764703
14737.595858989
14738.012846701
14739.394267588
14740.308454825
14740.885311432
14741.863574853
14742.419682947
14743.140179756
14743.950126931
14744.883337851
14745.760315844
14746.274252776
14747.202112127
14747.961452844
14748.576913156
14750.223487866
14750.987892565
14751.329241770
14752.037184760
14753.205176795
14753.423148020
14754.578422485
14755.020145191
14755.901876790
14757.194076614
14758.178113793
14758.585417482
14759.645065526
14759.975566362
14761.268223785
14761.862925545
14762.874290984
14763.403013099
14764.108254913
14764.692732824
14765.703245393
14766.840706725
14767.768048348
14768.454993549
14769.628719438
14770.034692882
14770.567496609
14771.467501414
14771.932812067
14773.383442999
14774.017360337
14774.630612842
14775.451437305
14776.712416990
14777.464407814
14777.826626461
14779.210089900
14779.823456556
14780.319086531
14781.385671380
14781.903896529
14782.732812225
14783.099155397
14784.700253489
14785.711811952
14786.614578845
14786.917054615
14787.567442237
14788.523786232
14789.517197060
14790.130504643
14790.818728057
14791.668212000
14792.670874210
14793.276673641
14794.142091964
14795.135071232
14796.073285081
14797.074807358
14797.658260410
14798.051549872
14799.094254339
14799.663489690
14800.272489871
14801.576212892
14802.219758304
14803.471950301
14803.943653575
14805.058857416
14805.645316664
14806.269663746
14806.901553221
14808.370640208
14808.936188157
14809.298815569
14810.264961381
14810.723524399
14812.111833044
14813.231731048
14813.900664602
14814.516838553
14815.454022097
14816.141892057
14816.794100808
14817.299146039
14818.456839473
14819.198337901
14819.978495135
14821.377285198
14821.790578417
14822.339323938
14823.459021910
14824.360345374
14825.208126221
14825.935534223
14826.293695235
14827.249087113
14828.109973441
14828.828564516
14829.471189639
14831.104457613
14831.933532670
14832.299881594
14833.165941381
14833.739294555
14834.505386319
14835.437088430
14836.306786969
14837.132605546
14837.807580082
14838.436596025
14839.778136974
14840.358031819
14841.426455082
14842.014173139
14842.882060018
14843.850774515
14844.318768305
14845.174837097
14845.426519880
14846.424254866
14848.079092734
14848.498476158
14849.332857598
14850.324759393
14850.939373006
14851.530352676
14852.514122194
14853.311400585
14853.974648185
14855.014310182
14855.616159542
14856.106301705
14857.420794985
14858.060092117
14859.398293078
14860.097121939
14860.737463309
14861.453012727
14861.676348667
14863.066725455
14863.654903865
14864.333548928
14865.356844156
14866.323362866
14867.455269480
14868.060399866
14868.395368939
14869.364714953
14870.718620389
14871.010800224
14871.990102362
14872.499893350
14873.296002949
14873.965100714
14874.950739558
14876.544841826
14876.776111654
14877.788452416
14878.365239159
14879.415108018
14879.971766204
14880.285207000
14881.471961959
14882.427858162
14883.363438586
14883.838356364
14884.807457451
14885.640880396
14886.770038212
14887.452100776
14888.007730813
14889.044042801
14889.708888750
14890.391373737
14890.944783164
14891.875143123
14892.657549492
14894.037754109
14895.153079420
14895.313078016
14896.170402445
14896.969194390
14897.498262827
14898.619925175
14899.755126984
14900.039806024
14900.445250025
14901.919327912
14902.573378444
14903.500369099
14904.231388159
14905.478457745
14906.119839639
14906.679634649
14907.386255006
14908.105479830
14908.666488724
14909.834707076
14910.598532245
14911.709052773
14912.540485410
14913.241408463
14913.926657358
14914.994472958
14915.348487477
14916.484891922
14917.060468618
14918.117709672
14918.735599832
14919.295114547
14919.846304140
14921.766403497
14922.179619803
14923.180668823
14923.719191026
14924.292916464
14925.324032065
14926.087000172
14926.431018814
14927.562503194
14928.511374458
14929.286939270
14930.241342825
14931.045028666
14931.915461525
14932.201177392
14933.907519467
14934.165757121
14935.008928746
14935.468781499
14936.380210777
14937.061854649
14938.059513283
14939.220337154
14939.881442748
14941.131879370
14941.592964335
14942.311891206
14942.588267179
14943.776446592
14944.653430069
14945.607174916
14946.062698203
14946.913439296
14947.803644125
14948.821415270
14949.589353344
14950.699151708
14951.183309528
14951.936191494
14952.862539838
14953.390221879
14954.271145489
14954.694730896
14955.627408145
14957.270902752
14957.900493887
14958.459147480
14959.053888177
14960.169926918
14960.777233370
14961.757316686
14962.238134531
14963.379645694
14963.875696734
14964.566678836
14965.728057844
14966.182797653
14967.705451941
14968.461819305
14968.894912171
14970.024513323
14970.484388784
14970.933454686
14971.792785586
14973.048123566
14973.685318859
14974.364945331
14975.494661622
14976.629920571
14976.933033838
14977.723777041
14978.555042515
14979.514709753
14980.576828486
14980.929881394
14981.509247963
14982.259327253
14983.208939953
14984.329032536
14985.506063389
14986.199892345
14986.596303830
14987.717497181
14988.099307993
14988.997628215
14989.939986180
14990.314976816
14991.621050642
14992.281605191
14993.232310283
14993.876454316
14994.694517318
14995.810348411
14996.827701125
14997.178996069
14997.853608119
14998.622480285
14999.780394006
15000.008782930
15000.728224225
15002.199760270
15003.167050953
15003.847806985
15004.757874992
15005.160027496
15005.905024060
15006.704020865
15007.901551427
15008.458378044
15009.183293465
15010.074695150
15010.362777269
15012.051247242
15012.713985100
15013.306041718
15014.368181328
15015.328294744
15015.756442882
15016.334181949
15017.254512033
15017.630427943
15019.042895529
15019.859484234
15020.705856126
15021.688524416
15022.182550637
15023.156879260
15023.757425113
15024.706503046
15025.726909998
15025.981625631
15026.936532158
15027.952354583
15028.258834706
15029.210010979
15030.614941338
15031.722280173
15032.116936476
15032.568347555
15033.388254673
15034.372143348
15034.892823960
15035.893307346
15036.712963443
15037.237143612
15038.785390335
15039.169295733
15039.963495581
15040.812101508
15041.818419117
15042.452575603
15043.404907324
15044.207615874
15044.465681943
15045.258680988
15046.107893577
15047.344220064
15048.403566233
15049.018122928
15049.822746790
15050.634098136
15051.387760416
15052.105988341
15052.306391917
15054.109272806
15054.356560305
15055.360741064
15055.703246907
15057.051531158
15057.746792959
15058.895985854
15059.510883889
15060.435890404
15060.865139476
15061.847576624
15062.337068681
15063.221842180
15063.923546731
15064.792504025
15066.319531519
15066.770891478
15067.815455253
15068.123886884
15068.685209591
15070.161716256
15070.835269002
15071.312539201
15072.166017133
15072.859283301
15073.851752405
15074.459327783
15075.653155958
15076.572751808
15077.438406638
15078.204018475
15078.712611449
15079.416417439
15080.078792329
15081.042852474
15081.676955842
15083.068580700
15083.552548503
15084.254984141
15085.519779830
15086.176318397
15086.695143100
15087.729886691
15088.441277103
15089.320536400
15090.166983452
15090.628084763
15091.114530447
15092.161229669
15093.870503226
15094.305168985
15094.890085848
15096.098572816
15096.294189060
15097.211481957
15097.974009928
15098.880652839
15099.662712392
15100.374027175
15101.278166036
15102.339335692
15103.026613650
15103.573332392
15104.836819286
15105.849358291
15106.172452567
15106.975864309
15107.514791921
15108.303256657
15109.376266673
15109.959740127
15111.022437771
15112.493402611
15112.687534092
15113.536230029
15114.185450950
15115.025970533
15115.667491523
15116.892910223
15117.447894595
15118.287814765
15118.680392196
15119.790585761
15120.691853186
15121.997161866
15122.537334100
15123.180819428
15123.891957771
15124.994248391
15125.564673473
15125.894584929
15126.707271762
15128.124862224
15128.795115399
15130.043108875
15130.313218516
15131.097259031
15132.407522310
15132.563538379
15133.822794708
15134.435046880
15135.181152026
15135.862986677
15136.667129757
15137.330887794
15138.547439049
15139.449505178
15140.499422309
15141.334881184
15141.550120075
15142.363007588
15142.974361923
15144.068998675
15145.016011464
15145.582627556
15146.283961691
15147.464105412
15148.415830605
15148.999341560
15149.675654369
15150.647949207
15151.859172273
15152.181832693
15152.670593322
15153.786386122
15154.391380451
15154.766772037
15156.576983018
15157.329263319
15158.040224635
15158.625053481
15159.580318069
15160.216180404
15160.936437849
15161.886705015
15162.369685179
15163.606728083
15164.312907345
15164.854808756
15165.672289366
15166.966011023
15167.814573409
15168.504474782
15169.308520095
15169.781723151
15170.818912087
15171.157015397
15172.294041834
15172.727965910
15174.087164781
15174.904029504
15175.960857817
15176.495039642
15177.265096086
15177.684431567
15178.812986271
15179.921029417
15180.434725061
15181.201585611
15181.436870896
15182.669523358
15183.841305114
15184.371542837
15185.770645948
15186.089606692
15187.089239193
15187.818375540
15188.243156344
15188.956185008
15189.876008324
15190.995854714
15191.556662647
15192.666058310
15193.436237138
15194.194704372
15194.805665704
15196.221496113
15196.571744057
15197.119964700
15198.275660530
15199.096444673
15199.311987320
15200.428787964
15200.905538622
15202.742812557
15203.427336591
15203.944807768
15204.479603209
15205.404023530
15206.190273188
15206.904806861
15207.734305661
15208.661495195
15209.291997583
15210.122947492
15211.165903106
15212.070791824
15212.553093701
15213.703047136
15214.537520008
15215.234832421
15216.032178900
15216.326354207
15217.092328646
15218.110439719
15219.153068491
15220.215535141
15220.714031383
15221.891290349
15222.600776396
15223.069261675
15223.628590627
15224.865523901
15225.653472241
15226.382353302
15226.971394518
15227.949088182
15228.375450478
15229.825544079
15230.735054271
15231.419636903
15232.318009716
15232.812924720
15233.344676373
15234.621545693
15234.943994916
15235.761258153
15236.601995390
15238.087622303
15238.745251784
15239.178791347
15240.152930249
15240.770626745
15241.933011491
15242.668033217
15243.356604857
15243.823587112
15244.824176540
15245.676624885
15246.014221470
15247.629910954
15248.370541583
15249.218171824
15250.026057713
15250.561291994
15251.426853631
15251.799380563
15252.677423499
15254.082179981
15254.590275302
15255.055041499
15256.241466124
15257.189888685
15257.954210330
15258.806858007
15259.314647216
15260.576062290
15261.016266361
15261.894967238
15262.534456191
15262.806811546
15264.128282347
15265.197387368
15266.320407156
15266.948544945
15267.626713632
15268.019991010
15269.278775947
15269.766683375
15270.688924226
15271.537869402
15272.120601826
15272.991206776
15274.072770156
15274.646798760
15275.400632804
15276.968756663
15277.455117052
15277.901569588
15278.800184202
15279.292581211
15280.412109432
15280.769136247
15281.908110314
15282.776192382
15283.858710197
15284.796357594
15285.152951384
15286.188430050
15286.628937296
15287.659030023
15288.544989346
15289.348793214
15290.068173781
15290.542314641
15291.144648996
15292.609269085
15293.726400888
15294.308937018
15294.806279574
15296.071786643
15296.520809765
15297.145135236
15297.792763955
15298.756570879
15299.575130106
15300.919030823
15301.095224280
15302.265545480
15303.112485462
15303.679630424
15304.681841207
15305.634877343
15306.396204329
15306.654345905
15307.603127023
15308.500015428
15309.203345382
15309.819102139
15311.478267242
15312.092799658
15312.986574832
15313.399752060
15314.229744147
15314.554659415
15316.121191919
15316.642064483
15317.152021147
15318.249617430
15318.875633112
15320.037782175
15320.690360488
15321.573764860
15322.597330668
15323.130869822
15324.063419461
15324.824205352
15325.181662615
15326.073504829
15326.624013854
15328.055754628
15329.166872169
15329.578682837
15330.377352768
15331.293905387
15332.044698095
15332.739915970
15333.341797795
15334.410569510
15335.367459041
15335.817759024
15336.420167999
15337.429027444
15338.506684052
15339.535429431
15340.373578744
15341.067702588
15341.358059770
15342.546466297
15342.977965207
15343.719646661
15344.907754872
15345.436721697
15346.361099084
15347.818653545
15348.330113548
15348.555869219
15349.553628514
15350.678981032
15351.551379105
15352.151048352
15352.692255432
15353.427000686
15354.226491114
15355.174155230
15356.258230176
15357.176214496
15358.091210684
15358.762566279
15359.190455407
15360.156684757
15360.898207723
15361.302719679
15362.714100427
15363.291554880
15364.144417445
15365.028878662
15365.569802349
15367.090032131
15367.319564260
15368.527337831
15368.873025903
15369.860796899
15370.615083422
15371.299429603
15371.955701233
15372.430885176
15374.340106401
15374.850028535
15375.670877826
15376.312873510
15377.102286473
15377.712211446
15378.539525959
15379.721299749
15380.226869083
15380.786116312
15381.740462819
15382.691379025
15383.446495407
15384.608302212
15385.025502827
15386.355653930
15387.041363363
15387.513598042
15387.911499039
15388.837101706
15389.844591066
15390.654458659
15391.484244438
15392.654763223
15393.235022976
15394.273033035
15394.723353759
15395.408031126
15396.513351481
15397.218249598
15398.066699469
15398.649657534
15399.498418921
15399.975307810
15401.023604351
15402.656642594
15403.043042538
15403.833998482
15404.253882729
15405.334556776
15406.010256349
15406.746940080
15407.267427386
15408.353608023
15409.383275684
15410.103162512
15411.086349197
15411.591059024
15412.437202082
15413.586504524
15414.435327558
15414.625541843
15415.959668276
15416.244795836
15416.896159832
15417.871897902
15418.984706704
15419.787490016
15421.019236364
15421.462441362
15422.400121741
15422.900574513
15423.337371506
15424.489260479
15425.443913333
15426.326832504
15426.839212351
15427.250343864
15428.969076881
15429.381721147
15430.188814522
15431.408482897
15431.815930331
15432.743392923
15433.387379124
15434.089188476
15434.709636459
15435.446111683
15436.540823056
15437.908863937
15438.448052939
15439.111908338
15439.811071633
15440.603990627
15441.617988205
15442.271114188
15443.069599990
15443.582012376
15444.864533860
15445.257228777
15445.963503609
15447.078582235
15448.453163224
15448.921374767
15449.597585588
15450.462073417
15450.959567643
15451.611011021
15452.695311364
15453.278107046
15454.353202564
15455.088137142
15456.196863998
15456.786931503
15457.882029649
15458.278672052
15458.911653984
15460.343357624
15461.079442068
15461.297906787
15462.103753505
15462.858230266
15463.672707737
15465.319416518
15465.654998589
15466.621810157
15467.361899958
15468.235150415
15468.669652273
15469.401291411
15470.208051967
15471.550786958
15471.618603220
15472.920845810
15473.662373704
15474.476266679
15475.155756581
15476.446681198
15477.043850724
15477.893880636
15478.317218271
15479.038319810
15480.232382641
15480.545447001
15481.260598853
15482.535192539
15483.775830368
15484.502159792
15485.049802780
15485.371821884
15486.556487675
15487.324558769
15488.065027380
15489.112803163
15489.557411037
15490.305548400
15491.119481299
15492.309348203
15493.088852983
15493.921342083
15494.839240774
15495.493301195
15496.235069666
15496.987717400
15497.618074383
15497.876379341
15499.559178673
15500.337903608
15500.939768227
15501.979300415
15502.885438486
15503.346777092
15504.237664908
15505.070199667
15505.795826662
15506.763190081
15507.396364641
15507.953796980
15508.734988033
15509.671264798
15510.964658310
15511.842330429
15512.609495666
15513.105908582
15513.666577796
15514.563076772
15515.365200801
15516.390831680
15516.753922681
15517.713034260
15518.969751237
15519.586607158
15520.509432354
15520.824938367
15522.111918031
15523.047587891
15523.662612183
15524.165053866
15525.034816603
15525.555357172
15526.630126820
15527.208503196
15528.920875324
15529.362429346
15529.863185376
15531.186381567
15531.582434764
15532.092590932
15532.952809893
15533.991945945
15534.937262192
15535.435284288
15536.346972598
15536.816303095
15538.245829347
15539.084129334
15539.848464150
15540.353705028
15541.382717477
15542.120074601
15542.711861300
15543.183870338
15544.287817030
15544.927696538
15546.460304099
15547.018966603
15547.895867718
15548.423979406
15549.206352745
15549.902016552
15551.349287355
15551.508765105
15552.315161385
15553.128814590
15553.776714452
15555.067936688
15555.433249428
15556.684231802
15557.766941273
15558.405867402
15558.943574107
15559.458922007
15560.408504002
15561.042050569
15562.010391864
15563.016683692
15563.550354936
15564.701517110
15565.550263588
15566.184586153
15566.917693094
15567.948450735
15568.564171048
15569.324642555
15570.360745207
15570.843215215
15571.532061829
15571.858546677
15573.769990249
15574.475272388
15575.276148076
15575.862446843
15576.517582885
15577.499794558
15578.208979924
15578.678308154
15579.650779160
15580.903664218
15581.095791675
15582.201724186
15583.187758801
15583.732888806
15584.798385826
15585.645826781
15586.592378863
15587.156697188
15587.447149349
15588.508038735
15589.225559781
15590.029267580
15591.075241455
15591.958044046
15593.206280648
15593.705533737
15594.143890998
15595.101622869
15595.497966733
15597.077359871
15597.471770000
15598.195760513
15598.740065204
15599.887816571
15600.505201086
15601.740751566
15602.747624604
15603.104995349
15604.132511356
15604.775511626
15605.562370544
15606.026167219
15606.979179274
15607.511319707
15608.875753489
15609.901713403
15610.532582174
15610.936873111
15612.060385206
15613.110909672
15613.383666128
15614.430132473
15615.281413099
15615.754188351
15616.777241848
15617.322720020
15617.988480616
15619.442157084
15620.514360424
15620.937867878
15621.706875604
15622.600672541
15622.931566547
15623.697316100
15624.860384075
15625.625119304
15626.343873125
15626.950228669
15628.297913261
15629.097060276
15629.626438425
15630.257526952
15631.693384078
15632.079913352
15633.026364390
15633.547350872
15634.017729647
15634.929655451
15635.960781412
15637.104225259
15637.940738918
15638.693955450
15639.558343672
15639.876698056
15640.909539132
15641.606744779
15642.439370700
15643.103886425
15644.412769019
15644.648436332
15645.452213197
15646.599775137
15647.312486674
15648.776294563
15649.119978604
15649.542699246
15650.412406518
15651.454010854
15651.986351872
15652.540173746
15653.458971308
15654.718319054
15655.782966293
15656.164139430
15657.291425990
15657.560327995
15658.378356837
15659.719019921
15660.029114680
15661.174958408
15661.588179095
15662.181608821
15663.151858548
15664.346636914
15665.213528928
15665.891922341
15666.918913195
15667.604998342
15668.321817769
15668.790295491
15669.301863035
15670.582703911
15671.567980566
15671.985298713
15673.207844030
15673.819135374
15674.841201861
15675.467874095
15676.282663924
15677.177598517
15677.921332890
15678.749097131
15679.127574257
15680.238215857
15680.708741241
15681.467406722
15683.284708906
15683.998685759
15684.133156098
15685.212149943
15685.619149145
15686.862049403
15687.204406807
15688.424927484
15688.837914971
15689.692176560
15690.892521052
15691.558468538
15692.076610691
15693.431557724
15693.992616572
15694.990455010
15695.650423846
15696.262567122
15696.897433832
15697.635306246
15698.372905256
15699.630580710
15700.491119500
15701.298605456
15702.159834704
15702.992489646
15703.476234728
15704.228223710
15704.924502783
15706.201924510
15706.964892736
15707.251985132
15708.029843179
15708.932453148
15710.304180510
15710.912952038
15711.835420643
15712.596880935
15713.278774037
15713.789029420
15714.776906825
15715.473313782
15715.900141555
15717.268760378
15717.989257785
15719.158865788
15719.962915228
15720.122888929
15721.061578479
15722.345999808
15723.036914702
15723.620765135
15724.046630047
15725.367781057
15725.702827477
15726.553346289
15727.602282308
15728.815794274
15729.559070103
15730.379140566
15730.829703093
15731.412253725
15732.424141699
15732.982478359
15734.068453459
15734.846880928
15735.710315531
15736.190315841
15737.531990214
15738.185800000
15738.990407403
15739.752582608
15740.508439836
15741.554614678
15742.135243078
15742.645393328
15743.288460176
15744.062526866
15745.556500759
15746.482029260
15747.129761691
15747.625098103
15748.730615972
15749.492662374
15749.650550882
15751.048050011
15751.716697466
15752.348520873
15753.260408762
15753.984351342
15755.146294225
15755.423993085
15756.952958393
15757.706529399
15758.244337123
15758.961302401
15759.691838702
15760.103299132
15761.337161361
15762.195668888
15762.462985380
15764.150100923
15764.893209929
15765.454613431
15766.169097671
15766.875764794
15767.732959688
15768.816822033
15769.431957464
15770.053099671
15770.879767941
15771.353711014
15772.449490174
15773.663081208
15774.602396343
15775.186080482
15775.714086194
15776.895596582
15777.382076424
15778.018371529
15778.560581232
15779.728469307
15780.782680699
15781.517000490
15782.079974678
15783.219684106
15783.853247401
15784.759346486
15785.593319362
15786.355886816
15786.939168355
15787.844362915
15788.539437702
15789.053738792
15789.935176092
15791.300863058
15792.060273097
15793.157503814
15793.704709454
15794.071600885
15794.748136709
15795.869518636
15796.758198337
15797.415327996
15798.171706710
15798.760512032
15800.016934820
15800.849974644
15801.486968772
15802.247277931
15803.594150567
15804.118317789
15804.507023074
15805.403705224
15806.105722883
15806.756389522
15807.603267822
15809.183223558
15809.469659124
15810.663979683
15811.075830849
15811.978179071
15812.774055465
15813.491924795
15814.121620965
15815.337030801
15815.784465873
15816.760499982
15817.144223325
15818.049532226
15819.704320020
15820.204507708
15820.834689161
15821.631154536
15822.364554969
15823.024029623
15823.969883213
15824.235306274
15825.710752264
15826.040052678
15827.476900033
15828.210479438
15828.762473500
15829.573303456
15830.302735236
15831.277019690
15832.350979816
15832.750860533
15833.438323874
15833.770891309
15835.342788178
15835.641513250
15837.069460977
15837.770778276
15838.879248927
15839.164549838
15840.174411002
15840.528941628
15841.251202308
15842.427313941
15843.340540083
15843.773816682
15844.726556869
15845.820294480
15846.266448934
15847.425131663
15848.240330881
15849.021938529
15849.513783515
15850.466357344
15851.244073972
15851.923274155
15852.306612465
15853.291937177
15854.926745962
15855.724992405
15855.992224716
15856.828266977
15857.692264726
15858.306649647
15859.519794434
15859.762374803
15860.798125062
15861.673294534
15862.269165122
15863.028114385
15864.410757099
15864.703607701
15865.988573218
15866.771733282
15867.466263945
15867.961545834
15868.675213091
15869.324988245
15870.286627118
15871.311622908
15872.122653438
15872.881110866
15873.991446402
15874.938030315
15875.111460994
15875.738891613
15877.170629743
15877.818336044
15878.368938124
15879.388698972
15879.721719654
15880.465232029
15881.832862659
15882.778069582
15883.725249519
15884.267986893
15884.818115320
15885.890268764
15886.217736298
15887.370755752
15887.790474889
15888.699565109
15889.866203523
15890.701660681
15891.428409548
15891.957649729
15892.991548339
15894.120160047
15894.604960556
15895.382671137
15895.997106475
15896.844839706
15897.566011537
15898.205823693
15899.159718092
15900.528664279
15901.315272297
15901.902783853
15902.582188355
15903.543162067
15903.831481467
15904.654849014
15906.115386053
15906.563735025
15907.064214091
15907.881743554
15909.103692975
15909.922569801
15910.667776874
15911.662950881
15912.057597821
15913.531112451
15913.689495179
15914.220594838
15915.072514289
15915.822210377
15917.082477278
15917.880001778
15919.021596937
15919.484549006
15920.098504287
15921.036188024
15921.846428293
15922.557003303
15923.472279120
15924.104185072
15924.782005466
15925.867854560
15926.314070620
15927.226765013
15928.691634656
15929.304003914
15930.256080708
15930.423785425
15931.123102065
15932.255803256
15932.855729974
15933.578356829
15934.491807506
15935.497630534
15936.332856518
15937.406632862
15937.739680735
15938.565218557
15939.493066641
15940.369687163
15941.263602968
15941.717924289
15942.458330761
15943.236669621
15943.647170264
15945.484057410
15946.168134300
15946.532346745
15947.810848674
15948.427796541
15948.935571085
15949.695873908
15950.385867005
15951.347059588
15952.522432334
15952.842894427
15953.756290360
15954.629614413
15955.774394662
15956.168861958
15957.383541484
15958.089319051
15958.618850541
15959.321166479
15960.144283523
15960.935937290
15961.524753442
15962.443470749
15963.985249278
15964.580108199
15965.248058927
15965.981255743
15966.281169274
15967.541206606
15968.402247978
15969.215842877
15969.572190190
15970.526971543
15971.355630785
15972.373023275
15972.983311335
15974.208952461
15974.988999887
15975.632965164
15976.299269978
15977.278733185
15977.678304463
15978.091448731
15979.530447683
15980.210774658
15981.358520690
15982.019574112
15982.678110243
15983.740039841
15984.441245185
15984.981510081
15985.861682094
15986.794414802
15987.790009272
15988.105863492
15988.565957071
15989.719837837
15990.806382764
15992.240991663
15992.349712689
15993.190883966
15993.951895216
15994.735424289
15995.312542904
15996.104730909
15997.356830402
15997.536119102
15998.650322146
15999.932456213
16000.310634910
16001.230186502
16001.678946861
16003.243629229
16003.729991825
16004.287208317
16004.980914847
16005.645724737
16006.595101855
16007.268410502
16008.363888306
16009.503145231
16010.160499114
16011.223155354
16011.318011900
16012.363038998
16012.844145740
16014.077144772
16014.588934034
16015.618893249
16016.532433929
16016.614019601
16017.933559333
16019.022976707
16020.027976054
16020.192803805
16021.502968946
16021.811759496
16022.796816879
16023.530303349
16024.085141634
16024.543715155
16026.294492481
16027.058088061
16027.622148460
16028.556996127
16029.177432392
16029.898209541
16030.795447712
16031.701259711
16032.460647659
16032.922469332
16033.828563011
16034.619824213
16035.419238746
16036.540708270
16037.344858764
16038.392833162
16039.056901627
16039.720056806
16039.993264716
16040.881459518
16041.971014280
16042.699683634
16043.641206253
16044.096661601
16045.686543857
16046.110941917
16046.616056236
16047.780306862
16048.326545306
16049.422044912
16050.048424833
16050.900528944
16051.139790678
16052.271360085
16052.699467068
16054.330366383
16055.270798202
16055.885824494
16056.231439055
16057.207433548
16058.258022552
16058.620087674
16059.257363999
16060.365151631
16061.321982183
16061.833878671
16062.931574438
16063.509982717
16064.360977643
16065.733590956
16066.109948713
16066.811995431
16067.706845898
16068.357322967
16068.921198476
16069.731514486
16070.634777563
16071.641029444
16072.652996689
16073.604750871
16074.227822160
16074.796301655
16075.443534999
16076.198179680
16077.543249488
16078.079999137
16078.674125278
16079.309437744
16080.147219894
16081.481642274
16082.086988579
16082.941757488
16084.003928775
16084.530684380
16085.343578705
16085.902805318
16086.522212251
16087.452983347
16088.137870251
16089.334754722
16090.388957923
16090.825583958
16091.634196588
16092.694901016
16093.023505188
16094.358860256
16095.046747456
16095.163065731
16096.578655901
16097.125184568
16097.957244373
16098.181471531
16100.049374265
16100.831428209
16101.530258297
16102.040521314
16102.871543097
16103.465963178
16104.301798765
16105.168436845
16106.016050971
16106.614709592
16107.839917043
16108.265139480
16109.710047591
16109.957878607
16110.744912106
16111.831825277
16112.855227624
16113.169229543
16114.047968829
16114.417467174
16115.209048737
16116.460755981
16117.390750739
16118.345315906
16118.975931173
16119.878355148
16120.642134574
16121.002309491
16121.880585646
16122.779943606
16123.853963215
16124.358025524
16124.952587028
16126.126555461
16126.687013551
16127.765584199
16128.908515174
16129.557819887
16130.001784851
16130.683409379
16131.827521658
16132.175072409
16133.022979137
16133.751185360
16134.798545372
16136.279323881
16136.602994641
16137.352589795
16137.738064272
16139.026359098
16139.756701347
16140.425820072
16141.350549015
16141.996703821
16142.475591480
16143.515388039
16144.364109361
16145.483575746
16146.399352487
16146.958572398
16147.988638569
16148.494595962
16149.073154248
16149.876832342
16150.404599652
16152.003404819
16152.374276230
16153.083035618
16154.188919091
16155.112171081
16155.722916244
16156.523378743
16157.214499074
16158.295630057
16158.999632768
16159.425582652
16160.374674074
16160.866267370
16161.709089841
16163.396756165
16163.847921828
16164.732061250
16165.432961277
16165.979855471
16166.585475068
16167.864911397
16168.340981595
16169.125069966
16169.836683743
16171.006769328
16171.687807790
16172.455655994
16173.199551633
16174.377893953
16175.123608642
16176.010060568
16176.287639497
16176.917358212
16178.037704092
16178.644907442
16179.279686773
16180.787310395
16181.426937455
16182.292025790
16182.992511075
16183.845427187
16184.295430120
16185.027830007
16186.308363169
16186.804398074
16187.791033315
16188.224922676
16188.754122863
16190.193182417
16191.227107039
16191.912927341
16192.527991195
16193.342683865
16194.269999187
16194.841374232
16195.309760226
16196.092040615
16197.276126815
16198.014923849
16199.151004942
16199.776932486
16200.676276699
16201.031234502
16202.163380693
16203.154836493
16203.636163270
16204.547919916
16204.945785800
16205.986209585
16206.547681157
16207.697636419
16208.307865542
16210.037038864
16210.333575584
16210.790604308
16211.559745589
16212.451650363
16212.908845877
16214.207701386
16214.748358612
16215.556977181
16216.318665659
16217.458569723
16218.223458824
16218.778799717
16219.878478012
16220.626997689
16221.296290141
16222.101682974
16223.110435401
16223.264850479
16223.838664898
16225.122382537
16226.653378415
16226.927537764
16227.828045796
16228.435104584
16229.446962259
16230.109937581
16230.555950433
16231.659050787
16232.428843548
16233.255273471
16234.030653652
16234.528811536
16235.694194890
16236.675991214
16237.443505189
16238.469558833
16238.878544999
16239.778000835
16240.027424299
16241.106311676
16242.014832974
16242.536895228
16243.628724610
16244.753357996
16245.534321251
16246.258354933
16246.850267580
16247.263563175
16248.680991978
16249.571068765
16250.035552403
16250.439936079
16251.504984300
16252.267437810
16253.058218757
16254.591912908
16254.909499373
16255.808783078
16256.866250607
16257.034213985
16257.966661779
16258.693098674
16259.304438989
16260.367232282
16261.432206588
16262.029681138
16262.969827046
16263.485263728
16264.740241463
16265.350208668
16266.228055914
16266.673174584
16267.789698500
16268.397574502
16269.022695589
16269.722325200
16270.439435608
16272.201349562
16272.590321101
16273.542240816
16274.248587281
16274.550145277
16275.648407386
16276.264037720
16277.195633248
16278.232525886
16278.660718692
16279.186342863
16280.831900969
16281.255255679
16281.900201448
16282.999847845
16284.009232476
16284.576353727
16285.283403578
16285.794079435
16286.500910864
16287.275953193
16288.547993316
16289.142661039
16290.300118226
16291.153173679
16291.674285200
16292.427676954
16293.094661325
16294.252621937
16294.522264609
16295.785765405
16296.406399542
16296.981652454
16297.763559475
16298.624480156
16300.024545791
16300.790865841
16301.583680766
16301.748251132
16302.787234737
16303.756790283
16304.152703107
16304.962064013
16305.707719201
16306.934113471
16307.880098246
16308.532297474
16309.165142429
16310.180971764
16310.636002526
16311.849911951
16312.649044055
16313.084104075
16313.787078890
16314.689076861
16315.165785772
16316.408839457
16317.400871526
16318.289376794
16318.925455685
16320.030352086
16320.456528940
16320.869148947
16321.547815944
16323.108924301
16323.458393826
16324.248153267
16325.129730746
16325.935680173
16326.993060846
16327.816940114
16328.277970234
16329.518579766
16330.028735840
16330.861582251
16331.385931704
16332.261560680
16332.877913979
16333.547665912
16335.126588046
16336.137371274
16336.538618658
16336.949501902
16338.077493187
16338.711631945
16339.587098267
16340.509385975
16340.856242263
16341.912931523
16342.837873927
16343.323209044
16344.345371461
16345.210657369
16346.437145542
16347.138604079
16347.386916512
16348.642000568
16348.778236439
16349.859104430
16350.315569324
16351.653578234
16352.337529844
16353.169998597
16354.346359210
16354.925373408
16355.495535536
16356.312559792
16357.053678755
16358.096942886
16359.092617965
16359.330518572
16360.027139824
16360.634640737
16362.134392519
16362.935887058
16363.818502669
16364.556709741
16365.344586531
16365.801712098
16366.792279776
16367.311625282
16368.034915172
16369.116994022
16369.931795228
16370.715299061
16371.825499703
16372.379143876
16372.848468551
16374.320130341
16375.054828037
16375.381670527
16376.401856132
16376.782338500
16377.914944983
16378.707569407
16378.863667687
16380.622896580
16381.510053034
16382.268701459
16382.709555203
16383.560055906
16384.007916115
16385.142081165
16385.826226731
16386.839829674
16387.333993437
16388.099565546
16389.050980011
16389.963674976
16391.006453829
16391.640538789
16392.231610437
16393.527710883
16393.951532464
16394.582488300
16395.099842737
16395.942911931
16396.906538693
16398.244722242
16399.002365035
16399.292715558
16400.791356999
16400.901318729
16401.954340519
16402.452582406
16403.694813426
16404.273804014
16404.889286535
16405.747598322
16406.561071808
16407.199649911
16408.490335862
16409.599920960
16410.005885649
16410.899268253
16411.326965459
16411.986040290
16413.037171542
16413.709158457
16414.633093941
16415.095634806
16416.600723769
16417.322901411
16417.889488566
16418.581289472
16419.360752845
16420.662432716
16421.103680322
16421.733139456
16422.727758386
16423.108330137
16423.819347318
16424.960819701
16426.143560084
16426.916156785
16427.654070921
16428.313876385
16429.085930019
16430.001658896
16430.267128604
16431.072925467
16432.455098026
16433.065148470
16433.694540627
16434.396217620
16435.648046059
16436.332101798
16437.152395403
16438.140043694
16438.590355406
16439.300971306
16440.485090441
16440.755948227
16441.222797861
16442.490873945
16443.463303499
16444.601008149
16445.434754697
16445.761613912
16446.592089650
16447.129562916
16448.274183671
16449.305486691
16449.571625270
16450.401739725
16451.186094129
16452.129955508
16453.164713218
16453.639391781
16454.864933552
16455.765126348
16456.421452482
16456.898953575
16457.553829684
16458.389411240
16459.084222045
16460.132308358
16460.877644452
16462.192515604
16462.493114990
16463.493091983
16464.285897333
16465.081271833
16465.554410301
16466.749402325
16467.304495884
16468.305651339
16468.648077337
16469.550468374
16470.023924381
16472.087199733
16472.322053519
16473.049929141
16473.718887920
16474.726326030
16475.365853375
16475.744588343
16476.936199117
16477.483744510
16478.564834795
16479.274961040
16480.384067227
16480.936955902
16481.652767718
16482.707754845
16483.383468934
16484.591770447
16484.873163026
16485.422216481
16486.135141958
16487.307233087
16487.796518817
16488.991771560
16489.975034802
16490.826971612
16491.692449518
16491.991790636
16492.616382590
16493.578447670
16494.508848149
16495.426205409
16496.024620132
16496.590555375
16497.558404934
16498.672212407
16499.239528437
16500.482099229
16501.089135950
16501.620423140
16502.553229481
16503.277827838
16503.955314264
16504.578130449
16505.100068628
16506.965021115
16507.287504793
16508.365643414
16508.950506464
16509.429388760
16510.654539468
16511.335254807
16511.995203946
16512.705033028
16513.800059025
16514.283181449
16514.861814480
16515.946414397
16517.001182823
16517.871812534
16518.865076703
16519.424451354
16519.928647478
16520.791800766
16521.252193467
16522.292383561
16523.221124998
16524.067987269
16524.547730079
16525.885653929
16526.701575596
16527.402420688
16527.638746391
16528.954016609
16529.866869307
16530.559181337
16531.024398818
16531.722970342
16532.473952854
16533.325472687
16534.636944619
16535.581172583
16536.206397558
16536.832282812
16537.608806015
16538.545335813
16538.824477591
16539.909984017
16540.752221768
16541.332708618
16542.569523161
16543.259481800
16543.631028981
16544.874689233
16545.924754373
16546.569708242
16547.298138353
16547.783370366
16548.823937281
16549.282436392
16550.250611708
16550.719039474
16551.859277914
16553.449676785
16553.584477310
16554.340490955
16555.322112576
16555.905683109
16556.361991774
16557.760847080
16558.463530759
16559.040991105
16559.558581828
16560.486316767
16561.541162319
16562.626382911
16563.147744740
16564.062976772
16565.136962583
16565.446636423
16566.409336586
16566.758633653
16567.399172295
16568.762986692
16569.448904174
16570.353852008
16571.319283709
16571.948542469
16572.861049922
16573.305351772
16574.512703715
16575.136466524
16575.778289277
16576.614496326
16577.488874929
16577.987009584
16578.657404621
16579.897663979
16581.248962984
16581.715163006
16582.568641684
16582.773000836
16583.629088578
16584.827552334
16585.313966295
16585.878533438
16587.252883456
16587.525056417
16588.887833946
16589.466657590
16590.340898207
16590.883727355
16592.229443289
16592.687462510
16593.505811038
16594.172493242
16594.856648567
16595.365728021
16596.284684149
16597.706722547
16598.445326935
16598.999893998
16600.143972026
16600.929535179
16601.077167768
16602.100121785
16602.725482839
16603.984368239
16604.630713788
16605.297641580
16605.743193935
16607.097124898
16607.754657453
16609.096008091
16609.353066926
16610.305348446
16611.192891610
16611.548895635
16612.338473074
16613.297149420
16613.809952914
16614.701472597
16616.114046173
16616.962157805
16617.406985722
16618.012325183
16618.844900064
16619.821431197
16620.770022870
16621.291188397
16622.067177716
16622.511014468
16623.831231347
16624.247552246
16625.171642761
16626.632720389
16627.160498945
16627.759485718
16628.743736215
16629.243729217
16629.794017972
16630.597561959
16631.672983125
16632.496011216
16633.253709036
16634.124151799
16634.942816398
16635.887825488
16636.581846428
16637.312298721
16637.971072071
16639.157619014
16639.735551900
16640.234605067
16641.052549713
16641.429003666
16643.059741309
16644.070092522
16644.609903125
16645.512770249
16645.918855309
16646.969999421
16647.429052385
16648.286517446
16649.425143291
16649.664950048
16650.904060944
16651.430802968
16652.651661436
16653.197688811
16653.873706603
16655.278350472
16656.022421959
16656.398815812
16656.794904762
16657.997581620
16658.541354127
16659.330701993
16660.294471090
16661.282595214
16662.366532680
16663.112900974
16663.596976880
16664.198601235
16665.075979372
16666.027010944
16666.886468124
16667.433972554
16668.384441663
16668.967284067
16669.448823017
16671.257131965
16671.546741545
16672.731392120
16673.183710692
16673.941466179
16674.890380828
16675.550632599
16675.910930121
16676.709001889
16677.959199468
16678.966731996
16679.576178521
16680.417333743
16681.087121762
16682.147106633
16682.596588242
16683.665835536
16684.407085576
16684.985850603
16685.784354622
16686.412254394
16687.330938670
16688.061834626
16689.419844054
16690.226454114
16690.996531462
16691.549501274
16692.176470247
16692.771265426
16693.661974417
16694.959216838
16695.385852396
16695.782025943
16697.134430459
16698.240400395
16698.487718845
16699.454384600
16700.420423644
16701.160692435
16702.020392959
16702.821862436
16703.043989938
16703.919233099
16704.766004438
16705.552585618
16707.208043996
16707.563225289
16708.270518260
16709.012930332
16709.945732118
16710.570677635
16711.278254743
16711.966863284
16713.091861706
16713.933036229
16714.208406528
16715.341241474
16715.949062781
16717.414472790
16718.052129593
16718.667179886
16719.430753735
16720.131483649
16720.824033734
16721.606729548
16722.208625807
16723.175998915
16724.275773758
16725.039793922
16726.141180475
16726.702446654
16727.199088670
16727.812939306
16729.363289454
16729.658637523
16730.562997304
16731.284621188
16731.543337786
16732.764496782
16733.755219427
16734.724753301
16735.372667700
16736.515925392
16737.114090759
16737.648017131
16738.124995968
16739.305945415
16739.683931169
16740.865091536
16741.747389282
16742.438120052
16743.290202659
16744.251753241
16744.770495819
16745.904852896
16746.553850943
16747.390813110
16747.745931197
16749.017157876
16749.551985758
16749.950575418
16750.776706521
16752.484287826
16753.271181597
16753.778125354
16754.321241370
16755.272141792
16755.883675594
16756.738341307
16757.536485211
16758.369552017
16759.079764827
16759.799293579
16760.903242967
16761.523111878
16762.594707506
16763.143085751
16764.345937558
16764.876063223
16765.704943270
16766.396159422
16766.473748578
16767.695594421
16768.842613919
16769.440554022
16770.528338093
16771.619915131
16771.802722471
16772.980173406
16773.484397849
16773.919180386
16775.390589217
16776.119557620
16776.384729791
16777.392008691
16778.005201596
16779.002712168
16780.050840971
16781.222827847
16781.770094523
16782.112914848
16783.129894855
16783.825959068
16784.668098336
16785.060814353
16786.140266977
16786.864608777
16788.296487450
16788.895680425
16789.301466282
16790.172375876
16791.156536549
16792.110430984
16792.655426680
16793.465461088
16793.981667124
16795.058227891
16795.437197593
16796.311085160
16797.764436016
16798.300823886
16799.500238629
16799.847549049
16800.691886806
16801.365168502
16801.768560648
16802.895943315
16803.854935520
16804.686430371
16805.153026027
16805.918171132
16807.430616194
16807.819711155
16808.505193239
16809.479220608
16810.402985065
16811.029908762
16811.706736461
16812.259034777
16813.167528286
16813.569989578
16815.269279344
16815.969190909
16816.692443012
16817.627272512
16818.024196933
16818.696631988
16819.838640110
16820.571717188
16821.109950947
16821.948238349
16822.912360122
16823.558435092
16824.433067100
16825.146258526
16826.455638746
16827.364698468
16827.671586205
16828.515378822
16829.024098446
16829.867044171
16830.833053730
16831.296376516
16832.340595330
16833.481636967
16834.191794548
16835.057636989
16835.731094772
16836.244453572
16837.368392471
16837.839749518
16839.253469126
16839.538894810
16840.102601581
16840.771226479
16841.795129748
16843.004002276
16844.170930057
16844.330514209
16845.193694637
16846.318110750
16846.767013395
16847.369723907
16847.903401287
16849.141847809
16850.106858198
16850.523972821
16851.718407535
16852.485808533
16853.005571786
16854.079311500
16854.975173222
16855.640251986
16856.345986542
16857.033307727
16857.755203683
16858.408424099
16859.540297623
16859.829551871
16861.573566479
16862.315969880
16862.908115099
16863.465457785
16864.008124265
16865.030188150
16865.856416139
16866.819660532
16867.263428935
16868.044214245
16869.013743702
16869.871313305
16870.758197900
16871.517883370
16872.460522394
16873.291182118
16873.892085221
16874.588844854
16875.338723861
16875.998609437
16876.392676558
16878.032295177
16878.775105685
16879.714683685
16880.021060294
16881.364378548
16881.810243720
16882.385533808
16883.408738264
16884.167993338
16884.948931057
16885.848321319
16886.429852454
16886.765740364
16888.315838778
16889.382913144
16889.787288947
16891.047648198
16891.372296710
16891.789363745
16892.961752175
16893.447271244
16894.455366754
16895.140252115
16895.977024323
16897.220418465
16897.918257094
16898.593006157
16899.133117752
16899.988829525
16901.494060656
16901.714999382
16902.232649848
16903.040857305
16903.915173524
16904.548652087
16905.594442046
16906.695758273
16907.611547788
16908.255877809
16908.914376673
16909.639703012
16910.435298514
16910.836370266
16911.948858197
16912.908198324
16913.579767958
16914.272646798
16915.213215688
16915.931781681
16917.086470503
16918.033255921
16918.219623906
16919.145364039
16920.234262922
16920.655253712
16921.402837222
16921.827381882
16922.950203408
16924.238426385
16925.292510736
16925.548806006
16926.390393566
16927.071006405
16927.984152134
16928.571903313
16929.639735167
16930.373059735
16930.976160222
16931.492016400
16932.816242078
16933.584023339
16934.145507947
16935.525326417
16936.081534024
16937.039651557
16937.326771812
16938.233419243
16938.481653713
16939.994827020
16940.362511129
16941.563766138
16942.187409243
16943.466106664
16944.005677720
16944.500816918
16945.408138854
16946.318207367
16947.082692144
16947.866473144
16948.536281345
16949.364148680
16949.735307716
16950.683070614
16952.284858808
16953.084360216
16953.312425238
16954.309380241
16954.950052031
16955.728209230
16956.515521283
16957.207244068
16957.761240894
16959.112970679
16959.950251602
16960.341116530
16961.515400312
16962.120488114
16962.982234045
16964.102591311
16964.540962644
16965.371070612
16965.952801880
16966.592919335
16967.718173671
16967.955717775
16969.660383965
16970.113447575
16971.219616901
16972.037911163
16972.464541231
16973.102169153
16973.650809598
16975.172848821
16975.601028297
16976.460908539
16976.871332620
16977.884581385
16979.009305435
16979.768901142
16980.480425431
16981.506673824
16982.142078876
16982.928102093
16983.458373170
16984.386890515
16984.677563133
16985.772689311
16986.739211543
16988.047480173
16988.586059310
16989.177754028
16989.794235892
16990.997273828
16991.557416453
16992.348131033
16993.047755885
16993.941669967
16994.579466274
16995.527046019
16995.895589524
16997.143171258
16998.404234842
16999.092531233
16999.633026853
17000.088704666
17001.177735689
17001.855927231
17002.156473708
17003.584696442
17004.284046214
17004.768368038
17006.274973709
17006.676005402
17007.616375578
17008.214689036
17008.945700875
17010.119947135
17010.770107193
17011.515926743
17011.949527645
17012.495674760
17013.577297042
17014.935325102
17015.468248532
17016.599454360
17017.032358702
17018.054396700
17018.449934507
17019.212498848
17019.997113877
17020.902026733
17021.885580008
17022.304185033
17023.515364924
17023.979812183
17024.977868025
17025.904685848
17026.832905746
17027.628474761
17028.086142729
17028.595233094
17029.752981579
17030.501168277
17030.815876031
17031.765069104
17033.524765829
17033.797497281
17034.670564259
17035.424745524
17035.823936333
17036.757734887
17037.887801870
17038.452069721
17039.087540992
17040.025829568
17040.562107061
17041.441572709
17042.593200552
17043.513805593
17044.110732800
17044.931960110
17046.105748871
17046.345319695
17046.788072969
17047.785548510
17048.419204379
17049.730607616
17050.472602317
17051.165131330
17052.054269933
17053.064309821
17053.593099464
17054.195342143
17055.320525082
17055.892452899
17056.908858704
17057.432029873
17057.925334841
17058.948399294
17059.650905916
17061.078311703
17062.120113369
17062.286298438
17063.184174003
17063.744135408
17064.539113945
17065.466649676
17066.160710023
17066.938957636
17067.661209470
17068.726994070
17069.822411073
17070.298573619
17070.631848688
17072.433960008
17072.625030194
17073.501280491
17074.253613535
17074.852141011
17075.525624831
17076.259941404
17077.298173670
17078.331556189
17079.424990260
17079.851090023
17080.750833890
17081.360065214
17082.339506209
17082.512992002
17083.639334471
17084.859156439
17085.291663944
17085.873555808
17086.580445567
17087.916689044
17088.696904575
17089.612569431
17090.218452088
17090.912793778
17091.879830631
17092.401384315
17093.102057123
17093.657686942
17094.665943069
17095.767595842
17096.750012302
17097.480683153
17098.223995707
17098.696068433
17099.565487785
17100.512820896
17101.631744759
17101.921544408
17102.361372937
17103.624349752
17104.267507641
17104.947165678
17106.178614244
17106.952197910
17108.272700409
17108.372024749
17109.156563202
17109.729326860
17110.512159620
17111.528633059
17112.271579165
17112.967092379
17114.089823233
17114.766566818
17115.606363448
17116.539693842
17117.152143149
17117.836070131
17118.957249875
17119.566186507
17120.175933272
17121.094469709
17121.560943860
17122.032997352
17123.973274826
17124.622752944
17125.123584953
17125.915136706
17126.750986104
17127.468321288
17128.244574333
17128.606727108
17130.097286232
17130.320525560
17131.449845300
17132.108406164
17133.022721499
17133.851189522
17134.670312578
17135.801837897
17136.314307137
17137.039162843
17137.605800191
17138.329854618
17139.080597709
17140.083869249
17140.782411778
17141.811976484
17143.060622366
17143.786536184
17143.821843505
17144.798325991
17145.573567188
17146.664276839
17147.365080955
17148.130249420
17148.672945332
17149.235614981
17150.670299610
17151.114938239
17152.484914999
17153.033395410
17153.960348308
17154.248173739
17155.424327809
17155.977499652
17156.431435383
17157.231467872
17158.510285012
17159.355012243
17160.231536846
17160.727540738
17161.700691900
17162.350887132
17163.647420157
17163.788965265
17164.641345255
17165.727103778
17166.265055025
17166.887641831
17167.578049596
17168.610754002
17170.081091542
17170.523946852
17171.298077307
17172.114295579
17172.698224786
17173.063577148
17174.287814147
17175.104520794
17175.811229001
17176.544016056
17177.294822539
17178.691066446
17179.036572195
17179.919791123
17180.518979315
17181.900487931
17182.411943110
17183.026112461
17183.517999034
17184.268341175
17185.274890532
17185.935283943
17187.452334112
17187.989782150
17188.643077943
17189.613493087
17190.340670576
17190.611533844
17191.786333766
17192.587940967
17193.148836579
17194.274646377
17194.798230911
17195.590822580
17196.273348558
17197.756448393
17198.463039896
17199.019591284
17199.743489178
17200.402709774
17201.286495226
17201.964473110
17202.584542503
17203.324938899
17204.595763908
17205.587952281
17206.337955404
17206.748932275
17207.765228750
17208.267890291
17209.305523735
17210.190242322
17210.989704654
17211.302420420
17212.214059340
17212.786061472
17214.165785054
17214.876517349
17215.725438050
17216.778247164
17217.328271788
17218.006937644
17218.701332883
17219.174524480
17220.019740842
17221.487546406
17221.807150575
17222.425736567
17223.891095932
17224.282671212
17225.192214236
17225.901641673
17227.009812441
17227.447732765
17228.266922571
17229.072284374
17229.778849802
17230.351074341
17230.964698711
17232.456738188
17233.452259203
17234.365939498
17234.694186648
17234.980875859
17236.400393820
17236.961753222
17237.654917805
17238.600661867
17239.148037493
17240.255937535
17240.877203291
17241.847699313
17242.491284921
17243.587168094
17244.430400279
17245.126442867
17245.847412180
17246.352806361
17247.136937609
17247.799377244
17248.648500137
17249.867865115
17250.618701917
17251.441211411
17252.314982318
17253.124760912
17253.716375211
17254.030381507
17255.317628137
17256.387732148
17256.798349877
17257.304049918
17258.284407563
17258.870760930
17260.399641184
17261.016755856
17261.834538145
17262.498187305
17263.361972360
17264.102021662
17264.329748970
17265.518799290
17266.205578432
17266.835794481
17268.251893810
17268.981310578
17269.585838568
17270.361512828
17270.980406329
17272.247332140
17272.854516368
17273.575871349
17274.098299403
17274.877709637
17275.911333994
17276.383819086
17277.194000484
17278.766870649
17279.421346599
17279.949035998
17280.902523338
17281.233563441
17282.099809001
17282.817713805
17283.853647969
17284.579738262
17285.525867877
17285.823267051
17287.121046380
17288.134093880
17288.456154859
17289.652132092
17290.166848930
17291.048163093
17292.042015077
17292.551721516
17292.776275376
17293.657725410
17294.961689763
17296.133013466
17296.597046022
17297.548381311
17298.193073347
17298.911214057
17299.553188367
17300.672750668
17300.966870039
17302.245390435
17302.740664669
17303.416074551
17304.373034986
17305.374722023
17305.867778135
17307.444202178
17307.882666385
17308.483468788
17309.023412538
17309.793790806
17310.823439640
17311.255117685
17312.320651748
17312.972929889
17314.296452812
17315.154022720
17315.570220877
17316.273615888
17317.017993434
17318.078534688
17319.007972015
17319.339318236
17320.347957186
17320.850216942
17321.517891238
17322.537878194
17323.954022585
17324.562614053
17325.049813984
17326.110241832
17326.753225161
17327.415487162
17328.134903220
17328.508892917
17329.977233429
17330.543593250
17331.577306110
17332.147824357
17332.924972577
17334.102964765
17334.754115522
17335.282118268
17336.470080692
17337.050033510
17337.486719682
17338.463890022
17339.199960398
17339.666778311
17341.007480016
17342.230154028
17342.760653001
17343.513651895
17344.077053187
17344.768023265
17345.404500272
17346.824528520
17347.207141401
17347.921236094
17348.473150718
17349.951232724
17350.347718914
17351.270447460
17352.171811314
17353.028017858
17354.062135745
17354.420578714
17354.957259318
17355.986398039
17356.349565583
17357.344873365
17358.428089612
17359.435982553
17360.142357071
17360.932303439
17361.495316034
17362.533897655
17363.084170843
17363.801721376
17364.714374047
17365.620333974
17366.517185120
17366.577790074
17367.496501574
17368.884487477
17369.848291738
17370.710491282
17371.025258688
17371.869294248
17372.614166136
17373.512859829
17373.912444049
17374.723606362
17375.901922010
17376.552448858
17377.500796946
17378.633116302
17379.096996593
17379.401430049
17380.751003615
17381.700615078
17382.238500370
17382.838405096
17383.670804342
17384.059081968
17385.228328847
17386.124195380
17387.055976293
17388.001761614
17389.001039184
17389.283655897
17390.144204910
17390.530040603
17391.528747572
17392.582180926
17393.099574882
17394.225485217
17394.528575768
17395.703074003
17396.531262562
17397.310131771
17398.328153442
17399.050237301
17399.383198991
17400.686234548
17401.021505348
17401.723141471
17402.685860033
17402.916449623
17405.014733316
17405.422733489
17405.970683334
17406.714542482
17407.632394797
17408.322549419
17408.989138110
17410.102204216
17410.525091537
17411.389486265
17412.208704927
17412.910182705
17413.839827764
17414.771964041
17415.911353235
17416.267093742
17417.443596952
17417.808137980
17418.592266348
17418.806295229
17420.170652016
17421.074210121
17421.556741742
17422.766405204
17423.536415106
17424.545649229
17424.973812131
17425.590316056
17426.490405875
17427.671394345
17428.173531144
17428.985318586
17429.249090152
17430.367282240
17430.970680563
17432.473338116
17433.142591931
17434.056942403
17434.570476892
17435.080798007
17436.301453492
17436.595892856
17437.510244542
17438.151433451
17439.308539526
17440.022848049
17441.092455707
17441.496369591
17442.316932704
17443.412160208
17444.308754052
17445.079512136
17445.226885743
17446.316671005
17447.237279683
17447.620266250
17448.266513893
17449.725077877
17450.501841507
17451.526068634
17452.142112409
17452.812990539
17453.204035999
17454.309066348
17454.842717628
17456.114006529
17456.759712245
17457.147079210
17457.915831592
17459.172453219
17460.199387188
17460.570805446
17461.488068883
17462.679248916
17463.012915286
17463.774326222
17464.454273140
17465.026302758
17465.784157339
17467.176383614
17467.757473721
17469.017408941
17469.307428129
17470.235610075
17470.894161931
17471.730158149
17472.615250339
17473.358824138
17473.920770856
17474.813144546
17475.633151880
17476.281813755
17476.948226622
17478.562817101
17479.303939927
17479.731098565
17480.493922350
17481.114490783
17481.841721155
17482.762290849
17483.457457051
17484.242745618
17485.052953672
17486.335827750
17486.882944750
17487.503128930
17488.604881005
17489.000583824
17490.076989545
17490.963411802
17491.631202542
17492.199867999
17492.643197800
17493.600646913
17494.628636609
17495.874586099
17496.739306437
17496.838469961
17498.205633957
17498.865497376
17499.282373611
17499.808683680
17501.015130219
17501.927682869
17502.617733828
17503.210282898
17504.111048651
17505.226353224
17505.705024982
17506.925705002
17507.613844994
17508.132475563
17509.056400226
17509.541637298
17510.408941412
17511.157359784
17511.732206625
17512.905148139
17514.290846153
17514.743604795
17515.335951615
17516.141958201
17516.463336179
17518.065197675
17518.429662425
17519.096953347
17519.939149811
17520.806339363
17521.271748429
17522.617601951
17523.119564479
17524.283281289
17525.132780613
17525.845969589
17526.234820013
17527.263307904
17527.708923156
17528.373704573
17529.351167025
17530.593550803
17531.214344799
17531.790554609
17533.100621587
17533.543127386
17534.312303132
17535.109431323
17535.849225147
17536.814885075
17537.485306456
17538.329937573
17538.545517567
17539.380706420
17540.986519931
17541.668686001
17542.627632804
17543.014057569
17543.954341527
17544.420048901
17545.303033652
17545.996054617
17547.006558792
17547.583496987
17548.370023230
17549.682306367
17550.164264645
17550.936015378
17551.601398489
17552.856183166
17553.528855982
17554.317672190
17554.709232781
17555.252782085
17556.438263369
17557.032697860
17557.820080149
17559.164233653
17559.957535183
17560.760310229
17561.136530790
17562.038729224
17562.856211586
17563.165459683
17564.676248112
17565.234765214
17565.643821660
17566.815220244
17567.233836565
17568.381018743
17569.752177711
17569.959165873
17570.719612717
17571.622095079
17572.429860819
17573.150266873
17573.523977180
17574.233010630
17575.334567692
17576.594093632
17577.196466133
17578.198505356
17578.438648525
17579.537502553
17580.244270675
17580.995762015
17581.951604712
17582.661236002
17583.103794869
17584.030125832
17584.782312462
17585.682876628
17586.693799928
17587.590144360
17588.672534815
17589.111059829
17589.588330472
17590.186352497
17591.211398866
17591.929631317
17593.062211574
17593.396568812
17594.421426452
17595.483254844
17596.499734567
17596.633988371
17597.501370775
17598.828752545
17599.250709211
17599.998105977
17600.777883133
17601.588118259
17601.858026255
17602.792983605
17604.438461861
17605.044721144
17605.719076077
17606.430107705
17607.144920670
17607.978268061
17608.612239746
17609.487482770
17609.920367369
17611.362577541
17611.876593615
17612.409070522
17613.503847989
17614.293513929
17615.334116766
17616.102357081
17616.783047736
17617.416398745
17618.088328545
17619.097230916
17619.240188928
17620.546078618
17621.148406031
17622.554556369
17623.144169900
17624.029036278
17624.772762676
17625.103121969
17625.827631792
17627.246028264
17627.779208912
17628.573827046
17628.902114881
17629.743164161
17631.063935772
17631.609215088
17632.674741120
17633.705008313
17633.974539464
17635.141285588
17635.659670284
17636.106964108
17636.867519449
17637.935747035
17638.642013799
17639.683546592
17640.752286717
17641.169999322
17641.788426293
17643.109390881
17643.473774732
17644.588733713
17644.906155445
17645.955186988
17646.730976762
17647.254794523
17648.015638724
17648.733073258
17650.445378690
17651.086634720
17651.557432072
17652.161087282
17653.136707359
17653.655437579
17654.497113792
17655.277135538
17656.312968528
17656.766284647
17657.697467648
17658.777040764
17659.500537520
17660.168943709
17660.940676380
17661.983195297
17662.853544978
17663.415127914
17663.744590596
17664.794235510
17665.147270774
17666.498832908
17667.699341298
17667.910844933
17669.291494239
17669.881245206
17670.378992881
17671.132578599
17671.843985359
17672.900414054
17673.582576927
17674.391736471
17675.086464213
17675.728551374
17676.700594914
17677.820213946
17678.550873786
17679.593814528
17680.000555798
17680.553049344
17681.368833518
17682.479770039
17682.932089071
17683.245741101
17684.793237525
17685.749213384
17686.647401054
17687.074553600
17687.708632015
17688.623435527
17689.581506358
17690.390691929
17690.924638132
17691.801409904
17692.271456487
17693.436232600
17693.683650235
17695.340598580
17695.864009888
17696.821190711
17697.591043534
17698.240218267
17698.939461706
17699.433814065
17700.059061346
17701.505693780
17702.061986885
17702.759778700
17703.599146569
17704.735536047
17705.328210222
17706.136171505
17706.908594673
17707.568796974
17708.800830498
17709.173068311
17709.714733137
17710.495186155
17711.275441668
17712.235309757
17713.675946295
17714.319280356
17714.841831226
17715.437188965
17716.350993403
17717.028245750
17717.847965104
17718.717964443
17719.367593385
17720.023250489
17721.218443586
17721.956349462
17722.459514379
17723.451297068
17724.859924827
17725.207398237
17725.643143561
17726.732590482
17727.181997336
17727.847073042
17728.915898594
17729.462248378
17730.741720595
17731.704909719
17732.186188230
17733.231663624
17733.696445598
17734.350649107
17735.227025934
17736.195709074
17736.973413523
17737.734655849
17738.248669877
17738.660433476
17740.256541531
17741.172219030
17741.778199687
17742.587973226
17743.299901929
17744.343075392
17744.463717476
17745.481700172
17745.962370295
17747.054013127
17748.037072797
17748.961616065
17749.503184161
17750.606392327
17751.120181393
17751.694979015
17753.238308178
17753.524960754
17754.107289158
17754.879867996
17755.841312171
17756.443217682
17757.126165817
17758.264223611
17759.499334761
17760.108907959
17760.903840685
17761.424837070
17761.750795086
17762.939116564
17763.781910739
17764.506068453
17765.224709685
17766.034269633
17766.947746040
17767.856814421
17768.570923031
17769.455945885
17770.179006150
17771.070553466
17771.789546802
17772.466766498
17773.145073032
17773.653451853
17774.350730744
17775.873484917
17776.767710663
17777.416820700
17777.965511228
17778.887470425
17779.859437527
17780.175506392
17780.906320145
17782.029890311
17782.920338094
17783.301586988
17784.077282401
17785.174357575
17785.698538557
17787.225031826
17787.599341787
17788.537192202
17789.168122846
17789.694666531
17790.509476466
17791.199291934
17792.064199191
17793.121068056
17793.437834117
17795.312371911
17795.452799667
17796.281264982
17796.683148264
17797.836344580
17798.617766678
17799.679821527
17800.184597630
17800.442382322
17801.565690364
17802.257117417
17803.267619708
17804.313127028
17805.321871893
17805.713087332
17806.702331728
17807.161503125
17808.010285978
17808.652149527
17809.248388896
17810.413734990
17811.447361818
17811.806040969
17812.875860402
17813.500818422
17814.596774992
17815.371160789
17815.917995472
17816.991743564
17817.262519509
17818.563869690
17818.824879538
17819.600882805
17820.157905320
17821.994534371
17822.440067879
17823.275756523
17824.114101818
17824.568904254
17825.215157987
17826.094372775
17827.244512969
17827.664505148
17828.397214725
17829.315714693
17829.965388794
17831.335402660
17831.682800284
17832.468626649
17833.722144739
17834.502884463
17834.872585611
17835.612335830
17836.030290596
17837.173460962
17837.840365761
17838.843577552
17839.906100077
17840.587913235
17841.428815251
17842.250396391
17842.594566323
17843.556791339
17844.497873752
17845.143011196
17845.956439697
17846.815245577
17847.235817450
17847.978541638
17849.205149805
17850.516409253
17850.988570097
17851.533211364
17852.109282071
17853.351803676
17853.795441337
17854.250791911
17855.347257645
17856.005911711
17857.213180592
17858.048561781
17858.681390247
17859.424470516
17860.129695210
17861.201523687
17861.906497616
17862.576627947
17863.514389995
17863.971820893
17864.400677551
17865.652650129
17866.444865066
17867.463979792
17868.396623038
17869.338733106
17869.632532350
17870.567081598
17871.116306683
17871.556689722
17873.044738950
17873.786516183
17874.146607908
17874.948575724
17876.127324905
17877.035955203
17877.463941498
17878.656328970
17879.242470630
17880.172469919
17880.598259429
17881.695496129
17881.914609425
17882.859507792
17883.463851873
17884.994292327
17885.954261971
17886.376795280
17887.075403848
17887.750618125
17888.641507064
17889.631814220
17890.055762885
17890.893648009
17891.726241893
17892.533227187
17893.458977355
17893.692316877
17895.285819540
17895.910694991
17896.881457053
17897.523745547
17898.166393121
17898.598762080
17899.590021787
17900.280895612
17901.003538641
17902.258850137
17902.775147946
17903.783497741
17904.807782662
17905.263299733
17906.043824035
17906.472801825
17907.951321833
17908.560320861
17909.035439144
17909.759078959
17910.393448574
17911.230740339
17912.638629668
17913.591511980
17913.788187097
17915.066355242
17915.665120306
17916.040279860
17917.000249011
17917.669732464
17918.445761170
17919.526668792
17920.057230904
17921.282003445
17921.869134208
17922.413008535
17923.515834648
17924.550585305
17925.108413785
17925.740981620
17926.384823329
17927.241952072
17928.056273370
17928.590904169
17929.385642252
17930.812232071
17931.850369540
17932.365022317
17932.587290061
17933.802118593
17934.188708779
17935.240371124
17935.942231897
17937.050132027
17937.418001428
17937.999395486
17939.231858397
17940.160467435
17940.749608926
17942.039086268
17942.205393265
17943.325895361
17944.155465466
17944.612965000
17945.123159286
17945.736720814
17947.289480880
17947.829853903
17948.923512197
17949.533444559
17950.382577961
17951.141931101
17951.755421353
17952.529285419
17953.580561053
17954.031521118
17955.155214653
17955.447985804
17956.260820934
17957.261580874
17958.148273364
17959.501176443
17959.984572096
17960.597216493
17961.188392938
17961.922944661
17962.715150257
17963.718561903
17964.232375345
17964.936689022
17966.265639325
17967.007600039
17967.712094088
17968.508459672
17968.925067990
17970.271849477
17971.067656681
17971.483753665
17972.201189492
17972.954604529
17973.810756449
17974.176491582
17975.756608486
17976.692266580
17977.162888831
17977.960523649
17978.974196790
17979.617201970
17979.712520055
17980.888657045
17981.781059407
17982.666263164
17983.493945595
17983.928337981
17984.780754261
17986.201883628
17986.578856414
17987.530322863
17988.208644640
17989.094142739
17989.653993938
17990.401958133
17991.026268409
17991.767138514
17992.625866358
17994.073017207
17994.630784612
17995.633396633
17996.028599206
17996.556497205
17997.610664351
17998.424744617
17999.447841520
17999.865822433
18000.370281896
18001.457597167
18002.354759579
18003.105846238
18003.878632004
18005.182091287
18005.781797682
18006.401399195
18007.013829266
18007.670327247
18008.510278176
18009.069610836
18010.364231550
18010.900410565
18011.897797154
18012.953495074
18013.379374571
18014.153942178
18015.190355268
18015.766949671
18016.344628135
18017.828313577
18017.905313238
18018.760206828
18019.241256619
18020.159924971
18021.864675917
18022.259945050
18023.073178920
18023.771107060
18024.298327462
18025.419694469
18025.927973906
18026.363921820
18027.619174562
18028.420231861
18028.991357690
18030.117060241
18030.966501582
18031.380127090
18032.397668132
18033.393587091
18034.192983464
18034.739303593
18035.333868841
18035.892772540
18037.025689187
18037.549269815
18038.599324388
18039.680098536
18040.503823910
18041.394731960
18041.984550907
18042.236191111
18043.159601374
18044.238988026
18045.289724557
18045.391798845
18046.464296238
18047.134530336
18047.999990927
18049.018345657
18050.077510878
18050.537758075
18051.435464825
18052.205131169
18052.779531346
18053.568063372
18054.316228236
18054.691803781
18055.794149272
18057.402247870
18057.719754541
18058.234495305
18059.233284655
18060.187857632
18060.562959377
18061.690873819
18062.330697258
18062.938587929
18063.967582515
18064.490286559
18065.143776149
18066.139574494
18067.346769004
18068.162248797
18068.919002287
18069.492235907
18070.296732494
18070.774691424
18071.379932424
18072.687286051
18073.284491637
18074.049560106
18074.752327367
18076.262835233
18076.456557157
18077.595456857
18077.690756911
18079.159289672
18079.932188954
18080.416707809
18081.226042969
18081.863377145
18082.219365222
18083.649721927
18084.407502190
18085.710726528
18086.227558898
18086.729200232
18087.638063223
18088.294945544
18089.234608089
18089.554767528
18090.685209366
18091.497100495
18092.384522637
18092.849088080
18094.009210069
18094.457860679
18095.871536532
18096.617992136
18097.093386458
18097.547058261
18098.774526222
18099.221538979
18100.022459458
18100.472252008
18101.773996326
18102.756184699
18103.763535672
18104.287948938
18104.843618189
18105.786319163
18106.212292552
18107.408505328
18108.271627156
18108.731590687
18109.686220984
18109.832041517
18111.241540122
18112.144817067
18113.083456113
18113.566893156
18114.752434231
18115.401298920
18116.033198570
18116.328602090
18117.258146011
18118.141471256
18119.122394050
18119.950411728
18120.750137701
18121.682812709
18122.295162365
18123.173475110
18123.812165896
18124.749234501
18125.526680471
18126.270918165
18126.649776123
18127.904485245
18128.399917379
18128.703367818
18130.767565437
18131.219381437
18131.960213595
18132.582410799
18133.181196190
18133.971836918
18134.898546568
18135.584901951
18136.287980932
18137.102663244
18138.104199168
18138.976427642
18139.578429639
18140.429432594
18141.369667538
18142.107872581
18142.977049974
18143.750013152
18144.170790768
18144.769982445
18145.683052759
18146.403416462
18147.914909865
18148.273389008
18149.301036214
18150.108212811
18150.860762615
18151.282867112
18152.083770639
18152.788622020
18154.154284389
18154.589984631
18155.153214115
18155.812054755
18157.008024335
18157.895902797
18158.706377229
18159.694485066
18160.346593426
18160.688085840
18161.788463893
18162.421332538
18162.898392642
18163.854184305
18164.650282314
18165.825259207
18166.815448032
18167.497151257
18167.846689437
18168.521018102
18169.887431124
18170.562791291
18171.030030621
18171.827411466
18172.643225980
18173.338452337
18174.059013114
18175.080215124
18176.005526634
18177.298372064
18177.557114182
18178.265931411
18179.084600662
18179.666183814
18180.338472606
18181.192855774
18182.510495576
18182.667030293
18183.898193099
18184.400667283
18185.709811805
18186.304234386
18186.735225862
18187.915912929
18188.483497590
18189.594985438
18189.916049724
18190.681059809
18191.083440097
18192.229509916
18193.676961394
18194.327514176
18194.877412644
18195.664644230
18196.612600327
18196.993183261
18197.695763478
18198.923032261
18199.474749848
18199.993990209
18201.225890628
18201.827494720
18202.717530189
18203.390257686
18204.510497412
18205.366171951
18206.155633823
18206.627822667
18207.041827659
18208.036404271
18208.892648822
18209.627084725
18210.265169356
18211.737450524
18212.555568490
18212.886975369
18213.931009450
18214.358300967
18215.106195955
18216.313307132
18216.840467356
18217.796767269
18218.141363818
18219.040646871
18219.703650240
18221.043442054
18222.008526145
18222.567056254
18223.141200030
18224.210669335
18224.760199704
18225.497826863
18226.038093777
18226.614866457
18228.228107152
18228.602724167
18229.598589305
18230.384558167
18231.130489414
18231.801334003
18232.963375856
18233.311388740
18234.411356137
18234.846608437
18235.797010955
18236.287974670
18237.044073176
18238.059916105
18239.090348997
18240.106832675
18241.020186187
18241.389359196
18241.835940286
18242.625628494
18243.729902998
18244.331826739
18245.290243957
18245.993518896
18246.403932192
18248.028778007
18248.556807745
18248.899121185
18250.195346785
18250.941922524
18251.840881045
18252.286277174
18252.940998801
18253.926814130
18254.161674031
18255.179365931
18256.598116774
18257.376635920
18257.912942763
18258.823855708
18259.386093455
18260.350858648
18260.910466425
18261.589309230
18262.581548154
18263.463494151
18264.068674373
18264.771561270
18265.396158845
18266.725845889
18267.782827204
18268.262974516
18268.847873470
18269.949437298
18270.265233120
18271.025838272
18271.877481174
18272.613965615
18273.418699649
18274.566104829
18275.474808013
18276.165103953
18276.771740986
18277.622167922
18278.007809850
18279.530737893
18280.103619177
18280.588318995
18281.076936491
18282.037044916
18282.997391781
18283.769956480
18284.942912360
18285.626283760
18286.513320271
18287.156486105
18287.763285265
18288.476616218
18288.882786220
18290.341108365
18290.726144045
18291.652362222
18292.886471831
18292.981337042
18294.320404541
18294.837675750
18295.984949738
18296.539195263
18297.202863327
18297.971946899
18298.976107776
18299.444526186
18299.920447087
18300.781830232
18302.341273819
18303.313200479
18303.610409707
18304.373571190
18304.964082676
18306.146381550
18306.388540154
18307.552248662
18308.102597825
18309.119991276
18309.634122019
18310.477400941
18311.648529481
18312.265655569
18312.909640983
18314.408356584
18314.641482641
18315.263817660
18316.274824361
18316.536282456
18317.279363357
18318.510571578
18319.379433468
18320.031882590
18321.116584324
18322.088825107
18322.482364982
18323.015912823
18323.916647829
18324.974966320
18325.568216506
18326.593491175
18326.837853667
18327.732202839
18328.435580555
18329.698201438
18330.637433334
18331.466791321
18332.040217770
18332.633661848
18333.352342359
18334.451276173
18334.690423851
18335.604559635
18336.366590648
18337.614808487
18338.441758158
18339.111823782
18339.589980647
18340.600687855
18341.620781338
18342.179697435
18343.077915185
18343.592572096
18344.308330350
18345.122708639
18345.885579270
18346.510094093
18348.130875827
18348.647215074
18349.321382480
18350.440619779
18350.681137882
18351.433021849
18351.970920462
18353.227195966
18354.136905130
18354.673335735
18355.068181669
18356.518461258
18357.060162562
18358.242503159
18358.638721108
18359.470085977
18360.499732630
18361.308797530
18361.699251207
18362.096575218
18363.339258531
18363.696221451
18365.181028200
18366.102733854
18366.775235250
18367.402013441
18368.069825766
18368.887881422
18369.694184697
18370.559936649
18371.130631143
18371.957111695
18372.772987552
18373.515881329
18374.400644613
18374.953980317
18376.527665186
18377.071524444
18377.723380209
18378.421524395
18378.795491632
18379.949603725
18380.577227398
18381.108258280
18382.346238759
18383.029670277
18384.141884616
18384.837860800
18385.616503668
18386.045524141
18386.975581132
18388.011641220
18388.557745182
18389.558953608
18390.044835156
18390.584479324
18391.194480861
18392.965307838
18393.381763508
18394.320027155
18395.065865119
18395.814178531
18396.583072984
18397.088210760
18397.732897880
18398.600768397
18399.652316004
18400.562379015
18400.931433574
18402.084831788
18402.881316003
18403.526537245
18404.421153896
18405.585509446
18405.883862185
18406.513809720
18407.375083336
18408.219174650
18408.753414814
18409.521732006
18410.614884926
18412.174449091
18412.338135572
18413.014775477
18413.735790698
18414.385320488
18415.233801643
18416.427629983
18416.836486779
18417.396126942
18418.435875862
18419.232945265
18420.044704574
18420.968843929
18421.820036832
18422.744044597
18423.222227026
18424.253470135
18424.769118555
18425.343714130
18425.878101754
18427.002424660
18427.963703205
18429.030725129
18429.755281841
18430.110515861
18431.438180342
18431.948898826
18432.541710746
18433.244331055
18434.578465943
18434.948822027
18435.624572649
18436.499958617
18436.922981476
18438.242672857
18439.353155208
18440.104939912
18440.614016955
18441.394114287
18442.084755566
18442.703369376
18443.474762971
18444.446854849
18445.117028448
18445.820233061
18447.101523036
18447.899059483
18448.530478704
18448.865121673
18450.049527148
18451.324097816
18451.458617736
18452.301190382
18452.911102376
18453.610559668
18454.604573324
18455.162542588
18456.670911973
18457.135778615
18458.243128029
18458.892341532
18459.216671127
18460.092063011
18461.110621218
18461.317347883
18462.694949653
18463.394606973
18464.136708592
18464.546460735
18465.878502046
18466.640873564
18467.501920297
18468.371111903
18468.702214385
18469.801131489
18470.383018584
18471.190795433
18471.755898017
18472.125834154
18473.875404674
18474.705676964
18475.205994213
18476.245954628
18476.770730094
18477.223125435
18478.438161248
18479.093216444
18479.865993253
18480.764289626
18481.041040374
18482.092509611
18483.076573954
18483.732872961
18484.776182872
18485.633201361
18486.636198817
18487.073807368
18487.484907261
18488.274216434
18489.024760244
18490.231869022
18490.637964742
18491.630479405
18492.653137273
18493.558954849
18494.035204078
18494.821782215
18495.628594924
18496.382090909
18497.417038164
18497.925120891
18498.717048248
18499.227353501
18500.047534301
18500.810929238
18502.528160458
18503.010953092
18503.570945424
18504.072549964
18505.373673898
18505.711238405
18506.449617752
18507.104096412
18508.216990231
18508.845889465
18509.932698519
18510.602932448
18511.218963253
18512.199598679
18513.198778645
18513.773429336
18514.735402182
18515.204711148
18515.967221267
18516.666652803
18517.225264061
18518.363866724
18519.114647977
18520.280952807
18521.196650967
18521.667828632
18522.513320813
18523.019650687
18523.500185999
18524.899563716
18525.759506641
18526.006715686
18526.951239417
18527.490461311
18528.806329670
18529.648128080
18530.159050240
18531.297421050
18532.141425033
18532.484811824
18533.326377888
18534.072659954
18534.712641124
18535.234582786
18536.504289279
18537.600213621
18538.229564583
18539.140716112
18539.436652430
18540.594647959
18541.168526937
18542.353424356
18542.623146165
18543.291395752
18544.718779025
18545.008651504
18545.353688135
18546.638477823
18547.893002488
18548.626298567
18549.405552026
18549.890838333
18550.570655058
18551.295581223
18552.155373909
18552.772472137
18553.802446411
18554.551634094
18555.283924939
18556.365972916
18557.228151272
18557.742097995
18558.378532142
18559.422328941
18560.421350310
18561.015805915
18561.555712099
18562.007600267
18562.937505129
18563.843430246
18565.176837432
18565.687614683
18566.714768882
18567.262552829
18568.095159121
18568.842286485
18569.089544722
18570.299547835
18571.064602114
18572.042869250
18572.334237764
18573.563668084
18574.259115535
18574.826270782
18576.324315569
18576.927756913
18577.283648930
18578.283623175
18578.847954807
18579.629152922
18580.399473322
18581.095625914
18581.696307559
18583.462283829
18583.887002046
18584.851670493
18584.978815066
18585.957723311
18586.974333820
18587.496839162
18588.507832462
18589.379948326
18589.582121843
18590.495039717
18591.495176511
18592.298100964
18593.464752000
18594.017233403
18594.902846224
18595.650187553
18596.507078515
18596.780146793
18597.392581599
18598.376671760
18599.489474641
18600.379842049
18600.776286263
18601.933324919
18602.816334040
18603.426315508
18603.956356863
18605.118200633
18605.656598048
18606.640909049
18607.160125127
18607.861320861
18608.581668831
18609.214508840
18610.784217393
18611.445444554
18612.444363703
18612.813734847
18613.510707205
18614.045795044
18615.276899864
18615.806772921
18616.524980927
18617.268901742
18618.348118260
18619.195593284
18619.823020316
18620.777682079
18621.220233503
18622.716295970
18623.251055849
18623.615237583
18624.402882903
18625.286712362
18625.864349545
18626.533996798
18627.713651932
18629.024137475
18629.178840051
18630.431479060
18630.844023264
18631.868788036
18632.058427770
18633.002879668
18634.190585239
18634.786996647
18635.548333102
18636.065188424
18636.788214984
18638.257208625
18638.884656249
18639.716291175
18640.363499597
18641.156225859
18641.942106202
18642.705159854
18642.959720385
18643.857719217
18645.025184231
18645.635091036
18647.191111328
18647.400949617
18648.001578135
18649.068644459
18649.529389382
18650.757842122
18651.331814130
18652.136668026
18652.531282064
18653.415882546
18654.427410560
18655.007413371
18655.907805620
18657.349743991
18657.872849514
18658.534521998
18658.939619863
18660.037454466
18660.285082089
18661.362531020
18662.437068668
18662.828715831
18663.758889587
18664.852577270
18665.523579655
18666.191885205
18667.221711787
18667.776770116
18668.613017505
18669.525808631
18670.179479323
18670.796292003
18671.404283205
18671.887182976
18673.528826953
18674.529975065
18675.049930230
18675.531065435
18676.838716208
18676.971778479
18678.017447878
18678.569613042
18679.446053664
18680.378221620
18681.263159986
18681.579291504
18682.750663331
18683.536073522
18684.337881669
18685.364474258
18686.102229937
18686.913407501
18687.235225136
18687.814113277
18689.057609474
18689.489393665
18690.288048065
18691.496662663
18692.270943772
18693.434686074
18693.861587112
18694.389007188
18694.901126495
18696.258421468
18697.152212965
18697.421953614
18698.336194871
18698.998423528
18699.712299608
18700.743570265
18701.767542155
18702.804968438
18703.093624240
18704.176372229
18704.766382585
18705.391760034
18706.105781408
18706.868038735
18707.422159905
18708.941760897
18709.459430093
18710.275748498
18711.005251275
18711.799801193
18712.785443101
18713.473578723
18714.037558468
18714.958286706
18715.809706058
18716.269164744
18717.108615967
18717.611315367
18718.812526393
18720.169536912
18720.670734970
18721.317260254
18722.139845008
18722.583862665
18723.487052266
18724.035795447
18725.422574444
18725.860603516
18726.280162714
18727.433121236
18728.756709732
18728.955591846
18729.698375914
18730.831996702
18731.673368903
18732.361596394
18733.037960590
18733.630637793
18734.020548117
18735.162577686
18736.045141413
18736.985538871
18738.065713301
18738.795624791
18739.165826550
18740.093910720
18741.040818863
18741.247138422
18742.488492998
18743.097316015
18744.057465638
18744.624053245
18745.357940094
18746.073367169
18747.418419029
18748.277272188
18748.942154188
18749.607703515
18749.947664415
18751.285239918
18751.697251673
18752.211682084
18753.154457954
18754.091043643
18755.422991875
18755.790552539
18756.649859149
18757.562862900
18757.821999005
18758.930173442
18759.961749310
18760.613256051
18760.980919806
18761.887427784
18762.590709820
18763.275414307
18764.852231925
18765.098276848
18766.158588529
18767.210199923
18767.730765507
18768.129769175
18768.838031066
18769.587778914
18770.795236283
18771.382921793
18772.181063524
18772.989735832
18773.871869782
18774.835165648
18775.458706146
18776.104348955
18777.338405625
18777.755327447
18778.366263220
18779.429220512
18779.783678154
18780.706450899
18781.113458959
18783.008143389
18783.549146652
18784.235398958
18784.794004227
18785.458135693
18786.418300040
18787.191827810
18787.837205875
18788.606037931
18789.478560427
18790.177001320
18791.163867623
18791.776719406
18792.624176554
18793.870658079
18794.381594682
18795.177579106
18795.807609631
18796.749027226
18796.857531063
18797.836098637
18798.852570394
18799.773185866
18800.557962148
18801.531119710
18802.408209240
18802.871422251
18803.650125187
18804.255189634
18805.148940094
18806.294758725
18806.971519963
18807.307375091
18807.758607286
18809.189569131
18809.918326775
18811.090955081
18811.815915896
18812.301223343
18813.177740075
18814.013133597
18814.280601773
18815.468871474
18815.738552211
18817.016427884
18817.699501970
18818.848925284
18819.593396098
18820.001326780
18820.760619932
18822.056516156
18822.687970653
18823.290219899
18823.860120293
18824.794458567
18825.432338596
18826.423105395
18826.633786675
18828.282144465
18829.209709163
18829.741509959
18830.516337745
18831.084493804
18831.730758647
18832.464910662
18833.647633141
18834.013906815
18835.255535741
18835.553601368
18836.432443695
18837.662235734
18838.330046510
18839.117967308
18839.660164934
18840.877889379
18841.591615480
18841.824598000
18842.885423510
18843.169943754
18844.063148337
18845.576962976
18846.247251562
18846.969584089
18847.656616272
18848.661565092
18849.157978433
18849.648621277
18850.961078105
18851.446646407
18852.223054029
18852.937398150
18854.083031118
18854.175226885
18855.543448977
18856.347396024
18857.585976063
18858.019330386
18858.535474299
18859.245931059
18859.929258229
18860.931308727
18861.514496185
18862.355450432
18863.134052006
18864.639845406
18864.967212428
18865.681640451
18866.321571042
18867.268233820
18868.047892830
18869.169501014
18869.370599566
18870.272885208
18871.057117177
18871.357725107
18872.715633405
18873.807014131
18874.507120139
18875.485169847
18875.660439623
18876.817770644
18877.633101564
18877.872210786
18878.444783348
18880.054457513
18880.525197276
18881.225088607
18882.132347024
18882.973842867
18883.805283279
18884.621743051
18885.536576846
18886.004284626
18886.873068321
18887.740860893
18888.153509776
18888.887733729
18889.670300893
18890.710694484
18891.855591767
18892.805022472
18893.333065805
18893.829454793
18894.458908214
18895.383280491
18896.358157477
18897.069732899
18897.874705750
18898.124888482
18899.409393606
18900.218479307
18901.054187394
18901.656419356
18902.913943506
18903.543968078
18904.274616948
18904.835937558
18905.364399986
18906.295712139
18906.950861588
18907.805566978
18909.141703102
18909.758745226
18910.330948774
18911.461879132
18911.974040724
18912.633246061
18913.551419860
18914.210730708
18915.163306557
18915.930054305
18916.487718269
18917.090787531
18917.838724880
18919.620743653
18920.207204517
18920.368447549
18921.707742384
18922.048339065
18922.879266926
18923.495685772
18924.374521455
18925.068234202
18925.951480379
18927.040651906
18927.645518790
18928.698300320
18929.237531311
18929.736702340
18931.049758444
18931.735235731
18932.604050512
18932.877927905
18933.507241679
18934.520387785
18935.358008434
18936.122932608
18937.344264874
18938.108236349
18938.903068003
18939.629818766
18939.945218832
18940.722907028
18941.664404277
18942.511040361
18943.461311340
18943.914686871
18944.649673353
18945.871365647
18946.346866184
18947.443896640
18948.307821569
18949.044098999
18949.375149713
18950.490839069
18951.313426741
18951.686535615
18952.153721127
18953.278938334
18954.621187925
18955.443374742
18956.133779820
18956.476598447
18957.397820528
18958.414537531
18958.930563688
18959.673107980
18960.656418383
18961.235593602
18962.115310920
18962.520488689
18963.861540260
18964.416681750
18965.558506560
18966.455116294
18966.981652883
18967.770477661
18968.119616605
18969.087094812
18969.551643304
18970.928249983
18971.469510253
18972.123668557
18973.446699845
18974.172206807
18974.704563179
18975.518233531
18975.967696744
18977.450019363
18977.936842647
18978.429197276
18979.231515240
18980.040748967
18980.436302095
18981.849290411
18982.993006935
18983.463053132
18984.367232375
18984.787782588
18985.738749941
18986.365577841
18987.018624809
18987.996628234
18988.465461222
18989.724126279
18990.515074886
18991.145889223
18991.699751938
18993.079774947
18993.536551523
18994.643613621
18995.038311831
18995.860661582
18996.357187537
18997.563757742
18997.811309507
18998.553202356
19000.053451330
19000.870800549
19001.595346090
19002.229629244
19003.053899472
19003.563684147
19004.110153449
19005.494286671
19006.205663223
19006.606076123
19007.451062891
19008.053969394
19009.506902705
19009.948670066
19010.988835361
19011.558370396
19012.631707746
19013.331117521
19013.742338373
19014.470871704
19015.015875707
19016.073048502
19017.056631473
19017.944487058
19018.780295184
19019.640168730
19020.099437540
19020.851515875
19021.929186180
19022.572825243
19023.116965271
19024.168255752
19024.766995426
19025.419983406
19026.267555351
19026.939765102
19028.321386911
19029.532198350
19029.647904520
19030.149444653
19031.054804145
19031.884482455
19032.609535384
19033.282642532
19034.072171514
19035.186786789
19035.655538199
19037.096661604
19037.373051325
19038.071141190
19039.011057420
19040.156632602
19040.383605154
19041.550058367
19042.212118913
19042.351186384
19043.252747173
19044.341771887
19045.539091744
19046.312988818
19046.774925413
19048.010546438
19048.457393732
19049.042541135
19049.720803436
19050.494990030
19051.688168083
19052.295968842
19052.933476076
19053.673489340
19054.647451651
19055.605639595
19056.315990553
19057.312566924
19057.904667275
19058.595702352
19059.310921769
19059.868852442
19060.872287050
19061.455850473
19062.042120607
19063.714175150
19064.453892741
19064.893861747
19065.649412936
19066.295892715
19067.033194576
19068.330661175
19068.693080762
19069.491822252
19069.938532412
19071.211216346
19071.653568826
19072.497044482
19073.856045889
19074.344691804
19075.332311629
19075.932933327
19076.655479814
19077.218308028
19077.867071324
19078.599859568
19079.842202280
19080.408742234
19081.482324762
19082.042617816
19082.947772922
19084.065314950
19084.282953612
19085.060769363
19086.169182379
19086.825203530
19087.729536894
19088.051855531
19088.736467537
19089.518269365
19091.081406555
19091.658436281
19092.696569457
19093.085859702
19093.791213571
19094.538716011
19095.440757982
19095.853380584
19096.988802580
19097.714391478
19098.231222890
19099.540850639
19100.231327526
19100.862420178
19101.460742319
19102.927293976
19103.489419821
19104.087353209
19104.503242082
19105.441588720
19106.334959182
19106.643763314
19107.997832113
19108.641327579
19110.053923211
19110.457808188
19111.161826391
19111.727738836
19112.560832759
19113.342231195
19114.125800710
19115.102652869
19115.837881844
19116.226959991
19117.012351675
19118.198743932
19119.190329633
19119.937599486
19120.572042374
19121.269177664
19122.166165127
19122.846655439
19123.484944768
19123.860932736
19124.869033440
19126.184751893
19126.941836262
19127.579491112
19128.471152195
19129.029462075
19129.977502379
19130.544836741
19131.661353425
19132.259231049
19132.794916606
19133.622986580
19134.385048139
19135.191217888
19136.017902747
19137.267655431
19138.127128154
19138.535620994
19139.664385750
19139.973269136
19140.130990596
19141.743916789
19142.351160522
19143.057333280
19143.728614195
19144.926913004
19145.659634034
19146.551436793
19146.903228272
19148.056260631
19148.711972746
19149.698327805
19150.318097720
19150.725084731
19151.587486355
19152.282664134
19153.000891576
19154.752841598
19155.216203070
19155.678308943
19156.523874773
19157.476844072
19158.036011479
19158.655169922
19159.492531359
19160.292819255
19161.339413853
19161.968246647
19162.449545955
19163.621498727
19164.290725415
19165.605281659
19166.003171258
19166.772379075
19167.448066032
19168.244270446
19168.794795651
19169.546325408
19170.342155728
19171.369697641
19172.248146296
19173.290213589
19174.117698744
19174.520393219
19174.963955332
19176.005838247
19177.035545602
19177.847794449
19178.254518454
19179.178619866
19179.428291625
19180.772346570
19181.808274643
19182.258746785
19183.456045680
19184.284250977
19184.740405621
19185.300081617
19186.351318372
19186.669577441
19187.468094199
19188.706558802
19189.324819718
19190.396159305
19190.955361869
19191.849773705
19192.462939875
19193.533190996
19194.220488880
19194.807293827
19195.551048624
19196.496488539
19197.192150973
19197.674258248
19198.224096371
19199.979095715
19200.719062206
19201.396672137
19202.043469527
19202.480000259
19203.699317918
19203.917019973
19204.940046584
19205.942980979
19206.412837390
19207.207123699
19208.381484120
19208.883091173
19209.966818072
19210.532880645
19211.293510331
19212.569326668
19213.122721803
19213.339556872
19214.311663164
19214.688206195
19215.986362539
19216.651091487
19217.887300994
19218.475238326
19219.358668201
19220.148934328
19220.677983468
19221.309843156
19222.040021205
19223.485549102
19223.654645097
19224.369493154
19225.371558556
19225.995593184
19226.790186187
19228.181146755
19228.791173037
19229.559601533
19230.054381088
19230.808153429
19231.702427828
19232.236314768
19233.116725596
19233.545739596
19234.835536611
19236.027117596
19236.591607096
19237.008197348
19237.911758519
19238.689141239
19239.723498160
19240.392814576
19240.867244784
19242.093937084
19242.169499696
19243.145605203
19244.011413040
19245.107386357
19246.061828203
19246.703274870
19247.662082017
19248.195047427
19248.746296108
19249.465984485
19250.113831347
19251.227477538
19252.299174753
19252.596768220
19253.275205455
19254.748840038
19255.435221880
19255.662306540
19256.867612895
19257.680682456
19258.281307274
19259.190913874
19259.724905695
19260.335653324
19260.937589852
19262.085466963
19263.366722780
19264.031437044
19264.786310104
19265.394073020
19265.927747637
19266.806079118
19267.782326657
19268.529682576
19268.798143123
19270.190774173
19270.565508862
19271.633446532
19272.377029758
19272.965914370
19274.462598216
19274.911663255
19275.656058254
19276.150829712
19277.014983747
19277.511822909
19278.687052629
19278.918024337
19280.238362143
19281.173133886
19282.133301124
19282.453611322
19283.710881295
19283.915712324
19284.651582714
19285.716112100
19286.740141812
19287.207111931
19287.782786643
19288.444845963
19289.307575112
19290.628316552
19291.523816534
19292.072792182
19292.676696544
19293.794056822
19294.394383031
19294.851508237
19295.369608678
19296.586799682
19297.285077562
19298.208648956
19299.120003243
19300.136082971
19300.215441671
19301.442365114
19302.202097797
19302.983608837
19304.037320890
19304.214660096
19304.903113354
19306.056359355
19306.550650591
19307.241000774
19308.420804034
19309.789600093
19310.139560531
19310.888565716
19311.263025520
19312.153971491
19312.946945946
19313.797361095
19314.726551259
19315.175251714
19316.012648563
19317.066170980
19317.742155111
19318.754752042
19319.273710122
19320.347049202
19321.053043119
19321.653648866
19322.569598731
19323.003604561
19323.769748037
19324.138596492
19326.068667475
19326.378846989
19327.263159754
19328.172826776
19328.675920004
19329.624046521
19330.188123633
19330.892925381
19331.802770736
19332.704395167
19333.384794802
19333.972311829
19334.591059005
19335.919218679
19336.653609093
19337.590476643
19338.495443052
19338.976155637
19339.377526370
19340.309008043
19341.187037767
19341.683182360
19342.745045664
19343.351309133
19344.583806729
19345.516462111
19346.038321527
19346.607559389
19347.181078405
19348.752589059
19348.979111710
19350.042195312
19350.270090922
19351.108139294
19352.046505772
19352.685466510
19353.865503875
19355.026760113
19355.347340535
19356.243604843
19357.038803223
19357.530255964
19358.345409546
19358.798261544
19360.008230083
19360.739209770
19361.623788574
19362.334300630
19362.989851170
19364.040373155
19364.921781540
19365.769222059
19366.049144350
19367.089523668
19368.054669459
19368.449466701
19368.948047527
19369.978183767
19370.560293431
19372.311989644
19372.797832226
19373.306416053
19374.161440226
19375.050368994
19375.242963018
19376.391411400
19377.346607962
19377.939042493
19378.600817732
19379.196951825
19380.551519352
19381.125552132
19381.799655636
19382.867719883
19383.868176443
19384.354269841
19385.212002245
19385.488456797
19386.237272628
19387.141237794
19388.178211490
19388.715578980
19390.051617328
19390.541687428
19391.616555954
19392.087484323
19392.635902405
19393.734695450
19394.395920114
19395.164232400
19395.995901130
19396.812664061
19397.178249693
19397.847152943
19399.282824589
19400.317980805
19401.004416791
19401.410813011
19402.265856379
19402.908466900
19403.865370803
19404.597882876
19404.710806563
19406.095485800
19407.142218907
19407.622580608
19408.731391295
19409.204015597
19410.100720970
19410.787290790
19412.003522408
19412.482370205
19412.985042600
19413.860382760
19414.576876639
19415.091126716
19416.212940003
19417.385402648
19417.849099024
19419.198460885
19419.619450937
19420.119615413
19420.877544424
19421.387085862
19422.619437454
19423.600301197
19423.864780444
19424.657107432
19425.599918819
19426.692323225
19427.233228992
19428.232193508
19428.906300223
19429.763364131
19430.626648105
19430.873031835
19431.859444134
19432.586403207
19432.915375660
19434.258543521
19435.455713515
19436.343483043
19436.561322279
19437.167090219
19438.411264964
19439.038681797
19439.542145012
19440.769670267
19441.022609205
19442.044871627
19442.811601783
19443.547966369
19444.151783620
19445.593986646
19446.426143698
19446.902807422
19447.604904113
19448.453574212
19448.958467118
19449.581070320
19450.503651409
19451.592292901
19452.044768381
19453.097196514
19454.150336499
19454.757755405
19455.370699501
19456.221424161
19456.724190379
19458.108013703
19458.624974416
19459.272742629
19459.665566207
19460.468486370
19461.501412469
19462.706851177
19463.403754468
19464.220923303
19464.986420636
19465.542071394
19466.455813510
19466.751481407
19467.813915233
19468.510110974
19469.376349326
19470.410591020
19470.847462145
19472.027798405
19472.451850613
19473.374102817
19474.664984562
19475.044267228
19475.648277412
19476.245876276
19477.345288504
19477.919816232
19478.510191318
19479.198697647
19480.874813219
19481.405484823
19482.249421463
19482.826626676
19483.493488864
19483.974356648
19485.362344036
19485.698033569
19486.623367765
19487.470075289
19487.977517096
19488.687662535
19490.022149096
19490.771778464
19491.286094809
19492.497231866
19492.918602269
19494.021116714
19494.350549941
19494.852070557
19495.645637645
19496.666918389
19497.748401868
19498.568738922
19499.112311611
19500.175007818
19500.934643261
19501.364199532
19502.219847799
19503.172162995
19503.863880745
19504.607229140
19505.366863112
19505.795221068
19506.909131889
19507.478680574
19509.131221352
19509.527733795
19510.511847121
19510.635531264
19511.569935991
19512.363757246
19513.045558206
19513.973842672
19514.671587349
19515.228605366
19516.826598839
19517.221298750
19517.824408469
19518.615454914
19519.612359895
19520.579316970
19520.976658051
19521.993218639
19522.436654823
19522.981290189
19523.967940680
19524.669794742
19525.997180327
19526.778086658
19527.560271305
19528.030951426
19529.117123936
19529.595238906
19530.165162052
19530.836802425
19532.249292927
19532.937260582
19533.117050696
19534.211333508
19535.010085124
19536.136594636
19536.927889100
19537.454085882
19538.435557088
19539.064317419
19539.718089846
19540.515849928
19541.113602269
19541.643479318
19542.898519543
19543.863421317
19544.889633513
19545.415094012
19546.179715069
19546.505870429
19547.560032440
19548.605824761
19549.299610233
19549.715342098
19550.461129670
19551.497445846
19552.110626065
19553.000490243
19553.997968546
19554.805316305
19555.954794499
19556.409781074
19556.723411606
19557.490824548
19558.536635151
19559.008310704
19559.925073361
19561.055295938
19561.575460384
19562.639162421
19563.272864637
19564.318483015
19564.594640878
19565.651556668
19566.345367358
19567.325618993
19567.785188865
19568.760613008
19569.133939377
19569.589749894
19571.431485092
19572.189654743
19572.810011382
19573.326442802
19574.322308440
19575.015799505
19575.488662535
19576.373770480
19577.096322083
19578.122576560
19578.724952838
19579.595874420
19580.599432011
19581.152712737
19581.908100875
19583.060707047
19583.751573998
19584.433436802
19585.082152973
19585.636657549
19586.259398817
19587.494883217
19587.926586472
19588.931552030
19590.293865732
19590.807856638
19591.505885028
19592.023502770
19592.787796385
19593.472016533
19594.668039233
19595.356121548
19595.800888203
19596.666127387
19597.276235782
19598.759683163
19598.845533301
19600.501769557
19600.960293291
19601.246034796
19602.491317265
19603.174932341
19603.597926720
19604.254402225
19605.047758957
19606.196305071
19607.345348912
19607.877890233
19608.474490331
19609.343518958
19610.190355185
19610.920628662
19611.760473497
19612.242190770
19613.364529560
19613.822398048
19614.645527005
19615.125403204
19616.305076708
19617.381963594
19618.248264262
19618.901970673
19619.702998535
19620.049416792
19620.853796176
19621.474474831
19622.894306329
19622.991826796
19624.146835750
19624.720166517
19625.924704062
19626.841801868
19627.240882877
19627.760246472
19629.104591450
19629.989490884
19630.358487511
19630.911776940
19631.773316155
19632.478955812
19633.097467790
19634.586905090
19635.379672690
19635.963992664
19636.866434998
19637.514256681
19637.996712830
19639.052978487
19639.536798724
19640.468137559
19641.232210007
19642.182145066
19642.902068840
19643.314883839
19644.468950350
19645.640820914
19646.169698812
19646.963250935
19647.641456298
19648.076770329
19649.331948559
19649.602694479
19650.302530345
19651.228585171
19652.470065022
19653.335729409
19654.035016588
19654.693715626
19655.241265057
19656.164251167
19656.785084328
19657.962581287
19658.607116619
19659.227105865
19659.457164139
19660.778424438
19661.584431383
19662.643934489
19663.240232115
19664.243543493
19665.053005770
19665.511452486
19666.298121974
19666.777335455
19667.404273715
19668.819688538
19669.432046780
19669.956780090
19671.415711666
19671.765420453
19672.466598565
19673.505453447
19674.164518670
19675.003081963
19675.590865161
19676.546620863
19677.079397927
19677.800799107
19678.456333060
19679.296954179
19680.993166938
19681.459021298
19682.018530686
19682.707378582
19683.217901713
19684.527096725
19684.757098588
19685.679208551
19686.545173945
19687.220967391
19688.212773682
19688.960595203
19689.807688183
19690.454472913
19691.451074062
19692.319277155
19693.003532680
19693.640374187
19694.304314375
19694.866727478
19695.618165514
19696.552013111
19697.778012596
19698.448647189
19699.152821767
19700.210636886
19700.859498733
19701.375431067
19701.691351614
19703.357026266
19703.551720750
19704.678926092
19705.295775103
19705.594624536
19706.792192805
19707.936983601
19708.609659885
19709.484432841
19710.153225297
19710.975714096
19711.380581568
19712.237441730
19712.959001487
19713.798470491
19714.233576932
19715.764064459
19716.648359722
19716.974463779
19718.067046093
19718.277387180
19719.436925383
19720.509852391
19721.064250078
19721.346351654
19722.433965240
19723.183573774
19723.823694612
19724.593516942
19725.754701340
19726.911175052
19727.416465511
19727.950384245
19728.900305426
19729.434936708
19729.907573132
19730.964097516
19731.851060624
19732.774206238
19733.171416014
19734.165143267
19735.258203102
19735.803943668
19736.654871388
19737.399828645
19738.053916758
19739.181194003
19739.736059779
19740.311715201
19740.672021570
19741.623263474
19742.959856872
19743.786502373
19744.744823637
19745.229597087
19745.838006719
19746.766265080
19747.454015407
19748.004427068
19749.067935855
19749.813578438
19750.406004157
19751.195556669
19752.462601103
19752.651595165
19753.665383880
19754.942326707
19755.759282319
19755.893290593
19756.791614351
19757.347866937
19758.299374791
19758.994300864
19759.681163697
19760.681708466
19761.716289019
19762.795106122
19763.203572825
19763.588871172
19764.729643993
19765.247002009
19766.347957762
19767.087251594
19767.648282341
19768.337186974
19769.124738598
19769.671809461
19771.336886998
19771.857772534
19772.532896909
19773.303864407
19774.327598363
19774.633504763
19775.433009757
19776.127504412
19776.644116283
19778.159214001
19778.588457998
19779.771013172
19779.944833148
19781.316882336
19781.793831211
19782.593643804
19783.483292827
19784.318448375
19784.868893856
19785.401253707
19786.443402462
19787.045803246
19787.577659542
19789.224779652
19789.755116403
19790.850222810
19791.282421368
19791.877228586
19792.361569181
19793.393309028
19794.462854185
19795.019796507
19795.530914372
19796.464767668
19797.516202925
19798.350600259
19798.860759427
19799.817088178
19800.727068763
19801.696132132
19801.928987177
19802.891911143
19803.399607360
19804.067994540
19804.876183588
19805.973333643
19807.133996234
19807.842456237
19808.171592698
19809.341216372
19809.815937591
19810.747315551
19811.246138419
19812.029447681
19813.311559597
19813.687897343
19814.264577963
19815.034806570
19816.115204034
19817.142531877
19818.168295258
19818.630291232
19819.033150032
19820.141440213
19820.785349413
19821.315258821
19821.968133531
19823.287272551
19823.589660015
19824.907937059
19825.796900514
19826.374918412
19827.097596655
19827.443660702
19828.911863938
19829.491595787
19830.217984533
19830.813129769
19831.449554721
19832.063042943
19833.456020854
19833.859616446
19835.103017518
19835.968986941
19836.589906483
19837.289684842
19837.862175183
19838.453015563
19839.321309376
19840.265338399
19841.012701418
19841.842652462
19842.609299847
19843.385796264
19844.283129375
19845.125054848
19845.887732058
19846.692910467
19847.289574348
19848.012301076
19848.967958885
19849.501565083
19849.984352626
19850.733513448
19852.558004877
19853.207247134
19853.432082874
19854.417910980
19855.184819830
19855.736714610
19856.606583768
19857.455877226
19858.278808213
19858.692501689
19859.885066873
19860.295164368
19861.376702737
19862.220599099
19863.066200798
19863.788840024
19864.998972332
19865.221344393
19865.948623548
19866.265862060
19867.507734347
19868.094831370
19869.265545856
19869.807501145
19870.939984818
19871.857887926
19872.216086582
19873.243077237
19873.404664400
19874.678778413
19875.637475688
19876.123541520
19876.686160609
19877.564517532
19878.150971073
19879.181707681
19880.500386911
19881.086309298
19881.837258979
19882.419376270
19883.007107228
19884.102027899
19884.629899471
19885.079402549
19886.125534932
19887.115367341
19887.946431963
19888.868073105
19889.537777617
19889.798482257
19891.412985782
19891.865701292
19892.459565504
19893.467561226
19893.831618829
19894.902458865
19895.245884271
19896.087023018
19897.349801653
19898.152711069
19899.172131331
19899.832212745
19900.228657141
19901.093115228
19901.696942126
19902.365099835
19903.636295789
19904.306058127
19904.890604231
19905.274661235
19906.865768486
19907.433414082
19908.170325528
19908.944988428
19909.961573557
19910.509313042
19911.473914533
19911.746191624
19912.463395046
19913.244093724
19914.137974275
19915.437842745
19916.084260048
19917.078598910
19917.322490919
19918.363167353
19918.861091061
19919.931415962
19920.604248073
19921.282930591
19921.908507402
19923.109426052
19923.459092018
19924.208690857
19925.260618270
19926.655314125
19926.954594942
19927.862835170
19928.216206411
19929.115084330
19929.692271347
19930.614799288
19931.471082049
19931.852977320
19933.380422619
19933.904725589
19934.699332262
19935.615086335
19936.226152973
19936.677717925
19937.956510917
19938.729106380
19939.229878114
19940.043394360
19940.397009638
19941.252074827
19942.434224134
19943.737248812
19943.975290945
19944.824545283
19945.756500410
19946.600702106
19946.843289995
19947.451567368
19948.528521663
19949.523388252
19950.088060811
19950.955554093
19951.742667172
19952.587123088
19953.444272774
19954.083928810
19955.453823856
19955.590180460
19956.236535097
19957.383267995
19957.640335501
19958.666032902
19959.202357995
19960.125284425
19961.521993964
19962.418690416
19962.808320521
19963.286462379
19964.031047646
19965.016690255
19965.926229470
19966.426150104
19967.340174241
19967.991510374
19968.602706582
19969.810631527
19970.426475643
19971.313055000
19972.355813107
19972.962355289
19973.771643654
19974.220198346
19975.212638574
19975.762130890
19975.961664124
19977.617885974
19978.371869732
19979.051768300
19979.973821199
19980.708953769
19981.556368881
19982.044283372
19982.972385561
19983.538358782
19984.700653005
19985.412022096
19985.653170668
19986.586794583
19987.221167850
19988.679663830
19989.481366970
19990.141059112
19990.975948536
19991.483201203
19992.098877272
19992.907635282
19993.811760424
19994.377365055
19995.358500800
19995.939540218
19997.300550430
19998.026391156
19998.249635024
19999.275621078
20000.128165336
20001.194127416
20001.967612078
20002.113126662
20002.796489266
20003.871410753
20004.645281552
20005.082037619
20006.698426487
20007.298211619
20008.058429787
20008.780338945
20009.554300147
20009.974296085
20010.739624130
20011.686960272
20012.621425022
20013.255854596
20013.975876965
20014.736556230
20015.485784403
20016.785059681
20017.460596331
20018.047559648
20018.687061419
20019.919183226
20020.156753671
20020.922438746
20021.728531762
20022.056538938
20023.483938379
20024.659948830
20025.085241718
20025.945417217
20026.529858396
20027.336548063
20028.013164797
20028.945887771
20029.846528846
20030.258976728
20031.067858084
20031.786379158
20032.641486307
20033.831538304
20034.057083096
20035.662702166
20036.182512124
20036.768859878
20037.424720015
20037.953263470
20038.765155886
20039.674348000
20040.580500324
20041.203760543
20042.087967537
20043.223891949
20043.978308907
20044.297839544
20045.146451911
20046.248303216
20046.902156517
20047.441685262
20048.560056811
20049.061400438
20049.361022737
20050.300538858
20051.742558983
20052.596833630
20053.421580377
20053.773098089
20054.458513405
20055.675521340
20055.961735766
20056.676324303
20057.491096561
20058.428415811
20059.473195783
20059.891664657
20060.702502012
20061.956284169
20062.109790934
20063.669360197
20063.911032291
20064.826867204
20065.496779037
20066.025676361
20066.899459947
20067.478888484
20068.489459097
20069.369256725
20070.624640807
20071.040942528
20072.089954465
20072.483511033
20072.987381062
20073.784379838
20075.300984643
20075.531411944
20076.241526905
20076.805051377
20077.879278929
20078.704736449
20079.658582315
20080.484507810
20081.188915851
20082.112162029
20082.686051250
20083.448849446
20083.842473662
20084.705044970
20085.531752005
20086.287907443
20087.727345597
20088.208097428
20088.874240417
20089.547967209
20090.557664535
20091.346247659
20091.833456647
20092.863348650
20093.366788364
20094.281169534
20094.962889630
20095.668713274
20096.155501875
20097.962952186
20098.479953700
20099.128314510
20099.879699904
20100.484781385
20101.106733549
20102.117546192
20102.472860472
20103.780664312
20104.302054448
20104.973931221
20106.223296637
20106.966363686
20107.537786044
20108.221787514
20109.167745878
20110.192915488
20110.766181527
20111.368531198
20111.926974388
20112.535566138
20113.529052376
20114.748358062
20115.476244959
20116.218803294
20117.321577702
20117.803034396
20118.100355040
20119.275322135
20119.796969531
20120.608600976
20121.740848282
20122.228299703
20122.837965659
20123.931361184
20124.565621626
20125.553803329
20126.656556894
20127.178560532
20127.919243956
20128.178644525
20129.427192967
20130.082814044
20130.539204737
20131.203321929
20132.553277934
20133.656820860
20134.189794733
20134.940293781
20135.361607954
20136.293222459
20137.161938811
20138.067914036
20138.564621795
20139.392045174
20140.167583604
20140.565916219
20141.762695541
20142.606240844
20143.815013972
20144.029831913
20145.239958654
20145.832988371
20146.467812440
20147.025235303
20147.465329602
20148.814132861
20149.627929113
20150.218413754
20151.249461223
20151.884839480
20152.962243465
20153.598399009
20154.062010389
20155.062201219
20156.060397580
20156.515810844
20157.328637276
20157.755276621
20158.781121677
20159.249668515
20160.698374521
20161.942239548
20162.177802398
20162.581237947
20163.734449862
20164.229138528
20164.901218112
20166.118847368
20166.491169659
20167.126935746
20168.340497828
20169.145436869
20169.845919056
20170.393299972
20171.515574885
20172.485192322
20173.130239560
20173.634759416
20174.380269193
20175.142279947
20175.671470951
20176.572208622
20177.462924529
20178.640282323
20179.362189228
20180.078207446
20180.859471642
20181.512191303
20182.144444522
20182.737705998
20183.985962251
20184.612199757
20185.454931773
20185.880753057
20186.383170941
20188.036192089
20188.593932088
20189.427763362
20190.288669724
20190.854031004
20191.622417506
20192.507878608
20192.780592139
20193.654355338
20194.353427570
20195.835111258
20196.073384870
20197.490463557
20197.842358446
20198.589628724
20199.137650250
20200.460874777
20201.100843105
20201.588442816
20202.344852725
20203.048844539
20204.149006075
20204.335200188
20205.558165276
20206.559564771
20207.612833901
20208.335534401
20208.648117710
20209.270994193
20210.069803445
20211.031707784
20211.607390671
20212.632992481
20213.252415088
20214.069794485
20215.096166891
20215.814190203
20216.494530629
20217.504361261
20217.948534806
20218.985716625
20219.763852645
20220.421958801
20220.706745525
20221.732501777
20222.164348149
20224.037077642
20224.493230568
20225.071729186
20225.922456313
20226.700618870
20227.513720571
20227.952632155
20228.652511388
20229.892738494
20230.434528893
20231.047168391
20232.011450835
20232.806371163
20233.459851064
20234.716749386
20235.408594126
20236.038882801
20237.011396304
20237.318293352
20237.911854521
20238.883540397
20239.810231570
20240.294821795
20241.276108620
20242.739016681
20243.066097627
20243.805699149
20244.469418751
20244.972435354
20246.243664547
20246.898284595
20247.812589449
20248.083057895
20248.815355819
20249.859016916
20250.502319998
20251.723465023
20252.584337344
20253.231461159
20253.960075914
20254.610639782
20255.439680007
20256.064873153
20256.474193459
20257.492149683
20258.632419282
20259.379788645
20260.056907666
20260.777154880
20261.789895422
20262.429130511
20263.264443049
20264.213218545
20264.440767022
20265.523598830
20266.399776592
20266.880356294
20267.127704820
20268.581815394
20269.661114108
20270.564325856
20271.072742785
20271.983153697
20272.319660517
20272.975449432
20274.081526438
20274.744017691
20275.696949047
20276.118094412
20276.993360369
20277.944008287
20279.161244971
20279.354643286
20280.061458674
20281.597813572
20282.003805492
20282.593752939
20283.141697467
20284.126428939
20284.401709614
20285.612216598
20286.427812564
20287.556849189
20288.270831342
20288.962640838
20289.632135483
20290.578491688
20290.803630853
20292.045155245
20292.595478906
20293.488754563
20294.288884809
20294.901369569
20295.445446252
20296.513061919
20297.867315647
20298.507576237
20298.990998728
20299.584710976
20300.635175213
20301.175424753
20301.895846545
20302.447737837
20303.442466706
20304.295143410
20305.580947159
20306.037381894
20306.671910431
20307.506323221
20308.316653482
20308.982697798
20310.035303945
20310.850820936
20311.110896460
20311.768371814
20312.701782133
20313.639992198
20314.455780935
20315.588872467
20316.220557707
20317.073649406
20317.970981179
20318.061775744
20318.894807553
20319.573178641
20320.960882706
20321.404692970
20322.048744595
20322.920650149
20324.147848076
20324.513523652
20325.388860049
20326.508138741
20326.813998801
20327.878514022
20328.515844228
20329.027130991
20330.056665190
20330.394034602
20331.085952049
20332.894139600
20333.320825933
20334.297762440
20334.670328806
20335.243474408
20336.359239713
20337.011918190
20337.911241885
20338.172207648
20339.528262774
20339.955000845
20340.809665437
20341.614277479
20342.513611675
20343.435686768
20344.345594431
20344.993929785
20345.746889988
20346.076744063
20346.985330938
20347.711227425
20348.330709171
20349.518529542
20350.516075730
20350.799065594
20352.361164749
20352.736967279
20353.146107315
20353.978744996
20354.870771913
20355.955384133
20356.591504959
20356.935780695
20357.970007194
20358.189479877
20359.667852209
20360.676616836
20361.226969667
20362.307602500
20362.615112891
20363.683761476
20363.963559049
20364.904788538
20365.554780678
20366.405548272
20367.222299411
20368.308133200
20369.082467314
20369.711080723
20370.277744478
20371.366572980
20372.276076468
20373.048168798
20373.312522461
20374.288999141
20374.970413508
20375.736479223
20376.455617143
20377.090004045
20378.709285672
20379.395339658
20379.962578010
20380.437640650
20381.423737929
20382.063154715
20382.454028470
20383.950737130
20384.350352987
20385.065264696
20385.778879257
20386.772602969
20387.679990729
20388.525623106
20389.136008329
20390.039015372
20390.725789675
20391.772729638
20392.129765941
20392.700233774
20393.136919560
20394.556303357
20395.317864502
20396.471746228
20396.980495988
20397.728894601
20398.521264159
20399.405561663
20399.617088546
20400.931961973
20401.457087270
20402.288979924
20402.975418186
20403.696372066
20404.482210347
20405.351744625
20406.416714276
20407.487197164
20408.011558966
20408.516690421
20409.033429704
20409.983584765
20410.891945023
20411.331760179
20412.269127081
20413.036999425
20414.387358361
20414.819642257
20415.703314918
20416.249185967
20416.857953860
20418.263292339
20418.686396561
20419.317407532
20420.127071559
20420.910310119
20421.246632751
20422.232174304
20423.843403208
20424.139558840
20424.927311289
20425.920706542
20426.541544909
20427.076070682
20427.832777957
20428.412413104
20429.349438962
20430.549821360
20431.090349480
20431.491055292
20432.736468588
20433.450514054
20434.520163771
20434.843354546
20435.988941394
20436.532544772
20437.286709803
20437.873058025
20438.726429370
20439.243611351
20440.082824331
20441.407787478
20442.362309439
20442.941707691
20443.642496439
20444.171021724
20444.739635285
20446.054713710
20446.503087830
20447.621365388
20447.794663037
20448.589483947
20449.964169810
20450.400069559
20451.120508866
20452.337616718
20453.239212516
20453.559681603
20454.659617354
20454.979763085
20455.572633365
20456.522048736
20457.203562761
20458.304000669
20459.083851473
20460.108543989
20460.666930159
20461.344198007
20462.294633853
20463.137353191
20463.299960042
20464.549895647
20465.517324005
20465.885534382
20466.526250672
20467.155308248
20468.222580844
20469.622351382
20470.324568627
20470.646062336
20471.507773610
20472.296609974
20473.089124899
20473.471857432
20474.342064110
20475.296132422
20476.042970852
20476.869148916
20477.894939942
20478.633489106
20479.142851315
20479.889736029
20481.070153253
20481.911339015
20482.243737078
20483.068721831
20483.446165759
20484.682135615
20485.030682827
20486.282837876
20487.076861466
20488.193794029
20488.848491604
20489.410846031
20490.038530136
20490.530228235
20491.613877787
20492.624499417
20492.979254744
20493.942619954
20494.851036059
20495.099319947
20496.679678992
20497.085685416
20498.068398429
20498.895295535
20499.442210852
20500.138639398
20501.069751953
20501.623218935
20502.181867516
20502.746467620
20504.439155471
20505.173237993
20505.830891492
20506.264185383
20507.432902177
20507.840703062
20508.749588836
20509.543301476
20510.381586535
20510.797599500
20512.042784162
20512.239924017
20513.150423870
20514.338977030
20515.055943386
20516.096994668
20516.809398054
20517.361295444
20517.933952459
20518.763790740
20519.105766060
20520.500016824
20521.196375812
20521.602412983
20522.855658057
20523.780333626
20524.607755765
20524.796314746
20525.787511992
20526.652466170
20527.619399045
20528.337073164
20528.705415276
20529.418243171
20530.155974848
20531.079296083
20532.155061422
20533.351972073
20533.818703174
20534.293617331
20535.177014932
20535.960964200
20536.787068024
20537.023105521
20538.127745731
20539.124503745
20539.647162135
20540.741835135
20541.357833847
20541.891064745
20543.208212046
20544.073705721
20544.495449216
20545.133778597
20546.055902583
20546.770640633
20547.233538492
20548.129552674
20548.779250661
20550.200887389
20550.923954989
20551.695401583
20552.481358613
20552.866301690
20553.582012168
20554.481232384
20555.371798687
20556.395486314
20556.692333079
20557.286170408
20558.190535356
20559.538523862
20559.916160123
20561.120333945
20561.411664892
20562.922661415
20563.155605005
20563.571540451
20564.450586890
20565.174778168
20565.894182118
20567.037558136
20567.933594481
20568.598562035
20569.444479901
20570.347510340
20570.630830689
20571.681791256
20572.636527106
20573.148404378
20573.739964118
20574.865287582
20575.293669951
20576.165055605
20576.542462950
20578.425076858
20578.890902745
20579.583662521
20580.381505796
20580.723278966
20581.559365021
20582.551116255
20583.149897353
20583.763525973
20584.824420819
20585.589232634
20586.580159599
20587.172564007
20588.059515539
20588.646475724
20589.607475752
20590.513736595
20591.155535081
20591.743240073
20592.440641068
20592.868412728
20593.892924965
20595.084914987
20595.886999955
20596.697909959
20597.378903261
20598.260631160
20598.868008103
20599.437786050
20599.918626744
20601.313056824
20601.951755765
20602.701887637
20603.052571488
20604.221687001
20605.120337065
20605.772618326
20607.129446498
20607.290629500
20608.369299876
20608.616816807
20609.833314267
20610.214880254
20610.813157593
20611.918583918
20612.491397139
20614.046318954
20614.820569665
20615.037475156
20615.603432796
20616.697142365
20617.477225658
20618.381230497
20618.937380892
20619.585313455
20620.394367845
20621.181477971
20621.862000834
20622.930477913
20623.742117087
20624.920492349
20625.391366064
20625.849146568
20626.994373271
20627.279398222
20627.876440950
20628.888179923
20629.911373872
20630.683604455
20631.300418364
20632.268496974
20633.112738257
20634.081071718
20634.275206756
20635.216330162
20636.312821535
20636.844106999
20637.587983400
20638.305572972
20638.657178585
20639.535576684
20641.149027859
20641.744098874
20642.372344141
20643.399929934
20643.675032732
20644.593722579
20645.106906999
20646.179978093
20646.904178568
20647.384528865
20648.456367996
20649.378914322
20649.953131145
20650.976365328
20651.355357373
20652.729069076
20653.441776975
20653.967557970
20654.677370309
20654.943035332
20656.262569876
20656.887085681
20657.282405030
20658.815884583
20659.571834825
20660.365871873
20661.125228254
20661.546700709
20662.331717019
20663.082630715
20664.051940619
20664.779822519
20665.759860696
20665.895787137
20666.832808206
20667.732119336
20668.924320201
20669.783613954
20670.282930849
20670.940543462
20671.948365409
20672.656054754
20673.100027101
20673.690591298
20674.467028697
20675.728966312
20676.572428356
20677.225418202
20678.252837522
20678.640944255
20679.454543062
20680.479393061
20681.079780682
20681.786541564
20682.757116762
20683.299441148
20683.673430187
20684.987908918
20685.418780465
20686.536276663
20687.729408127
20688.425509626
20688.945321751
20689.463997206
20690.145194677
20690.981998500
20691.843877325
20692.730768615
20693.427083516
20693.872857845
20695.340482683
20695.965196300
20696.534092966
20697.233381536
20698.584546338
20698.784871734
20699.896402278
20700.347684080
20701.111426363
20701.753686512
20702.240582346
20703.564143085
20704.834906104
20705.323247241
20705.829632816
20706.769595071
20707.587286244
20708.066816535
20708.922591213
20709.512010662
20710.580468049
20711.343852754
20712.071985456
20712.564935558
20713.502458594
20714.887588905
20715.185053387
20716.244382222
20716.950158275
20717.382981824
20718.209255502
20718.893774710
20719.606273598
20720.395327206
20721.254861820
20722.415496936
20723.250542167
20723.833002340
20724.739152338
20725.086521514
20725.687344734
20727.355849913
20727.768678830
20727.983558858
20728.941297162
20729.730146051
20730.484228828
20731.609921237
20732.367090898
20733.295586434
20734.020582114
20734.832186122
20735.331852099
20735.843164343
20736.816402342
20737.295504087
20738.603195609
20739.002904234
20740.319571649
20740.768493356
20741.461892171
20742.553456205
20743.155835570
20744.078626265
20744.643776814
20745.323239281
20746.328520621
20746.895876935
20747.591364720
20747.888291559
20749.392625972
20750.714143600
20751.035180121
20751.837119895
20752.196219602
20753.249091076
20753.977768317
20754.437959309
20755.541265111
20756.292070692
20756.943042850
20757.571956483
20758.973559896
20759.393672554
20760.035493511
20761.163441688
20761.968417101
20762.686884244
20763.311742619
20763.913685242
20764.387459371
20765.256363868
20766.439016544
20767.155897066
20767.984478128
20769.118149771
20769.641747614
20770.290997955
20770.820942805
20771.794722159
20772.453375993
20773.592540410
20773.978965852
20774.879334241
20775.268564697
20776.389783877
20777.183496252
20778.479667417
20779.060436521
20779.607583828
20780.301998119
20781.079806093
20781.776535039
20782.657880754
20783.037703488
20783.838142955
20785.336807184
20785.910895451
20786.645143936
20787.380682183
20787.906742861
20789.012719679
20789.792036763
20790.404144032
20791.402377413
20791.554383545
20792.591771789
20793.419736880
20793.839927231
20795.398123416
20796.098165089
20796.694043799
20797.704724974
20798.413173659
20798.779949891
20799.196821008
20800.392067346
20801.439001621
20801.860364363
20802.872509608
20803.265409677
20804.651241234
20805.242232835
20806.051414595
20806.587115371
20807.640925705
20808.502252512
20808.989791251
20809.590767243
20810.254486764
20811.101545422
20811.762708454
20813.380277552
20813.902710925
20814.593244177
20815.412892441
20815.718967229
20816.867088166
20817.452696308
20818.309709268
20819.047549063
20819.586197359
20820.819288574
20821.191054996
20822.215629199
20822.793342647
20824.091379253
20825.024227113
20825.400114892
20825.808318629
20826.880982111
20827.472444722
20828.104075200
20828.895249120
20829.993259046
20830.650493174
20831.888608683
20832.438012288
20833.040653011
20833.963246604
20834.333362693
20835.429602520
20836.175855994
20837.216185085
20837.538172567
20838.101632375
20838.738836889
20840.257440812
20841.034189263
20841.664128578
20842.671195177
20843.178200928
20843.899926712
20844.794993167
20845.238496496
20845.660108877
20847.192784926
20847.601893714
20848.558365610
20849.487082969
20850.164745589
20850.849719112
20851.654635358
20852.619243527
20853.560581127
20853.830484164
20854.462417590
20855.580184391
20856.042360502
20856.827930153
20857.533058749
20858.978220947
20859.866365202
20860.448178110
20860.837287047
20861.701883554
20862.200875776
20863.287603044
20864.142322218
20864.668121673
20865.408307869
20866.291443578
20867.212067160
20867.823863204
20868.991731925
20869.526035287
20870.279990013
20871.417540890
20871.728832668
20872.665958506
20872.920522179
20873.836990681
20874.495874625
20875.893069216
20876.834813831
20877.210113300
20877.942930285
20879.273031330
20879.427025781
20880.058315974
20881.067249740
20881.885859704
20882.795685308
20883.210515131
20883.973270558
20884.762461225
20885.631397898
20886.941028674
20887.513670404
20888.280002054
20888.917842586
20889.746471656
20889.946112632
20891.100907475
20891.839610013
20892.481787717
20893.352099922
20894.380486702
20895.540549789
20895.961286232
20896.279215478
20897.248951193
20898.469270287
20899.037278950
20899.692034293
20900.344984742
20901.011677036
20901.679342742
20902.674721489
20903.512126357
20904.739407513
20905.324844083
20906.089166427
20906.722335886
20907.407683115
20908.075064874
20908.873942958
20909.349326571
20910.941635820
20911.177172149
20911.851628684
20912.823678223
20913.871959073
20914.359580774
20915.600774769
20915.998761211
20916.562123130
20917.692255401
20918.330625658
20918.825243068
20919.407191248
20920.201802246
20921.757953119
20922.288811582
20923.377822572
20923.720603654
20924.419371747
20925.193974644
20925.872687323
20926.980809597
20927.522000448
20928.268754398
20928.871439126
20929.758366741
20930.803899423
20931.460085066
20932.181522433
20933.357510249
20934.126394816
20934.654789593
20935.287506694
20935.690873576
20936.649606792
20937.556827932
20938.292157321
20939.112297482
20940.438295446
20940.672608259
20941.766285169
20942.275573286
20943.058076732
20943.712626792
20944.801550035
20945.534670899
20945.888507418
20946.936265456
20947.626628096
20947.803107654
20949.722680413
20950.391324108
20951.142517788
20951.394647488
20952.439773244
20953.255310344
20953.857265842
20954.252442751
20955.429576607
20956.007661475
20957.122371093
20958.180836761
20958.264116222
20959.426560357
20960.189399780
20960.943890406
20961.845711720
20962.673612753
20963.099336748
20963.719067026
20964.577216685
20965.226223397
20966.189499112
20967.214521772
20968.026770136
20969.225602767
20969.419868901
20970.146395508
20970.876231726
20971.325673670
20972.611119406
20973.420512673
20974.035068048
20974.397236188
20975.522174607
20976.516223174
20977.331159631
20977.830273389
20979.121592623
20979.548852331
20980.253741426
20980.964364854
20981.868807371
20982.236909366
20982.811772254
20984.069554711
20985.220756138
20985.949852492
20986.517071474
20987.336811032
20987.719681518
20989.085118791
20989.533572985
20990.107798098
20991.011528557
20991.942092641
20992.594841840
20992.992383098
20994.085589239
20995.041821948
20996.302941799
20996.592091708
20997.485450850
20998.035819601
20998.630311393
20999.512715929
21000.100676071
21001.009721883
21002.073619787
21002.474312687
21003.623782493
21004.577148699
21005.172425883
21005.644016384
21006.428746861
21007.644295983
21008.232799282
21009.035916420
21009.476969259
21009.862150677
21011.099192009
21011.849713129
21013.261822964
21013.681071985
21014.351977476
21015.550097853
21015.716798435
21016.515427142
21017.131966228
21018.228525505
21018.768870237
21019.721017334
21020.485031957
21021.411783688
21021.937153730
21022.748578939
21024.135998747
21024.430941193
21025.210603512
21026.026610312
21026.468633535
21027.380938997
21028.228098361
21028.608252350
21029.456223281
21031.240978471
21031.611816758
21032.076523394
21033.030739055
21033.607303074
21034.271060872
21035.218430066
21036.157675695
21036.640216451
21037.612835950
21037.832708309
21039.050997137
21039.917993030
21040.846318495
21041.555375912
21042.304397696
21043.253043708
21043.864270459
21044.365494077
21045.036758468
21045.531794890
21046.855282564
21047.775248187
21048.286676389
21049.327305343
21050.141485193
21050.770703643
21051.474553908
21052.157927616
21053.198520957
21053.778231864
21054.508985784
21055.380358779
21055.843289114
21056.461444187
21057.710454424
21058.662279184
21059.725048959
21060.296752916
21060.747429008
21061.155486690
21062.485187424
21062.893469326
21063.755904399
21064.401946497
21065.338840565
21066.216869791
21067.317895319
21067.673579060
21068.393211301
21069.312846159
21070.401767603
21071.156360096
21071.321104692
21072.286782514
21073.118211978
21073.515816330
21074.310976516
21075.810836525
21076.302483408
21077.353387045
21077.881463010
21078.764940576
21079.309594636
21080.084389744
21080.413714788
21081.855261554
21082.555015273
21083.014017778
21083.868870116
21084.450170899
21085.784451052
21086.546608718
21087.178734105
21088.016788366
21088.665055952
21089.634932726
21090.004736334
21090.600614475
21091.597341571
21092.118678924
21093.302674624
21094.498862155
21094.995783329
21095.762999933
21096.143043310
21097.225529156
21097.778808570
21099.052769550
21099.437499701
21099.964052126
21100.728101158
21101.830392179
21102.483075154
21103.054697210
21104.486865654
21105.231875740
21105.834227987
21106.579810320
21107.042940419
21107.859789579
21108.359245351
21109.665294185
21109.998009835
21111.109516345
21111.907662657
21112.722738954
21113.535725156
21114.240640917
21114.941401832
21115.886061116
21116.300139192
21117.659777692
21117.989246562
21118.442606121
21119.288799242
21119.875413004
21121.649954760
21122.100816389
21122.949366451
21123.355850029
21124.591680870
21124.746205206
21125.721463402
21126.393188127
21127.091613095
21128.209197863
21128.841327068
21129.409387533
21130.599178961
21131.336854075
21131.722946981
21133.091624204
21133.907975204
21134.287650987
21134.865970970
21135.717710744
21136.325541662
21137.284822440
21137.852569869
21138.983196567
21139.927707181
21140.891892386
21141.488829886
21142.111158533
21142.234084978
21143.701132349
21144.433007485
21145.052539342
21145.889923525
21146.514232194
21147.074572513
21148.200736845
21149.108493153
21150.044336267
21150.702328415
21151.504680488
21152.029046706
21153.026333710
21153.412185102
21154.340660795
21154.530029271
21155.963201228
21156.947780258
21157.731801898
21158.218958998
21158.998114424
21160.114269275
21160.510021282
21161.414760658
21162.134791299
21162.965871485
21163.569626814
21164.344812973
21164.932795821
21165.707765434
21166.926643106
21168.078920283
21168.468450762
21169.236475780
21169.994548250
21170.493280546
21171.076798858
21172.089195902
21173.166035476
21173.748087501
21173.933818987
21175.713325280
21176.082294145
21176.844200724
21177.702408786
21178.265655081
21179.523369451
21180.164759880
21180.602358424
21181.221146042
21181.943429183
21182.745148473
21183.656580772
21184.776169540
21185.734302802
21186.344525441
21186.789532688
21187.765012032
21188.532120059
21188.945844474
21189.847355094
21190.830673849
21191.397679055
21192.457786158
21192.783298733
21193.674343388
21194.699079331
21195.941894256
21196.253848943
21197.048171872
21197.706919412
21198.316461256
21199.495379434
21199.727762023
21200.253770517
21201.584270339
21202.481259891
21203.465382472
21204.042160630
21204.871511787
21205.279331975
21206.060423988
21207.178896587
21207.923156343
21208.479236120
21209.234394352
21209.773590190
21210.538136142
21211.778644354
21212.669682000
21213.087249686
21214.432230631
21214.946503866
21215.585775693
21216.083868638
21216.715059711
21217.680970681
21218.452442795
21219.518263743
21220.047030027
21220.882041193
21222.002343542
21222.533162906
21223.092913009
21224.310034722
21224.801180848
21225.591440953
21226.255310158
21227.071497835
21227.815899517
21228.166620474
21229.074612952
21230.801147568
21231.314509644
21231.859927625
21232.480730485
21233.249850034
21233.995812862
21234.864172070
21235.448739730
21236.304087062
21236.986019606
21238.029330090
21238.569446714
21239.765380314
21239.969827477
21241.310787734
21242.072178129
21242.539914425
21243.642189242
21244.136785562
21244.422898101
21245.269907612
21246.471292880
21246.970957893
21248.439301772
21248.661037837
21249.900465853
21250.365254453
21251.276856183
21251.519673288
21252.382881498
21253.694302492
21254.279837014
21254.813203132
21255.267354907
21256.359594098
21257.256309995
21258.219239993
21259.171750232
21259.806962711
21260.291334215
21261.238348883
21261.921061949
21262.337683109
21263.315413649
21263.946970845
21264.837961009
21266.064016596
21266.846305986
21267.346443585
21267.937730793
21268.802547204
21269.965045838
21270.482072730
21271.198543510
21271.683883817
21272.702454735
21273.395564051
21273.903117893
21274.868821827
21276.251130152
21276.728841369
21277.839758238
21278.195321080
21278.675979982
21279.705925647
21280.163116868
21281.052274210
21282.166741091
21282.654650244
21283.470840418
21284.145625144
21285.418902291
21286.115819515
21286.468041248
21287.450378621
21288.508315003
21289.004284867
21289.644678688
21290.516874451
21290.812333296
21291.510221849
21293.210221401
21293.726298309
21294.537148654
21295.457781099
21295.849968037
21296.762598280
21297.243073375
21298.256261574
21299.013967128
21299.628496509
21300.502225147
21301.182664148
21302.222835788
21302.579935200
21303.819204501
21304.641708498
21305.748304943
21306.017681671
21306.497373533
21307.279066906
21308.368429774
21308.681271995
21309.753150404
21310.317364589
21311.649196829
21312.678218865
21312.854320801
21313.613154200
21314.552962680
21315.073495978
21316.129090126
21316.940531171
21317.558586329
21318.115802492
21318.768195199
21319.621217417
21320.702910827
21321.863258640
21322.462875524
21322.878618390
21323.881417002
21324.943978943
21324.995623237
21325.683596747
21326.461178001
21327.802513431
21328.346131359
21329.060502579
21330.233847154
21330.494362016
21331.654577321
21332.318287924
21333.180994197
21333.755990000
21334.723159787
21335.223524604
21335.914144222
21336.573745470
21337.496418369
21338.193913172
21339.674206509
21340.343848347
21340.895878217
21341.603632114
21342.074308103
21342.793881846
21344.018524480
21344.598374669
21345.187576350
21346.049293397
21346.698474390
21347.975576573
21348.500867166
21349.115096935
21350.223203543
21351.176124483
21351.617720394
21352.311832349
21353.089935343
21353.502187833
21354.522856292
21354.948118791
21356.540171195
21357.218277591
21357.712808633
21358.708223983
21359.456823577
21360.017644835
21360.683914229
21361.768057775
21362.088760808
21363.347332912
21363.998530867
21364.380444609
21364.968753771
21366.472790322
21367.306160165
21368.145818942
21368.556520285
21369.498720471
21370.090274730
21370.642119420
21371.629852126
21372.094715990
21373.039164139
21373.950249899
21374.907386791
21375.708090253
21376.521513628
21377.041659920
21377.515507519
21378.946894419
21379.524281987
21380.315711741
21380.652863004
21381.304144066
21382.416850870
21382.974836521
21384.089656006
21384.946676700
21385.978437012
21386.588463003
21387.079587628
21387.845920679
21388.543596550
21389.009971658
21390.412024951
21390.804359185
21391.682737798
21392.404707205
21393.502307408
21393.852749716
21395.085186159
21395.871297119
21396.410324310
21397.079042510
21398.030108657
21398.795160775
21399.210626516
21399.873161723
21400.552917689
21402.014745942
21403.046572411
21403.602229212
21403.981563485
21404.793324168
21405.789760903
21406.474678401
21406.834468038
21408.245812855
21408.640059487
21409.140709051
21410.333963475
21410.874581262
21411.974030815
21412.594263479
21413.677096935
21414.469876517
21415.040461216
21415.619609102
21416.235415699
21416.879634593
21417.826316005
21418.918334571
21419.336092446
21420.392532231
21421.534507635
21421.956629503
21422.749545611
21423.134814600
21424.176399127
21425.195037403
21425.805443397
21426.335266300
21427.117777767
21427.855488982
21428.371021205
21429.880072564
21430.745223032
21431.267865416
21432.148163653
21432.652837443
21433.321533612
21434.267871211
21434.921533088
21435.355400449
21436.377889330
21437.549210435
21438.220931119
21438.752140391
21439.685597346
21440.425395250
21441.337029456
21442.202022970
21442.903352136
21443.179975826
21444.312300498
21444.818646150
21445.623014971
21446.142018293
21447.564249479
21448.595760926
21448.877177841
21450.076895407
21450.577367044
21450.914581078
21451.704621520
21452.759734982
21453.775053542
21454.132309035
21455.054293075
21455.377511691
21456.896095841
21457.533810906
21458.135258182
21459.163758128
21459.788044621
21460.782199541
21461.285429018
21461.863524010
21462.381700242
21463.298772953
21464.234388833
21465.180188851
21466.409260091
21466.700988674
21467.406704515
21468.287781570
21468.895733424
21469.893653292
21470.510447970
21471.087260707
21472.299297402
21472.513923583
21473.452791730
21474.350028945
21474.852688925
21476.640691347
21477.047535324
21477.388362837
21478.236627764
21478.904693557
21479.932797201
21480.090450700
21481.270461799
21481.954438297
21482.814168896
21483.843173073
21484.642355046
21485.339847623
21485.789510947
21486.903129694
21487.404822627
21488.706516115
21488.924444201
21489.880077523
21490.267217216
21490.811671385
21492.148951045
21493.188259508
21493.878915718
21494.608258382
21495.411921126
21496.271769818
21496.681279330
21497.215353881
21498.130387192
21499.066464775
21500.017084001
21500.439244193
21501.339166485
21502.210393060
21503.011391024
21503.891025120
21504.570333853
21505.790185476
21505.907630822
21506.629846360
21507.421563839
21508.510576225
21508.742708918
21509.390618955
21510.946456363
21511.838040295
21512.520546494
21513.100524123
21513.544675236
21514.411821759
21515.331549761
21516.289611563
21516.807994052
21517.259929032
21518.419977471
21519.045587450
21519.725553931
21520.941495784
21521.639818620
21522.394966036
21523.316268828
21524.039370096
21524.319231858
21525.326117142
21525.688998143
21526.561779243
21527.768506241
21528.582511082
21529.174019560
21530.118403187
21530.911856556
21531.607915708
21532.461579097
21532.690339848
21534.051648830
21534.690851734
21535.363717685
21535.881166187
21536.574384370
21537.420819460
21538.799085234
21539.505220545
21540.327951945
21541.022850490
21541.277900207
21542.449509628
21542.868647113
21543.677909900
21544.612238158
21545.350732596
21545.883139930
21547.423566294
21547.743281391
21548.567550912
21548.932062209
21550.585443362
21550.890605976
21551.629534940
21552.316877642
21553.000530792
21553.501371292
21554.659528772
21555.101722901
21556.371357575
21557.315935564
21558.193620246
21558.487959311
21559.281036498
21560.193275833
21560.514428175
21561.511491000
21562.454184703
21563.308607840
21563.782559562
21564.331812348
21565.502513885
21566.445536929
21567.247916612
21568.072167172
21568.480032889
21569.412867520
21570.311938391
21570.806177691
21571.214055975
21572.059252583
21573.032189476
21574.403466706
21574.922807777
21575.468242310
21576.657784461
21576.906983320
21577.623512044
21578.839071746
21579.400352673
21580.113367937
21580.696637481
21581.563847148
21582.295597410
21583.107177772
21584.053536113
21584.994213878
21585.980880271
21586.519515036
21587.213738988
21587.643608741
21588.162899044
21589.575759865
21589.985408684
21590.741173722
21591.720679258
21592.645312937
21593.385563754
21594.239887799
21594.777911566
21595.431348999
21596.700349653
21597.115711122
21597.873084064
21598.634526407
21599.251229994
21599.750490946
21600.669735660
21602.405219982
21602.695109595
21603.398783771
21604.023384851
21605.037913383
21605.573813763
21606.279408815
21606.878096111
21607.775551956
21608.941670055
21609.226528146
21610.307072045
21610.878913004
21611.846302682
21612.703236336
21613.691905850
21614.101303689
21615.021551499
21615.521801361
21616.253140991
21616.989486487
21617.565595412
21618.823491363
21619.327246991
21620.707085259
21621.446410251
21621.856807977
21622.446343181
21623.206516024
21624.013890335
21625.088064775
21625.845936378
21626.311916668
21626.731170616
21627.841978731
21629.048376088
21629.346901998
21630.586024570
21631.291056817
21632.091231896
21632.625185422
21633.262548865
21634.277693181
21634.439005245
21635.316999832
21636.699869769
21637.137226543
21638.375890552
21638.934075678
21639.299410600
21640.553460818
21641.177328646
21641.943139956
21642.544373371
21643.397070370
21644.169368674
21644.977212130
21645.323950150
21646.063622484
21647.736392827
21648.307042978
21649.145299245
21649.588258175
21650.419467642
21650.942926126
21651.787388260
21652.507175460
21653.452031393
21654.078745032
21654.889404199
21655.772067651
21656.760213854
21657.414144258
21658.027398722
21658.776298115
21659.932298747
21660.807388041
21661.107722434
21661.355851394
21662.624019975
21663.041222634
21664.208020891
21665.252883018
21666.053843840
21666.590160808
21667.754447707
21668.106027717
21668.598495518
21669.451856844
21670.531215526
21671.125091823
21671.835979727
21672.755464183
21673.309814262
21674.111334955
21675.143292731
21676.141815211
21676.973797444
21677.345564984
21678.012445762
21678.949578702
21679.554645459
21680.251208822
21681.004387006
21681.525087218
21683.292940652
21683.625303860
21684.611204224
21684.912425227
21685.796679465
21686.587303065
21687.611759109
21688.036395951
21689.039320264
21689.523650626
21690.310741304
21690.814197384
21692.206749261
21692.711658943
21693.892128004
21694.547413762
21695.276660736
21695.953854240
21696.703430925
21697.066077249
21697.698263146
21699.150551268
21699.719355696
21700.369289593
21701.163444363
21702.376173111
21703.068781292
21703.307029657
21704.479505870
21705.344079790
21705.733510537
21707.011454375
21707.201766004
21707.870393019
21708.629393969
21709.539514715
21710.773375334
21711.823617447
21712.207894797
21712.971907380
21713.328763272
21714.383585412
21715.197597610
21715.731264820
21716.674317060
21717.174869673
21718.323100420
21718.997628976
21719.845201222
21720.382296153
21721.462273967
21722.482367125
21723.054623694
21723.594665573
21724.304794229
21724.963580758
21725.809043214
21726.363764257
21727.310507351
21728.611672938
21729.107015009
21729.994414476
21730.770127758
21731.423222571
21731.987187607
21732.548810659
21733.903705462
21734.535718847
21735.066252416
21735.764914051
21736.389546780
21737.373147103
21738.816175833
21739.232179128
21739.686991202
21740.953886221
21741.523379715
21741.918935426
21742.871358418
21743.258266686
21744.279662798
21745.106196666
21746.115371884
21747.032897038
21747.669145343
21748.181110303
21749.148791593
21749.811451431
21750.911217966
21751.423475705
21752.158969551
21752.497211004
21753.749297450
21754.359217251
21754.788965419
21756.162723684
21757.222163213
21758.028211509
21758.269808333
21759.159281209
21759.529061820
21760.636150405
21761.226850617
21762.118856878
21763.165190621
21763.285727743
21764.555350273
21765.639893850
21765.779932025
21767.130357563
21767.478961093
21768.580654397
21769.110974857
21770.028624426
21770.646864817
21771.115447145
21771.518691310
21773.048352295
21774.173629255
21774.548883734
21775.527842488
21776.084693536
21776.874382443
21777.698901837
21778.137396746
21778.995566201
21779.917551070
21780.918740162
21781.150730667
21781.909528026
21783.278370235
21783.540066265
21784.770531764
21785.878451914
21786.066960065
21786.824330389
21787.528103186
21788.135623461
21789.085278768
21789.686367539
21790.556825262
21791.393735625
21792.770209977
21793.171223586
21793.881600692
21794.430889519
21795.070207006
21796.450570137
21797.014280328
21797.437498091
21798.384880982
21798.872152231
21799.716127199
21800.603555583
21801.674794772
21802.676777248
21803.178751779
21803.798580507
21804.887360564
21805.305498622
21805.751655428
21806.672142519
21807.486651726
21808.388686659
21809.533561316
21809.848976459
21810.594703027
21811.730860390
21812.476560270
21813.077706401
21813.862537321
21814.663255029
21815.397433506
21816.109621310
21816.607007260
21817.459136292
21818.009542716
21819.633491409
21820.372289955
21820.888126485
21821.631862117
21822.395103140
21822.904622419
21823.528142556
21824.907957070
21825.314790531
21825.914870228
21826.700259507
21827.751430447
21828.641267219
21829.265214177
21829.885065902
21831.144139287
21831.772183917
21832.565848492
21832.899344238
21833.577785525
21834.369445176
21835.177180266
21836.094304337
21837.046675285
21837.976292627
21838.726363112
21839.357190651
21839.954959829
21840.788302104
21841.646393489
21842.087059279
21843.289261107
21843.864002986
21844.510913418
21845.147498515
21845.854949485
21847.341840221
21847.965219351
21848.879261084
21849.419881641
21849.705594959
21851.071228994
21851.443544991
21852.230461375
21852.547180219
21854.068455949
21854.607957361
21855.620187530
21856.461449868
21857.035082222
21857.518436336
21858.708224752
21859.368587667
21860.244213034
21860.852016539
21861.346953149
21862.138863541
21862.845687517
21863.839009533
21864.914529137
21865.501676856
21866.624464980
21867.386908568
21867.762351629
21868.183578390
21869.196285661
21869.801302471
21871.162958607
21871.498540994
21872.066018296
21873.227008926
21873.976002244
21874.854960160
21875.501864933
21876.429472098
21877.089885762
21877.961218232
21878.492834742
21879.184362916
21879.942980580
21880.600401200
21881.113680682
21882.930147926
21883.573323680
21883.983363284
21884.661277894
21885.484700625
21886.414283551
21886.807215313
21887.972607472
21888.305533555
21889.307992237
21889.975587379
21891.049818601
21891.244059594
21892.453147030
21893.631611324
21894.082334901
21894.895540982
21895.672162899
21896.247007780
21896.701656361
21897.522412144
21898.487055507
21899.302284860
21900.032578137
21901.214813115
21901.685916143
21902.841479365
21903.238808504
21903.618986219
21904.722200629
21905.853209388
21906.321998830
21906.934947011
21907.649940992
21908.033535540
21909.458214811
21910.191134431
21911.346164840
21911.799338016
21912.609061536
21913.267272240
21913.949838356
21914.626846963
21915.300874955
21916.118225687
21916.968822109
21917.952938607
21918.658873724
21919.511419974
21920.157347798
21920.750817232
21922.151400928
21922.668870891
21923.185139313
21923.695928320
21924.926939616
21925.471148419
21925.817607568
21926.822822871
21927.956423888
21929.100232585
21929.769389690
21930.110710503
21930.996652478
21931.521027275
21932.326048816
21933.320495960
21933.862137198
21934.963665160
21935.398095965
21935.898860420
21937.314372169
21938.058983814
21938.635637366
21939.516644963
21940.369417079
21941.219524912
21941.644121756
21942.592430134
21942.661101298
21943.627433806
21944.831658521
21945.765010212
21946.464747076
21947.245778658
21948.085963442
21948.628280555
21949.458587277
21949.998920388
21951.077906483
21951.899633268
21952.157701824
21953.260364382
21953.875236527
21954.555553636
21955.508697839
21956.985235793
21957.268182259
21958.050289463
21958.743619366
21959.176717174
21960.047719842
21960.943904424
21961.611722449
21962.224115667
21963.177892723
21964.487208312
21965.076943043
21965.343265957
21966.409682279
21967.199487296
21967.917740177
21968.972345910
21969.459483671
21970.056830446
21970.593727942
21971.740016888
21972.017868223
21973.671290381
21974.443595391
21974.733682195
21975.970131226
21976.332717267
21977.321237749
21977.708207034
21978.166645602
21979.572682174
21980.333622080
21980.902578947
21981.521700107
21982.579845571
21983.384139258
21984.272887521
21984.989582154
21985.679764437
21986.555351108
21987.080331550
21987.900165725
21988.421751110
21989.229623534
21989.825293750
21991.230119166
21991.975787646
21993.106776062
21993.345523962
21993.918242811
21994.581284330
21995.832815997
21996.410703263
21997.131596794
21997.776270091
21998.492384973
21999.376485536
22000.235038564
22001.073164430
22001.725957549
22003.023096294
22003.649313906
22004.095438222
22004.644772454
22005.640356456
22006.095368646
22006.850961001
22007.874485354
22008.861866617
22009.555261115
22010.302237135
22011.291004220
22011.854114460
22012.426939607
22013.468733173
22013.979066075
22014.913611529
22016.007862318
22016.052314141
22016.777031416
22017.503957001
22019.074638296
22019.845687532
22020.457075923
22021.075421664
22021.831344632
22022.679339409
22023.228086951
22023.712269308
22025.034689050
22025.297485180
22026.445511010
22027.206471245
22028.213811353
22028.634282074
22029.545027833
22030.204270106
22031.556214999
22031.831124307
22032.511238335
22033.274861226
22033.629080070
22034.838999668
22035.531643592
22036.161632360
22037.757553473
22038.157271778
22038.860551945
22039.630669985
22040.270063606
22040.598141587
22041.851508325
22042.716773591
22043.348640077
22043.780208074
22044.918571598
22045.457019604
22046.529898966
22047.386336659
22048.434647631
22048.610563664
22049.509323679
22050.546680192
22050.901137778
22051.663654449
22052.103453012
22053.048165881
22054.381622243
22055.219627907
22055.900462713
22056.233616357
22057.326360886
22058.092147921
22058.616515053
22059.643052613
22060.154138918
22061.063055136
22061.818153728
22062.205428827
22063.210522417
22064.131548785
22065.145166323
22065.928653437
22066.824342736
22067.366234500
22067.765175647
22068.458578281
22069.458058653
22070.040436976
22071.199932994
22071.658060997
22072.411084999
22073.864323884
22074.274959125
22074.852287136
22075.458088887
22076.624852328
22077.586696397
22077.879942943
22078.682571066
22079.270546423
22080.208764428
22080.456170329
22082.172517755
22082.773480408
22083.700572565
22084.237098817
22085.042751447
22085.499526153
22086.490240813
22087.232823433
22087.539927703
22088.765674912
22089.746084190
22090.057671124
22091.147857126
22091.629431448
22092.773585100
22093.848286787
22094.130744607
22094.983078784
22095.734453588
22096.227051513
22097.243135538
22097.736658207
22098.276544374
22099.607891016
22100.607599345
22101.333617200
22102.072849214
22102.548939884
22103.467034686
22103.794500239
22104.951880582
22105.994520191
22106.497793688
22106.792188372
22107.677508822
22108.832757833
22109.567093494
22110.443481609
22111.283398734
22111.969110041
22112.908489813
22113.503792310
22114.013065317
22114.412028084
22115.473739920
22116.570468644
22116.976816429
22118.309586221
22118.829121098
22119.719218055
22120.179056791
22121.258676914
22121.865654179
22122.602708065
22123.495476006
22123.996176039
22124.904984184
22125.542701735
22126.079891389
22126.983108251
22128.560504771
22129.193049625
22129.754867170
22130.024761308
22131.176956757
22131.706171050
22132.549908064
22133.201145446
22134.078548987
22134.752560421
22135.832307065
22136.448527033
22137.360964483
22138.194091673
22138.509407016
22140.010472072
22140.329778600
22141.110669242
22141.912525537
22142.368526285
22142.903845325
22143.915993493
22145.107173400
22145.913996020
22146.484488444
22147.588921655
22148.267226920
22148.657666168
22149.316412076
22150.093042474
22151.268797472
22151.755345923
22152.652012695
22153.271526338
22153.715933380
22155.327306854
22155.603057190
22156.667855019
22157.591662084
22158.152914383
22158.569884898
22159.459377121
22160.433800512
22160.657200098
22161.544446525
22162.414908207
22163.984525708
22164.201808508
22165.129006017
22165.657809328
22166.225559251
22167.390963035
22168.234265197
22168.716042356
22169.341498123
22170.237865190
22170.901657503
22171.728281507
22172.361290013
22173.754201780
22174.321772722
22175.354425493
22175.647638397
22176.589255015
22177.128029522
22177.673631080
22178.463736692
22179.676843513
22180.296209841
22180.914595304
22181.968611963
22182.710448042
22183.551343372
22184.291369118
22184.857530083
22185.605475832
22186.904754499
22187.227877824
22187.742518482
22188.397230809
22189.204342605
22190.186450375
22191.671613461
22191.919122866
22192.880538040
22193.348778643
22194.184645433
22194.863503869
22195.543545660
22196.334336972
22197.376617389
22197.711839732
22198.608100802
22199.871134644
22200.292492206
22200.730442104
22202.257048421
22202.793618769
22203.685424738
22204.161913933
22204.609163637
22205.539324365
22206.366904905
22206.936461158
22207.778851464
22208.980295501
22209.831853928
22210.624492574
22211.090967500
22211.742836673
22212.512998305
22213.354377858
22214.162880945
22215.049749073
22215.578650622
22216.393296958
22216.681351560
22218.010953463
22219.207560447
22219.624091458
22220.406766258
22221.200775472
22222.008073321
22222.596941946
22223.127994889
22224.047208630
22224.309774958
22226.036264335
22226.439279548
22227.243016803
22228.160864204
22228.820317812
22229.606601140
22230.158824811
22231.417489625
22231.910304409
22232.299992395
22233.402234178
22233.965106691
22234.590573435
22235.493586055
22236.569822021
22237.602797023
22238.326901417
22239.140643602
22239.233293282
22240.076973505
22240.823999410
22242.043384171
22242.452508614
22243.154036579
22244.020659888
22244.994079344
22245.849833326
22246.549289861
22247.055551434
22248.235632193
22248.934701084
22249.568197888
22250.395532459
22250.808383345
22251.674625212
22252.054525939
22253.271631837
22254.427076368
22255.337243985
22255.746736644
22256.247602515
22257.669641841
22257.866115795
22258.460978738
22259.364106265
22260.376278989
22261.039149444
22261.845369779
22262.227912969
22263.280111662
22264.163038251
22265.297456549
22265.930423376
22266.502645834
22267.116626422
22268.138857863
22268.645434322
22268.972587972
22270.307292622
22270.795278235
22271.742028300
22272.982267538
22273.741429551
22273.995876870
22274.947469535
22275.369065545
22276.581055273
22277.441758566
22278.013489691
22278.536775937
22279.085470135
22280.156347629
22280.956178536
22281.911808727
22282.717160403
22283.820361614
22284.187260700
22285.017111563
22285.503482703
22286.280477364
22286.901818638
22287.809386319
22288.731720753
22289.529658044
22290.324915160
22290.989177109
22291.943370711
22292.613326291
22293.508990831
22294.290519330
22294.735793995
22295.699874637
22296.349317212
22297.222757889
22297.647377086
22298.018386170
22299.999631214
22300.638914677
22301.002452016
22302.148967915
22302.459910039
22303.108370673
22304.177847316
22304.737564108
22305.537330415
22306.467712958
22306.923859378
22307.884069657
22308.736096202
22309.650147819
22310.248697598
22311.030668739
22312.348886294
22312.592427945
22313.392985118
22313.703734231
22314.523087583
22315.551466802
22316.128822188
22317.460265513
22317.835743074
22319.062029404
22319.742243433
22320.237262933
22320.813389847
22321.700217095
22322.572147470
22323.423720101
22324.221003983
22324.430562557
22325.518922863
22326.117633814
22327.137960991
22328.429767235
22329.095756176
22329.311808707
22330.368243973
22330.841166530
22331.918385845
22332.324632899
22332.870244435
22333.961995409
22334.786099569
22336.085513556
22336.435250780
22337.050587572
22337.833713061
22338.858005104
22339.744887185
22340.037294284
22341.107065776
22341.766514916
22342.188196779
22343.042555897
22343.869765472
22344.830279578
22345.860599205
22346.853899934
22347.121251277
22348.153363538
22348.588079775
22349.299538050
22349.738096862
22351.208087755
22351.773905374
22352.417167517
22352.918802128
22354.233321241
22355.074362290
22355.562637997
22356.393385539
22357.256317349
22358.178679871
22358.622455237
22359.379335685
22360.125201229
22360.425002153
22361.481594765
22362.548264384
22363.709329490
22364.375145858
22364.721156548
22365.674829942
22366.257551066
22367.041214623
22368.020179405
22368.674266852
22368.995709427
22370.348735999
22370.953333234
22371.390034157
22372.465790774
22373.363529552
22374.478799492
22375.028346816
22375.722044681
22376.135260611
22376.929354845
22377.850069751
22378.370480937
22379.135629925
22380.158561848
22381.220999589
22381.752649179
22382.718370877
22383.392412971
22384.027400649
22384.429394278
22385.887989609
22386.389490595
22387.063362840
22387.709955856
22388.373572539
22388.874937876
22390.543439254
22391.042186199
22391.987133478
22392.467463029
22393.569649259
22394.051496535
22394.628044908
22395.210723710
22396.107694909
22397.071850367
22397.854895940
22398.543135348
22399.535613092
22400.277627328
22400.754478682
22401.876411595
22402.690347600
22403.297784925
22404.087509260
22404.485627405
22405.540049737
22405.996386120
22406.984658505
22407.374641545
22408.999305558
22409.847224467
22410.396415184
22410.898574557
22411.332698743
22412.715841970
22412.852672724
22414.065643542
22414.707704113
22415.462093709
22415.928593422
22417.163226682
22417.935748279
22418.451658304
22419.756404931
22420.207009086
22420.921106206
22421.921272456
22422.475981987
22422.852141526
22423.584249982
22424.361389080
22425.815979532
22426.291128921
22427.200629528
22427.903389747
22428.808653040
22429.258087577
22430.264667412
22430.577004395
22431.657776849
22432.625333408
22433.193744044
22433.498024745
22434.590945654
22435.236271260
22436.622414757
22437.218845245
22438.112834846
22438.702471322
22439.336767870
22439.789653223
22440.833834933
22441.455905330
22442.353355766
22442.799001927
22444.088934825
22444.886257332
22445.765662543
22446.273711400
22446.692660156
22447.882028886
22448.969876895
22449.388074575
22449.863581502
22450.596712487
22451.509559294
22452.161083251
22452.819760141
22454.462862157
22454.727403917
22455.646775374
22456.526040059
22456.938296248
22457.747805492
22458.190687095
22459.188716925
22459.987093777
22460.917540276
22461.580918457
22462.229442700
22462.933256163
22464.407838727
22464.640667893
22465.535840409
22466.368169855
22466.911786874
22467.907355938
22468.436694742
22468.991899912
22469.577966197
22470.618284351
22471.897779764
22472.740923355
22473.204136412
22473.945058563
22474.702280874
22475.254861118
22476.122524118
22477.142024061
22477.687075455
22478.333357984
22478.986736953
22479.958449934
22480.924670317
22481.461567534
22482.356365788
22483.737459335
22484.066298409
22484.484092321
22485.422127115
22485.957053175
22486.542225407
22487.659093258
22488.573654445
22488.917723117
22490.365983335
22491.011645601
22491.545725929
22492.311440793
22493.109930157
22493.835751219
22494.710770681
22495.335841370
22496.335279817
22496.801404348
22497.088326982
22498.213434087
22499.452496757
22500.508716670
22500.997056113
22501.422760041
22502.283649214
22503.206507204
22503.852314458
22504.221283637
22505.071021373
22506.270473379
22506.794773471
22507.802760027
22508.422574132
22509.273708387
22509.973022177
22510.871171248
22511.764796758
22512.362442067
22513.114303472
22513.522406190
22514.361458512
22515.204404703
22515.769888032
22517.051667385
22517.780328583
22518.813659648
22519.431692146
22520.057997369
22520.605909323
22520.988112708
22522.557543452
22522.989883842
22523.729493221
22524.382202078
22525.051895336
22526.236724109
22526.833715612
22527.907937982
22528.455354021
22529.320329724
22530.200643104
22530.836618378
22531.020987277
22532.278264436
22532.686237305
22533.263257728
22534.850221519
22535.700266633
22536.068937815
22536.853056567
22537.678154663
22538.354761781
22539.411347587
22539.666288431
22540.739287822
22541.313042091
22542.195098964
22542.992064682
22543.254721948
22544.432461052
22545.796493813
22546.304207993
22546.937926841
22547.704693808
22548.404243295
22548.815379145
22549.750152971
22550.467796775
22551.395587643
22552.237429490
22552.708058324
22554.133622551
22554.721335295
22555.146084337
22555.947170015
22556.870479094
22557.745619142
22558.602286482
22559.043022371
22559.540442029
22560.168193707
22561.258013782
22562.298849898
22563.089942253
22564.019230034
22564.813758588
22565.119654975
22566.122584478
22566.614820359
22567.409005797
22568.068035318
22569.290381659
22569.645991251
22570.578069245
22571.359315611
22572.205950200
22572.795779306
22574.086303913
22574.924249256
22575.057667359
22575.770200308
22576.864481565
22577.439421368
22578.052978868
22578.622968025
22579.674833305
22581.030828973
22581.741460928
22582.159463422
22582.946882809
22583.508574052
22584.443448572
22585.111583312
22586.194698027
22586.627935383
22587.273130400
22588.278953883
22588.582713050
22590.049861269
22590.683225745
22591.438222535
22592.282337189
22593.258699753
22593.626266999
22594.414351998
22594.777238371
22595.518866829
22596.825134172
22597.343528266
22598.386946205
22599.097429027
22599.782844109
22600.978857118
22601.289441504
22601.749825614
22603.225940530
22603.520783503
22604.465669465
22604.861237556
22605.974176710
22606.263967206
22607.107093674
22608.701164462
22609.281869097
22610.014233427
22610.647026107
22611.065661339
22612.026047339
22612.709252334
22613.524162690
22614.426465297
22614.616107290
22616.097910426
22616.806196148
22617.421967422
22618.150897709
22618.972732052
22620.025692693
22620.640538660
22621.497002325
22621.740257841
22622.795518788
22623.203017528
22624.013328147
22624.990755304
22626.161820097
22626.830035412
22627.565624452
22628.367392783
22629.092226574
22629.473267865
22630.365468367
22630.953359013
22632.451682075
22632.701432264
22633.267823356
22633.912553379
22635.239310888
22635.921987709
22636.870422409
22637.530718928
22638.279693183
22638.925993154
22639.768974637
22640.327023168
22640.914255052
22641.584089175
22642.688717686
22643.621689823
22644.503523847
22645.515763361
22645.834664784
22646.197001218
22647.427174038
22648.424298566
22648.803039497
22649.574916488
22650.332876993
22650.937742475
22651.840745854
22652.677129229
22653.277052541
22654.754173701
22655.247459630
22656.143682798
22656.490036354
22657.127107578
22657.910023620
22658.762784630
22659.409326561
22660.363237370
22661.249518426
22661.748904989
22663.145394797
22663.272511758
22664.476856782
22664.929930158
22665.759439384
22666.653530247
22667.517596457
22667.926992658
22668.645548199
22669.188627234
22669.929155120
22671.595959297
22672.405752513
22672.508186897
22673.494350328
22674.473255332
22674.992464070
22675.394103501
22676.409681881
22677.262875855
22677.924812911
22678.731889994
22679.582526631
22680.258731027
22681.151762396
22681.892550808
22682.933074791
22683.575604788
22684.490973519
22684.861665061
22685.287482747
22686.312723600
22687.270815793
22687.620817618
22688.646696092
22689.880884618
22690.747428343
22691.170084859
22691.747240594
22692.703071616
22692.962306927
22694.534463350
22694.929436675
22695.416142625
22696.483344753
22696.818859916
22697.839686787
22698.814721278
22699.792676349
22700.473006548
22701.371726889
22701.658459305
22702.705365861
22703.449288766
22703.840384437
22704.315600915
22705.599317368
22706.575246216
22707.282284248
22708.066495949
22708.676302537
22709.594621810
22710.327271686
22711.134428027
22711.779566772
22712.463493275
22713.442541797
22713.961049992
22714.677426291
22715.055232663
22716.582879378
22717.194725038
22718.458089183
22719.112551203
22719.199119835
22720.205922579
22720.790500448
22721.592265444
22722.475993553
22723.455660205
22723.749282692
22724.583699030
22725.881079882
22726.550260600
22727.095226108
22727.678890465
22729.030299408
22729.755286825
22730.060855108
22730.949434311
22731.437373757
22732.183126336
22732.978316439
22733.977143386
22735.228661009
22735.616319843
22736.611020460
22737.079807365
22737.867958258
22738.626727056
22739.202086510
22740.096765752
22740.902147779
22741.735911027
22742.335815959
22743.118406409
22743.639545910
22745.138627021
22745.863019373
22746.470730945
22746.984816571
22747.943983900
22748.547366943
22749.145659504
22750.039620307
22750.486578054
22751.464679700
22752.852262879
22753.300500282
22754.057677297
22754.916802693
22755.368544958
22756.126652141
22757.134394833
22758.029121589
22758.658595296
22758.994166066
22759.668229675
22760.938933049
22761.372651420
22762.626723735
22763.395500884
22764.021859939
22765.197067067
22765.485342261
22766.025928408
22766.579880473
22767.649576691
22768.474720929
22769.453451259
22769.738798948
22771.019556669
22771.619597979
22772.576550204
22772.984600553
22774.170781555
22774.731365584
22775.358972387
22776.263475621
22776.970096213
22777.421891252
22778.319982697
22778.704791914
22780.448645310
22781.305481406
22781.613490417
22782.489505016
22782.837818602
22783.860393204
22784.914043607
22785.000958395
22786.010726983
22786.936551235
22787.708986565
22788.195867961
22789.474813001
22789.865921626
22790.793944920
22791.918103083
22792.433711321
22793.229224966
22793.663439491
22794.505768019
22795.132650246
22795.617215207
22797.137549232
22797.522589141
22798.561567592
22799.432576952
22800.362539929
22800.664620897
22801.299243474
22802.062442849
22803.187922631
22803.886138891
22804.569994422
22805.145270784
22805.651497712
22806.722366467
22807.939869224
22808.434814493
22809.562541351
22810.062277367
22810.640047415
22811.521967500
22812.063605713
22812.824303111
22813.500155049
22814.304659737
22815.281413783
22816.471608439
22817.024952327
22817.317805001
22818.385547707
22819.238327593
22820.007988400
22820.894469595
22821.369248733
22821.800052136
22823.116830693
22823.457940509
22824.081678823
22825.179428653
22826.553441237
22827.074600761
22827.584024393
22828.445522027
22829.129616963
22829.618136186
22830.251545813
22831.629330327
22832.080397114
22832.693040229
22833.647147491
22834.376294472
22835.458452056
22836.081703588
22836.941250444
22837.309616181
22838.746370186
22839.031580048
22839.949969794
22840.102523771
22840.979678939
22841.803520409
22843.075365317
22843.878876290
22844.686050154
22845.238857857
22846.018565779
22846.746574597
22847.356937997
22848.134716393
22849.236636633
22849.479208441
22850.554222071
22851.127762387
22852.019417884
22852.771300156
22853.565700827
22854.941600765
22855.381492620
22856.045573653
22856.445950025
22857.282463386
22858.126903851
22858.973076792
22859.258589951
22860.487059994
22861.349546794
22862.370367774
22863.094463418
22863.546086471
22864.051433223
22865.261567929
22865.978950769
22866.607458311
22867.469439210
22868.213418983
22868.477071676
22869.295218455
22870.549256019
22871.668672020
22872.064021463
22872.869387399
22873.889481123
22874.215291156
22875.061482042
22875.712144867
22876.092832553
22877.325595530
22878.381378821
22878.828405767
22879.437064625
22880.731382079
22881.206077244
22881.942693068
22883.075388493
22883.415461841
22884.388123253
22884.998543371
22885.619954694
22886.308688432
22887.228779823
22887.623987761
22889.174464735
22890.042144327
22890.623019968
22891.263189921
22891.910828963
22892.316694724
22893.491676124
22894.337562362
22894.964317409
22895.508886142
22896.255412090
22897.505221804
22898.029726622
22898.690668566
22899.848382679
22900.471913738
22901.478314225
22901.849964087
22902.667303461
22903.324115630
22903.635838655
22904.928004197
22905.378761697
22906.810718002
22907.514854206
22907.967801104
22908.843686093
22909.807535597
22910.302834919
22910.820582503
22911.788121643
22912.865690701
22913.271685564
22914.020772060
22914.619319375
22915.304970179
22916.700768293
22917.717839709
22918.009639888
22918.886732350
22919.491131464
22920.292359854
22920.989975775
22921.434706330
22922.394224357
22923.394399378
22923.818275384
22925.217897814
22925.771909130
22926.462800536
22927.140941949
22927.721615246
22929.124793899
22929.698185351
22930.041616769
22930.785665293
22931.598235722
22932.218872772
22933.155420941
22934.144255858
22934.916758894
22936.083573906
22936.635065378
22937.087842659
22937.678361680
22938.606083626
22939.173327968
22940.177049878
22940.936275081
22941.746854316
22942.271679133
22943.205706159
22944.138300416
22944.972711215
22945.599907115
22946.624070539
22947.072362312
22947.674246614
22948.974673921
22949.096139719
22949.779553696
22950.298873952
22952.082272414
22952.616433286
22953.600545951
22953.883246671
22954.720633499
22955.646090225
22956.066286887
22957.149163794
22957.681452986
22958.563807300
22959.222315888
22959.909867837
22960.721908445
22961.737333703
22962.380968163
22963.542600336
22964.074967661
22965.031859006
22965.549425472
22965.794356296
22966.708942194
22967.607642285
22968.595095698
22969.067355812
22970.039413356
22971.242886774
22971.658615895
22972.553907179
22972.907881359
22973.826877278
22974.734421298
22975.686627453
22976.263712435
22976.518882756
22977.515133653
22978.250045603
22979.027947818
22980.508558039
22981.176479498
22981.575985010
22982.195514191
22983.370843936
22983.715408811
22984.333245258
22985.357453646
22985.749303016
22987.021532835
22987.705856698
22988.523612854
22989.285290756
22989.705020720
22991.150341024
22991.638218585
22992.278726521
22993.033602634
22993.941993833
22994.216345761
22995.203824038
22995.759163539
22996.627983204
22997.960921432
22998.637949870
22999.382783564
23000.152377722
23000.724357955
23001.091736062
23002.090684783
23003.053716996
23003.878861337
23004.501827865
23004.903796842
23005.792859937
23007.194731981
23007.641064480
23008.234883850
23009.442451051
23010.012401892
23010.856779566
23011.392305353
23011.808494654
23012.916517104
23013.138579751
23014.465079806
23015.517285209
23016.049225407
23017.053481268
23017.598655552
23018.198803330
23019.033288682
23020.065817468
23020.555526302
23021.120987926
23022.153776489
23022.956329272
23023.397376046
23023.997152774
23025.339838717
23026.347289875
23027.110262662
23027.648299437
23028.123137040
23028.819941095
23029.954784513
23030.207167753
23031.125047378
23031.995879257
23032.757503990
23033.862639026
23034.397777865
23035.350123924
23035.907134865
23036.557513899
23037.560888059
23038.475618374
23039.069132674
23039.540462945
23040.306766796
23040.758490025
23041.920893518
23043.044276829
23043.790745351
23044.429295655
23045.408204213
23045.873566583
23046.853950905
23047.084245469
23047.698484486
23049.189575199
23049.780933495
23050.054448603
23051.280513606
23051.959778605
23052.675605796
23053.744010903
23054.434851580
23055.463004390
23055.617826018
23056.711754226
23057.087559136
23058.132211399
23058.500881157
23059.413163863
23060.155656491
23061.901749144
23062.167140014
23062.689212172
23063.336160203
23064.186467062
23065.011402315
23065.830102753
23066.540629342
23067.279072067
23067.755448688
23068.734165396
23069.527893181
23070.231807901
23071.405534597
23072.046070801
23072.952316106
23073.516437741
23074.261999895
23074.807310018
23075.588641103
23075.918919559
23077.317244600
23078.024426863
23078.972484660
23079.345327929
23080.768172014
23081.045357576
23081.898797887
23082.463748916
23083.434185915
23084.261040357
23084.884913846
23085.812788942
23085.964273115
23086.722255836
23087.955402829
23089.229237848
23089.587089583
23090.516319060
23091.199345395
23091.734607299
23092.237406922
23093.411245481
23094.031962917
23094.489318305
23095.645629889
23096.289310321
23097.310192102
23098.122529214
23098.542146472
23099.297845009
23100.691039203
23101.293173656
23101.544593427
23102.457520820
23102.935523728
23104.056856745
23104.438600446
23105.298435996
23106.673241412
23107.337045831
23108.025953418
23108.947853161
23109.239511352
23110.067826966
23110.708099974
23111.717056110
23112.437717925
23113.343222784
23113.871268589
23114.273800984
23115.613577601
23116.357585284
23117.583845269
23117.783142972
23118.482046558
23119.590983941
23120.268181885
23120.644469822
23121.258506281
23122.048872465
23123.084133169
23124.145850956
23124.931077051
23125.669075693
23126.152573363
23127.009754478
23127.864200361
23128.385053913
23129.537462389
23130.002456086
23130.679528463
23131.297016881
23132.231156212
23133.126014453
23133.635907148
23135.000115412
23135.923845455
23136.324809754
23136.846451686
23137.807489953
23138.023609825
23139.083157171
23140.051057333
23140.737170290
23141.201571377
23142.438948328
23143.521797339
23143.631368994
23144.628226108
23145.385226145
23146.236151531
23147.021716818
23147.728774395
23148.317885342
23149.063705230
23149.610569721
23150.185574474
23151.994752949
23152.332602251
23153.514967223
23153.574227077
23154.563197983
23155.503837514
23155.978786915
23156.516841686
23157.504677475
23158.303669730
23159.364399531
23159.657454578
23160.495383082
23161.456642870
23162.504354975
23162.908419185
23164.121301584
23164.661816543
23165.060764919
23165.836471315
23166.796841935
23167.185376522
23168.016142819
23169.108591865
23169.973657912
23170.921485104
23171.736354910
23172.244670461
23172.557251422
23173.446028314
23174.696548544
23175.339754992
23175.947770405
23176.284378874
23177.474272512
23177.936050306
23179.212459520
23179.878360167
23180.697003983
23181.650316517
23182.295196029
23182.730911969
23183.621664310
23184.084596564
23184.903093066
23185.635033489
23186.779440213
23187.533837840
23188.505468622
23188.796265418
23189.776555983
23190.691464202
23191.291991970
23192.181332420
23192.541040755
23193.721145749
23194.362852010
23194.681373097
23195.700446084
23196.158258630
23197.912635876
23198.484200252
23199.116878671
23199.595859966
23200.534654442
23201.091775984
23201.821759228
23202.502991397
23203.695890779
23204.109528427
23204.727868243
23205.943848785
23206.852656108
23207.254018769
23207.974657574
23209.131858081
23209.723977073
23210.612136165
23211.270848267
23211.645149762
23212.073218123
23213.405874477
23214.087401873
23215.031407248
23216.180742150
23216.513394093
23217.612128880
23218.029942553
23218.547822320
23219.535613924
23220.216521601
23221.141447374
23221.915815836
23222.434416106
23223.161128888
23224.116108268
23224.847963005
23226.122857080
23226.758467773
23227.234816505
23227.964709875
23228.624511565
23229.595802382
23230.064574337
23230.756178474
23231.354352929
23232.892197202
23233.587174550
23234.253160503
23234.810188380
23235.879774192
23236.005827755
23237.479794064
23237.955391257
23238.568111049
23239.427041996
23240.019583048
23240.755679505
23241.435522845
23242.788558397
23243.415770164
23244.163915405
23245.162354202
23245.827261867
23246.226098843
23246.736803266
23247.592738784
23248.559457500
23249.479250701
23250.093106575
23250.776413567
23251.722723388
23252.876117958
23253.140963926
23253.956232302
23254.727308431
23255.930970741
23256.201658148
23256.842798567
23257.780862799
23258.303854674
23258.801581060
23260.172656802
23261.278795132
23262.048488915
23262.410576844
23263.079762674
23263.859972401
23264.713251693
23265.367856062
23266.110137290
23266.938205416
23267.479718134
23268.656110808
23269.286182081
23269.883288038
23270.757392087
23271.991093211
23272.564082940
23273.200029848
23273.771248492
23274.584950144
23275.219395818
23275.814989476
23276.685087345
23277.746651272
23278.443634249
23279.640248035
23280.203066374
23280.598011680
23281.734867260
23282.151760359
23282.672541408
23284.233939405
23284.532380207
23285.283365494
23285.694597868
23286.472038506
23287.837757650
23288.499682941
23289.487374745
23289.994463780
23290.799594928
23291.606836837
23292.123796008
23292.963986824
23293.167259412
23294.422089385
23295.266072222
23296.005268511
23297.114284582
23297.623931610
23298.344349854
23298.934743020
23300.130425573
23300.722299355
23301.587782121
23301.849779714
23302.758668638
23303.627665717
23304.349144916
23304.709811927
23306.134084844
23307.237238472
23307.736147898
23308.497850296
23308.918369400
23309.567417220
23310.403171798
23311.439781735
23311.910960339
23312.705847685
23313.705486584
23314.173333470
23315.207449134
23316.292006834
23316.489622204
23317.618637853
23318.242186203
23319.256116429
23319.750579753
23320.341523573
23321.058510781
23321.532795367
23322.527872344
23324.174748447
23324.447539511
23324.910724217
23326.189499091
23326.709101198
23327.355933525
23327.861893160
23328.986162088
23329.557219661
23330.480364915
23331.237639334
23331.567948170
23332.694873553
23333.435032030
23334.493316023
23335.361254238
23335.997124350
23336.683852777
23337.112229083
23337.991053506
23338.542903385
23339.677776961
23340.051572863
23340.916458370
23342.265143982
23342.923774818
23343.696885841
23344.015927893
23344.701217956
23346.009958946
23346.533247823
23347.304391372
23348.046604161
23348.453372795
23349.235575586
23350.208370307
23351.001756039
23352.117645362
23353.056685042
23353.374229058
23354.169952444
23355.031221915
23355.621932153
23356.175947050
23356.710375017
23358.177754839
23358.717641681
23359.338808424
23360.362297213
23360.935511603
23361.922994500
23362.767110401
23363.337904004
23364.130250539
23364.747865385
23365.795099278
23366.386100274
23366.560707711
23367.543370359
23368.534672364
23369.871524807
23370.349793526
23371.317612428
23371.750511540
23372.215538112
23373.319929517
23373.713445128
23375.075998564
23375.331967867
23376.151692210
23376.751463106
23378.070643935
23378.480048901
23379.507156584
23379.996050481
23381.232781196
23382.039601634
23382.596773852
23382.721198453
23383.720305118
23384.617039410
23385.078069611
23386.220050983
23387.068557045
23388.080015192
23388.615756897
23389.363306513
23390.330180156
23390.488595171
23391.528803752
23392.527825777
23392.961985526
23393.886469201
23394.571258858
23395.231181545
23395.583248224
23397.445575496
23398.035719328
23398.469594788
23399.417466658
23399.910307878
23400.823214689
23401.365274263
23402.177231685
23402.611403128
23403.730013024
23404.680892722
23405.486057743
23406.220989845
23406.841497809
23407.710040454
23408.320572029
23409.317958126
23410.206040252
23410.639298611
23411.205101112
23411.955295880
23412.751108469
23413.572487929
23414.576339371
23415.411810353
23416.472041228
23417.003025727
23417.630121505
23418.299895164
23418.678427957
23419.695507651
23420.844391726
23421.245795647
23422.134799311
23422.504904873
23424.010368541
23424.444100122
23425.106713831
23426.289101884
23426.963996735
23427.325037656
23428.435701497
23428.992050429
23429.588685969
23430.190057667
23430.894212873
23432.150552254
23433.438779413
23433.693338565
23434.485349749
23434.922084153
23435.997039475
23436.725647290
23437.440184681
23437.907907827
23438.997297616
23439.806576756
23440.156977553
23441.097526392
23442.007274825
23442.785870566
23444.034867965
23444.604127122
23444.911267718
23446.003242968
23446.575926650
23446.824945918
23448.058463019
23448.667561868
23449.705688872
23450.348776320
23451.305400634
23452.362460354
23452.777263021
23453.337260313
23453.992818929
23455.222071082
23455.971173696
23456.561869779
23456.995630290
23457.789266872
23458.439436258
23459.593180281
23460.618868505
23461.465699023
23461.849406947
23462.934428522
23463.464516101
23463.923328114
23464.793787714
23465.527559883
23466.364358487
23466.977463467
23468.317087817
23468.690908418
23469.422308663
23470.289139574
23471.142471822
23472.057314415
23472.782698744
23473.264806309
23473.957875764
23474.706635930
23475.639665534
23476.206855978
23476.508117717
23478.306469218
23478.983782693
23479.763176415
23480.148674523
23481.072845340
23481.553211628
23482.315092997
23483.258410386
23484.184508844
23484.678981164
23485.276083823
23486.152705706
23487.083812083
23488.052566300
23488.761549051
23489.319209645
23490.454217935
23491.058432195
23491.702085218
23492.277387103
23492.854846619
23493.432222018
23494.985456955
23495.350155372
23496.397581114
23497.266404182
23497.849445414
23498.580605072
23499.214759831
23500.204920161
23500.610996065
23501.874835781
23502.125349531
23503.040367088
23503.626530873
23504.440722381
23505.294507162
23506.492797350
23507.450254935
23507.884079431
23508.528860045
23508.779795080
23510.182199613
23510.649183449
23511.099859115
23512.405464010
23512.684221003
23513.975530613
23514.973975650
23515.313775767
23515.911513145
23516.916805644
23517.809369087
23518.642099902
23519.015162702
23520.040672558
23520.368919163
23521.172009945
23521.806510186
23523.109083881
23524.065104126
23524.621537510
23525.393328220
23526.282672553
23526.897861642
23527.309669960
23528.040751816
23528.903679684
23530.129447958
23530.497819384
23531.215286801
23531.925216873
23532.988740237
23533.883554067
23534.596657294
23535.187696696
23536.238463474
23536.699642499
23537.468184760
23538.025086559
23538.768020114
23539.595673208
23540.122617073
23541.862318430
23542.201090452
23543.033492306
23543.614848444
23544.367940812
23544.787021855
23546.109391194
23546.844842049
23547.224062622
23547.803175298
23549.019089349
23549.464176094
23550.545928554
23551.003880106
23552.487331479
23552.898512545
23553.694530714
23554.436534246
23554.946132666
23555.419710148
23556.445344278
23557.130558034
23557.982831399
23558.987665005
23559.757905807
23560.381378889
23561.401122983
23561.968789641
23562.624391854
23563.430961563
23564.199823899
23565.095773731
23565.904474944
23566.258142394
23566.668920117
23567.762411478
23569.126904759
23569.873060910
23570.555648227
23571.082320496
23571.851229958
23572.746699031
23573.202770053
23573.823309566
23574.828389283
23575.552592561
23576.520584214
23576.940850943
23578.316631637
23578.836711626
23579.089467247
23580.474721080
23581.495924708
23581.690988931
23582.511688919
23583.055907498
23583.891249698
23584.550338050
23585.412875736
23586.292158541
23587.220826645
23588.508494788
23588.844555438
23589.209997512
23590.078132103
23590.755151846
23591.677120031
23592.468506308
23593.316796827
23593.749949653
23594.575239412
23595.302141773
23596.406510865
23597.168570272
23598.093906641
23598.648649838
23599.380273564
23600.156560852
23600.835218760
23601.630214446
23601.844870635
23602.705129888
23604.108863350
23604.968302909
23605.502961436
23606.254541712
23606.904722255
23607.985808983
23608.364115484
23609.153861705
23610.244729305
23610.651471119
23611.293961067
23612.359610546
23612.703049292
23613.563891588
23615.063157968
23615.385744283
23616.486777450
23617.174551131
23617.475650350
23618.392958253
23618.653459750
23619.999343303
23620.685701209
23621.280088722
23621.985402521
23623.317027165
23623.903888345
23624.494861685
23625.387754989
23625.813571885
23627.121700996
23627.845200395
23628.218680985
23628.816266698
23629.602032816
23630.411957342
23631.031634206
23632.547088608
23633.217573407
23633.763558435
23634.541470924
23635.215105415
23635.952950592
23636.715832667
23637.162120420
23638.145777365
23639.133995565
23639.638425650
23640.679142985
23640.953340225
23642.142543854
23642.986079287
23644.161507342
23644.284944202
23645.011605492
23645.901319044
23646.641524905
23647.263562709
23647.709379193
23648.711069459
23649.796966626
23650.711124774
23651.545823362
23652.110230707
23652.863833698
23653.165318491
23654.230883783
23655.327574226
23655.621417617
23656.770534953
23657.143619122
23657.450349015
23659.042661117
23659.709774807
23660.353449613
23661.357474878
23662.346557365
23662.716667402
23663.410396343
23664.099155463
23664.594026681
23665.438523171
23666.533716694
23667.175698977
23668.117829453
23668.867438982
23669.682675970
23670.445700731
23670.849945535
23672.171249084
23672.587773159
23673.170758814
23674.185814672
23674.850401482
23675.456253599
23675.962826262
23676.913049521
23678.526475388
23679.121612629
23679.456198325
23680.157469142
23681.065102556
23681.568093345
23682.436992871
23683.235655017
23683.789751332
23684.739412566
23685.525304334
23686.519675006
23686.952418460
23688.040090831
23688.571394199
23689.535928431
23690.301580942
23691.250828360
23691.504972617
23692.093084924
23692.854036846
23693.747533039
23694.645412902
23695.683485023
23696.511699474
23697.031485935
23698.127880856
23698.630211175
23699.124540798
23699.631827159
23700.992183203
23701.802853187
23702.135736113
23702.868241198
23703.734406139
23704.524182062
23705.524223127
23706.480314121
23707.103068963
23707.809827157
23708.537909297
23709.095513757
23709.861826018
23710.682903352
23711.095239719
23712.000303075
23713.133982743
23714.288881154
23714.641864869
23715.449828419
23715.677291395
23717.165208762
23717.527850390
23718.617719683
23718.946835213
23719.697663308
23720.647953691
23721.218022650
23721.832896797
23723.091679998
23723.867101674
23724.937789107
23725.332216662
23726.264933233
23726.416123725
23727.597300074
23727.899579528
23728.772140130
23730.136996014
23730.506201968
23730.986730289
23732.290139695
23733.095007377
23733.736515323
23734.255761467
23735.295103525
23735.922426447
23737.030936183
23737.256454137
23738.021670361
23738.669737654
23739.163102176
23740.888689577
23741.333421362
23742.289348680
23743.062064850
23743.540705412
23744.111940230
23745.243094779
23745.506717369
23746.741517123
23747.084015695
23748.037689634
23748.875216209
23749.583465409
23750.633284591
23750.809754519
23752.343284034
23752.978484324
23753.612736625
23754.253185873
23754.629389210
23755.670564179
23756.321907071
23757.133591698
23757.663357827
23759.106579201
23759.925416530
23760.359396648
23761.242592276
23761.798544118
23762.468731824
23763.276778241
23764.349837584
23764.937448291
23765.530619614
23766.186105751
23766.868409557
23767.829056270
23769.101839066
23769.715689734
23770.364488590
23770.910644607
23772.192349885
23772.561543494
23772.938501339
23773.587083006
23774.764021521
23775.453633882
23776.516915204
23777.232415348
23777.793903026
23778.802256711
23779.411613914
23780.155419986
23781.056167808
23781.799591389
23782.323382875
23783.269187277
23783.550697266
23784.641397880
23785.207323356
23786.145324891
23787.667370241
23787.927146346
23788.781521093
23789.335920215
23789.746006627
23790.678351151
23791.582252340
23792.488462557
23792.815357367
23793.756453231
23794.553984472
23795.641059454
23796.282209425
23796.770034034
23797.793635443
23798.920400087
23799.203448816
23799.850072341
23800.880222503
23801.306941336
23801.707829084
23802.750210101
23804.037916612
23804.910071486
23805.305862561
23806.239414221
23806.995507829
23807.517672220
23808.413377696
23808.959016742
23809.692856136
23810.868847875
23811.447186891
23811.949964839
23812.530275374
23813.798145581
23814.711072216
23815.453969744
23816.213321700
23816.972804960
23817.325689305
23818.191442547
23819.026124144
23819.438174846
23820.334176634
23821.350938600
23822.025969107
23823.411597300
23823.660688120
23824.410542371
23824.981386590
23825.757994033
23827.095870844
23827.494405356
23828.080801609
23828.705805906
23829.365338790
23830.584176281
23830.893999962
23832.278665037
23832.958727571
23833.798055545
23834.562392381
23835.031105084
23835.641789494
23836.469033984
23836.969753534
23838.193818186
23838.776178914
23839.539186070
23840.610060546
23841.048223935
23841.857864072
23843.088036522
23843.547697947
23844.024714555
23845.118196901
23845.814863922
23846.321777271
23847.205121959
23847.622751645
23848.271203841
23849.956685914
23850.716158078
23851.304173604
23851.655639885
23852.693402153
23853.369237942
23853.927865535
23854.763305263
23855.754274001
23856.316276930
23856.897803912
23857.823181638
23858.928098870
23859.279117972
23860.334879518
23861.090911748
23862.116356674
23862.686622198
23863.187440805
23863.864380608
23864.319188842
23865.461016043
23866.147979086
23867.152869265
23867.804121274
23868.993308564
23869.595855484
23870.118321603
23870.744105952
23871.489696174
23872.686851881
23873.020271042
23874.026805181
23874.540910259
23875.309154466
23875.735461780
23877.138533005
23877.937326770
23878.929863040
23879.589009493
23879.759763647
23880.851838104
23881.507298448
23882.303106644
23882.796571779
23883.401845661
23884.742408891
23885.695430379
23885.988118917
23887.074276509
23887.627789719
23888.306406515
23889.561809051
23889.996433958
23890.642516958
23891.353644422
23892.231218398
23892.756678693
23893.308879720
23894.491660167
23895.482626294
23896.290548680
23897.100152573
23897.712955954
23898.439533162
23898.877150361
23899.412042761
23900.716906933
23901.466028767
23902.044788730
23902.661963707
23903.494567227
23904.670552637
23905.473307611
23905.718324610
23906.923368163
23907.604467721
23908.353909406
23909.187543170
23909.490542131
23910.066170598
23911.182672094
23911.667815554
23913.086578474
23913.969117277
23914.605296901
23914.852580030
23915.938079844
23916.662108306
23917.281296569
23918.139317986
23918.906071266
23919.450657109
23920.394523688
23921.172073986
23921.767699106
23922.474458563
23923.959123400
23924.667524808
23924.983696463
23925.781112107
23926.500293527
23927.123625964
23927.899455233
23928.485339300
23929.634478546
23930.064972951
23931.447327403
23931.940978570
23932.804336573
23933.413987204
23934.062816298
23934.839231736
23935.739369223
23936.820360685
23937.126915662
23937.544788371
23938.403203153
23939.161137701
23940.490053872
23941.381300664
23941.662930649
23942.919137620
23943.356178829
23944.147241578
23944.555447964
23945.463769173
23945.964031241
23947.207582311
23947.918189982
23948.391718165
23949.590296147
23950.116473392
23950.950601541
23951.701881987
23952.755605436
23953.340498446
23954.034236432
23954.291309557
23955.610069923
23956.203470981
23956.430900772
23957.493888787
23959.010215423
23959.471386108
23960.479328614
23960.987345832
23961.128654172
23962.211267640
23963.427960290
23963.572304198
23964.610879550
23965.289546573
23965.976706982
23966.800188585
23967.681332481
23968.565437818
23969.352672550
23970.031604723
23971.065828571
23971.519794054
23972.252293259
23972.791556437
23973.497395200
23974.042408601
23975.456005316
23976.147189917
23976.980304684
23977.568045689
23978.582931328
23979.255532111
23979.744660396
23980.468352119
23981.401955687
23982.366817711
23982.800486802
23983.536536491
23984.046380795
23985.042067557
23985.953202260
23987.195896961
23987.826649986
23988.207848380
23989.102008821
23989.710015265
23990.332588016
23991.097282947
23992.033451645
23992.683133678
23993.240374225
23994.724762940
23995.331111200
23995.844808732
23996.415671941
23997.439476863
23998.447057409
23999.047246770
23999.656032216
24000.272055676
24001.009462734
24001.592050020
24002.712284134
24003.201611497
24004.764158334
24005.175244031
24005.940495252
24006.509308514
24007.464354357
24008.014587385
24008.271832617
24009.676110306
24010.249310897
24011.277804086
24011.634243874
24012.328172656
24013.577499484
24014.289456318
24015.056036813
24015.949287446
24016.251140302
24017.369995943
24018.020573864
24018.508635330
24019.257815474
24019.657563853
24021.041871578
24022.088376716
24022.721411801
24023.457270912
24024.103907568
24024.836274633
24025.268184046
24026.551965280
24027.159418583
24027.703237544
24028.406387891
24029.369940233
24029.853560281
24030.976344883
24031.666857257
24032.468068355
24033.766312907
24034.162153739
24034.732896612
24035.149940722
24036.020245003
24036.865234366
24037.663810821
24038.267668842
24039.486286206
24039.945549571
24041.228381471
24041.584538948
24042.249759583
24043.097597998
24043.845118616
24044.794210880
24045.347562265
24046.070048608
24046.839874258
24047.317992580
24047.877490646
24049.610566255
24050.398352345
24050.679600883
24051.623945303
24052.161018328
24053.136260535
24053.714034497
24054.183639530
24055.005391059
24056.134396074
24056.728637890
24057.526757496
24058.515974619
24058.908859907
24059.910825357
24060.868967393
24061.428447011
24062.299067656
24062.922787599
24063.726869015
24063.815556441
24065.156367994
24065.616085347
24066.620373494
24067.634662140
24068.625068315
24069.408385613
24069.591898277
24070.384854618
24071.110345042
24071.841833581
24073.079063135
24073.771399819
24073.839993738
24074.697125402
24076.096922219
24076.429858330
24077.447829931
24078.398458013
24079.045758835
24079.755638850
24080.438325892
24081.242107242
24081.647158342
24082.407924639
24083.064384950
24084.214303787
24085.280682747
24085.918038900
24086.615618199
24087.086288236
24088.203824631
24088.789713521
24089.654018603
24090.119267807
24091.018836397
24091.958359363
24092.378323882
24093.072072368
24093.763184017
24095.125073307
24096.114095129
24096.462643761
24097.398688078
24097.989661714
24098.363857884
24099.433566779
24099.895981123
24100.951839916
24101.599312077
24102.422445094
24103.233301893
24104.209902873
24105.109044274
24105.497403083
24105.899339046
24107.580113669
24107.896439501
24108.539289555
24109.235138168
24109.761747408
24110.519729905
24111.423044153
24112.664130333
24113.257189452
24114.219887893
24114.731666967
24115.731597118
24116.071390518
24116.567511309
24117.874821008
24118.220698528
24119.158125044
24120.097291858
24120.627561156
24121.403459956
24122.222915980
24123.218613358
24124.083236343
24124.872982241
24125.318555137
24125.840010612
24126.985151636
24127.478052017
24128.077368854
24128.754406758
24129.733385291
24131.241458789
24131.719924679
24132.026848301
24133.085833078
24133.549190971
24134.446878068
24135.190401281
24136.143637702
24136.684780517
24137.408763063
24137.897744641
24138.860986994
24139.997901582
24140.475161734
24141.672607232
24142.196623783
24142.983164636
24143.876295084
24144.234969784
24144.765813935
24145.399137520
24146.777616089
24147.495111254
24147.900316849
24149.085440964
24150.086918039
24150.243462174
24151.421555010
24151.834551524
24152.815182376
24153.534397648
24154.375404965
24154.916476996
24155.445006207
24156.384121846
24156.887390481
24158.271002287
24159.337474781
24159.900399221
24160.301954829
24160.998462676
24161.752824286
24162.698692678
24163.250537286
24163.936452643
24164.807438002
24165.563448074
24166.620212409
24167.246767529
24167.892704076
24168.637729072
24169.894864229
24170.255288840
24171.333516386
24171.585471565
24172.277527141
24173.160823940
24173.846356787
24174.323579627
24176.091596127
24176.241683194
24177.224312992
24178.210293515
24178.758059469
24179.176309067
24179.984249998
24180.657760251
24182.103127265
24182.148234754
24183.243059021
24183.569663340
24184.375167380
24185.749193703
24186.425272998
24187.122010892
24187.766526527
24188.900059203
24189.215090782
24189.812613081
24190.628955944
24191.436071957
24191.815197967
24193.136170028
24194.058782579
24194.811994159
24195.497251143
24196.127436982
24196.650626520
24197.794268335
24198.582628026
24199.194301412
24199.744390629
24200.430629036
24201.413458812
24202.117442150
24202.590367472
24203.885816538
24204.896689265
24205.672876553
24206.022793892
24206.634811134
24207.555542408
24207.978968663
24208.866054679
24209.885438910
24210.398125398
24211.303403979
24212.081747177
24213.089757094
24213.654048857
24214.384717156
24215.388112122
24215.742674443
24216.807565955
24217.597468626
24218.223978450
24218.584218920
24219.062567672
24220.427126948
24221.450505131
24222.436809833
24222.817838896
24223.481387052
24224.423217851
24225.106022339
24225.618742496
24226.257510946
24227.389212046
24228.132682371
24228.598984219
24229.532165416
24230.334228295
24231.247267015
24231.728724710
24233.092282925
24233.735558176
24234.114607360
24234.776154637
24235.638580213
24236.148306707
24237.033725016
24237.915460345
24238.383657457
24239.881615681
24240.584801290
24241.149694057
24241.831927001
24242.266761772
24243.171216942
24244.360620882
24244.910170844
24245.258691161
24246.503124794
24246.638171026
24247.626837322
24248.639736069
24249.745957482
24250.290905542
24250.994156256
24251.971586359
24252.295047051
24253.328180469
24253.592017857
24254.396544104
24255.180721973
24256.436512337
24257.104803539
24257.837977978
24258.307686219
24259.704297497
24259.955498822
24260.753905639
24261.678841861
24262.418369847
24262.903551395
24263.896850585
24264.371055038
24265.004609425
24265.787128666
24267.329475179
24267.844833836
24268.621557362
24269.416601148
24269.999306307
24270.260866473
24271.313557330
24272.266397063
24272.902426752
24273.764356584
24274.028838938
24275.386411866
24276.301820517
24276.668814829
24277.446136349
24278.458624149
24279.303559413
24280.149844221
24280.414631045
24281.042049298
24281.892680736
24282.546074555
24283.415719847
24284.525908277
24285.388980439
24286.148142759
24286.819466339
24287.271109663
24288.357607034
24288.817689118
24289.505712603
24290.380165713
24291.508987036
24291.876426089
24292.317470711
24293.525042023
24293.993860353
24295.714690123
24295.819123488
24296.872813200
24297.029291553
24298.162160309
24298.820126513
24299.615660412
24299.752362602
24300.910112865
24301.963454674
24302.660048635
24303.799222597
24304.286198116
24304.783768284
24305.566501981
24306.563445002
24307.218559430
24308.162570965
24308.837017248
24308.980572885
24309.993009961
24310.794956534
24311.874828029
24312.515484342
24313.547623498
24314.366047434
24315.061594404
24315.528069446
24316.195072122
24316.637210390
24317.861070279
24318.498661408
24319.453312991
24319.889688928
24320.977297286
24321.702904054
24322.590332826
24323.132123645
24324.041796786
24324.888522659
24325.453492587
24326.137248820
24326.948640657
24327.584727624
24328.215897770
24328.659593816
24330.636563667
24331.008935373
24331.721912314
24332.217688693
24333.060303014
24333.912423898
24334.336505724
24335.432136152
24336.008420734
24336.539229201
24337.874293701
24338.186238246
24338.913842729
24340.107632701
24340.666803953
24341.651419534
24342.508394690
24342.951203633
24343.867313648
24344.137642870
24344.871310923
24345.801299431
24346.645607540
24347.478548602
24348.428044366
24349.186674055
24350.074206899
24350.678674845
24351.247159565
24351.672627178
24353.021305978
24353.806115411
24354.262094674
24354.946316038
24355.509925635
24356.362521859
24357.596689885
24358.222851124
24359.295859553
24359.974818034
24360.276345459
24361.234091556
24361.999364449
24362.495044714
24363.126507760
24364.127786704
24364.881604653
24365.892436408
24366.957858966
24367.098407920
24367.921078600
24368.784265982
24370.101783060
24370.314473748
24370.798356448
24371.957838061
24372.391928108
24373.309170744
24373.697166656
24374.665480725
24375.829166336
24376.850474185
24377.426209508
24378.016392139
24378.549523340
24379.412404361
24380.043345182
24380.698894104
24381.918336699
24382.508243946
24382.962883807
24383.751640753
24385.215382572
24385.394183916
24386.468837407
24387.002400154
24387.938343659
24388.923886785
24389.272583257
24389.936370656
24390.553651916
24391.123827569
24392.264257692
24393.399657604
24394.088170776
24394.726903195
24395.625932033
24396.292396005
24396.690726116
24397.682932786
24398.491316679
24399.090076779
24400.146744251
24400.299782334
24401.769669920
24401.838940489
24402.806075461
24404.176590479
24404.789499372
24405.552160411
24406.128024274
24406.802549615
24407.125761940
24408.448546934
24408.997189869
24409.389642736
24410.524409163
24411.657144221
24412.378779655
24412.950138007
24413.658358006
24414.404857077
24415.055666749
24416.222334627
24416.707973982
24417.556005588
24417.852092289
24418.837556316
24419.297148695
24420.480226559
24421.787477263
24422.144919310
24422.680363937
24423.947184384
24424.414614218
24424.797318107
24425.767456293
24426.036728939
24427.517968403
24428.082540119
24428.809609768
24429.463253722
24430.569448477
24431.134354657
24432.054816587
24432.738029874
24433.627575396
24434.143470614
24434.921857781
24435.665865849
24436.180914162
24436.889380672
24437.764316751
24438.777224471
24440.026105397
24440.687422729
24440.947988901
24441.639870424
24442.362738892
24443.323208222
24444.139327912
24444.769476113
24445.409603377
24446.181761060
24446.941241922
24448.081957186
24448.571055320
24449.252977201
24450.676680390
24451.085068130
24451.635958904
24452.382531667
24453.155286582
24453.750876267
24454.146594935
24455.470841774
24456.264787055
24457.161195227
24457.895849187
24458.563373043
24459.384000007
24460.200904079
24460.498413586
24461.548963141
24462.296409076
24463.197678544
24463.790107008
24464.388139639
24464.710012665
24466.248060406
24467.232007232
24467.831858018
24468.597877504
24469.113891318
24469.946791709
24470.732190637
24471.025097607
24472.024374061
24472.973510685
24473.342909992
24474.728425398
24475.247169204
24476.232736308
24476.684698627
24477.370096424
24478.341747306
24479.408736377
24479.979708186
24480.311697403
24480.871420012
24482.020987796
24482.657496003
24483.266802925
24484.537071838
24485.432373715
24486.136850357
24486.742460427
24487.517300554
24487.902304942
24488.595001836
24489.681661885
24490.533278039
24490.951937359
24491.929562227
24492.580505193
24493.388122105
24494.282005629
24495.468218117
24495.633220370
24496.659795775
24497.196504995
24498.268915309
24498.654776234
24499.249265478
24500.031523945
24500.543433323
24502.369313052
24502.717359793
24503.404758961
24504.422324515
24504.555803333
24505.802021427
24506.296971731
24507.036224927
24507.929133018
24508.701668535
24509.206836694
24509.926699231
24510.895322115
24511.690530908
24512.499906395
24513.591980649
24514.262457147
24514.899548476
24515.492170693
24515.878833455
24516.891257924
24517.509074168
24518.552694847
24519.317941874
24519.782229770
24521.202214497
24521.947053376
24522.315070494
24522.732815034
24524.074324207
24524.644360384
24525.476463704
24526.162669777
24526.833877988
24527.214068458
24528.127643670
24529.024925825
24530.488330020
24530.746043080
24531.805223731
24532.173073026
24532.882328265
24533.831624595
24534.426923644
24534.943472623
24535.723235227
24536.983954622
24537.448771861
24538.343078874
24539.003319072
24539.741987100
24540.800327893
24541.514672828
24542.297115592
24542.770756261
24543.557022500
24544.364524335
24544.826602734
24545.690187189
24546.263197225
24547.598848080
24548.530026011
24549.110723396
24549.819943714
24550.658005998
24551.023946817
24551.532843276
24552.950225644
24553.633375315
24554.136419667
24554.670620886
24555.553969088
24556.586207769
24557.372758978
24558.249811112
24558.775560778
24559.835951118
24560.564941360
24561.260285345
24561.448480846
24562.365542708
24563.010800737
24564.121780394
24564.683223066
24566.158824865
24566.496811034
24566.998845018
24568.142710103
24568.658721726
24569.362481306
24570.358122456
24570.915012810
24571.524685882
24572.531225909
24573.186573238
24573.579093663
24574.478257519
24575.892638743
24576.746103387
24577.361911881
24577.573076805
24578.485553256
24579.424901062
24579.768515892
24580.754140663
24581.331970548
24582.421709080
24582.914920560
24584.208044108
24584.597704188
24585.576918213
24586.016980351
24586.898079758
24588.003805989
24588.496003074
24589.125094736
24590.019805322
24590.239932576
24590.950134457
24592.401134040
24593.093097184
24593.859670647
24594.770244774
24595.568928178
24596.010462806
24596.679614346
24597.356587552
24598.066532789
24599.125685075
24599.976695386
24600.376777114
24601.080644471
24602.132932199
24603.079488617
24603.475331858
24604.968194549
24605.118666544
24605.934269159
24606.532676758
24607.345714936
24608.116496378
24608.787373581
24609.084803168
24610.555961232
24611.572422810
24612.410257203
24612.709858708
24613.370663523
24614.083286818
24615.196399407
24615.796273490
24616.503307467
24617.191915602
24617.866979055
24618.683919554
24619.424062501
24620.205668551
24621.336158700
24622.196670193
24622.606673452
24623.699669449
24624.147225547
24624.802749323
24625.195041319
24626.187346060
24627.073839769
24627.994397572
24628.706137822
24629.397523447
24630.382627631
24631.209497063
24631.661448170
24632.550497872
24632.985491470
24634.457502541
24634.777627115
24635.228758358
24635.963669894
24636.861967447
24637.399118132
24639.050759418
24639.586808154
24640.178195373
24640.977567552
24641.585634185
24642.280165407
24642.898727200
24643.814598368
24644.672789926
24645.042453602
24646.091947837
24647.093056243
24647.805444642
24648.261667488
24649.084241498
24650.382200255
24650.913806292
24651.438680206
24652.377806684
24652.515468489
24653.648829909
24654.332938937
24654.887449108
24656.060688314
24657.135305181
24657.769420769
24658.462348795
24659.141072674
24659.624504504
24660.534837847
24661.157909188
24662.143725040
24663.017102663
24663.472029557
24664.095277661
24664.763817218
24666.338523791
24666.630268215
24667.636843185
24668.274402479
24669.089029197
24669.579986763
24670.768350764
24670.999570014
24671.250910911
24672.536356847
24673.640694428
24674.378038465
24675.073784710
24676.046290284
24676.456770823
24677.208384115
24678.024043436
24679.038454999
24679.609705232
24680.041647886
24681.045481506
24681.736502600
24682.199250493
24683.370008844
24684.046827285
24685.253490493
24686.135166141
24686.495060587
24687.028901440
24687.630474564
24688.565093157
24689.269104920
24690.274071419
24690.728394308
24691.477319127
24692.871720371
24693.093503327
24694.154685312
24694.730706537
24695.438198961
24696.545816227
24697.069739197
24697.780296106
24698.530342343
24699.004124698
24699.666536419
24700.461745873
24701.902590425
24702.808081766
24703.157742021
24703.698634353
24704.878245200
24705.439777857
24706.010174766
24706.477518831
24707.781613144
24708.268976554
24709.263484202
24709.676892211
24710.681151931
24711.257834768
24712.497647791
24713.329630272
24713.612090297
24714.836237572
24715.110892328
24715.840401152
24716.536596717
24717.250523163
24718.222538515
24718.723623116
24720.041013153
24720.939308188
24721.509855494
24722.046787937
24722.746345549
24723.298907303
24724.601337822
24725.229126515
24725.832442500
24726.396918752
24726.975550116
24728.157803235
24728.835812443
24729.700620210
24730.856864844
24731.193534512
24732.327330399
24732.609910236
24733.304801828
24734.091564579
24734.727050107
24735.370936640
24736.624337281
24737.392563956
24737.899530525
24739.049192947
24739.400617684
24740.362360816
24741.212012597
24741.977640294
24742.324651350
24743.321324961
24744.335618125
24744.522506510
24745.314244405
24745.804327781
24747.531095051
24748.134854406
24748.900245585
24749.516234599
24750.185855844
24750.714892159
24751.559001442
24752.485078193
24752.898942465
24753.985519745
24754.715454478
24755.098560858
24756.543296682
24757.142304799
24757.547315117
24758.516760054
24759.588731840
24760.369355339
24760.645290417
24761.473225299
24761.829866163
24762.845647431
24763.613573250
24764.597959219
24765.534536760
24766.223168954
24767.264698879
24767.587677779
24768.290015186
24768.993361972
24769.727198089
24770.821737666
24771.347147952
24771.991694101
24772.911816475
24773.367881274
24774.297296784
24775.404083493
24776.419531723
24776.974025515
24777.271828060
24778.243367812
24779.146738150
24779.490917432
24780.301651028
24780.968004545
24781.761724092
24783.085246124
24783.951202145
24784.321005181
24784.811652156
24786.099432530
24786.439495668
24787.383199357
24788.322187930
24788.728021647
24789.624099196
24789.925244544
24791.075739330
24791.578468551
24792.896700550
24793.497813577
24794.620530561
24794.981005283
24795.800863866
24796.575060222
24796.817935491
24797.480957029
24799.048304879
24799.427148490
24799.924447838
24800.982652822
24801.805295966
24802.866230680
24803.208442810
24803.952581866
24804.995057527
24805.649741528
24806.420125264
24806.901500328
24807.735424336
24808.251150778
24808.868848848
24810.203241424
24811.250791187
24811.891346936
24812.624300728
24812.943097139
24813.800229464
24814.716308803
24815.394010889
24816.059686029
24816.694131037
24817.683233956
24818.532395382
24818.984702035
24819.924451488
24820.755214948
24821.656407832
24822.760214123
24823.119026897
24823.523402290
24824.429366034
24825.171043057
24825.889636242
24826.321585587
24827.577346819
24828.473950550
24829.123384616
24830.135416414
24830.754610083
24831.458486755
24831.683351820
24832.920323394
24833.655089443
24834.616857908
24835.040346251
24835.611180245
24836.185824107
24837.370380968
24838.530604998
24839.067649129
24839.783149779
24840.649549043
24841.365412077
24842.082896648
24842.294164462
24843.369246172
24843.891510479
24845.057756370
24845.659046429
24846.710759331
24847.388569652
24848.125510478
24848.575624431
24849.817746995
24850.412507609
24851.159937151
24851.805998033
24852.400279013
24853.166889868
24854.003624833
24854.683654290
24855.191888071
24857.151813139
24857.332217849
24857.912121676
24858.825764432
24859.218861572
24859.984050256
24860.912136540
24861.551130054
24862.598158397
24862.958802793
24863.726890761
24864.968295211
24865.393909512
24866.296189302
24867.217988739
24867.852688905
24868.482405090
24869.761151094
24869.885513204
24870.517942602
24871.120469506
24871.943860578
24873.143040849
24874.140621394
24874.686334844
24875.417165149
24876.233555603
24877.033224083
24877.499416130
24878.143730946
24879.177997061
24879.882963991
24880.697517242
24881.286381431
24881.771231154
24882.959773593
24883.620595573
24884.819282627
24885.397542500
24886.407050901
24886.555881906
24887.242320494
24888.096729180
24889.059210983
24889.359859866
24890.372962247
24891.121749224
24892.378502703
24893.019257232
24893.659632811
24894.249685881
24894.740901237
24896.203715847
24896.681134563
24897.496208492
24897.608034987
24899.014698715
24899.209822060
24899.961080600
24901.374341468
24902.057449299
24902.839862144
24903.808463086
24904.030497722
24905.114062560
24905.434282981
24906.250303268
24906.850226378
24908.062946556
24908.694435519
24909.708460520
24909.800239606
24911.095376815
24911.998906212
24912.582867951
24913.285831547
24914.138082583
24914.825768488
24915.497022760
24916.297112265
24916.807646621
24917.249131041
24918.475928455
24919.665741217
24920.375280433
24921.159722550
24921.556217845
24922.251746273
24923.224405304
24923.516308187
24924.889265170
24925.467554618
24925.776665051
24926.672236757
24927.748779457
24928.553851982
24929.015350929
24930.004603243
24931.091197564
24931.752008994
24932.208596106
24932.953461238
24933.565549229
24934.026269969
24935.257573616
24935.814980228
24936.693230445
24937.858097959
24938.476928588
24939.122358150
24939.754131416
24940.674691440
24941.259270032
24941.891841034
24943.093946066
24943.604235522
24944.098402830
24945.045451286
24945.313698927
24946.676065576
24947.997471479
24948.313633629
24948.921556604
24949.598164936
24950.585721956
24951.138490982
24951.727246632
24952.347993173
24953.281962818
24954.302644545
24954.991567486
24955.811802421
24956.667865588
24957.185284906
24957.918660562
24958.969371331
24959.750572553
24960.243230866
24961.036574080
24961.512569057
24962.228019846
24963.274370959
24963.737203111
24965.334737930
24965.437156651
24966.843475958
24967.440849351
24967.703975153
24968.228604040
24969.196549157
24970.299134474
24970.761746551
24971.614103034
24972.306877475
24972.873656074
24974.162981684
24974.740753073
24975.448750000
24976.412345645
24977.118231921
24977.808168659
24978.416515800
24979.105664682
24979.958039196
24980.296191490
24981.030369295
24982.756046934
24983.235793779
24983.907464345
24984.462496005
24985.479938607
24985.879262271
24986.936834050
24987.584952097
24988.051739951
24989.182612301
24989.747263896
24990.450048640
24991.111458786
24992.012811367
24993.200709278
24993.914656549
24994.573297602
24995.306278524
24995.813136017
24996.627426731
24997.037253884
24997.971709858
24999.024046416
24999.516517106
25000.349751318
25001.600386168
25002.121243917
25002.737899183
25003.562122743
25003.944237292
25005.240154163
25005.985079795
25006.541478472
25007.077993405
25007.548419355
25008.558012235
25009.586639638
25010.382253709
25011.573662666
25011.919384856
25012.629733331
25013.360293173
25014.197298214
25014.615366294
25015.284956356
25016.404123500
25017.057895031
25017.771107417
25018.870132692
25019.416699611
25019.892141410
25021.188080072
25021.940660480
25022.570988190
25023.247632918
25023.672840040
25024.829033736
25025.375936889
25025.805643803
25026.615801521
25027.812317109
25028.979671983
25029.576433205
25030.013861389
25030.707316582
25031.669713106
25031.915048108
25033.152979019
25033.780135648
25034.699411623
25034.976079157
25035.915851729
25036.642916208
25037.949103333
25038.404470345
25039.060547581
25040.160142598
25040.882192549
25041.581412582
25041.799330369
25042.678206772
25043.287580762
25044.196537673
25045.522331998
25045.776884186
25046.870428698
25047.560985929
25048.473828714
25048.866263349
25049.530567324
25050.639715910
25051.420678215
25051.698352020
25052.745334352
25053.493577633
25053.877323263
25054.719400672
25056.048016061
25057.032973288
25057.460278737
25058.178021000
25058.856325251
25059.185628117
25060.525500064
25060.816438073
25061.759631435
25062.235663427
25063.512622580
25064.231692141
25065.026934353
25065.700038076
25066.185371827
25067.362868588
25068.117216069
25068.651416896
25069.585614170
25070.073518906
25070.486345040
25071.563618676
25072.081531607
25073.487686801
25074.169722570
25074.938599241
25075.570006530
25076.503829259
25077.005999928
25077.524729497
25078.152831253
25079.310306719
25080.350557548
25080.682588187
25081.065397408
25082.314140742
25083.252350997
25083.782165307
25084.942510903
25085.501268962
25085.939441952
25087.164097469
25087.503158995
25088.100587442
25088.787402123
25089.728272085
25090.377652205
25091.772294954
25092.476176123
25093.096453240
25093.744394984
25094.039001134
25095.349695045
25096.034742287
25096.643975095
25097.563469680
25097.844180195
25098.858379046
25099.669502602
25100.409123972
25101.138797103
25102.375241817
25103.180551643
25103.585148966
25104.314147515
25104.892349473
25105.659063063
25106.240763939
25107.176799664
25107.995311525
25108.891395258
25109.655324601
25110.335674698
25111.496529840
25111.749256092
25112.632997856
25113.265053762
25114.326744839
25114.887731091
25115.748741743
25116.157650454
25116.864585195
25117.331780092
25119.202034183
25119.615321421
25120.326706112
25121.017128850
25122.039646153
25122.225965390
25123.169755963
25123.729514383
25124.673194619
25125.402192130
25126.114690793
25127.104534211
25127.773074699
25128.482601212
25129.495755872
25129.857365003
25131.187308726
25131.991607518
25132.146926434
25132.680464013
25133.719950856
25134.461673974
25135.075541556
25135.874397789
25137.024904136
25138.057767889
25138.572189150
25139.328779921
25139.614386152
25140.595034585
25141.177644157
25142.546630430
25142.704389480
25143.551545018
25144.292036868
25144.944898756
25145.895191404
25146.864523477
25147.751160721
25148.402469767
25148.969313701
25149.880104472
25150.472269084
25151.373805945
25151.640207837
25152.118566864
25153.733871737
25154.204645904
25155.543709246
25155.669098982
25156.513165607
25157.385874670
25158.241826467
25158.740826560
25159.539953566
25160.386694283
25161.119186794
25161.763753090
25162.146337694
25163.309402055
25163.978131769
25165.182228112
25166.012786074
25166.782604447
25167.020789761
25167.864534571
25168.485423560
25169.153807224
25170.225982678
25170.897198862
25171.588246246
25172.161719707
25173.693579430
25174.171257458
25174.486102202
25175.433270316
25176.405077057
25177.285640482
25177.814408212
25178.430130041
25179.075365688
25179.722088546
25180.470080355
25181.414508389
25182.719258368
25183.333055095
25183.840904023
25184.686713450
25185.548035268
25185.805368456
25186.843114884
25187.448430180
25188.149960676
25189.283374537
25189.931508363
25190.338830583
25191.231751431
25192.223086688
25193.265389317
25193.920157108
25194.376472536
25195.310941956
25195.877534183
25196.532879043
25197.311179956
25198.050583859
25198.442216477
25199.975960188
25200.838662563
25201.191299153
25202.454865311
25202.648475653
25203.249522557
25204.125967851
25205.427195501
25205.775685053
25206.332877430
25207.132833434
25207.684039909
25208.816120798
25209.584624703
25210.518292331
25211.160137832
25212.242929399
25212.702566484
25213.531908588
25213.802579021
25214.440799430
25215.605758358
25216.189409203
25217.197929191
25217.842235855
25218.842255366
25219.506856250
25220.160424288
25220.985125707
25221.795889486
25222.573602744
25223.035022644
25224.068152535
25224.612481527
25225.361849053
25225.787356723
25226.625697455
25228.148363593
25228.943763172
25229.540061663
25229.915854743
25230.548150697
25231.724589718
25232.280243970
25232.615986722
25233.851322331
25234.469040395
25235.134085424
25236.150230411
25236.854010688
25237.727233278
25238.174431496
25239.398204121
25240.075162035
25240.632552597
25241.528086520
25241.907009459
25242.574093711
25243.208209458
25244.408331348
25245.321587601
25245.808503284
25247.237214527
25247.455318494
25248.248748788
25249.001802113
25249.349614130
25250.342748226
25251.501883793
25251.978033015
25252.465425740
25253.254788919
25254.047119831
25255.029831467
25256.100043555
25256.547423250
25257.681014530
25258.103979611
25258.550438977
25259.642034600
25260.108343717
25260.844641096
25261.459128312
25262.400620315
25263.732328453
25264.336619385
25264.805973641
25265.551487865
25266.312894488
25267.203144263
25268.061501950
25268.685777373
25269.215901489
25269.884634736
25271.060810202
25271.321060709
25271.990792789
25273.498098482
25274.206029323
25274.852146955
25275.649775644
25276.369505004
25276.790616642
25277.356545017
25278.313156075
25279.200130192
25280.038287985
25280.586723060
25281.406552152
25282.299077069
25283.260160335
25284.095550708
25284.179193265
25285.370608669
25286.264148229
25286.944843404
25287.530519910
25287.876682916
25288.765451562
25289.477079991
25290.726505513
25291.851938866
25292.104336775
25292.987961015
25293.726383929
25294.299920339
25294.923084703
25296.064745428
25296.334122166
25297.422487875
25298.002280915
25298.808140361
25299.658665929
25300.617992127
25300.762078129
25302.588091187
25302.833789340
25303.591428425
25304.029159421
25304.844589093
25305.644013891
25306.214524446
25307.046419998
25307.752379654
25308.890812142
25309.806670633
25310.710534244
25310.815270709
25311.745009736
25312.390435272
25313.468930105
25313.895279520
25314.967365015
25315.599255228
25316.157037157
25316.391554006
25317.962368566
25318.667738404
25319.674100891
25320.311531305
25320.775197710
25322.031219344
25322.230917143
25323.024319354
25323.530339612
25324.249455798
25325.682579440
25326.039271710
25326.911352487
25327.773230607
25328.511313720
25329.272524482
25329.864282170
25330.977776030
25331.438384295
25332.270163816
25332.812390720
25333.528553249
25334.486670213
25334.741538408
25335.862323159
25337.104008187
25337.957482839
25338.445398819
25339.058428178
25339.671258676
25340.225524153
25341.273268864
25342.313568216
25342.540946666
25343.243769094
25344.361022564
25345.095797405
25345.947636574
25346.488040507
25347.644624724
25348.016697837
25349.289991127
25349.704468435
25350.147963200
25350.965923843
25351.766389503
25352.106708686
25353.308339313
25354.640292416
25354.978865793
25355.720336927
25356.479937975
25357.444174693
25357.992836100
25358.311570901
25359.383125675
25360.461692737
25360.799774724
25361.634411382
25362.449116122
25362.688201248
25364.295223392
25364.993647519
25365.716509541
25366.465058307
25367.011185738
25367.771062522
25368.402564509
25369.116154001
25369.729940346
25370.790728243
25371.360103402
25372.465184141
25373.587557463
25373.866158489
25374.408259810
25375.204082085
25376.220673326
25377.178066640
25377.606951847
25378.268034956
25378.788672346
25379.704006051
25380.426007451
25381.431605525
25382.197431619
25383.249832267
25384.078138702
25384.573471787
25384.883640090
25386.046690609
25386.443363081
25387.106353875
25388.297992656
25388.972009864
25389.635739983
25390.369484463
25391.389364016
25392.010428685
25392.832620473
25393.890962361
25394.167752399
25394.894982435
25395.924583131
25396.681492031
25396.926062799
25397.542359591
25398.462523651
25400.075444426
25400.524915130
25401.194969863
25401.983479446
25402.489454283
25403.299420980
25404.072414221
25404.720155649
25405.695203418
25406.202672799
25407.054159283
25407.635437167
25408.708270946
25409.465610249
25410.083521684
25411.165417530
25411.965922022
25412.590311622
25413.287109934
25413.602688806
25414.228530747
25415.493648773
25416.008100145
25416.778137121
25417.988319353
25418.547972939
25419.536061407
25420.086143443
25420.690075433
25421.168187191
25422.557082547
25422.981226947
25423.764358703
25424.476569390
25424.889912796
25425.981843735
25426.391790995
25428.066191141
25428.664696174
25429.077511343
25429.806903412
25430.699932196
25431.326790029
25431.892243044
25432.661367394
25433.334383152
25434.167161793
25435.515756919
25435.834673447
25436.628199729
25437.338947663
25438.215127703
25439.070645873
25439.791092267
25440.398423998
25441.262070251
25441.654609939
25442.700753185
25442.937037332
25444.024701619
25444.964059714
25446.110757938
25446.598623330
25447.670703776
25447.835271056
25448.815642186
25449.010557943
25450.147918886
25451.108575240
25451.824528440
25452.519844468
25452.661404457
25454.304245583
25454.865881304
25455.613674808
25456.229204692
25457.361137668
25458.078011839
25458.393791016
25459.387263642
25459.877498342
25460.434820194
25461.192470396
25462.551607526
25463.142947392
25464.306942065
25464.770714666
25465.190002200
25466.081955796
25467.057951435
25467.548788943
25468.405963466
25468.898259507
25470.063012663
25470.504357320
25471.240837669
25471.895778310
25473.038153341
25474.073586454
25474.835596524
25475.284903514
25475.851052163
25476.573701113
25477.423067168
25478.207105439
25478.453111773
25479.952373897
25480.217442376
25481.486498312
25482.235469414
25482.796673634
25483.613892530
25484.180111312
25484.896206226
25486.275502075
25486.547800179
25487.113483504
25487.824782723
25488.434264747
25489.319018153
25490.602016584
25491.320999922
25491.932078939
25492.755864149
25493.675929547
25494.062221442
25494.713905919
25495.185030751
25496.413826144
25497.120785836
25497.765250682
25498.593556532
25499.682773760
25499.866460744
25501.064085868
25501.800659707
25502.682672737
25503.222140399
25504.004527724
25504.578637145
25505.191384080
25506.343957522
25506.565261172
25507.230019047
25508.894290183
25509.759119015
25510.089343653
25510.659493299
25511.482690545
25512.125518818
25512.976346401
25513.922860655
25514.391620929
25515.142494496
25515.942557279
25516.577343506
25517.635107938
25518.291430489
25519.237528810
25520.084569118
25520.673273094
25521.474564983
25522.220908736
25522.662732381
25523.165597601
25524.002558176
25525.158241011
25525.994266851
25526.720109851
25527.332145729
25528.551577180
25529.050572820
25529.306175440
25530.629308092
25530.934793559
25532.005987431
25532.894660596
25533.214175262
25533.828895939
25534.572528012
25535.838186942
25536.587745080
25537.657767298
25538.264112454
25538.635162209
25539.394588428
25540.115501226
25540.912158802
25541.671304881
25542.217448579
25543.157246676
25544.042307366
25544.980199288
25545.737771153
25546.289924869
25546.678004750
25548.301214886
25548.691300443
25549.337197106
25549.813765954
25550.927202878
25551.114184762
25552.208188565
25552.758771478
25554.084827542
25554.987037311
25555.396605362
25556.524089190
25556.698357949
25557.634613665
25558.160406996
25558.870731679
25560.066412462
25560.632064502
25561.308338219
25561.982437673
25562.704625621
25563.906934125
25564.697683221
25565.291693764
25565.919789882
25566.828070478
25567.628138195
25568.169479094
25568.607063118
25569.420101214
25570.136290620
25571.314765945
25572.355963616
25573.044297783
25573.389400976
25574.377039129
25574.967323244
25575.657950088
25576.539052065
25577.571162915
25577.944889434
25578.301190342
25579.549061478
25580.307508076
25580.798940422
25581.870604722
25582.980706578
25583.541987568
25584.419672818
25584.843757047
25585.175347239
25586.291347791
25586.805193508
25587.945418189
25588.414043791
25589.236904234
25590.483179709
25591.032099581
25591.573128712
25592.527245316
25593.102979379
25593.908746029
25594.896420694
25595.353086099
25596.168994695
25596.920076967
25597.095128787
25598.076432238
25599.690304194
25600.200334472
25600.816854155
25601.666110600
25602.115384378
25603.096668661
25603.768352056
25604.169711920
25604.934661295
25606.124868787
25606.858722753
25607.284206764
25608.282097194
25609.206050872
25609.657388796
25610.762431885
25611.476953449
25612.399922608
25612.615401071
25613.334834594
25614.348543849
25614.720456487
25615.500204782
25616.666428020
25617.305731853
25618.599518762
25619.055421106
25619.886144338
25620.115841030
25620.729090742
25622.059623283
25622.698379025
25623.349230455
25624.064253595
25624.596251690
25625.440413166
25626.702645896
25627.023013084
25628.160986462
25628.905309881
25629.603056679
25630.239644828
25630.941132439
25631.579856291
25632.122718136
25632.942428238
25633.731433840
25635.185181659
25635.484625415
25636.378529353
25636.891036962
25637.857134460
25638.740464417
25639.063964207
25640.172448151
25640.555408828
25641.682057109
25642.132555338
25642.789335288
25643.445533969
25644.438762417
25645.920601496
25646.474401278
25646.603255910
25647.730894691
25648.444945622
25648.813942040
25649.495002400
25650.721349461
25651.243741446
25651.885761715
25652.793475274
25653.863494812
25654.504149646
25655.225887983
25655.686960218
25656.758892360
25657.626164132
25658.402743311
25658.887887088
25659.299320179
25659.958032891
25661.161641217
25661.693760498
25662.967773472
25663.640659498
25664.518432138
25664.936557994
25665.879381006
25666.310744533
25666.984762010
25667.934600003
25668.703671570
25669.445727357
25670.217629681
25670.849846450
25671.624339749
25672.536967166
25673.466461682
25674.519041469
25674.789102823
25675.452725783
25676.146534557
25677.246175723
25677.546028241
25678.280192085
25678.799201526
25680.306842340
25681.082573221
25681.791846613
25682.560119170
25682.897986577
25683.753194790
25684.644725052
25685.459308419
25686.078619031
25686.862874502
25687.442990171
25688.146649073
25688.833183473
25690.074037049
25690.901566250
25691.283304744
25692.620474546
25693.281106396
25693.448787681
25694.251803229
25695.066648498
25695.433122576
25696.808493955
25697.481812262
25698.049252351
25698.952182588
25700.064509842
25700.490782050
25701.241764414
25701.867803805
25702.977558505
25703.451570795
25704.524776174
25704.587255057
25705.662393149
25706.324686392
25706.700695162
25708.413124372
25709.066569763
25709.938709820
25710.316413450
25710.814558736
25711.854366324
25712.462416172
25713.281313395
25713.827765591
25714.816198036
25715.308696946
25716.591702788
25717.263278279
25717.441672295
25718.758288448
25719.570271363
25720.344448544
25720.895676758
25721.754338041
25722.158051150
25722.897361222
25723.568718560
25724.493389467
25725.276233165
25726.554126054
25727.000045462
25727.813202688
25728.660579577
25729.103199094
25729.913783228
25730.227327492
25731.738896623
25732.339752892
25732.815135288
25733.302839971
25734.217409718
25735.319355780
25736.113859117
25737.030637647
25737.589090414
25738.277643862
25739.223582712
25739.734664251
25740.223776049
25740.996774309
25741.757500129
25742.661621226
25743.586366194
25744.668535430
25745.110003857
25745.789219071
25746.483101641
25747.218193099
25748.585356084
25748.724782516
25749.293147445
25750.264446864
25751.014282178
25751.605483122
25752.363503318
25753.215571952
25754.460945738
25755.348274561
25755.713015460
25756.391956590
25757.061545661
25757.546929649
25758.707444635
25759.151351667
25760.010986209
25761.045916139
25761.463219852
25762.346992274
25763.535216864
25763.974627936
25764.526703561
25765.598929473
25766.309810775
25767.002560029
25767.792663878
25768.276102492
25769.013675054
25769.231894685
25770.899161157
25771.846256537
25772.354179869
25773.003606542
25773.976616942
25774.593724267
25775.082594198
25775.799701566
25776.791499155
25777.393820677
25778.254411565
25779.086608822
25779.408721248
25780.723485711
25781.121136626
25782.215012682
25783.211686304
25783.727894319
25784.314647555
25785.108167980
25785.367349953
25786.721133519
25786.922170415
25787.994735286
25788.565397694
25790.118275171
25790.594965722
25791.246722098
25791.674408522
25792.574992948
25793.298837732
25794.291113098
25795.010097446
25795.629318265
25795.987262047
25797.017182041
25797.699680204
25798.588732613
25799.802790242
25800.389760717
25801.059447789
25801.676805445
25802.641253761
25803.252955029
25803.586084559
25804.232896921
25805.441668463
25806.374192088
25806.854775220
25807.884643697
25808.460157330
25809.200759475
25810.351607481
25810.751650876
25811.336648202
25812.450011620
25813.072208576
25813.537532580
25814.484234472
25814.799503825
25815.749649289
25817.035810722
25817.876250074
25818.552198115
25819.347223829
25819.652518146
25820.304877172
25821.308363707
25821.918836921
25822.947384240
25823.569261904
25823.865595882
25825.179273074
25825.945548909
25826.848999203
25827.083406026
25828.190267034
25829.424798160
25829.654818203
25830.361709389
25830.848632724
25831.691079794
25832.515320474
25832.930319260
25834.315684693
25835.199816727
25835.653786760
25836.841185731
25837.109513024
25837.838932312
25838.693398075
25839.307178734
25840.185241690
25840.855968841
25841.887353494
25842.397608022
25842.657414401
25843.800593349
25845.316467908
25845.500695811
25846.474929229
25847.063478226
25847.661032220
25848.522983487
25849.243319819
25849.654915067
25850.466214772
25851.355212337
25852.509475690
25853.147527421
25853.888746782
25854.731317138
25855.211077932
25855.841246040
25857.154271498
25857.563982450
25858.399235154
25858.926067321
25859.429097071
25860.356069642
25861.325663204
25861.979046062
25863.075472113
25863.947457487
25864.539259835
25865.319251349
25865.748708470
25866.373138309
25866.998331488
25868.266477640
25868.983112945
25869.278752279
25870.387836960
25871.178493893
25872.137434203
25872.507318980
25873.609770405
25874.401894489
25874.841017351
25875.676384672
25876.609643766
25877.099174049
25877.447514995
25878.428820472
25879.146177127
25880.770792138
25881.342463590
25881.799252019
25882.199456242
25883.401155955
25883.976670535
25884.606243386
25885.437226812
25886.085505744
25887.088318172
25887.568633643
25888.355453975
25889.329714030
25889.876140658
25891.062976798
25891.701187641
25892.673053562
25892.936385065
25893.802609215
25894.421543594
25894.860373480
25895.898251921
25896.759985704
25897.550000175
25898.349851163
25899.371810878
25900.104729623
25900.710172836
25901.063798317
25901.887197112
25903.145415331
25903.713207305
25904.254645133
25904.926705944
25905.629677977
25906.224398760
25907.576269772
25908.334702648
25909.126892439
25909.792221387
25910.645901147
25911.076147300
25911.668406071
25912.735270163
25913.178351947
25913.746230567
25915.068290807
25915.699954493
25916.695729237
25917.109593430
25917.843355721
25918.857519831
25919.558504647
25920.502013903
25920.972722542
25921.413194534
25922.437596842
25923.246262025
25923.713982498
25924.168467882
25925.961412874
25926.340548618
25927.495666998
25927.722002729
25928.597570392
25929.076984366
25929.867889259
25930.603941067
25931.687570618
25932.252579450
25932.883781652
25933.467852392
25934.730837361
25935.406560558
25936.130280519
25936.966357559
25937.506629584
25938.775241600
25939.125499999
25939.660255871
25940.315018241
25940.881835475
25941.916974003
25943.039042404
25943.631529635
25944.736635738
25945.242623917
25945.755458844
25946.787090937
25947.254886686
25948.061720827
25948.867092903
25949.775116035
25950.177094064
25950.950037561
25951.929435665
25952.376441275
25953.378733785
25954.921967758
25955.043448197
25955.765382790
25956.218115302
25957.207870352
25957.789116851
25958.546859073
25959.252527788
25960.016431775
25960.883685512
25962.204948931
25962.489030574
25963.304468141
25963.850702357
25964.712122007
25965.771761971
25966.137417953
25967.270046343
25967.543836572
25968.323585448
25968.829767170
25969.776446064
25971.040264007
25971.734503127
25972.453374057
25973.134145003
25974.044521653
25974.618209397
25975.126813002
25975.604851662
25976.742377721
25977.612037889
25978.314159641
25979.149584738
25979.442661449
25980.890367897
25981.435180570
25982.047647444
25983.022446587
25983.941405506
25984.163921621
25985.032479620
25985.848123249
25986.291698963
25987.171224771
25987.712057724
25989.295741663
25989.992776983
25990.491871507
25991.367393318
25991.792505525
25992.281117089
25993.569750929
25994.468452049
25994.577343495
25995.445876727
25996.313131988
25997.331963797
25997.602070172
25999.011309553
25999.242172392
26000.761264743
26000.993886500
26001.824369387
26002.419445897
26003.042997498
26003.689509796
26004.446746142
26005.333605334
26006.337570195
26007.192520637
26007.773153898
26008.582005700
26009.558550486
26009.877085352
26010.712234873
26011.378279382
26012.406946877
26013.194078932
26013.670086324
26014.145709727
26014.876713883
26016.033810079
26017.224946742
26017.859945867
26018.309151342
26019.280848320
26019.651681324
26020.672488231
26021.184843671
26021.616869901
26022.948506611
26023.440763474
26024.132471153
26025.520583910
26025.915839328
26026.533684662
26027.147737427
26028.519549950
26028.894793280
26029.905666790
26030.191548711
26030.885568232
26031.606453348
26032.548983758
26033.145790721
26034.116269948
26035.198300221
26036.157870079
26036.503978197
26037.117468555
26037.747087423
26038.635087750
26039.198534023
26040.198746197
26041.128960402
26041.428974217
26042.207730878
26043.245536087
26043.886961614
26044.982932115
26045.715839722
26046.173108154
26047.074009980
26047.862420003
26048.361203870
26049.213453623
26049.738489063
26050.039401511
26051.697558944
26052.712110550
26052.957322374
26053.883462419
26054.539961839
26055.339442575
26055.937439249
26056.722250201
26057.748892213
26058.038269455
26058.997529828
26059.652122410
26060.343968833
26061.118943269
26062.208896317
26063.026797219
26063.772001698
26064.730581580
26065.246143388
26065.452279777
26066.217700588
26067.302181755
26068.039254261
26068.642366937
26069.507714961
26070.423658676
26071.402913334
26072.048508534
26072.573303160
26073.164862233
26074.201750669
26075.230545735
26075.714382277
26076.033134598
26077.198939814
26077.473515064
26078.265756953
26079.466277561
26080.597259736
26081.323802104
26081.493199455
26082.513118397
26083.232030849
26084.005153413
26084.316654383
26085.330963376
26085.947427540
26087.211823704
26087.537459397
26088.450827816
26089.120118077
26089.979028372
26090.939056664
26091.814458375
26092.261961155
26092.784492297
26093.897139900
26094.467851433
26094.756038326
26095.752130665
26096.574321539
26097.565843262
26098.668274703
26099.282024712
26099.890224533
26100.381927356
26101.326977179
26101.652051251
26102.955210237
26103.764670057
26104.041210124
26104.963969958
26105.265952885
26106.850390542
26107.401503572
26107.883927537
26109.201858935
26109.768163295
26110.382947965
26111.227743139
26111.618092064
26112.307695888
26112.933268159
26114.144914776
26114.706305487
26115.849636275
26116.516292619
26117.153947312
26117.928963390
26118.545220863
26119.549896517
26120.110256456
26120.826928844
26121.530391965
26122.489948823
26122.945821286
26123.622103670
26124.204150083
26125.928379000
26126.418359680
26127.166810417
26127.769128497
26128.209306442
26129.234077283
26129.726964667
26130.588760626
26131.263045168
26132.010070639
26133.020657924
26133.700422282
26134.607185744
26135.212744198
26136.266089743
26136.362630223
26137.753352929
26138.472203665
26139.031552418
26139.520455902
26140.043079623
26141.174907261
26141.556745889
26143.097337964
26143.646805280
26144.252030393
26145.427292204
26145.971803042
26146.338749081
26147.011545076
26147.824162580
26148.873722759
26149.682988572
26150.013278575
26150.873962165
26151.787088285
26152.413551233
26153.529228761
26154.281426492
26154.944713524
26155.805991093
26156.182115751
26156.963558975
26157.763058863
26158.502700257
26158.845759176
26159.820572840
26161.186804247
26161.971057273
26162.493197823
26163.097418066
26163.571388866
26164.767272634
26165.536602494
26165.932045572
26166.937810411
26167.547600501
26168.075688492
26169.050778141
26169.693917792
26170.672173566
26171.658741610
26172.423763002
26173.180081412
26173.591763024
26174.511686566
26174.997933899
26175.532369553
26176.364838773
26177.798582407
26178.026372627
26178.675298040
26179.962503991
26180.588900606
26181.286854336
26181.912754912
26182.660254802
26183.576533692
26184.249269689
26185.175907712
26185.617590373
26185.870078534
26186.911043013
26187.975276526
26189.048608353
26189.795647393
26190.512875822
26190.907192610
26191.813453756
26192.293312544
26193.291221314
26193.798573024
26194.818037070
26195.169021139
26196.388929487
26196.999308105
26197.929004489
26198.360787742
26199.270690092
26200.495330231
26201.045177004
26201.477812454
26202.215051960
26202.772406697
26203.791672525
26204.306395500
26204.960239834
26206.117249094
26207.310839720
26207.722458385
26208.298589426
26209.515646329
26209.635439243
26210.155537347
26211.550423881
26212.107691289
26212.796214741
26213.569662682
26214.160000315
26214.669087031
26216.142513538
26216.844198792
26217.659030881
26217.997443430
26219.110850647
26219.846109219
26220.302908400
26220.833621547
26221.529282129
26222.472153467
26223.367558587
26224.494551895
26224.909907284
26225.768652699
26226.455151550
26227.300880136
26227.753707240
26228.878701884
26229.610118247
26229.995621562
26230.736449979
26231.662842875
26232.169931835
26233.019410769
26233.899283346
26235.122345927
26235.981887461
26236.292475480
26236.853764305
26237.639071656
26238.181855585
26239.299950901
26239.792986270
26240.851329110
26241.126287081
26242.267462471
26243.284258688
26243.902181382
26244.247203065
26245.456860064
26246.191063799
26246.782112696
26247.657604699
26248.234463089
26248.880275913
26249.398790491
26250.033468424
26251.593468500
26252.224495996
26253.065098088
26253.609819829
26254.377427884
26255.070141387
26255.898558475
26256.455123193
26256.866329357
26258.515744386
26258.614366159
26259.457480831
26260.040406135
26261.149059572
26261.844090652
26262.893023372
26263.583875879
26264.208720087
26264.971259828
26265.395242491
26266.312341384
26266.831027623
26267.691681553
26268.356738932
26269.464498679
26270.264400082
26271.446309464
26271.762827285
26272.088282437
26272.985951024
26273.910751108
26274.957403068
26275.451680909
26275.994170332
26276.507727394
26277.596149205
26278.272376827
26279.086718707
26280.340929289
26280.727918713
26281.679220470
26282.432484422
26282.924332446
26283.400734602
26284.355319616
26284.854536330
26285.896833773
26286.639595742
26287.697786254
26288.245585508
26288.780211283
26290.037931354
26290.471578829
26291.388009766
26291.888172773
26292.778324278
26293.590714381
26294.091023905
26294.863288552
26295.444007111
26295.977709925
26297.901893383
26298.209495879
26298.858000115
26299.632983699
26300.248415453
26301.084570840
26301.442736682
26302.482783745
26303.410564342
26303.801567021
26304.622869010
26305.492350397
26306.423194526
26307.205450201
26307.655848459
26308.628906994
26309.720032211
26310.310209688
26310.644643368
26311.514114950
26311.946899298
26312.700265216
26314.017261950
26314.273010019
26315.571881928
26316.311046188
26317.164718008
26317.588558206
26318.311306442
26318.889911390
26319.932096797
26320.528599678
26321.426912607
26322.092637666
26322.748162095
26323.169516111
26324.415874964
26325.217764752
26326.290909939
26326.948464780
26327.474396995
26327.807658503
26329.115625559
26329.738209913
26329.948940747
26330.749358726
26331.834590625
26332.812320177
26333.706563075
26334.219092276
26334.940531669
26335.612420527
26336.453054510
26337.402107936
26338.012890915
26338.542225319
26339.438622688
26340.133556073
26340.462266270
26341.548053750
26342.569630660
26343.332108516
26344.288447944
26344.979150879
26345.587336858
26346.348358066
26346.550258848
26347.394110371
26348.603044828
26349.202667882
26350.088768651
26350.291190062
26351.671937581
26352.357401594
26353.164059296
26353.725002654
26354.515460830
26355.490243703
26356.266477758
26356.590746986
26357.287712293
26358.146531062
26358.634721788
26359.469615600
26361.025286998
26361.694038269
26361.967583819
26362.961606027
26363.358987894
26364.572608438
26364.716597309
26365.926368858
26366.397631825
26367.104132239
26368.115552273
26368.799277193
26369.463753378
26370.069381943
26371.499574428
26372.181656697
26372.552571698
26373.521867253
26374.195874444
26374.410551512
26375.500998083
26376.201222864
26376.725008180
26378.061241878
26378.545385343
26379.805541101
26380.131402449
26380.982808966
26381.650425459
26382.086397220
26383.176968821
26384.123246007
26384.765845096
26385.183166602
26385.649246527
26386.648373539
26387.699149100
26388.839379709
26389.092962417
26390.191738013
26390.794881192
26391.527174418
26392.057731708
26392.732033833
26393.398618919
26394.186724407
26395.394269254
26395.768320849
26396.721973918
26397.754897030
26398.137958876
26398.719164579
26400.096914328
26400.612347061
26401.157329660
26401.835074044
26402.579102471
26403.547823903
26403.898035188
26404.528826083
26405.716880302
26406.886049884
26407.678020880
26408.126764606
26408.676448026
26409.210370561
26410.305992565
26410.853060922
26411.753218085
26412.342912124
26413.415338280
26413.600484854
26414.777709931
26415.627248714
26416.450679910
26416.916813156
26418.121719157
26418.548860431
26419.402960046
26420.152635314
26420.524163066
26421.041158095
26421.966119703
26423.152010187
26424.000009787
26424.754236672
26425.253671896
26426.299715167
26427.020651939
26427.355080413
26428.075931842
26429.196732897
26429.857314316
26430.518483451
26431.112227595
26431.996184245
26432.484328788
26433.707588594
26434.583149083
26435.557282668
26435.879039946
26436.644808863
26437.240061842
26438.010884218
26438.540197557
26439.781926588
26440.013813824
26440.770104779
26442.472730921
26442.697888048
26443.303825688
26444.219475917
26444.679215490
26445.742122982
26446.776541920
26447.050542475
26447.769549175
26448.401787098
26449.213386427
26449.903358822
26450.734032315
26451.972801686
26452.812510914
26453.146340909
26454.069489736
26454.856419184
26455.231663370
26456.100842275
26456.416286795
26457.892384412
26458.375506293
26459.133621591
26459.826781775
26460.575522632
26461.790988775
26462.208835849
26463.062756867
26463.865018515
26464.349312026
26465.428591926
26465.832225417
26466.614609249
26466.933167455
26467.895506933
26469.239609569
26469.903803990
26470.855998051
26471.335254390
26472.091115060
26472.358994565
26473.548207096
26474.279222816
26474.991776950
26475.589329921
26476.500139806
26476.860222793
26478.189179129
26478.763461718
26479.357668147
26480.488518216
26481.449222190
26482.082149197
26482.385545905
26482.930429162
26483.988758068
26484.536409589
26485.236172611
26486.342311810
26487.037509021
26487.962163731
26488.777307793
26489.543625383
26489.793732082
26490.857486733
26491.594991428
26492.187139665
26493.293248770
26493.725489366
26494.412188450
26495.009149579
26495.616259042
26497.181808386
26498.024118650
26498.517956336
26498.911639173
26500.158891221
26500.453167149
26501.285423210
26501.924291607
26502.477915198
26503.567707797
26504.385320749
26505.117316524
26506.004797648
26506.682113794
26507.208011763
26508.493975855
26508.693400476
26509.949957120
26510.474146426
26510.963794601
26511.499984600
26512.460675215
26513.339454235
26513.804811563
26515.096587092
26516.041593939
26516.598226404
26517.349054653
26517.873271406
26518.454888493
26519.029670824
26520.474094517
26520.880970406
26521.499433976
26522.141261936
26523.122613572
26524.067589684
26524.602324081
26525.626601446
26526.443465725
26526.924057370
26527.869834576
26528.391411587
26529.247656188
26529.567781653
26530.382450066
26531.082136727
26532.469346152
26533.287573722
26533.993906131
26534.217652891
26535.277930435
26536.081149484
26536.704053408
26537.387042082
26538.222902743
26538.813272964
26539.878692007
26540.425013530
26540.632718192
26542.109674033
26542.794124330
26543.879168179
26544.619786215
26544.940440630
26545.793826491
26546.287511410
26547.176521775
26547.647404078
26548.760944325
26549.460636199
26550.128557267
26551.095494014
26552.207296340
26552.618218983
26553.158541154
26553.735962325
26555.179870046
26555.793944373
26556.012537785
26557.161710087
26557.376209846
26558.121860289
26559.161804198
26560.425857507
26560.767431375
26561.955469405
26562.494971518
26562.996156329
26563.779924532
26564.546620244
26564.989778725
26566.055891927
26566.619773210
26567.671008814
26568.354813449
26568.942547367
26569.837282385
26570.582828319
26571.709062529
26572.235906985
26572.964937812
26573.383778856
26574.345874908
26575.050906703
26575.680794762
26576.157258448
26577.082950121
26578.647953556
26579.053174117
26579.844142353
26580.262684738
26581.262549132
26581.625981258
26582.546332615
26583.405205816
26584.338552612
26584.803763275
26585.114437393
26586.373850715
26587.096692975
26587.968272310
26588.936947245
26589.360125943
26590.411767342
26591.137444719
26591.726274889
26592.247300335
26592.513260485
26593.822621877
26594.640966955
26595.381672507
26596.263440314
26597.120682974
26597.789250987
26598.475830274
26599.146301392
26599.961166940
26600.615417149
26601.601695796
26602.164244585
26602.735432179
26603.444944993
26604.434477048
26604.684613048
26606.497657454
26607.022167461
26607.603865021
26608.330845011
26608.737588171
26609.593193455
26610.620221296
26610.934291391
26611.705990819
26612.654574509
26613.448777221
26614.403899395
26615.142196901
26615.615504827
26616.418555604
26617.437934756
26618.266654052
26618.745070630
26619.421470556
26620.212134795
26620.696050085
26621.402304076
26622.236669106
26623.688513992
26624.014101314
26624.856255352
26625.977837428
26626.274686586
26626.940185300
26627.467606016
26628.423615729
26629.173934414
26630.382957835
26630.609920244
26631.157647869
26632.064982910
26633.339744201
26633.909415444
26634.525669491
26635.704897180
26635.977830979
26636.946365716
26637.346150299
26638.204816301
26638.893873379
26639.299408582
26640.494408465
26641.511189502
26642.490550880
26642.927535070
26643.489599290
26644.259264730
26644.941754761
26646.083058886
26646.695099507
26647.102635219
26647.819372491
26648.943624970
26649.259562020
26650.290390267
26650.906368086
26652.247032195
26652.905250396
26653.588062938
26654.007045940
26654.831937207
26655.533531080
26655.907166499
26657.033447608
26657.914301873
26658.368109465
26659.534092785
26660.193530932
26660.886981704
26661.841785401
26662.436692134
26662.961541166
26663.895310656
26664.942503630
26665.417692467
26665.843267017
26666.673577112
26667.036738453
26668.517303967
26669.418866889
26670.279216132
26670.770720445
26671.208874488
26672.548323528
26672.860072050
26673.156675599
26674.356578125
26675.159512582
26675.826356336
26676.469567145
26677.562898008
26678.177585038
26678.855451339
26679.654727471
26680.798282876
26681.422652035
26681.954286066
26682.602950256
26683.106768092
26684.134564691
26684.691091139
26685.457907312
26686.313914004
26687.560829214
26688.264111908
26689.010671868
26689.279404016
26690.003672324
26690.877859722
26691.745987720
26692.642382894
26692.974921290
26693.952317994
26694.500156815
26695.111358125
26696.400657605
26697.127045219
26697.961620171
26698.563594374
26699.379627849
26700.032037720
26700.731863492
26701.274010726
26702.131374326
26702.310866945
26703.995327837
26704.795605198
26705.053277473
26706.091153205
26706.995400026
26707.375887914
26708.309896798
26709.097545031
26709.691589350
26710.566732167
26711.152112415
26711.890389221
26712.511683788
26713.141816345
26714.394105036
26715.415282957
26715.898348026
26716.971749057
26717.309835147
26717.725654884
26718.511030574
26719.545241286
26720.202097421
26721.021877322
26721.524587198
26722.417659814
26723.765273300
26724.003276369
26724.734440048
26725.432622410
26726.690640992
26727.054000010
26728.026019921
26728.522566135
26728.873611421
26729.815186664
26730.611425076
26731.309328679
26732.929202554
26733.076800483
26734.001636899
26734.576104323
26735.378437030
26736.159427330
26736.644810955
26737.265726008
26738.479058181
26739.074729764
26739.721716880
26740.424497579
26741.204086496
26742.013360743
26743.377282485
26743.825952486
26744.259600678
26745.108702437
26745.924350502
26746.576116346
26747.120325998
26747.664039419
26748.822065091
26749.405867896
26750.889683401
26751.162787936
26752.015770217
26752.677041936
26753.160907009
26754.052664833
26755.035999246
26755.788867564
26756.333093614
26756.827528436
26757.523475523
26758.585200338
26759.395253896
26760.241869655
26760.978377199
26762.096130317
26762.648424440
26762.978810228
26763.892395638
26764.284525376
26765.133110198
26766.209607311
26766.750892226
26767.686047385
26768.427079514
26769.295978451
26769.930580347
26770.900060504
26771.205703809
26772.485590693
26773.029007394
26773.314741327
26774.613611422
26775.075678927
26775.702765915
26775.947025437
26777.683524579
26778.796968574
26778.980084599
26779.757314054
26780.454540290
26781.048791431
26781.987570120
26782.559959292
26783.327553066
26784.034337273
26784.890452664
26785.814288472
26786.211864562
26787.317331365
26788.087705950
26788.628131498
26789.731817126
26790.501340461
26791.093679815
26791.385531300
26792.411848358
26792.752508940
26793.773895524
26794.726921633
26795.537462588
26796.340598315
26797.361378385
26797.806149163
26798.610189532
26799.007160602
26799.670494930
26800.993511556
26801.544501268
26802.163608169
26802.766746184
26803.387513512
26804.501444791
26805.208126038
26806.328470067
26807.056256325
26807.580784169
26808.192919369
26809.138400101
26809.601090725
26810.316666741
26811.003936014
26811.710685911
26812.761232760
26813.745902174
26814.718376763
26814.918777137
26815.432414673
26816.742990709
26817.462935358
26817.995583135
26818.729430304
26819.524768322
26820.155947135
26820.730043119
26821.734885648
26822.141576277
26823.506800407
26824.558729863
26824.872429952
26825.625368164
26826.443386378
26826.843855733
26827.569901947
26828.270398748
26829.435428001
26830.036946714
26830.705411599
26831.221478503
26832.690890020
26833.154524241
26833.708676975
26834.744267368
26835.220244065
26836.350579238
26836.971470249
26837.487702206
26837.834204501
26838.903191310
26839.339340848
26840.901892200
26841.497529208
26842.245976248
26843.029897948
26843.625795952
26844.296453562
26844.842230710
26846.083806760
26846.347033766
26847.167054285
26848.104297373
26848.751736231
26849.507336708
26850.193464051
26851.106678290
26852.158352234
26852.924518301
26853.700658703
26853.830170329
26854.629444480
26855.490900957
26856.374047563
26856.781933044
26857.475115794
26858.927109504
26859.469328413
26860.326476962
26861.047933636
26861.530652234
26862.215829946
26863.087026557
26864.130136832
26864.575898707
26865.315807754
26865.976022928
26866.522720869
26867.275080695
26868.819331821
26869.201453052
26870.066727974
26870.715778013
26871.578760878
26872.294920580
26872.749019430
26873.261746290
26874.023778513
26875.361287624
26875.767184706
26876.590006608
26877.629878269
26877.979232908
26879.262080183
26879.446733829
26880.589515643
26881.273128949
26881.912451799
26882.572858821
26883.424012755
26883.767428649
26884.773109168
26885.334781562
26886.452768477
26887.850957076
26888.162207114
26888.692836250
26889.190702662
26890.105999116
26890.877537405
26891.527072412
26892.702854217
26892.903640342
26893.561297981
26894.813325241
26895.494753122
26896.156306951
26896.888397045
26897.951007746
26898.687906692
26899.279603188
26899.847883159
26900.810878484
26901.210657800
26901.596965568
26902.810350029
26903.784526567
26904.645363100
26905.450097670
26905.904459663
26906.869777387
26907.582386712
26908.090935446
26908.736167357
26909.700532621
26910.595918263
26911.251409596
26911.725885781
26912.312871467
26913.301907273
26914.618824423
26915.111454902
26915.969682599
26916.531950351
26917.477289389
26917.645419131
26918.617018141
26919.383728096
26919.886346097
26920.901180096
26921.607879374
26922.879996553
26923.222460881
26924.313391951
26924.568055582
26925.178575411
26926.663023693
26927.106649018
26927.850657500
26928.123093566
26928.955875974
26930.100075458
26930.293946649
26931.410932573
26932.672086323
26933.073550008
26934.056113562
26934.739714761
26935.184251419
26935.665888071
26936.619056864
26937.500345380
26938.017179964
26939.235812357
26939.576851004
26940.365673351
26941.351511367
26942.064530270
26943.017727995
26943.705283079
26944.094217568
26945.263201207
26945.668563495
26946.682974573
26946.888324095
26947.597056922
26948.395473228
26949.992277980
26950.592787379
26951.063786769
26951.851519982
26952.601141324
26953.156106389
26954.083877627
26954.602086841
26955.583011243
26956.304001392
26956.827494237
26957.516689481
26958.660648459
26959.341566629
26959.846254193
26961.312120897
26961.681291324
26962.445023909
26963.109992906
26963.663826235
26964.078041942
26965.184120288
26965.952138711
26966.831480654
26967.315688423
26968.762762874
26969.276170373
26969.857361887
26970.341265889
26971.392611841
26971.961532080
26973.053810765
26973.491982599
26974.308453048
26974.839483337
26975.388653736
26976.418354474
26977.468555163
26978.556455206
26979.022632623
26979.595467634
26980.209432121
26981.220198725
26981.916605102
26982.144361166
26983.051754102
26983.965043891
26984.968445855
26985.662935397
26986.362048727
26987.002204004
26987.929160866
26988.679945789
26989.562110091
26990.106920159
26991.040727417
26991.227168811
26992.332273142
26992.942517763
26993.325628674
26994.566588121
26995.649736426
26996.230913902
26997.282538453
26997.667839337
26998.324802741
26998.931808664
26999.443071688
27000.946937554
27001.452984328
27001.699072952
27002.769841332
27003.402849378
27004.439701637
27005.503988039
27005.690447609
27006.630126375
27007.760502824
27008.304709058
27008.714235577
27009.434436572
27010.158096393
27010.812174602
27011.561057490
27012.810818989
27013.680694563
27014.338964986
27014.778265937
27015.695180846
27016.436418717
27017.016043922
27018.042206549
27018.442817900
27019.294947639
27020.091697369
27020.933715832
27021.258804657
27022.081968896
27023.524592609
27024.199412441
27024.953329894
27025.400098606
27025.950324724
27026.941899476
27027.527984214
27028.029556429
27029.065432961
27029.789421321
27030.585541807
27031.571647730
27032.368582663
27033.077761295
27033.408559679
27034.449612079
27035.189790133
27036.061041108
27036.874059502
27037.268532337
27037.780887881
27038.394394760
27039.732348059
27040.422044460
27041.460481079
27042.013704651
27042.923121337
27043.629016521
27043.959229338
27044.918818155
27045.272622981
27046.275918524
27047.334964361
27047.976909645
27048.238171217
27049.675959250
27050.097052126
27050.860386347
27051.876117664
27052.836913054
27053.209908495
27053.653089415
27054.879465809
27055.156200097
27056.001474630
27056.757741941
27057.138361103
27058.864442847
27059.528060472
27060.122793083
27060.709324326
27061.297103085
27062.020688062
27063.092781080
27063.698391143
27064.256918115
27065.219754652
27065.710443824
27066.511702308
27067.399118288
27068.183388667
27069.219323191
27069.808694694
27070.557147995
27071.556678953
27071.998522442
27072.325167328
27073.198563022
27073.863303020
27074.875094352
27075.775485836
27076.662185816
27077.043266366
27078.177621247
27078.972102028
27079.550408187
27079.775830602
27081.118939944
27081.787450834
27082.563818030
27082.947795912
27083.832999194
27084.316648328
27085.216382959
27086.611950741
27087.244915854
27087.897176570
27088.562646386
27089.280276988
27089.735581778
27090.592879307
27091.409482207
27092.127151742
27092.662814729
27093.648793752
27094.795279426
27095.289575206
27095.871102006
27096.629084736
27097.593321930
27098.648515943
27099.003437215
27099.622645095
27100.284648419
27101.060603642
27101.846434565
27102.281925208
27103.563908747
27104.364025744
27105.491688443
27105.817938001
27106.394111529
27107.398947576
27107.864946088
27108.366803481
27109.440656353
27110.511415435
27110.845716275
27111.567611374
27112.100633455
27113.426170479
27114.105060670
27114.951012684
27115.570951818
27116.405570701
27116.907039098
27118.064106421
27118.228478407
27119.106845060
27119.261849366
27120.898082286
27121.456415126
27122.513581423
27123.307417925
27123.767702552
27124.322703371
27125.290045058
27125.995170649
27126.833717903
27127.545561281
27128.071893439
27128.746729005
27129.829643409
27130.121276614
27131.385661175
27131.864153133
27133.425256101
27133.700143573
27134.248132816
27135.050113212
27135.362847575
27136.409548133
27137.117971196
27137.933636385
27138.573096359
27139.516160906
27140.414123245
27141.263310320
27141.665670670
27142.641327227
27143.137134854
27144.145751498
27144.909087917
27145.519161454
27146.164405551
27146.800825391
27147.402349706
27148.085311770
27149.900036336
27150.252368287
27150.715399321
27151.558678716
27152.514244203
27153.042314518
27153.539984436
27154.280877745
27155.192105904
27155.953495149
27156.800505494
27157.543785175
27158.049216745
27159.136103795
27159.795356623
27160.771038760
27161.412430050
27162.137682349
27162.956587494
27163.318413655
27163.869998985
27165.073190018
27165.467035617
27166.243856361
27167.530619607
27168.359105037
27168.976889886
27169.834740780
27170.093557747
27170.618359534
27171.946254229
27172.582598845
27173.443578158
27173.762719600
27174.494278998
27175.339084320
27176.481763494
27176.876406421
27178.027870185
27178.858623371
27179.342989502
27180.161842113
27180.765257756
27181.437080147
27182.120652512
27182.520593146
27183.736105509
27184.636097789
27185.611216331
27185.892289458
27187.114096564
27187.297709777
27188.478395576
27189.135144643
27189.847372384
27190.223267514
27191.668962376
27191.913148917
27192.433386366
27193.158432428
27194.144029508
27195.432326980
27196.055144691
27196.882188412
27197.330576958
27197.907677989
27198.747663720
27199.447103993
27200.028397169
27201.054327860
27201.928557551
27202.124049101
27203.361393561
27204.401050622
27204.854288083
27205.367758381
27206.267738473
27207.497057084
27207.902227557
27208.658957800
27208.912672147
27209.945184251
27210.316233050
27211.506681515
27212.293952084
27213.307076984
27214.089023168
27214.639304722
27215.617535255
27215.807045234
27216.697090334
27217.378942736
27218.348878992
27219.073771571
27219.615771182
27220.602773140
27221.166172672
27221.748522472
27223.155394122
27223.880624402
27224.348383748
27225.373668278
27225.540659981
27226.571756441
27227.288543581
27227.857032312
27228.423204360
27229.245887339
27230.627079127
27231.486508680
27231.839012108
27232.450371042
27233.421462627
27234.107793352
27234.564685301
27236.003755012
27236.251697462
27236.753204681
27237.724912574
27238.283376312
27239.164018139
27240.117608782
27241.102785455
27241.628241723
27242.613697541
27243.459372885
27243.615048510
27244.462349947
27244.828141993
27245.922706710
27247.071898643
27247.354114800
27248.151106084
27249.232336368
27249.998976916
27250.677590057
27251.239075373
27252.118717408
27252.945281508
27253.660200452
27254.300150476
27254.969488916
27255.661999587
27256.133602518
27257.022593123
27258.395612387
27259.150174189
27260.092670799
27260.170357249
27260.844177719
27261.893873542
27262.528416353
27263.378508805
27263.687448842
27264.743551298
27265.783273589
27266.006650533
27267.261240382
27267.776818123
27268.411202389
27269.747932512
27270.480101443
27270.620744091
27271.607935383
27272.261982479
27272.836303581
27273.571401348
27274.224315538
27275.446138748
27276.195676586
27276.933578932
27277.932405602
27278.520991852
27278.925607038
27279.660332515
27280.414378604
27281.483782386
27282.139046161
27282.971241880
27283.176611333
27283.838434060
27285.271917982
27285.884450364
27286.884640250
27287.402969358
27288.234575757
27288.951623296
27289.694870649
27290.035688874
27290.741726497
27291.855092089
27292.135481922
27293.499197012
27294.268609208
27294.986719776
27295.599733896
27296.262711329
27297.044434651
27298.151355396
27298.536827970
27299.440017985
27299.807720363
27300.623473131
27301.679071292
27302.043942832
27302.645439856
27304.224156179
27305.086792641
27305.425607947
27306.080264553
27306.918843594
27307.420433745
27307.979439974
27309.244673657
27309.596225992
27310.617923078
27311.061206886
27312.292727780
27312.694563176
27313.823204908
27314.399972090
27315.067251462
27315.873593983
27316.846136709
27317.405560335
27318.050600401
27318.429097231
27319.121033884
27320.118946594
27321.400384301
27322.073534948
27322.633757215
27323.475197737
27324.245718451
27324.737708889
27325.754324981
27325.817937909
27327.271470564
27327.738944515
27328.495585092
27329.178423439
27329.937604556
27330.824424900
27331.624027442
27332.520915390
27333.674572102
27333.850067414
27334.420617527
27335.074653931
27336.176464886
27336.576639753
27337.241781214
27338.292428846
27338.926745395
27340.332981978
27340.966550121
27341.136774442
27342.022064299
27342.592934680
27343.985992497
27344.247160001
27345.031863225
27345.807820613
27346.352464660
27347.071686780
27347.776307765
27349.113910912
27349.721485968
27350.505046104
27351.375336480
27351.870564222
27352.509081860
27353.412901031
27353.867102785
27354.246958942
27355.702004435
27356.491792616
27356.899916272
27357.908663370
27358.492677415
27359.706355946
27359.980298576
27360.935049865
27361.574208821
27362.459435081
27363.015069189
27363.802192078
27364.322105363
27364.945605268
27365.797483435
27367.080982949
27368.126406246
27368.327318654
27369.297269823
27369.791314254
27370.388339470
27371.101397678
27372.222476809
27372.809625182
27373.494028170
27373.909610822
27375.164827904
27376.035261545
27376.446460295
27377.250463249
27378.376346838
27378.946406901
27379.964280989
27380.231276108
27380.891972328
27381.428860055
27382.449422362
27383.127482923
27383.878512341
27385.231939387
27385.806924237
27386.224667358
27387.326940617
27387.820979436
27388.456161265
27389.211614061
27390.032752666
27390.903633964
27391.677485490
27392.035520774
27392.776170122
27393.553507583
27394.803534678
27395.853681197
27396.251608793
27396.621528875
27397.689804480
27398.466031868
27398.850387767
27399.570770876
27400.317583871
27401.078685494
27402.330752859
27402.737407918
27403.840961776
27404.459527285
27404.943970075
27405.684127927
27406.792495477
27407.518607589
27408.035731039
27408.691828298
27409.390519934
27409.968198837
27410.886417381
27411.892648531
27412.514081838
27413.701331647
27414.340162042
27415.161446534
27415.428593613
27415.916313580
27416.996777955
27417.643379735
27418.666573038
27419.160451629
27420.052362598
27420.553197256
27421.799952539
27422.542287804
27422.800763301
27424.247148183
27424.522187863
27425.365104689
27426.000328455
27426.827229259
27427.510570695
27427.840149993
27428.517994199
27430.223043311
27430.809818448
27431.511128954
27432.202194246
27432.555430646
27433.784452890
27434.201935946
27434.913435910
27435.834074430
27436.355557617
27437.368000288
27437.900263698
27438.624882251
27439.451307603
27440.466484585
27441.267589335
27442.036219633
27442.751523786
27443.375737612
27443.854517893
27444.588747528
27445.186385565
27446.304208998
27446.943420785
27447.664181627
27448.783389569
27449.642569869
27450.052861897
27450.875838146
27451.404156171
27452.059087296
27453.475566608
27453.939082667
27454.346269217
27454.825452956
27456.020919644
27456.401236572
27457.671159043
27458.615748627
27459.288260033
27459.898998832
27460.598664378
27461.276122836
27462.092670921
27462.459054700
27463.255290346
27464.366464807
27464.748040398
27466.098667538
27466.574554824
27467.244747667
27467.852749897
27469.167372578
27469.590621214
27470.429753608
27470.982364607
27471.627628456
27472.581540016
27473.054560065
27473.779099389
27474.339765818
27475.838372015
27476.596360399
27477.306908370
27477.882841074
27478.516272391
27479.124422140
27479.878032144
27480.686007141
27481.588531577
27482.288705313
27482.978518732
27483.290543884
27484.662528104
27485.466957187
27486.143740827
27486.616732324
27487.890098152
27488.452494759
27489.039255015
27489.693426411
27490.328604732
27490.743606304
27491.838130344
27492.859793438
27493.782434089
27494.213628225
27495.308621545
27496.080448958
27496.188225829
27497.172998394
27498.225229606
27498.672059954
27499.315654387
27500.452665622
27500.790619084
27501.481545732
27502.328374050
27503.228793311
27504.504530995
27505.110853575
27505.546641647
27506.273769226
27506.776610541
27507.665140102
27508.612699786
27508.868460274
27509.754150053
27510.716697632
27511.755829538
27512.436393639
27512.970907936
27513.906384196
27514.254203514
27515.466076744
27516.155092836
27516.694280688
27517.676779666
27517.976385126
27518.499142869
27519.605900615
27520.365495633
27521.735181725
27522.066688477
27522.823177953
27523.662241433
27524.553472799
27524.990912382
27525.117588725
27526.292745092
27527.543446592
27527.821227938
27528.655506819
27529.260902900
27530.453373997
27530.880930327
27531.991646124
27532.621346784
27533.255337270
27534.137301804
27534.734510871
27535.441085112
27535.876497705
27536.847169012
27537.367953957
27538.342702689
27539.843282379
27540.200125569
27540.887798425
27541.240777340
27542.209595732
27542.865392364
27543.861457290
27544.504822223
27545.073912146
27545.731715720
27546.608775183
27547.563637281
27547.992413776
27549.030983796
27549.922655121
27550.906845765
27551.294476520
27551.939465274
27552.709845504
27553.162691863
27554.145444829
27554.455261195
27555.925864033
27556.397293674
27557.288406573
27558.099881849
27558.871136596
27559.568330258
27560.146089303
27560.843552584
27561.717626444
27562.753981597
27562.993531328
27563.992804642
27564.417918120
27564.766589501
27566.665313055
27567.113791886
27567.799043924
27568.824204457
27569.180929175
27569.837800330
27570.697359146
27571.243327922
27572.028988205
27572.748814400
27573.739152079
27574.323811057
27575.358081699
27576.123326314
27576.597035362
27577.313111243
27578.415037625
27579.335438582
27579.815672286
27580.090511113
27580.917504370
27581.927601248
27582.439363892
27583.088960139
27584.300080831
27585.173666607
27586.144048410
27586.541485698
27587.118510349
27587.795449587
27588.525447302
27589.306667569
27590.295451920
27590.941435225
27591.408086786
27592.372579904
27592.942180474
27594.028194676
27594.846128161
27595.667081814
27596.380279944
27596.681542760
27598.051980142
27598.462500203
27598.745383673
27599.659136021
27600.198330830
27601.464338127
27602.454628153
27603.229868281
27603.547557422
27604.418952137
27605.307801431
27605.886103771
27606.567927067
27607.372688954
27608.373657711
27608.662990224
27609.473044085
27610.118878158
27611.299537599
27611.558555319
27613.098331059
27613.626035795
27614.491067976
27614.791114730
27615.751286382
27615.997326951
27616.856948598
27617.986152791
27618.636356932
27618.995728585
27620.211981654
27621.147142167
27621.852072030
27622.477641416
27622.759689080
27624.150166651
27624.748364723
27625.420962045
27626.211729216
27626.603839928
27627.394966104
27627.973507141
27629.000252011
27630.235611323
27631.116415075
27631.233409251
27632.258029751
27632.950049252
27633.544078665
27634.267526525
27635.011288788
27635.512321343
27636.748923719
27637.529539431
27637.882557643
27638.677270311
27639.744375199
27640.488299743
27641.286781399
27642.127815585
27642.640455501
27643.182024420
27644.116494619
27644.771276473
27645.269186927
27645.953292982
27647.113261723
27648.229613011
27648.659929361
27649.729832306
27650.168382502
27650.756883124
27651.181328710
27652.559568375
27653.168729018
27653.876004606
27654.359287700
27655.035100087
27655.928443131
27656.973408491
27657.649088125
27658.416676699
27659.246332521
27660.292001291
27660.680498644
27661.035436288
27662.033282069
27662.438087992
27663.338792237
27664.360895650
27664.985604203
27666.063395713
27666.769501735
27667.236976202
27668.093969518
27669.016812586
27669.522709679
27670.271655012
27671.188860718
27671.640270883
27672.633151106
27673.092119287
27673.635552178
27674.556696737
27676.198410284
27676.570000772
27677.237806080
27677.683880994
27678.498660785
27679.365009049
27680.003861361
27680.374867519
27681.632948474
27682.239527282
27682.757543765
27684.099306641
27684.671965644
27685.091069713
27686.257462401
27686.730146358
27687.758666166
27688.483874716
27689.111293666
27689.642416832
27690.033660463
27691.031829720
27691.914927434
27692.972170136
27693.537711147
27694.615171020
27695.329115090
27695.716358273
27696.704537775
27696.883492115
27697.799248185
27699.028756241
27699.437447581
27700.207275898
27700.755166735
27701.609915228
27702.620344989
27703.270919321
27704.389260214
27704.913468991
27705.584950533
27706.395771119
27706.673921806
27707.958509774
27708.211606673
27708.836763161
27709.686188603
27711.212063172
27711.651637091
27712.434239061
27713.014236025
27713.606776071
27714.449949030
27715.450516850
27716.217001088
27716.401183673
27717.401356279
27718.206721414
27718.849289463
27719.317462992
27720.633621048
27721.441365351
27722.189176956
27723.014353220
27723.617229472
27724.222050817
27724.901550554
27725.195655388
27726.546524099
27726.975734785
27728.169908136
27728.608093658
27729.289982433
27730.649606621
27731.075956396
27731.645640163
27732.332603371
27733.435094735
27734.017559843
27734.890811488
27735.294878853
27735.823609847
27736.622666870
27737.467582367
27738.757581990
27739.502456560
27740.331537111
27740.545541687
27741.580235867
27742.091668142
27742.818229848
27743.603121103
27744.480603853
27744.912498601
27745.889590487
27746.707408787
27747.524314121
27748.152847236
27748.708349686
27750.186892140
27750.811632551
27751.019923616
27751.870977660
27752.666816869
27753.188654512
27753.893569822
27754.872948530
27755.315792923
27756.660438068
27757.588851953
27758.027397205
27758.712963141
27759.346434512
27760.249001630
27760.607275988
27761.712263400
27762.622677829
27763.242059001
27763.448545482
27764.326911927
27765.323903855
27766.485859620
27766.963400147
27768.039200599
27768.247235714
27769.384350302
27769.967219813
27770.600748054
27771.000384444
27771.703190689
27772.936598396
27773.707845289
27774.365525501
27775.469952810
27775.794720624
27776.707997661
27777.376595103
27778.114338444
27779.271079785
27779.436361975
27780.262581318
27780.974777999
27781.742363367
27782.500662256
27782.922069436
27784.442665020
27785.085462186
27786.085209981
27786.550683594
27786.986446105
27787.451559995
27788.658555546
27789.269580189
27790.040009554
27790.710121383
27791.404257951
27792.512090444
27793.116117066
27793.918332309
27794.709947158
27795.262615129
27796.312851738
27797.103606782
27797.590690290
27798.097713619
27799.005125595
27799.674753906
27799.885030541
27801.712684840
27802.299644953
27802.981800800
27803.529474674
27804.651626844
27805.073899064
27805.675745150
27806.422148159
27807.150734997
27808.193382867
27808.921459265
27809.254481329
27810.178552980
27810.863331249
27812.012404806
27812.864469649
27813.405102697
27814.291272582
27814.859008957
27815.379260917
27816.233577027
27816.787278573
27817.565012480
27818.458666281
27819.090523252
27820.394984636
27821.156305176
27821.654885636
27822.102822257
27822.862943609
27823.852604881
27824.778342011
27825.334429039
27825.874558999
27826.602815578
27827.107897594
27828.385336604
27828.840935044
27829.826870574
27831.061636907
27831.427961244
27831.960000972
27832.978657592
27833.340571116
27834.080498996
27834.635253912
27835.686158283
27836.669816565
27837.079128326
27838.137522483
27838.699758903
27839.615857304
27840.282196058
27841.285789524
27841.753997496
27842.300980125
27843.418930520
27844.051082351
27844.624689357
27844.943857224
27845.858756727
27847.116147714
27848.273028626
27848.757041517
27849.066752583
27850.281635854
27850.481517201
27851.395395841
27852.046052595
27853.204004385
27853.391320327
27854.429514307
27855.049657238
27855.893811070
27857.103286718
27857.252263875
27858.133534089
27859.373556671
27859.921031995
27860.578958326
27861.084867900
27861.511543046
27862.492687805
27863.394449352
27863.885734190
27865.150276236
27865.794159489
27866.680143820
27867.432055619
27867.971808858
27868.462613978
27869.249220151
27870.466803521
27870.868838095
27871.471459112
27872.538732365
27872.939815323
27873.458384590
27874.724602877
27875.992901652
27876.205087900
27877.118478015
27877.584689530
27878.493026193
27879.060694744
27879.882085566
27880.341208323
27881.006051476
27882.157252121
27883.205464214
27883.778125297
27884.303808215
27885.285565330
27885.757246899
27886.933999656
27887.288436335
27888.292063393
27888.961306877
27889.297050818
27890.240247169
27890.889284881
27891.593472943
27892.885126442
27893.424205549
27894.553846298
27895.110913842
27895.626320515
27896.239180778
27896.995982306
27897.428891806
27898.822089913
27899.460589049
27899.885879173
27900.467668330
27901.959609302
27902.438975492
27902.990867639
27904.003115478
27904.669022584
27905.542763080
27906.127260552
27906.879740434
27907.359263742
27908.068977930
27908.634032271
27909.765531284
27910.854004945
27911.716770235
27912.201384417
27912.956823582
27913.210989896
27914.694871103
27914.940374255
27915.548962621
27916.574918824
27917.243872228
27917.987725726
27918.734241085
27919.409167766
27920.140825374
27921.375672837
27922.177404345
27922.663478545
27923.459649294
27923.769408409
27924.870414984
27925.240671663
27926.054218780
27926.810798018
27927.833260546
27928.560361693
27929.535985205
27930.177040065
27930.992983374
27931.421404920
27931.987930042
27933.159362441
27934.082570452
27934.429179976
27935.158923844
27935.637185707
27936.411400843
27937.476030383
27938.622039894
27939.154470409
27939.773649203
27940.849484414
27941.353495273
27942.077282336
27942.238082432
27943.401162235
27944.075020394
27944.893263055
27945.728640521
27946.683289337
27947.140852633
27947.998162369
27948.860766830
27949.444296653
27950.556526830
27951.155632234
27951.487674632
27952.294458276
27953.364041896
27953.600863588
27954.553473959
27954.965184757
27956.874507770
27957.196964110
27957.808340325
27958.509005082
27959.148156215
27959.763659490
27960.609917967
27961.590504816
27962.016430299
27962.817491308
27963.702094392
27964.114177587
27965.429990809
27965.876900898
27966.799456882
27967.581726336
27968.360675310
27968.998508029
27969.852651674
27970.339484510
27970.726342938
27971.419627996
27972.725403378
27973.519846333
27974.189167508
27975.247865646
27975.579094413
27976.712300676
27977.098367858
27977.654545026
27978.755715353
27979.228305874
27980.460904354
27980.767408332
27981.209056742
27982.159586536
27983.136309996
27983.892621904
27985.102435853
27985.683690589
27986.274606878
27986.586468526
27987.624228923
27988.271297537
27988.930110865
27989.676440124
27990.454414463
27991.238186140
27992.426412925
27993.170297584
27993.627536880
27993.986707206
27995.246523646
27996.061824006
27996.752952254
27997.293523932
27997.901071896
27998.670668052
27999.442546646
27999.906733145
28001.146102242
28002.190673305
28002.697060121
28003.586920773
28004.140764479
28004.925965804
28005.401315429
28006.040289583
28006.843359328
28007.943679563
28008.627769064
28009.115408349
28009.918367675
28010.737429069
28011.852293461
28012.513968509
28012.983079715
28013.827291032
28014.829108082
28015.290357904
28015.789470103
28016.626198565
28017.318073266
28017.731485976
28019.548013732
28019.798170050
28020.856033520
28021.350923731
28021.987695049
28022.701054444
28023.333752265
28024.430997128
28025.065838902
28025.731842460
28025.999930576
28027.434826927
28027.835096590
28028.642231820
28029.535745576
28030.493134414
28031.369655835
28031.899715298
28032.616499362
28032.863982646
28033.726295766
28034.669941540
28035.249951560
28036.092711901
28037.048546675
28037.853607838
28038.792839908
28039.166175937
28039.990392628
28040.723351053
28041.425001698
28042.190769328
28043.111638252
28043.754534691
28044.217899070
28044.879114666
28045.478026661
28046.978417236
28047.786134271
28048.466795837
28048.941233146
28049.655253878
28050.568733810
28051.165701554
28051.828854363
28052.119764122
28053.571185985
28054.054941095
28054.964974956
28055.598935465
28056.724601281
28057.036296442
28057.783555700
28059.140978722
28059.470812958
28060.053645837
28060.981040711
28061.417514281
28062.100302556
28062.899243890
28063.835432472
28064.526933427
28065.708975980
28066.593097350
28067.106858769
28067.437988446
28068.326794144
28068.745215784
28070.124350484
28070.510913318
28071.365501836
28071.944858049
28072.574303683
28073.627844044
28074.542099686
28075.048162484
28076.083321147
28076.827255349
28077.426423326
28078.056353376
28078.921064315
28079.458639325
28079.886670197
28080.761469912
28081.724310937
28083.165233077
28083.485807335
28083.838799610
28084.926313721
28085.852235723
28086.070975412
28087.187931211
28087.682062919
28088.580337863
28089.184094399
28090.122871070
28090.531211227
28091.146434267
28092.387196407
28093.515033598
28093.978159124
28094.600295250
28095.521147075
28096.081919376
28096.321904947
28097.385004322
28098.163386545
28099.208649740
28099.314020099
28100.592816877
28101.496823567
28102.159930402
28102.871400706
28103.395314812
28104.080753853
28105.473802880
28105.958169325
28106.241078795
28107.117025091
28107.552126810
28108.595219828
28109.292889101
28110.497396137
28111.302474606
28111.811880138
28112.782184931
28113.144044664
28113.909285687
28114.633990444
28115.237223812
28116.085143084
28117.053945829
28117.636419961
28118.336468570
28119.412444377
28119.618284197
28120.909405423
28121.822009622
28122.332801001
28122.898674187
28123.596957963
28124.403121404
28125.281744457
28125.663707977
28126.051018834
28127.459553524
28128.450720665
28129.199716341
28130.008901397
28130.340698092
28130.933633008
28132.006054085
28132.573145887
28133.379059920
28134.311942077
28134.812068738
28135.329500452
28136.070777525
28137.423695698
28137.822307126
28138.761181063
28139.524900382
28140.500553009
28141.058173817
28141.541082796
28142.099943036
28142.916004821
28143.457160244
28144.811920752
28145.329783993
28145.992678531
28147.116016081
28147.858070586
28148.274691222
28149.094002128
28149.840702526
28150.692634621
28151.388280110
28152.050303120
28152.721914558
28153.429748652
28154.059022357
28154.680654833
28156.314831602
28156.873177732
28157.634534619
28158.028060225
28158.667921651
28159.628506741
28160.125627067
28160.992395493
28161.792424135
28162.107732452
28163.471308717
28164.119895380
28164.861340491
28165.466539208
28166.299717564
28167.267917936
28167.830139155
28168.853905565
28169.185579766
28169.966109374
28170.384715479
28171.361810636
28171.947365156
28173.003842100
28174.193953403
28174.568348957
28175.342354128
28176.356170083
28176.805007368
28177.271909805
28177.793570333
28179.283974717
28179.770743051
28180.359767609
28181.082496880
28181.657503732
28182.752630542
28183.872636302
28184.109710152
28185.314173306
28185.793246042
28186.428419831
28187.495406927
28187.689005562
28188.321620911
28189.366709629
28189.820767792
28191.002311025
28192.171610284
28192.527168267
28193.341943868
28193.757370237
28194.570033716
28195.673988696
28196.241537641
28196.997166108
28197.277373460
28198.619013933
28198.815015605
28199.723116127
28200.567174774
28201.433565153
28202.624600546
28203.254294375
28203.804619475
28204.113152540
28205.168985905
28205.751059641
28206.298251509
28207.310778341
28208.169877894
28208.854407447
28209.493202471
28210.625228290
28211.289606192
28211.900967200
28212.485930074
28213.589460498
28214.044864039
28215.038266248
28215.670823677
28216.197316473
28216.484205879
28217.487758087
28218.978371259
28219.546035421
28220.187159757
28221.093607131
28221.592582577
28222.386157855
28222.924124419
28223.709830079
28224.368055498
28225.391177403
28225.978889629
28226.621547545
28227.711136956
28228.209584601
28229.017717832
28229.913055762
28230.929386076
28231.433634765
28232.209586888
28232.534557052
28233.221056575
28234.286092868
28234.913674599
28235.329542911
28236.514607832
28237.723199552
28238.339516753
28238.743399718
28239.611773967
28240.012667572
28240.937128527
28241.792031608
28242.796836712
28243.015203682
28243.810453567
28244.465183627
28245.512452349
28245.956097542
28247.650545956
28247.787636896
28248.343750932
28249.536371248
28250.039309175
28250.706602369
28251.261388301
28251.781403025
28252.691120540
28253.881214432
28254.465521823
28255.440218836
28255.828478340
28256.779142757
28257.589917874
28258.278333470
28258.804343926
28259.797177193
28260.466326451
28261.185326030
28261.584251631
28262.620415767
28262.943970472
28264.211109467
28265.208502606
28266.179365824
28266.402438332
28267.386028056
28267.672037166
28268.325112018
28269.467978921
28270.006631426
28270.848641653
28271.553362064
28272.047352222
28273.564594104
28273.856050181
28274.718551062
28275.080888787
28276.459101105
28277.184743987
28277.588478142
28278.176940896
28279.102016718
28279.550473072
28280.151577182
28281.243607612
28282.338833824
28283.019127611
28283.857348573
28284.355443829
28285.184960937
28285.740518195
28286.547609904
28287.154033709
28287.918662761
28288.892601544
28289.839967996
28289.948310461
28290.589870795
28292.047602821
28292.592056644
28293.791772562
28294.078333708
28294.800276823
28295.478514844
28296.355460075
28296.935531797
28297.381894812
28298.233699971
28299.191805076
28300.152224945
28301.120805102
28301.554495711
28302.389619201
28303.012447450
28303.445117263
28304.668201027
28305.531716178
28305.970027136
28306.426484647
28307.273461220
28307.980280821
28308.968716543
28309.724661526
28310.566981137
28311.723175029
28311.998691930
28312.975187358
28313.389632229
28314.017011695
28314.481683175
28315.789036746
28316.468260885
28316.884192263
28318.091826680
28318.745297745
28319.433294135
28320.272064367
28321.044459654
28321.784638927
28322.405021891
28323.212015863
28324.049622247
28324.459932574
28325.232374368
28325.924228830
28326.333759063
28328.168793235
28328.769829764
28329.359306902
28329.717773757
28330.621658126
28331.564908320
28331.952169950
28332.665733981
28333.651173166
28334.257949346
28334.987179559
28335.875760468
28336.502103374
28337.521653696
28337.962366868
28339.239379013
28339.612121451
28340.679586376
28341.168754301
28341.513594967
28342.421870017
28342.951608708
28343.956838733
28344.813405707
28345.655522714
28346.359132652
28347.642670662
28347.953860932
28348.288407657
28349.127578398
28350.034650938
28350.835236222
28351.802937694
28352.130633445
28352.744083538
28353.516848675
28354.365241281
28355.525946547
28356.175660487
28356.994813406
28357.876313690
28358.167978917
28358.867036869
28359.768358534
28360.509510865
28360.819344550
28361.624629964
28363.074837513
28363.442258129
28364.474556988
28365.114344193
28365.483446570
28366.532340218
28367.544698963
28368.012970772
28368.646045849
28369.308148388
28370.243367458
28370.773697726
28371.416331774
28372.102466831
28373.522927096
28374.251857262
28374.841943866
28375.709479961
28376.305705532
28376.586386912
28377.608925295
28378.119209848
28379.282800402
28380.099182552
28380.278521021
28381.252991525
28382.262591067
28383.176791273
28383.621992189
28384.458083403
28385.118316718
28386.200461301
28386.850430380
28387.212231661
28387.904674994
28388.372906372
28389.495689500
28390.240286875
28391.518465051
28392.074315382
28392.743705002
28393.283455276
28394.379645967
28394.623343665
28395.415805891
28396.573558710
28396.844726769
28397.772718673
28398.445725535
28399.330292725
28399.974355889
28400.557923963
28402.022779222
28402.655390576
28403.293295010
28403.611965984
28404.531102329
28405.179707769
28405.900171916
28406.549317771
28407.422888757
28408.016061498
28409.451882948
28410.020234540
28410.503093096
28411.297031932
28412.164657337
28412.432656232
28413.940143796
28414.093289687
28415.057572893
28415.721168579
28416.144759406
28416.767727313
28418.127699702
28418.958936113
28419.657509959
28420.367924418
28421.158777658
28421.902107384
28422.416590651
28423.072472262
28423.483826039
28424.637224116
28425.545239510
28426.264212024
28426.756896905
28427.733366816
28428.706284786
28429.163195552
28429.883399060
28431.001512322
28431.566355463
28432.007244805
28432.791280250
28433.694690507
28434.273151860
28434.582511983
28435.835395150
28436.922635437
28437.854359445
28438.422981081
28438.872801730
28439.457994264
28440.151152657
28441.266723285
28442.059719371
28442.237845958
28443.335416064
28443.936752605
28444.849718559
28445.679832271
28446.311784216
28447.197145738
28448.033101233
28449.017497213
28449.243781974
28450.161968785
28450.643642093
28451.320395935
28452.005267139
28452.812257635
28454.140432246
28454.638907615
28455.372133440
28456.274974855
28456.850241904
28457.658664089
28458.322492451
28458.634720011
28460.040799936
28460.599439739
28461.267856973
28461.642700742
28462.540446350
28463.319161562
28464.630071399
28465.353587650
28465.912472103
28466.480619318
28467.429431058
28468.023294183
28468.378365391
28469.407384847
28469.993360504
28471.002834533
28471.461103717
28472.808151662
28473.588269963
28473.857947462
28474.511933196
28475.501268411
28476.574392774
28476.887370217
28477.970684012
28478.358025973
28478.560725146
28480.084013519
28480.363103877
28481.214549635
28482.487626893
28483.237597785
28483.918650697
28484.637261570
28484.930387965
28485.977617997
28486.313253718
28487.263780033
28488.254643418
28488.812188431
28489.623239206
28490.161200587
28491.209022791
28491.968205026
28492.840462405
28493.486537495
28494.247663103
28494.760049403
28495.916142757
28496.169135239
28497.103066270
28497.276006063
28498.147364165
28499.777348547
28500.308875629
28500.922523387
28501.746955019
28502.376203525
28503.006353247
28503.714800549
28504.656286699
28505.256621442
28505.968564333
28506.720904717
28507.486283623
28507.998242071
28509.155833677
28509.863721887
28510.518517209
28511.880640351
28512.228277798
28512.722398292
28513.320439524
28513.976689298
28514.919666634
28515.566591460
28516.530482451
28517.002082309
28518.363467380
28518.771544201
28519.908009943
28520.200730904
28520.618001259
28521.843532333
28522.780100297
28523.084136887
28523.969033873
28524.533491110
28525.398198789
28525.594530751
28527.046290013
28528.066381980
28528.798283361
28529.275142043
28529.836684402
28530.808584038
28531.591470953
28531.858999759
28532.601987365
28533.555414471
28534.389040880
28535.255516999
28536.008420906
28536.574117210
28537.301808360
28538.476844866
28538.908812906
28539.843233102
28540.371898650
28541.096203514
28541.897848990
28542.345448538
28542.987327770
28544.062196616
28544.663371693
28546.033930977
28546.719158433
28547.122134274
28548.073042240
28548.420054178
28549.104626920
28549.883629510
28551.151350541
28551.679203492
28551.962962693
28552.696002030
28553.889517361
28554.850174676
28555.101231735
28556.246754285
28556.965873572
28557.738533339
28558.427444166
28559.095342850
28559.396781587
28560.386041328
28560.839201660
28561.975569254
28562.873726595
28563.796063001
28564.509980538
28564.874546253
28565.804914024
28566.519815369
28567.303573747
28568.008459983
28568.539480584
28569.505031676
28570.283025749
28570.764605257
28571.371582914
28572.247084799
28573.782002202
28574.161479241
28574.842222046
28575.631023107
28576.083627848
28576.698611043
28577.820774867
28578.148740520
28578.857870558
28579.990254262
28580.668011908
28581.390299866
28582.508831675
28583.031470659
28583.485132442
28584.326339888
28585.313207835
28586.244217048
28586.648288162
28587.086409778
28587.931101916
28588.504956424
28589.399100265
28590.668918844
28591.314979902
28591.833007128
28593.104118328
28593.444379752
28594.029423930
28594.537654752
28595.450857693
28596.276146414
28597.084418957
28597.823796778
28598.435398201
28599.195741245
28600.284348828
28600.626133628
28601.928903188
28602.435057492
28603.206940866
28603.736997018
28604.446640028
28605.271910241
28605.815816071
28606.717646091
28606.877752425
28608.505552553
28609.603312070
28609.896325397
28610.479733002
28611.086516383
28612.065442909
28612.709605801
28613.522076977
28614.199085826
28615.080891801
28615.366197349
28616.366295018
28617.102938635
28617.974263483
28618.796628316
28619.766765782
28620.477598464
28620.923307568
28621.895874103
28622.476779462
28622.856484016
28623.342992426
28625.050079631
28625.118999288
28626.217901844
28626.923557132
28627.930138256
28628.509795016
28629.203429360
28629.915604717
28630.455457346
28631.601639582
28632.288364528
28632.729523135
28633.645672211
28633.777970207
28634.914106088
28635.951914214
28636.940197611
28637.765597149
28638.251426536
28638.742807870
28639.516985293
28640.433571290
28640.779724124
28641.855325900
28642.374222967
28643.096646619
28644.238979380
28645.068100268
28645.363489779
28646.476286196
28646.827060450
28648.232369663
28648.937226505
28649.092063967
28649.806072265
28650.783989188
28651.265306402
28652.151049741
28652.554047835
28654.209734061
28654.519891882
28655.632210500
28656.073135349
28656.879109140
28657.476802709
28657.864969829
28658.974926026
28659.794581349
28660.482641378
28661.187275846
28661.812886840
28662.276104357
28663.773542382
28664.462690500
28664.993159600
28665.725494141
28666.744806046
28667.225387750
28667.871892856
28668.577175256
28669.043825755
28669.805307411
28670.910843832
28671.948920068
28672.528712371
28673.288253767
28674.040314567
28674.555833095
28675.305648089
28676.263087468
28677.082418721
28677.422956053
28678.381787138
28678.768019665
28679.896414859
28680.424953802
28681.131925594
28682.409873153
28683.342438268
28683.735495376
28684.507477712
28684.868520303
28685.597930744
28686.498863202
28687.169864300
28688.013181790
28688.744785032
28689.356648029
28690.748001561
28691.090902955
28691.700886320
28692.569609650
28693.550294745
28693.896310918
28694.897134027
28695.784219376
28696.123872243
28696.614738460
28697.365625813
28698.288665747
28699.611710994
28700.371953184
28700.811166485
28701.484162966
28702.358974679
28703.164029331
28703.513348659
28704.240185065
28704.971545942
28706.282585878
28706.682674583
28707.036633734
28708.413877566
28708.797852795
28709.724414331
28710.771804800
28711.333070623
28712.034531693
28712.846407321
28713.119364627
28714.051711854
28714.675503796
28715.468489595
28716.172987815
28717.211741885
28718.295427020
28718.928536299
28719.490544804
28720.212062006
28720.370020111
28721.724525764
28722.617784004
28723.117920225
28723.595014701
28724.431028839
28725.187528181
28725.924660712
28727.025535788
28727.627054565
28728.699919196
28729.132919921
28730.096070692
28730.574676991
28731.044825001
28731.995622129
28732.478513935
28733.230754918
28734.475151344
28735.193132270
28735.911343169
28736.363734439
28737.479281984
28738.332320363
28738.494104101
28739.656714522
28740.321325967
28740.817625458
28741.891266429
28742.446748386
28742.783851694
28743.532400728
28745.078015601
28745.838509973
28746.380872845
28747.267447543
28747.536609068
28748.592597640
28748.905376701
28749.742447122
28750.858644299
28751.285882001
28751.942171628
28752.908185254
28753.835660799
28754.559460144
28755.290511685
28755.618891189
28757.060109636
28757.545416092
28758.385324666
28758.717729783
28759.308068478
28760.129832255
28760.848676748
28762.000415479
28762.480082857
28763.882017963
28764.233365560
28765.002243370
28765.524336442
28766.417164776
28766.912643806
28767.639867192
28768.850014502
28769.148963926
28770.070996879
28770.572369768
28771.414023887
28772.291441358
28773.271772314
28774.358188817
28774.645942590
28775.075175294
28776.014704026
28777.079921685
28777.308957589
28777.824691190
28778.722373348
28779.703632217
28780.815108077
28781.481161865
28782.152923669
28782.705528407
28783.362027501
28784.419173430
28784.939391085
28785.807709230
28786.533360280
28787.157664627
28787.579216495
28788.541635019
28789.311522222
28790.346154709
28791.100577504
28791.879003174
28792.871873895
28793.282855609
28793.840434834
28794.400569116
28795.062961790
28796.223385987
28796.850396535
28797.676610961
28798.187947864
28799.223442894
28800.214623178
28800.683662774
28801.248373356
28802.262988391
28802.947879829
28803.926376233
28804.160882028
28804.918827825
28805.767001754
28806.298483660
28806.844923270
28808.683476382
28809.202512539
28809.497648310
28810.497361898
28811.174801221
28811.485108209
28812.855236964
28813.038713021
28813.945680295
28814.568212913
28815.657007464
28816.237262061
28817.011547565
28817.592756462
28818.700948608
28819.517522547
28820.229350503
28820.901041164
28821.466498119
28822.257241664
28822.573476281
28823.755831837
28824.042504008
28825.183750884
28826.236534023
28826.770116010
28827.761533100
28828.431795097
28828.904628617
28829.541633138
28830.219202635
28831.431972675
28832.047534149
28832.662446780
28833.229887358
28833.597547725
28835.072452583
28835.666223245
28836.716074707
28837.295747613
28838.050478843
28838.836385285
28839.301997704
28840.149667500
28840.632646701
28841.176325498
28842.477876364
28842.934080372
28843.962154929
28845.024932990
28845.299182785
28845.927737130
28846.868421318
28847.845655711
28848.589474792
28848.845337901
28849.704153207
28850.587645211
28851.168895315
28851.745445624
28852.556078153
28853.544984656
28854.849348533
28855.457374886
28855.811518265
28856.300024855
28857.379460862
28857.785421349
28858.631180949
28859.440573327
28860.327933239
28860.815649859
28861.590362042
28862.593036528
28863.348647183
28864.110370889
28864.734066632
28865.485118141
28866.632696313
28866.880893085
28867.726254300
28868.429838855
28868.625626785
28869.511215121
28870.906567599
28871.556302749
28872.504453374
28872.856342905
28873.887814031
28874.551800644
28875.121133099
28875.516626829
28876.803520701
28877.431895718
28877.888270376
28879.036240751
28879.308738960
28880.224076606
28881.080612462
28882.189843624
28882.759425860
28883.740869602
28884.184417626
28884.633826130
28885.384953275
28886.218361738
28887.196372055
28887.350344149
28888.310480596
28889.656061760
28890.320352852
28891.026514745
28891.385042538
28892.318969951
28892.853023645
28894.115641063
28894.579752147
28895.256593971
28895.736330858
28896.639453764
28897.294186550
28897.944996359
28899.328920316
28899.929522862
28900.788440746
28901.183168818
28902.285667860
28902.746151144
28903.189497775
28903.962140997
28904.645750275
28905.888036164
28906.541337914
28906.977590862
28907.925199458
28908.848758718
28909.483786667
28910.304626245
28911.086569417
28911.564957422
28912.471248289
28913.431793045
28913.622544515
28914.264745934
28915.134871109
28915.855043631
28917.274494447
28917.785635906
28918.841558756
28919.215878797
28919.582003540
28920.472469672
28921.411574279
28921.987429868
28922.866093615
28923.532236611
28924.031073815
28924.938843510
28926.176022773
28926.551376136
28926.968770859
28928.518487501
28929.075253045
28929.603188482
28930.256465247
28930.970935651
28931.412765652
28932.388866673
28932.952027905
28934.021145492
28934.936903800
28935.643019273
28936.515931404
28937.005330843
28937.792821121
28938.336019768
28939.389433801
28939.670383366
28940.929828545
28941.618986838
28941.813671755
28942.792137683
28943.219866562
28944.782078357
28945.651504867
28945.933314722
28946.820180585
28947.372936617
28948.395291820
28948.705411972
28949.423288790
28950.143013418
28950.980184639
28951.842808379
28952.949934058
28953.333115390
28954.230982257
28954.974025778
28955.496533573
28956.359238305
28957.496256542
28957.916379586
28958.491214179
28958.942030113
28959.957547217
28960.723484977
28961.267280793
28962.461029165
28963.324655270
28964.136777972
28964.774517196
28965.362100267
28965.929344918
28966.343077153
28967.515095322
28968.449189113
28968.936010051
28969.415521576
28970.684074732
28971.079397136
28972.113528781
28972.896667185
28973.565973009
28974.362359574
28975.160209414
28975.669451475
28976.447717826
28977.295804058
28977.546979245
28978.152107948
28979.409611685
28980.659423934
28981.191705888
28981.790321074
28982.241742933
28983.319762681
28983.964204493
28984.570606747
28985.285015804
28986.105723637
28986.923352848
28987.551465438
28988.160729162
28988.949215136
28990.001683018
28990.655872112
28991.800629252
28992.328394515
28992.915606725
28993.465932645
28994.275498965
28994.855099017
28995.477240614
28996.629484282
28997.393530029
28997.732791020
28999.296493908
28999.772399750
29000.312256760
29000.925985177
29001.586594438
29002.833342307
29003.322743146
29004.143386551
29004.526044613
29005.371056327
29005.711770931
29007.098680279
29007.750204181
29008.937058926
29009.335568265
29010.198660247
29010.731533799
29011.391969257
29012.135588878
29012.945403146
29013.226268287
29014.492857317
29015.148321508
29016.140714196
29016.552332688
29017.516202974
29018.023433072
29019.295841712
29019.836467733
29020.347492113
29021.212501052
29021.749212507
29022.561906921
29023.363757748
29023.688082965
29024.484255673
29026.112901023
29026.621436101
29027.232253807
29027.967476404
29028.715259395
29029.169891190
29029.753078364
29031.094516530
29031.464199937
29032.326170901
29032.866761359
29033.474310860
29034.796124157
29035.224920863
29036.280488330
29036.813848181
29037.587778612
29038.722453026
29039.165236070
29039.566449952
29039.982278669
29041.089604389
29041.814103572
29042.677299373
29043.829638431
29044.235222877
29045.132613155
29045.943012705
29046.348712009
29047.179330351
29047.942028858
29048.743510579
29049.468358202
29050.042726536
29050.852524791
29051.543631830
29052.063594814
29053.123234387
29054.515156542
29054.946357529
29055.437372432
29056.164542415
29056.665988414
29057.763386744
29058.130466528
29059.011803985
29059.553765348
29060.598765149
29061.451527800
29062.309030827
29063.020624155
29063.465645274
29064.235597537
29065.367242165
29065.884923463
29066.632429127
29067.313389926
29067.959401779
29068.519859056
29069.047055939
29070.338203551
29071.357845682
29071.741116120
29072.861276921
29073.524046777
29073.980530592
29074.764145535
29075.408110570
29075.760420958
29077.131859513
29077.855679960
29078.431764200
29078.862057272
29079.937798507
29080.948766080
29081.552768712
29082.171064885
29083.375311045
29083.735251130
29084.273834529
29085.255696500
29085.808135842
29086.374465441
29087.057270174
29087.963441081
29089.187363654
29090.052116638
29090.617472997
29091.153945572
29091.586251415
29092.719647883
29093.316312466
29094.305018312
29094.882966973
29095.159213838
29096.326170645
29097.129816895
29097.554926669
29098.538948791
29099.577277916
29100.290061491
29101.244470884
29101.460270027
29102.383422848
29102.823379138
29103.571832335
29104.211991920
29105.315513775
29105.882197139
29106.890423076
29107.769753163
29108.093763740
29109.360424555
29109.909805765
29110.170083504
29111.179337918
29112.191438579
29112.961363470
29113.251981389
29113.902464281
29114.674306200
29115.335427461
29116.871125516
29117.558751715
29117.935288808
29118.821260151
29119.519518158
29120.174643772
29120.815033935
29121.289638805
29122.553910161
29122.847365219
29123.842411738
29124.599746187
29125.674909216
29126.086202182
29126.686206806
29127.727076522
29128.661777383
29129.379916750
29129.763756503
29130.390396971
29131.137320494
29131.907350256
29132.715034374
29133.207630770
29134.409937331
29135.550932979
29135.937372785
29136.853294745
29137.137475146
29137.770546274
29138.755039361
29139.577580871
29140.070149056
29141.271547531
29141.628474180
29142.010561256
29143.228710997
29144.139162559
29144.820778724
29145.757762788
29146.347660929
29146.907551340
29147.932397846
29148.393078453
29149.080912441
29149.552091129
29150.157552731
29151.804831537
29152.213588701
29153.030226172
29153.735592557
29154.632679299
29155.012132076
29155.876649000
29156.836054338
29157.219332690
29158.133850688
29158.855531616
29159.570915337
29159.890977389
29161.074315778
29161.750236773
29162.856095283
29163.787610804
29164.196614082
29165.061577057
29165.376322659
29165.948306013
29166.964181093
29167.850368230
29168.347941824
29169.162718897
29169.896277007
29171.185065250
29171.638012521
29172.177503552
29172.983681928
29173.737030146
29174.821385023
29175.369740085
29175.882960197
29176.589041639
29177.154667402
29178.026093790
29178.598931186
29180.048114282
29180.810464591
29181.506578127
29181.655373272
29183.050744673
29183.320746650
29184.163370604
29184.485989294
29185.672141908
29186.402634512
29187.054604549
29188.099189973
29188.294367775
29189.253419842
29190.432763004
29191.095898403
29191.816054515
29192.242524530
29193.378858263
29193.643837026
29194.418417636
29195.200865967
29195.651205207
29196.727961754
29197.631590790
29198.776498603
29199.268869093
29199.761089767
29200.616562830
29201.104019547
29201.829359292
29203.268277332
29203.384920538
29204.188139375
29204.589436100
29205.613157093
29206.424514224
29207.453924293
29207.913591349
29208.912363796
29209.969797323
29210.336998724
29210.762691774
29211.652037867
29212.273702372
29212.758103534
29213.941163786
29214.636274845
29215.470706314
29216.307835773
29217.000463180
29217.838704542
29218.211157754
29219.432581273
29219.840170320
29220.641472387
29221.246786558
29222.237604802
29222.845645220
29223.268721837
29223.735112265
29225.474137471
29226.091768938
29227.034139378
29227.343838124
29227.995053761
29228.708829928
29229.615381244
29230.246105513
29230.695079981
29231.820537810
29232.442058853
29233.249815008
29233.994909444
29235.030616163
29235.485662996
29236.144887420
29237.229136554
29238.065613997
29238.499306083
29239.233672729
29239.770194270
29240.245065642
29241.367049271
29242.020297027
29243.182174993
29243.773663879
29244.671843898
29245.496522789
29246.148588960
29246.310232083
29247.213830062
29248.090833094
29249.138754122
29249.614228843
29250.157341968
29250.917878759
29251.826230038
29252.556173794
29253.531222702
29254.682838700
29254.805847942
29255.539084229
29256.644895295
29256.807077750
29257.813616853
29258.216683728
29259.272291625
29259.545137329
29261.303503165
29261.850442084
29262.236656470
29263.044825784
29263.655685230
29264.735384047
29265.270684853
29266.057294306
29266.722187327
29267.439027728
29268.041120442
29268.776622187
29269.645034683
29270.247832767
29271.804985205
29272.053285339
29272.838184804
29273.677329546
29274.257599289
29274.713243550
29275.307890998
29276.288475936
29277.288501161
29277.929010684
29278.396634835
29279.411498457
29280.425445422
29281.085987213
29281.543519844
29282.301567710
29283.329017151
29283.964840371
29284.730464321
29285.268839655
29285.762748751
29286.438322600
29287.335128640
29288.653151326
29289.240795354
29290.140028297
29290.712838999
29291.243250987
29291.984293822
29292.689113587
29293.646853736
29294.049589316
29294.849334235
29295.804156910
29296.498855022
29297.117705760
29298.171031624
29298.484240613
29299.801101348
29300.560260427
29301.230282121
29301.755572974
29301.944109250
29303.457208241
29303.742604482
29304.173567870
29305.327295735
29306.262757352
29307.210969873
29307.907136971
29308.571782818
29309.090172201
29309.878654254
29310.414909835
29311.523672841
29312.265356572
29312.775367816
29313.614177213
29313.949276742
29314.765806439
29316.117910094
29316.906879220
29317.317288606
29318.275614072
29318.978270641
29319.692129048
29320.396829839
29320.667816649
29321.407369398
29322.408218609
29323.520761269
29323.811727174
29325.027434666
29325.677671803
29326.078971724
29327.262971809
29327.695157819
29328.504259767
29329.597668394
29329.797097097
29330.517610131
29331.340299656
29332.116263339
29332.643645030
29333.469385740
29334.916808828
29335.645403574
29336.122844916
29336.525036930
29337.356165928
29338.042427834
29338.713519581
29339.742611397
29340.388062534
29340.811727585
29341.755777212
29342.930643525
29343.316198484
29344.046787897
29344.971907789
29345.815013935
29346.386471055
29347.238855322
29347.986204501
29348.325759362
29349.023198194
29349.658767332
29350.604278909
29351.850146724
29352.600034727
29352.982775074
29353.972798893
29354.583198747
29355.563634318
29355.628646316
29356.602921047
29357.422979160
29358.497877935
29358.846050059
29359.600322696
29360.040116228
29361.334627033
29362.057165032
29362.988656846
29363.680787249
29364.356025790
29364.834663093
29365.738675209
29366.073110107
29367.184971695
29367.567870227
29368.400084837
29369.530573298
29370.256691672
29371.278296991
29371.741437294
29372.369054024
29372.627470937
29374.337805796
29374.729433569
29375.157053765
29376.024241908
29376.601404036
29377.342537935
29378.183676045
29378.939238047
29380.168797160
29380.604740659
29381.791855519
29382.046286581
29382.738780547
29383.428186453
29384.019316670
29384.847904049
29385.577016886
29386.553704418
29387.401825481
29387.770612342
29388.702634036
29389.774739896
29390.167698704
29391.134472289
29391.844851555
29392.234438482
29393.481250859
29393.871723883
29394.420379045
29395.238139766
29395.550701840
29397.047957471
29398.321094096
29398.418226750
29399.131006724
29400.034985523
29400.537256422
29401.332632424
29401.898498560
29402.882123316
29403.737771255
29404.058227633
29404.805129966
29406.088270443
29406.457773961
29407.297264642
29408.100112741
29409.117191170
29409.843336648
29410.364707363
29410.938659191
29411.609419373
29412.040520084
29413.238661421
29413.970088632
29414.497413334
29415.758554577
29416.628308497
29417.068705307
29417.610210671
29418.686307023
29418.879874594
29419.965298843
29420.840712813
29421.578219050
29421.836476725
29422.901762625
29423.255091515
29424.260201986
29425.546918836
29426.215469556
29426.833560288
29427.357941816
29428.088429254
29428.981523792
29429.599395844
29430.100094089
29430.602779795
29431.970902566
29432.537318833
29433.662908072
29434.062691004
29434.724322334
29435.740727178
29436.244655300
29437.253779476
29437.892058321
29438.612937523
29439.009645237
29439.970534601
29440.690118280
29440.939378472
29442.395367405
29443.115139875
29443.958155995
29444.854726075
29445.544202327
29445.859474906
29446.331510247
29447.295320809
29448.194348135
29449.089185553
29449.527626916
29450.273077589
29450.952865597
29452.223890259
29452.734845485
29453.444033959
29454.076064702
29455.320648481
29455.683501026
29456.425899141
29456.861642346
29457.821108138
29458.312160272
29458.838445210
29460.277749794
29461.236637435
29461.711347661
29462.468449789
29462.967788882
29463.907089734
29464.476819605
29465.344611924
29466.000430146
29466.522592049
29467.679749066
29468.191643617
29468.753048965
29469.630874543
29470.416299504
29471.928923710
29472.094593194
29472.720328575
29473.581263057
29474.165526735
29474.792530899
29475.482772983
29476.218455458
29477.143030846
29477.780893822
29478.887238550
29479.578240858
29480.445240822
29480.872319607
29481.535628205
29482.338217849
29483.185421487
29484.199301345
29484.683720480
29485.170744394
29485.505564152
29486.697530306
29487.689949838
29488.363304654
29489.552774329
29489.882872151
29490.632348777
29491.561439041
29492.165420819
29492.286712767
29493.315404004
29494.282460358
29494.960404754
29495.762112988
29496.442978110
29497.495699170
29497.926831696
29498.630147848
29499.905592709
29500.321989056
29501.069647550
29501.518486524
29502.497810181
29503.091109311
29503.762046214
29504.373609893
29505.060634796
29506.767520579
29507.153256845
29507.859499149
29508.479542324
29508.948728339
29509.808411106
29510.673015091
29511.284697161
29512.260097168
29512.534648362
29513.803647394
29513.919170975
29515.095284592
29516.098781005
29516.563217921
29517.412001507
29518.335359730
29519.081848002
29519.478639268
29520.203915192
29520.740464759
29521.387031829
29522.342974165
29523.558415147
29524.054873529
29524.710729187
29525.797636080
29526.417660282
29527.054912052
29527.415669799
29528.477139587
29529.419510504
29529.860366691
29530.657758287
29531.264494900
29532.006576757
29532.512958550
29534.088733696
29534.501681762
29535.536760923
29536.122013671
29536.627993057
29537.106207893
29538.132937784
29538.846186318
29539.294337020
29540.338939381
29540.768949547
29542.266378069
29542.670353792
29543.496255758
29543.796650407
29544.885418500
29545.717280900
29546.623934031
29546.983818279
29547.660068556
29548.384125568
29549.033433770
29549.815828280
29550.490514014
29551.843174171
29552.429369760
29553.264954662
29553.910861552
29554.387014738
29555.373645656
29555.900553618
29556.083982990
29557.692121616
29558.342331595
29558.700391795
29559.415724032
29560.445695045
29561.229178750
29562.103090469
29562.909433707
29563.333954265
29564.216179415
29565.013004341
29565.712903536
29566.213013411
29566.590061806
29567.575068521
29568.549162267
29569.519204538
29570.505423743
29571.046687027
29571.412429805
29572.383443503
29572.848410476
29573.935872965
29574.560844925
29575.199215827
29576.043316300
29576.376350491
29577.515385839
29578.272719026
29578.798689842
29579.832290024
29581.009014466
29581.416809450
29582.127187669
29582.518865432
29583.288623839
29583.941924651
29584.950901392
29585.378352263
29586.367336216
29587.317102452
29587.972642898
29588.868618930
29589.568179436
29590.023686919
29590.841750809
29591.671030381
29592.657347106
29592.859955656
29594.124192272
29594.356656490
29594.762167036
29595.770359031
29597.277517871
29597.933283226
29598.374379195
29598.983452679
29600.186497714
29600.517985475
29600.958890694
29602.007303720
29602.493409405
29603.347485211
29604.540031541
29604.820213243
29605.696926148
29606.572222440
29607.372240616
29607.850597457
29609.030160975
29609.641899448
29610.276926881
29610.777279969
29611.436913092
29612.257304929
29613.071689768
29613.561986191
29614.725081175
29615.746914135
29616.542515906
29616.967944184
29617.698193658
29618.128689577
29618.822183518
29620.171209202
29620.523097686
29621.269210290
29621.927199905
29622.533347754
29623.630587013
29624.391317453
29625.014035965
29626.224964186
29626.619156565
29627.329082155
29628.103587411
29628.913319128
29629.218401553
29629.956187020
29630.557778285
29631.844989672
29632.614419911
29633.498609882
29634.226641117
29634.390125527
29635.653549238
29636.327737284
29636.926882779
29637.447547181
29638.610627527
29639.100806705
29639.894951005
29640.303358296
29641.103945372
29642.136065002
29643.184082461
29644.026712306
29644.549644646
29645.148294844
29645.748081321
29646.572047020
29647.103771483
29647.818283528
29649.034110916
29649.384104665
29650.004776997
29651.422014157
29651.932986205
29652.793551549
29652.914374310
29654.065398929
29654.970862907
29655.882990928
29656.226883783
29656.616930962
29657.514971666
29658.270215528
29658.897610137
29660.281153360
29660.780127699
29661.742596188
29662.455759143
29662.932286848
29663.633393051
29664.355024732
29664.938346651
29665.886582572
29666.515544745
29667.493550642
29668.009013515
29669.031502190
29669.166844091
29670.697118064
29671.278934726
29672.017369675
29672.782043099
29673.261168321
29673.953250371
29674.847361480
29675.486903187
29675.927466271
29676.562681561
29678.132629914
29679.007528475
29679.170120425
29680.209119572
29680.958057789
29681.134368656
29682.283862038
29682.972225352
29684.069575883
29684.243029926
29684.919275302
29685.888314313
29686.410778599
29687.631647947
29688.246734719
29689.064213260
29689.884758109
29690.761697155
29691.302556811
29691.689355758
29692.328585268
29693.031234816
29694.187223938
29694.818112271
29695.533543546
29696.436406124
29697.287270092
29698.009500956
29698.615965984
29699.170489976
29700.403245487
29700.644287307
29701.600873746
29702.390985741
29702.902455038
29703.363750260
29704.347233170
29705.003423348
29706.567883541
29707.161768980
29707.576986118
29708.173214803
29708.813011607
29710.034493373
29710.153609109
29711.074205897
29711.744411708
29712.663870821
29713.390931362
29714.244528638
29715.079890294
29715.561612995
29716.315837638
29717.581662767
29718.134658659
29718.431010369
29719.584413396
29719.955465649
29720.633497047
29721.132905696
29722.323791596
29723.033036967
29724.102494900
29724.739873014
29725.513823727
29726.391205153
29726.655909827
29727.306762754
29728.065062534
29729.189180200
29729.881547168
29730.478779356
29730.993306364
29731.596588843
29733.003518567
29733.488589662
29734.497686306
29735.053148508
29735.890321466
29736.658039640
29737.054572320
29737.819191838
29738.496057312
29739.151534273
29739.863855263
29740.985405415
29742.076116132
29742.506988225
29743.124146286
29743.892850948
29744.534437868
29745.432462049
29746.417842204
29746.833415211
29747.235999033
29748.230436937
29749.224291365
29749.501510486
29750.167823519
29751.587855896
29752.442649947
29752.931880620
29753.870174667
29754.155083067
29754.877869266
29755.549335700
29756.344130011
29757.209763380
29757.834561547
29758.842962885
29759.263868412
29760.471652463
29760.941566817
29761.910371261
29762.565528597
29762.881677307
29764.314772369
29764.785134210
29765.320475077
29765.935463110
29766.715723689
29766.999463207
29768.580156975
29769.451316254
29769.966627486
29770.811063092
29771.442446673
29772.107454513
29772.883579049
29773.332846274
29774.138813229
29775.129599792
29775.865584079
29776.235433589
29777.287832813
29778.143769338
29778.607003485
29779.543721825
29780.723845367
29781.265024331
29781.704714483
29782.403956897
29783.014214874
29783.941248263
29784.484614451
29785.165014863
29786.092179785
29787.010180768
29788.322400875
29788.742012882
29788.834207829
29789.754243246
29790.724316161
29791.343312063
29792.253591893
29792.867966845
29793.567658547
29794.185473634
29794.679081851
29795.886531192
29796.659296346
29797.667318396
29798.201769144
29798.979411069
29799.588547538
29800.454871771
29801.028983713
29801.386576411
29802.087556749
29803.315060993
29804.136816764
29804.855041971
29805.367077341
29806.464017484
29807.003781392
29807.897664498
29808.334529270
29809.535665416
29809.714235961
29810.892509054
29811.256352449
29811.893849629
29812.788666888
29813.228567021
29814.666199468
29815.511328228
29816.174540287
29816.728891825
29817.500193763
29817.911175621
29818.509829675
29819.763307193
29820.426432303
29820.775791770
29821.572141504
29822.742880007
29823.284962998
29824.292595042
29824.678768959
29825.470848188
29826.720229628
29827.130445560
29827.850157185
29828.442622521
29828.881249642
29829.799449151
29830.549795689
29831.167046125
29832.657714461
29833.290548422
29833.551777823
29834.650310040
29835.354904784
29835.857515695
29836.417106368
29837.439632442
29838.027615259
29839.151599623
29839.449750272
29840.239269422
29840.738304155
29841.915503946
29843.142670996
29843.377201696
29844.407401290
29844.674247732
29845.633122589
29846.423959912
29846.875467845
29847.364320414
29848.413443111
29849.149688763
29850.186500837
29851.017439925
29851.694578629
29852.482740648
29852.660804066
29853.708573551
29854.726475967
29855.291861258
29855.988823636
29856.668763601
29857.005164394
29858.011980719
29858.887544689
29859.734692819
29860.403165441
29861.671935380
29862.217447430
29862.623671580
29863.395943608
29863.799607483
29864.956309645
29865.135197130
29866.660178475
29866.956311002
29867.568600168
29868.808849927
29869.396164133
29870.057347737
29870.915528129
29871.693899100
29872.452205593
29872.929234495
29873.812454194
29874.642066737
29875.033059762
29875.606001264
29876.240537394
29877.954940928
29878.494361614
29879.209203282
29879.795419990
29880.317200048
29881.266602280
29882.006931313
29882.465416926
29883.298498336
29884.260776859
29884.699045225
29885.643252447
29886.285183735
29887.122195929
29887.915563469
29888.912907072
29889.383735623
29890.516095506
29890.954419653
29891.458347023
29891.863926904
29893.090359057
29893.429189723
29894.598526115
29895.182497732
29896.272556921
29896.995526780
29897.830546181
29898.238248035
29899.000905300
29899.331490589
29900.804363234
29901.438784686
29901.823857135
29902.411636100
29903.340308310
29903.930226761
29904.868497098
29906.094367857
29906.647990313
29907.304258256
29907.958303988
29908.838615124
29909.235732674
29909.961217165
29910.816935716
29911.222646962
29912.246114287
29913.313684265
29914.082745864
29914.590766513
29915.207079737
29916.122640490
29917.030693578
29917.705643424
29918.301344913
29918.955284534
29919.738108659
29920.439266128
29921.106142150
29921.549136954
29922.718156505
29923.792724393
29924.693832329
29925.072653641
29925.771037346
29926.554367810
29926.978360313
29927.673531885
29928.692680219
29929.473120507
29930.213015341
29930.672862744
29931.351778904
29932.940205983
29933.206448105
29933.596589730
29934.881085762
29935.458236163
29936.378218429
29936.784365575
29937.629730070
29938.028293555
29938.492319327
29939.796105925
29940.594482031
29941.537754630
29942.278451502
29942.907182406
29943.702245023
29944.022306565
29945.069470320
29945.738034490
29946.437142204
29947.090936782
29948.017958568
29948.727935827
29949.100035432
29950.169157458
29950.861195640
29952.052133548
29953.007337248
29953.269067507
29953.566826448
29954.738134709
29955.208388250
29956.038953962
29956.720030810
29957.259172250
29958.381281651
29959.384534906
29960.036231391
29960.637723385
29961.412627743
29961.965900652
29962.755369103
29963.749552798
29964.436008326
29965.039502983
29965.538404313
29966.257815001
29966.923503204
29967.958564322
29969.150705751
29969.714056497
29970.134028204
29971.373934943
29971.859594383
29972.339284492
29973.055178130
29973.414498594
29974.889949903
29975.358420905
29976.014566362
29977.003322453
29977.567305455
29978.471367221
29979.305875356
29979.934726504
29980.711794929
29981.472368724
29982.397571011
29982.471794001
29983.409355269
29984.309664833
29984.713867656
29985.408912150
29987.079007929
29987.511223426
29988.493935336
29988.658607283
29989.299001286
29990.204552054
29991.025772683
29991.738268839
29992.490920550
29993.062106217
29993.708652748
29994.793159499
29995.489451640
29996.010577396
29997.165208990
29997.808918950
29998.728208778
29999.379225453
29999.710029622
30000.637707266
30001.248319723
30001.638329433
30002.639078719
30003.986962035
30004.196972920
30005.257971238
30005.987677885
30006.865648583
30007.159856515
30008.140122593
30008.629836915
30009.477868942
30010.559507218
30011.013867877
30011.693900932
30011.898750041
30013.075925940
30014.281446024
30014.981357646
30015.635195559
30016.582736576
30016.911355977
30017.518625773
30018.561774856
30018.926709549
30019.675261745
30020.543168819
30021.405123423
30022.074991315
30023.330736593
30023.647117877
30024.394576715
30024.830111895
30026.170209241
30026.990841592
30027.244992374
30027.952243693
30028.585659490
30029.484390350
30030.053420510
30030.857170733
30031.771634884
30033.029879134
30033.471142242
30034.176965062
30034.845705797
30035.459703726
30035.927913184
30036.884494282
30037.788041441
30038.350466257
30039.322218487
30039.682673480
30040.622269525
30041.426063348
30042.489235127
30043.037258058
30043.760082334
30044.371435629
30045.299994088
30046.060248951
30046.493691008
30046.880440195
30047.836333591
30048.562889011
30050.151885545
30050.449708878
30051.262288300
30051.641795830
30052.883294413
30053.273099535
30053.710353805
30054.965052709
30055.673139879
30055.924293606
30057.027868651
30057.472550157
30058.454485822
30059.202584527
30059.928700843
30061.293500683
30061.548847846
30062.362907143
30063.087389975
30063.400364014
30064.032592545
30065.159030070
30065.833861139
30066.493715714
30067.218074046
30068.520758051
30069.014636472
30069.734953392
30070.336126674
30070.879108590
30072.096908678
30072.612844493
30073.405752724
30073.977201692
30074.655608434
30075.275039617
30075.828755185
30077.236525242
30078.067516889
30078.831242279
30079.349232786
30079.970126615
30080.759594697
30081.638282929
30081.989496004
30082.624580564
30083.493729549
30084.768770751
30085.096645194
30085.752966626
30086.804932089
30087.372794740
30088.238891445
30089.194312587
30089.711731353
30090.493860432
30090.930606705
30091.897936585
30092.412203129
30093.069528939
30093.663342302
30095.123008687
30095.536873097
30096.742475863
30097.382646637
30097.816164206
30098.277688416
30099.075276013
30100.017314146
30100.885380184
30101.572892186
30102.088368814
30102.540926220
30103.752517134
30104.540782240
30105.334231715
30105.921536350
30106.950524995
30107.636505797
30108.527386587
30108.647657184
30109.411242225
30110.293880647
30110.721136697
30111.754507203
30112.704461277
30113.682739323
30114.178927151
30114.901449715
30115.551029457
30116.450115894
30117.182343420
30117.611863028
30118.591609206
30119.398119191
30119.777421658
30120.776928904
30121.418214732
30121.634269059
30123.472251980
30124.162951074
30124.659877269
30125.121457885
30126.154898189
30126.510426772
30127.464834474
30127.814283485
30128.920275979
30129.551537390
30130.249940561
30131.296086341
30132.189351249
30132.522142822
30133.567205038
30133.953541997
30134.935341399
30135.880161294
30136.542869980
30136.958938001
30137.542634046
30138.086466153
30139.293415839
30139.899120055
30141.098391586
30141.654124892
30142.488421352
30143.315194016
30143.792649078
30144.270227186
30145.053797883
30145.795538258
30146.985019840
30147.264086006
30148.121838619
30148.833110889
30149.566826917
30150.712373691
30151.015719118
30152.360579021
30152.805045027
30153.452501852
30153.870197280
30155.070449414
30155.424493940
30156.252287587
30156.498541801
30157.742279643
30159.039260259
30159.638615618
30160.089591453
30160.854076723
30161.419366043
30162.182561429
30163.391079433
30163.665886493
30164.244312803
30165.352192924
30165.951821844
30166.293926549
30167.412634737
30168.444468124
30168.939221548
30170.033498092
30170.681642157
30171.331317107
30171.882654012
30172.518230512
30173.121499780
30173.772491617
30175.188114378
30175.377721979
30176.515203760
30176.954124750
30178.263930941
30178.723648139
30179.270078806
30179.916131287
30180.922840933
30181.845761993
30182.157163570
30183.096849600
30183.479711500
30184.116615817
30185.062581156
30186.152207614
30187.309897661
30187.595834022
30188.336212616
30188.941881275
30189.712657404
30190.332302341
30191.045395388
30191.983447536
30192.400224950
30193.276602765
30194.271293665
30195.243019979
30195.413038669
30196.184467817
30197.467034164
30198.075530490
30198.690967160
30199.539064919
30199.840923824
30200.641433578
30201.401220077
30202.164600397
30202.684087759
30203.957969398
30204.905189459
30205.550268023
30205.983591296
30206.897795944
30207.548524606
30207.931776268
30208.792239239
30210.064514821
30210.449664160
30211.046700177
30211.568373533
30212.564755975
30213.518719676
30214.432955871
30215.193758806
30215.548564376
30216.567836415
30217.425540880
30217.757107419
30218.372899439
30219.096478414
30219.689473587
30220.916689655
30221.737859253
30222.359287232
30223.432136553
30223.864948939
30224.281647218
30225.488353227
30225.960458966
30226.974588508
30227.530455220
30227.904721608
30229.060216612
30229.487832028
30230.275544872
30231.033772167
30232.204137518
30233.035681171
30233.914468525
30234.274808255
30234.655444287
30235.382229298
30236.465679893
30237.046871075
30237.608276544
30238.683806401
30239.220674435
30240.149087290
30241.099046299
30241.681519754
30242.245834731
30243.065675868
30244.149482606
30244.492100880
30245.396634629
30246.037951119
30246.497880609
30247.280960182
30247.673461660
30249.456953874
30249.984609300
30250.485743222
30251.442769892
30251.984491539
30252.950404233
30253.269695967
30253.915090172
30254.817966108
30255.687513229
30256.441955374
30257.163389110
30257.544896541
30258.703746343
30259.389167969
30260.313217163
30261.073658398
30261.875823009
30262.283375469
30263.045430870
30263.733244613
30264.220212423
30265.186967729
30265.935023138
30266.445137876
30267.997005168
30268.598345509
30269.043451316
30269.864036322
30270.238178803
30271.090779562
30272.168517917
30272.892743717
30273.386464807
30273.898970819
30274.663415408
30275.652622997
30276.325973508
30277.158415098
30278.261529661
30278.913102541
30279.443573267
30280.108900033
30281.118376627
30281.463057579
30281.750819888
30282.966070001
30283.804902356
30284.520810172
30285.628669150
30285.966589714
30286.697465025
30287.894651722
30288.185644502
30289.151566374
30289.672471170
30290.449326554
30291.433325967
30291.912971447
30292.416168129
30293.014142888
30293.986602890
30295.360925831
30295.976674769
30296.615356957
30297.277090774
30297.830079995
30298.652513028
30299.107179676
30300.141142516
30300.738195820
30301.677921273
30302.039923878
30303.034867992
30304.064252138
30304.628721036
30305.341902268
30305.849536737
30307.334916087
30307.826661515
30308.074096252
30308.909757951
30309.427263001
30310.382046512
30310.880707739
30311.966899007
30312.910362723
30313.590589523
30314.481778001
30315.259909039
30315.548207307
30316.145806568
30317.324072224
30317.688482302
30318.725898992
30319.309710799
30320.175170492
30320.617691280
30321.266199191
30322.443130445
30323.493345849
30324.051526090
30324.625406081
30325.405601595
30325.998990938
30326.724096331
30327.612705712
30328.004453829
30328.411807410
30329.908081470
30330.662369906
30331.435083687
30332.208486584
30332.515018255
30333.592949503
30334.111879838
30335.088568615
30335.712248826
30336.523864990
30337.066742736
30337.487755881
30338.556433168
30339.196000938
30340.114974339
30341.225542059
30341.688157455
30342.895166019
30343.016562862
30343.888823519
30344.308786889
30344.894229779
30346.083854414
30346.916101863
30347.512775110
30347.846183231
30349.283643143
30349.970878008
30350.391370731
30351.275805454
30352.321022616
30352.492939512
30353.742719194
30354.381035052
30354.542824200
30355.591614223
30356.046136792
30356.813894937
30358.037117075
30359.281614446
30359.613493764
30359.965352627
30360.812464718
30361.697977003
30362.357608923
30362.959622563
30363.678539490
30364.512581156
30365.232946094
30366.131513974
30366.582293589
30367.556907483
30368.156443453
30369.425175609
30369.977549305
30370.640395003
30371.178189341
30371.985547150
30372.523518400
30373.220627509
30373.922848143
30374.815842144
30375.779652953
30376.528646671
30377.384739807
30378.199926218
30378.689609171
30379.275129682
30379.773366588
30381.187781027
30381.666118527
30382.293684676
30382.959516918
30383.583786246
30384.084427707
30385.716688373
30386.064950703
30386.891405184
30387.868287560
30388.345567873
30389.227632719
30389.521326906
30390.348240418
30390.967514582
30391.842144215
30392.496229604
30393.697516356
30394.261983700
30394.953288709
30395.782886084
30396.382288314
30397.139246473
30398.334671583
30398.645583495
30399.221916863
30399.885731774
30401.084597843
30401.354669593
30401.889146797
30402.844718537
30404.225356389
30405.042074178
30405.398702403
30406.128127198
30406.672513438
30407.438923767
30408.124151521
30408.897741368
30409.867524676
30410.304235506
30411.075039959
30411.934164786
30412.704929146
30413.768406137
30414.064561472
30415.082284764
30415.757280818
30416.566493973
30417.382936522
30417.876014726
30418.220274499
30418.868951273
30420.007141984
30420.937811201
30421.818977589
30422.458059867
30423.285968819
30423.859372473
30424.621874643
30425.410613457
30425.639993470
30426.810374340
30427.664173719
30428.318870110
30428.573614084
30429.638049339
30430.513752081
30430.964175025
30432.453910662
30432.954363006
30433.595645602
30434.356547537
30434.572734141
30435.672252020
30436.307631502
30436.838445001
30437.858289382
30438.271158332
30439.647129085
30440.446678324
30441.095586663
30441.340593819
30442.171472606
30443.269423248
30443.925912029
30444.579424731
30445.310775564
30445.925537781
30446.383820197
30447.522423143
30447.798129938
30449.373755259
30449.927395358
30450.568437138
30451.436310537
30452.235548088
30452.519742054
30453.263063395
30453.999552226
30454.562839511
30455.862886664
30456.504074239
30456.900962524
30457.764825345
30458.760986969
30459.601702341
30460.142382011
30460.814233800
30461.735509324
30462.545219433
30462.831205300
30463.840915832
30464.273960002
30464.927591360
30465.650322261
30467.210010985
30467.703347736
30468.396228445
30469.343353235
30469.637679034
30470.144341737
30471.159736824
30472.112332870
30472.751230423
30473.061780469
30474.084921755
30474.775757496
30475.796795015
30476.269722046
30477.120030278
30478.004789960
30479.132740870
30479.396007018
30480.245901097
30480.459650502
30481.475178440
30482.005918838
30482.914407298
30483.595388259
30484.670064579
30485.476394992
30486.238239993
30486.720428975
30487.656308761
30488.241712413
30488.750980506
30489.781288539
30490.453443505
30491.414970503
30491.751748743
30492.362284159
30492.954061804
30494.297474682
30495.175264001
30496.071461380
30496.545210053
30496.812676162
30498.233795855
30498.493382677
30499.212212168
30499.586373888
30500.761438363
30501.598053401
30502.127616993
30503.374618985
30503.793509528
30504.571135177
30505.134244475
30506.115239821
30506.931969671
30507.785458181
30507.966691693
30508.984067105
30509.344912262
30510.173218723
30511.152600162
30511.746671341
30512.752282122
30513.988349589
30514.435608122
30514.774565077
30515.595767676
30516.253795136
30516.743432970
30518.077595447
30518.535538284
30519.113646162
30520.032708689
30520.576763781
30521.762817216
30522.275547406
30523.117784120
30523.974842244
30524.649123029
30525.249259533
30526.125381535
30526.549593073
30527.461363008
30527.790959621
30528.400520490
30530.020176940
30530.726763308
30531.407324806
30531.738038158
30532.838871023
30533.375367358
30534.106022916
30534.802498602
30535.648765192
30536.160331975
30537.187759062
30537.666962811
30538.446279059
30538.938555929
30540.392932697
30540.872377290
30541.810439364
30542.499858868
30543.180576396
30543.634990035
30544.111006164
30545.091328989
30545.984480362
30546.395830983
30547.537306890
30548.061583086
30549.265308048
30549.906147670
30550.623673460
30550.745798120
30551.850019376
30552.860369599
30553.641862153
30554.100989286
30554.459841911
30555.354212820
30556.137707991
30556.833631215
30558.132844238
30558.817277245
30559.445588592
30560.190619021
30560.888272917
30561.344098876
30562.273470053
30562.763811286
30563.417364091
30564.608793909
30565.119159772
30565.966444426
30566.810533431
30567.288898049
30568.134408624
30569.355170400
30569.889812592
30570.221820968
30571.087734484
30571.987561382
30572.501151142
30573.097074412
30573.768013093
30574.534016910
30575.849773401
30576.723850331
30577.223202765
30577.946268546
30578.417950753
30579.149116981
30580.069418257
30580.501965969
30581.754209117
30582.263581104
30582.678434271
30583.308043272
30584.697297054
30585.199414527
30586.007335200
30586.696560006
30587.846276464
30588.187810654
30589.087191426
30589.566570026
30590.021511541
30590.712462170
30591.734297807
30592.728414404
30593.199136774
30594.437892210
30594.825107219
30595.723467916
30596.385671327
30596.819132711
30597.897231845
30598.570164539
30599.167989807
30599.947279650
30600.722359574
30601.317611076
30601.770978625
30602.847919734
30604.227761178
30604.743806744
30605.260832003
30606.118759948
30606.343323520
30607.367898872
30608.208349605
30608.535829006
30609.581182665
30609.983859680
30611.355195300
30612.115263032
30612.308222858
30613.650715049
30613.893534392
30614.749749992
30615.821175366
30616.516281757
30616.904024080
30617.539363822
30618.455105863
30618.786799339
30619.702918681
30620.926782267
30621.652798406
30622.358287925
30623.058916037
30624.017793233
30624.520224122
30624.821510575
30625.476839562
30626.854321780
30627.303588824
30628.199450293
30628.571995782
30629.413155118
30630.373479198
30631.283641747
30631.902048427
30632.661231218
30633.553308497
30634.067515685
30634.677245263
30635.561906456
30635.963452829
30636.709879854
30637.428721425
30638.421309736
30639.680072938
30640.278603152
30640.745265001
30641.270577885
30642.040305806
30643.119986516
30643.622087735
30644.408732328
30645.044647335
30645.644456757
30646.664509076
30647.025312309
30648.239233981
30648.547424335
30650.011836193
30650.701977064
30651.070351694
30651.835980412
30652.448684480
30653.228066009
30653.647164622
30654.474148216
30655.572237046
30656.340295609
30656.716841530
30657.980650437
30658.699919504
30659.089541054
30660.024483756
30660.659601848
30661.280597811
30662.395218299
30663.147263431
30663.315724417
30664.096056476
30664.580027678
30665.802828526
30667.059991954
30667.406714912
30668.297411768
30668.881796617
30669.681957083
30670.144057839
30670.921375117
30671.595354874
30672.388212949
30673.156770329
30673.977174951
30674.621019812
30675.696800925
30676.211004905
30676.726104556
30677.934920556
30678.691993897
30679.357332069
30679.944715883
30680.360470370
30681.087154691
30682.297104179
30682.553613207
30683.110366037
30684.755474683
30685.229793116
30686.138971393
30686.799151549
30687.096383186
30687.984421469
30688.517709759
30689.776530025
30690.170413326
30690.932442272
30691.602414981
30692.351170448
30692.923839852
30694.110512594
30694.966843236
30695.760456463
30695.983478240
30697.168759246
30697.843098505
30698.289996343
30698.927318457
30699.520176803
30700.257682152
30701.424181014
30702.410041993
30702.884572406
30703.559001227
30704.425386057
30705.317342806
30705.547647283
30706.627736415
30707.263268828
30708.089249767
30708.666159713
30709.291982356
30710.074420367
30710.679762768
30711.675686743
30712.661215870
30713.585441050
30714.421100333
30714.552425446
30715.178919405
30716.208298113
30716.501394418
30717.634022918
30718.454674683
30718.799217161
30719.664606429
30720.837421764
30721.717226762
30721.890507544
30722.664117437
30723.610291014
30724.746689417
30724.994848380
30725.597977478
30726.749531852
30726.885774924
30727.448069153
30728.563536157
30729.564131031
30730.487733121
30731.257166824
30731.777712747
30732.323232567
30733.389329894
30733.787616444
30734.527575620
30734.998731243
30736.307057629
30736.899204424
30737.454747658
30738.179985072
30738.876877305
30740.142227848
30740.585764080
30741.666426045
30742.152663714
30742.638612578
30743.576933153
30744.197120659
30744.912004389
30745.202082383
30746.364114775
30747.118915006
30748.330887179
30748.851984173
30749.746658819
30750.045934733
30750.959138931
30751.262061275
30752.769024635
30753.152002983
30753.891506615
30754.254354233
30755.090917974
30756.049776116
30756.740738924
30757.653293189
30758.516994008
30759.189258529
30760.210275593
30760.615344757
30761.130318382
30761.663725278
30762.555266760
30763.381342993
30764.073352474
30764.961218075
30765.857594425
30766.529230736
30767.138483679
30768.074385214
30768.805952599
30769.289332191
30770.336538217
30770.752819174
30771.747351645
30772.186646933
30772.993833820
30773.557626083
30774.010717352
30776.053124473
30776.257373393
30776.862285041
30777.542807466
30778.374555655
30778.922325339
30779.635858259
30780.477533375
30780.936152890
30782.112271368
30782.476288900
30783.415250840
30784.251510515
30785.220873243
30785.367812078
30786.600950275
30787.343366036
30788.021943090
30788.891084955
30789.270905606
30789.602307043
30790.686106671
30791.281691134
30792.402475523
30793.060941684
30793.923156792
30795.087247826
30795.300881362
30796.098286327
30796.465029677
30797.401162360
30798.247752805
30798.996502062
30799.938014218
30800.232999191
30800.732832982
30801.953178766
30802.700185136
30803.489259106
30804.636508052
30805.029636207
30805.604021637
30806.293753102
30807.176199433
30807.785626112
30808.357620975
30808.830771548
30810.018695920
30811.100781323
30811.690940504
30812.526845404
30812.951802175
30813.551854381
30814.824865611
30815.255790684
30815.995949127
30816.681662374
30817.311424136
30818.248772320
30818.656828644
30819.298371183
30820.526284830
30821.302683762
30822.374592516
30822.704968458
30823.545781218
30824.156307921
30824.729605597
30825.160188906
30826.255353548
30827.245035239
30827.655264114
30828.397532326
30829.250936011
30830.201120179
30830.995182075
30831.670118679
30831.947300872
30833.175947351
30834.022101587
30834.530212911
30835.041083080
30835.606948591
30836.497176765
30837.005728034
30838.282788646
30839.327777889
30839.839256878
30840.472456612
30841.092018072
30842.041158916
30842.408508467
30843.151041605
30844.248529022
30844.698024333
30845.204111294
30846.625207788
30846.864720831
30847.548371920
30848.484264001
30849.498300881
30850.451022820
30850.792237445
30851.524595572
30852.023442709
30852.853788611
30853.605366938
30854.132662318
30854.953577689
30855.757823206
30857.133499846
30857.444606168
30858.344392822
30858.835957291
30859.621531417
30860.180304303
30861.027466042
30862.140827949
30862.463052699
30863.259619794
30863.789778183
30864.280533318
30865.619039270
30866.490682378
30867.172604926
30867.787388165
30868.883962981
30869.121709309
30870.091334578
30870.551264577
30871.060888114
30871.789301174
30873.213774402
30873.499923329
30874.335540592
30875.264898070
30876.049010009
30876.604821625
30877.212609870
30878.447673852
30878.918373206
30879.380299842
30880.326843814
30880.977814653
30881.525787057
30882.373467196
30882.845332272
30884.145828382
30885.199017008
30885.831708008
30886.329765159
30886.987401747
30887.221862037
30888.640558217
30889.010957795
30889.848572174
30890.486472065
30891.422607187
30891.847722115
30893.162454683
30893.580682222
30894.243216085
30895.339766322
30895.897359855
30896.808003817
30897.376197503
30897.960523472
30898.701723740
30899.084931838
30899.929051296
30900.904967976
30902.144508755
30902.706069565
30903.020914064
30904.332024527
30904.782012409
30905.339135114
30906.024817906
30906.723275750
30907.811108322
30908.500515362
30908.953422032
30909.579422911
30910.452130362
30911.217480183
30912.507129736
30913.105142654
30913.551833449
30914.526525516
30915.054577551
30915.777822036
30916.093229823
30917.288769851
30917.781849348
30918.440300047
30919.507066139
30920.667627908
30921.149650154
30921.563360036
30922.460566207
30922.977457673
30924.135945191
30924.908365544
30925.452479028
30925.756805671
30926.688228674
30927.410480702
30928.299343946
30928.812418974
30930.183853148
30930.815208697
30931.557161847
30932.107840139
30932.821925769
30933.415364985
30934.021850449
30934.726658328
30935.780802697
30936.456656045
30937.232198759
30937.800451265
30938.724579932
30939.544635004
30940.373042541
30940.946341793
30941.774818032
30942.353396662
30943.153191576
30944.037672301
30944.493812183
30944.866162198
30945.536808788
30947.156000499
30947.667969866
30948.764262516
30949.060178510
30949.809043072
30950.416366888
30951.330701768
30951.770778603
30952.829600561
30953.380230631
30954.077665526
30954.905646068
30955.435332530
30956.582168583
30957.350562254
30957.611441886
30959.050787695
30959.924850722
30960.067185996
30960.636107511
30961.446941026
30962.127877982
30962.853290189
30963.698319979
30964.553340866
30965.229787756
30966.526745465
30966.905458634
30967.483428960
30968.293774452
30968.762757113
30969.813434395
30970.651558986
30971.082904526
30971.948508011
30972.519291086
30973.121270265
30973.803244332
30975.269760598
30975.924530642
30976.641962862
30977.139875997
30977.780327658
30978.816631489
30979.349972974
30979.644843454
30980.624463992
30981.312395312
30982.396142780
30983.188005610
30983.871020000
30984.390000518
30985.315649406
30986.079935696
30986.964956851
30987.326575313
30988.567003462
30988.810667850
30989.377441776
30990.220829040
30991.078221198
30991.519280417
30992.722866524
30993.799108409
30994.285820897
30995.054258194
30995.786558717
30996.263441592
30996.574175735
30997.743968328
30998.766567574
30999.353250012
30999.669607510
31000.492833892
31001.699162375
31002.327620217
31002.974775432
31003.791356558
31004.690802985
31005.267180229
31006.187755708
31006.574381612
31007.287949416
31007.724172519
31008.840903948
31009.143777291
31010.948300284
31011.090341209
31012.108162784
31012.583341854
31013.287083100
31014.066277482
31014.912073952
31015.554011596
31015.953185313
31017.126177361
31017.817898841
31018.254252090
31018.998834330
31019.798943325
31020.906954586
31021.905013981
31022.405218429
31022.950184646
31023.728443991
31024.168846986
31025.151699765
31025.719010024
31026.211144940
31027.450693824
31028.024219968
31028.882116827
31029.823100385
31030.646697300
31031.079011708
31031.360250537
31032.738489001
31033.449690335
31034.055754751
31034.805621817
31035.251528051
31035.757936961
31036.722871883
31037.869576759
31038.601096210
31039.322989638
31040.136474292
31041.080033891
31041.265986788
31041.964223381
31042.747847598
31043.354089847
31044.304128389
31045.175096478
31045.637716137
31046.690949739
31047.240974990
31048.053389041
31048.868695926
31049.713486775
31050.531541308
31051.024680651
31051.606105079
31052.384259976
31053.327585653
31053.633673511
31054.332491421
31055.112702258
31056.697524299
31057.295006272
31057.877618921
31058.106642635
31059.230844761
31059.819089117
31060.400012827
31061.485025135
31062.063071969
31062.715759107
31063.272327137
31064.329802458
31064.890185199
31065.833076920
31066.719120966
31067.402680550
31068.060060109
31069.192985186
31069.363755266
31070.095913816
31070.747144661
31071.071466355
31072.670754755
31072.969767898
31073.925304992
31074.984221200
31075.297924216
31076.381734373
31076.925842862
31077.477781722
31078.122765034
31079.339477788
31079.876995630
31080.389985029
31081.124703094
31081.800673821
31082.413389672
31083.633286792
31084.492866283
31085.545673295
31085.743951632
31086.374828076
31087.177463948
31087.764381658
31088.781198920
31089.089326246
31089.974518820
31090.734773058
31091.719347232
31092.611121005
31093.266476441
31093.664539342
31094.477755211
31095.588123232
31096.336547069
31096.900961397
31097.256800699
31098.188803338
31099.066715051
31099.250492712
31100.204937265
31101.411795517
31102.288079747
31102.736432013
31104.005305268
31104.082320557
31104.797531977
31105.621964213
31106.086280166
31107.102110147
31107.932939999
31108.774679259
31109.207840652
31109.571903137
31111.156823073
31111.686231212
31112.348133493
31113.285181746
31113.753258638
31114.720525867
31115.415395928
31115.700914561
31116.585033215
31117.103697391
31117.875894982
31119.258061185
31119.859172896
31120.606530173
31121.562174287
31121.648476154
31122.570985813
31123.327338252
31124.481317120
31124.620088320
31125.633235673
31126.037970583
31126.974539630
31127.808326503
31128.421493871
31129.127071571
31130.570540573
31131.013587188
31131.662593812
31132.241547406
31133.044877680
31133.277757583
31134.338352404
31135.190007138
31135.719952402
31136.558149562
31137.654546326
31138.217130914
31139.232821787
31139.398557208
31140.549393964
31141.065680575
31141.757648838
31142.874906683
31143.378773673
31143.956984513
31144.354279831
31145.225294900
31146.067782463
31147.603578993
31147.935178512
31148.562538660
31149.221986241
31150.131266599
31150.857369915
31151.332130391
31151.664780228
31153.012405477
31153.546852354
31154.480861820
31154.951789189
31156.028213279
31156.556819659
31157.391406387
31158.218863226
31159.084018681
31159.835909845
31160.166243694
31160.988743667
31161.519807064
31162.434288820
31162.955176589
31163.848128241
31164.731844889
31165.941448094
31166.497124459
31167.159760662
31167.599228913
31168.098112329
31169.119855179
31170.161688197
31170.545703692
31171.358385818
31171.846374519
31172.769132265
31173.413142394
31174.468091036
31175.336689441
31175.728549021
31177.075213614
31177.345623212
31177.871552790
31178.811037203
31179.512539377
31179.829738165
31180.504757054
31181.855222140
31182.709850437
31183.259285363
31183.982499657
31184.698299966
31185.627667928
31186.117636399
31186.821330147
31187.835299004
31188.122142780
31189.161195383
31189.929214031
31190.295870573
31190.793245833
31192.090568566
31193.278720880
31193.605841489
31194.651711175
31195.059898051
31195.698058628
31196.274326801
31197.156016505
31197.718264950
31198.809277418
31199.341457055
31199.836360288
31201.211221066
31201.844420754
31202.391526496
31203.158465018
31203.688612019
31205.013521482
31205.488588152
31206.134014408
31206.774825777
31207.047020967
31208.122695336
31208.873279191
31209.676991568
31210.808308439
31211.634683292
31212.049141374
31212.788336776
31213.562304486
31214.158071501
31214.661417751
31215.596677618
31216.431508329
31217.270891905
31217.661177670
31218.558216460
31219.373955019
31219.900996516
31221.440887976
31221.723932080
31222.408653086
31222.902884284
31223.950918817
31224.672569086
31224.867606982
31225.951520209
31226.205635891
31227.505070173
31228.590048770
31229.382583615
31229.567048555
31230.625167220
31231.028328701
31231.861168938
31232.760779576
31233.402035220
31234.263560910
31234.735056407
31235.305270674
31236.078376024
31237.252302361
31237.752739067
31238.739829066
31239.529890919
31240.305424782
31241.093229309
31241.502845064
31241.823106272
31242.736648456
31243.646506571
31244.383858730
31245.283238319
31245.868794964
31246.664951222
31247.966084498
31248.090553350
31248.719698614
31249.706619979
31250.631923278
31251.048201286
31251.860617392
31252.509865724
31253.252427487
31253.836642888
31254.208334336
31255.893859902
31256.684523190
31257.242090692
31257.881327217
31258.388444844
31259.244495355
31259.838397290
31260.901508831
31261.146199401
31261.883920842
31263.089416947
31263.624083957
31264.380771557
31265.129653191
31265.927419569
31266.661057285
31267.659278678
31268.307471016
31268.802985249
31269.635465141
31269.999870819
31270.897807073
31271.432958044
31272.367096751
31273.442504040
31274.091984297
31275.004082064
31275.719807970
31276.299470984
31276.928211788
31277.418114429
31278.204143640
31279.701859565
31279.933474563
31280.158056398
31281.316885080
31281.720965646
31283.139218711
31283.566242600
31284.612359507
31285.263551819
31285.885894091
31286.629620462
31287.329709999
31287.906104837
31288.398095040
31289.223445943
31290.224051920
31290.816645575
31292.194960186
31292.736747080
31292.984599160
31293.759270499
31294.909997166
31295.430200141
31296.240874691
31296.855169509
31297.487749410
31298.217499082
31299.012999602
31299.697726693
31300.165736694
31301.518976641
31302.463552124
31303.219531441
31303.496422746
31304.123539192
31305.006565803
31305.681465574
31306.067471608
31307.248149695
31308.081493308
31308.364416593
31309.448163082
31310.197482391
31311.172045277
31311.654675157
31312.395882853
31313.068653487
31314.133999370
31314.688387737
31315.399078147
31315.789180487
31316.559095899
31316.976434043
31318.384145281
31319.499961053
31319.705151877
31320.636955486
31321.503900951
31322.037361650
31322.519877638
31323.315019959
31324.181488674
31324.811066426
31325.649410122
31326.331128247
31327.066193075
31327.713758703
31328.672587430
31329.356526412
31330.405901248
31331.103744817
31331.842445137
31332.153330306
31332.656905947
31333.904053256
31334.288597878
31335.069765033
31335.573710633
31337.018747473
31337.791506035
31338.320208533
31339.170399336
31339.585480304
31340.100697629
31341.414589656
31341.968215529
31342.550321856
31343.377514217
31343.967227916
31344.480532155
31345.436807714
31346.326451110
31347.489983329
31347.926834526
31348.575665162
31349.456348136
31350.302555924
31350.537329416
31351.278874906
31351.781812145
31352.881179328
31353.848076973
31354.490240221
31355.051177488
31356.090654966
31356.690973753
31357.492660093
31358.268963887
31358.812489078
31359.680068528
31360.364780311
31361.252366817
31361.527896801
31362.097822260
31363.304315387
31363.683166301
31365.230575678
31365.943884271
31366.341280970
31367.013807862
31367.662904714
31368.241914960
31369.166567804
31369.902130010
31370.686364551
31371.320477063
31371.750574530
31373.143609170
31373.771702656
31374.284501198
31374.917805173
31376.353701231
31376.631784960
31377.445347625
31378.062571753
31378.618738622
31379.296200688
31379.951809008
31380.778951549
31381.764752334
31382.750319369
31383.390461348
31384.182767157
31384.605631037
31385.655831126
31386.073675908
31386.629686759
31387.700138299
31388.350529322
31389.246971662
31389.862859155
31390.089211637
31391.068603689
31392.363351080
31393.206945503
31393.562425482
31394.437573210
31395.175804876
31395.589261223
31396.619939185
31396.955190641
31397.670147489
31398.451172181
31399.492386920
31400.337881211
31401.070254277
31401.923750188
31402.305586377
31403.169798148
31403.643817780
31405.045556003
31405.464968256
31406.065941564
31406.333742928
31407.532057835
31408.176308430
31408.669584504
31410.146061725
31410.392241346
31411.712556937
31412.296755425
31412.784260816
31413.313520516
31413.950718139
31414.725822300
31415.747314975
31416.308761664
31417.070678910
31417.805037963
31418.729914911
31419.318231808
31420.347681804
31420.797651189
31421.876881412
31422.192456930
31423.265622997
31423.697857972
31424.531246224
31425.197656755
31425.489500092
31426.292976852
31427.925967079
31428.468224856
31429.308903639
31429.573288405
31430.348404863
31431.329497900
31432.003810506
31432.274742141
31433.387270256
31434.091447061
31434.898052361
31435.285683570
31436.333290286
31437.069427835
31437.753995178
31438.743416420
31439.708373738
31440.099837938
31440.747947509
31441.634263792
31441.942275695
31442.521367613
31443.680894535
31444.405760616
31445.022630494
31445.997628213
31447.114850193
31447.593193561
31448.137254572
31448.607630540
31449.605578059
31450.369053169
31451.313560798
31451.822436915
31452.466321958
31452.820700222
31453.854575867
31454.754729645
31455.604819373
31456.685955147
31457.250101770
31457.608888409
31458.622489548
31459.149362428
31459.796746415
31460.585124122
31461.013990675
31462.009715384
31463.085982953
31463.703111676
31464.460641110
31464.960356197
31465.982304233
31466.544623612
31467.807927735
31467.961517123
31468.573078008
31469.670079397
31470.048252977
31470.899849041
31471.426778913
31472.074988720
31473.659103771
31474.252431875
31474.720303883
31475.788975724
31476.192167969
31476.679572015
31477.314174665
31478.444902397
31479.206632523
31479.677015734
31480.600503122
31480.978805285
31482.086138331
31483.142677670
31483.535817359
31484.218889265
31485.104455671
31486.230599750
31486.548332796
31487.047230030
31487.689851999
31488.436392001
31489.117838173
31490.133608108
31491.078871961
31492.124623548
31492.239330285
31493.309480683
31494.036578461
31494.327758775
31495.385721445
31496.067766472
31496.785397336
31497.420598798
31498.331217795
31498.822807644
31499.657891662
31500.178732509
31501.573165922
31502.394505740
31502.957463908
31503.493396572
31503.960094410
31504.909425580
31505.716630934
31506.084251753
31506.838906425
31507.902000429
31508.434698753
31509.820631565
31510.231066983
31510.702332149
31511.587953052
31512.284273611
31513.105412438
31513.862711458
31514.703661144
31515.160491352
31515.790759646
31516.281389323
31517.193782829
31518.564905743
31518.844168246
31520.029058619
31520.510635833
31521.432310475
31521.841185786
31522.616983086
31523.201441897
31523.561354245
31525.145736071
31525.612902779
31526.026992589
31526.914465560
31528.129796236
31528.345663685
31529.405037524
31530.124677774
31530.875869915
31531.635439656
31532.133750846
31532.788131653
31533.800552418
31534.039169136
31534.763244769
31535.732308115
31537.024171008
31537.787238841
31538.290289603
31538.838858374
31539.347386254
31540.290353881
31541.130407573
31541.793656006
31542.644910240
31542.820092816
31544.046036371
31544.677472884
31545.345304736
31546.232693077
31547.111154311
31547.906124460
31548.710874611
31549.242694992
31550.089632369
31550.347765699
31551.057104521
31552.081881182
31552.421302941
31553.750799125
31554.521076738
31555.030116552
31555.904553329
31556.857588332
31557.437413009
31557.714940945
31558.618692808
31559.711211962
31560.301890321
31560.892750515
31561.642041369
31561.981207017
31562.863484495
31564.115620724
31565.153999188
31565.440893203
31566.193311357
31567.149469420
31567.463965585
31568.276294754
31568.778667450
31569.806125005
31570.385553580
31571.029928712
31572.301537682
31572.712542490
31573.861781525
31574.139948057
31574.665652662
31576.165431142
31576.558578866
31577.297292657
31577.771396971
31578.562444286
31579.065113177
31580.161022608
31580.507715850
31581.501319901
31582.699984171
31583.477987174
31584.020051629
31584.498375943
31585.296218096
31585.874285987
31586.612933225
31587.424319591
31588.326297939
31589.041734688
31589.505728024
31590.134966881
31591.495124403
31591.866764568
31592.861125085
31593.681410570
31594.139657924
31594.810334794
31595.914762656
31596.441857182
31596.662648750
31597.278157090
31598.382832925
31599.543905854
31600.256090053
31600.900660757
31601.700270528
31602.209180385
31602.976827089
31603.766841562
31604.386079683
31605.245263314
31605.900535034
31606.645646843
31607.132003803
31608.025488424
31608.802712373
31609.613670705
31610.555163580
31611.498815579
31612.285031992
31612.408663352
31613.160507802
31613.776857877
31614.676031631
31615.407213044
31616.285745287
31616.656625659
31617.836722311
31618.841382995
31619.246109605
31619.999692251
31620.611922381
31621.312905899
31622.431776719
31623.094587603
31623.498566879
31624.122395032
31625.188223104
31625.324956441
31626.224462603
31627.800929690
31628.420894646
31628.721044219
31629.659886147
31630.361622210
31631.096630467
31631.570521526
31632.296013858
31632.906459624
31634.082638381
31634.575069699
31635.531319802
31636.140976388
31636.630341300
31637.911702564
31638.709522148
31638.934004387
31640.213086288
31640.559476169
31641.145034781
31642.079661359
31642.460074195
31643.378530743
31643.881733879
31645.204861863
31645.938453017
31646.898590252
31647.422969930
31647.786925353
31648.810659941
31648.954690890
31650.370936790
31651.002429453
31651.649131357
31652.097882630
31652.755786153
31653.936264638
31654.712368282
31655.233505168
31656.240506772
31657.054812709
31657.832250474
31658.265269052
31658.937493702
31659.548412625
31660.378013146
31660.679394901
31662.223214993
31662.472428718
31663.780441310
31664.218455923
31665.018970832
31665.565894282
31666.464662796
31667.256872464
31667.889083990
31668.283144723
31669.643082169
31669.945643761
31670.636486694
31671.051461228
31672.105402833
31673.289834311
31674.346605587
31674.567596235
31675.261226635
31675.820556014
31676.864792640
31677.183025325
31678.054900829
31678.677288323
31679.599778291
31680.443213427
31680.925550886
31682.185519923
31682.703202409
31683.273137951
31683.926796166
31685.095628189
31685.682218879
31686.554816210
31686.755673232
31687.650542586
31687.945184741
31689.158072913
31689.834456509
31690.911530886
31691.618336806
31692.389288886
31693.127356102
31693.863639282
31694.227269173
31694.651648154
31696.049160768
31696.485588031
31697.370224161
31697.883265696
31698.808515017
31699.294152821
31700.383856704
31701.094707695
31702.142318823
31702.634223174
31703.168105204
31704.082201388
31704.620491604
31705.248511291
31706.182098994
31706.502743148
31707.214182255
31708.935004039
31709.449363066
31709.817087431
31710.591122070
31711.342988359
31712.057188125
31712.807486911
31713.641479774
31714.322039901
31714.832993339
31715.570682953
31716.597496173
31716.765736203
31718.005432784
31718.914126883
31719.639443133
31720.475762710
31720.979313493
31721.930248330
31722.175638540
31722.732159085
31723.584733068
31724.615986080
31725.479532465
31725.838788115
31726.772963208
31727.854182313
31728.421977703
31729.062629887
31729.643940030
31730.505683910
31731.400079477
31732.084849552
31732.743663165
31733.114525572
31733.981974318
31734.430488685
31735.735288790
31736.712099738
31737.321257329
31738.339513136
31738.581727711
31738.975687491
31740.236417038
31740.864453516
31741.146718823
31742.255810134
31742.905147862
31743.679724995
31744.615873948
31745.255994546
31745.920204248
31746.566740764
31747.921744562
31748.416540673
31748.919723435
31749.519609730
31750.242831990
31751.102818717
31751.715683715
31752.047669055
31753.449239801
31754.141556970
31755.140043863
31755.808893644
31756.343096444
31756.973833662
31757.665939917
31758.316845025
31759.202183308
31760.227349166
31760.706464062
31761.111583266
31761.865788848
31762.774731811
31763.941306328
31764.636669105
31765.116859232
31765.968030054
31766.922184259
31767.338737801
31767.962122890
31768.633119672
31769.065736163
31770.209347203
31770.933426306
31771.972273258
31772.677736501
31773.229364215
31774.092289408
31774.652605883
31775.446399468
31776.236714197
31777.146934587
31777.567229072
31778.072846047
31779.085401329
31779.750465465
31780.376554997
31781.010712909
31782.706263137
31783.041735250
31783.645915281
31784.509821183
31784.800181642
31785.545930339
31786.313192643
31787.404470325
31787.704613471
31788.510366713
31789.393603747
31790.363615156
31790.939948774
31791.675513381
31792.507467371
31793.057975959
31794.137260997
31794.558095236
31795.579893658
31795.903872007
31796.590389731
31797.024871815
31798.039443983
31799.171158035
31800.211920578
31800.572774998
31801.118067849
31802.339873875
31802.717483307
31803.222011912
31804.031187637
31804.715964077
31805.725584198
31806.467030077
31807.107867615
31807.347921510
31808.787813358
31809.267678137
31810.179084794
31811.191473045
31811.744549072
31812.203677037
31812.931939533
31813.658893293
31814.359228277
31814.892625098
31815.814255558
31816.516234724
31817.614565273
31818.576145541
31819.170267390
31819.674831387
31819.967841589
31821.077376336
31822.170656851
31822.728809351
31822.995947639
31824.070160825
31824.587715079
31825.163221675
31826.385571873
31826.916681834
31827.990765375
31828.798931483
31829.343664132
31830.197704803
31830.428193525
31831.541753257
31831.796506286
31832.542951437
31833.581977571
31834.618592275
31834.951554307
31835.960485196
31836.501464860
31837.542226792
31838.132766477
31838.864096861
31839.467849525
31840.296932659
31841.163095098
31841.611973847
31842.288689376
31843.007187278
31843.343646265
31845.080430004
31845.690189555
31846.406889074
31847.007067286
31847.592021695
31848.440616584
31848.898685254
31849.601292757
31850.810447188
31851.175157005
31851.758915128
31852.657075124
31853.791607415
31854.252394729
31854.855172632
31855.914646093
31856.487919287
31857.669487095
31858.067881878
31858.604232279
31858.977441125
31859.892708030
31860.926502501
31861.240535353
31862.397107409
31863.317797666
31864.178402250
31864.634823338
31865.400501979
31865.917618069
31866.889931851
31867.134812075
31868.548549202
31868.919369121
31869.553927470
31870.381375218
31870.977061419
31871.620938672
31873.057203425
31873.646424883
31874.460414464
31874.789323731
31875.585027159
31876.471024009
31877.032869906
31877.706089842
31878.037022305
31879.095508739
31880.287511496
31880.820935553
31881.688674311
31882.387217102
31882.840122612
31883.729768691
31884.537349358
31885.395690343
31885.826928989
31886.703836091
31887.231152169
31887.884539204
31888.579173281
31889.524949890
31890.577903401
31891.047160305
31892.490998686
31892.588782330
31893.418921852
31893.772344385
31894.501511032
31895.326237755
31896.275771937
31896.943569461
31897.749218663
31898.064099593
31899.311394508
31900.260780750
31900.670342659
31901.148922243
31902.476910759
31903.021877964
31903.488889453
31904.404107071
31905.054012244
31905.439459995
31906.208274016
31906.945726193
31908.393383889
31909.151969422
31909.614678835
31910.155484129
31911.064744823
31911.595743459
31912.513307209
31913.062424720
31913.773433466
31914.501018136
31915.446138750
31916.149280532
31916.541183036
31917.563385957
31918.319094736
31919.569437008
31919.923538897
31920.578520158
31921.339014400
31922.006310279
31922.494777900
31923.161870425
31924.139596370
31924.771082292
31925.607878055
31926.853814611
31927.176432000
31928.049271090
31928.951732905
31929.138003950
31929.746401623
31931.186349984
31931.635844113
31932.445039993
31932.821014167
31933.222728761
31934.519627984
31935.133887501
31936.295476619
31936.908579690
31937.688672788
31938.241223246
31939.251943411
31939.551082522
31940.132866852
31940.881195347
31941.778568523
31942.585876755
31943.238543118
31944.375943236
31944.885231500
31945.485363761
31946.275022349
31947.234110556
31948.029166261
31948.458877541
31949.399373573
31949.618982829
31950.890822605
31951.256438109
31951.794489846
31952.593762295
31953.957412872
31954.929706490
31955.324763479
31955.862073122
31956.715354801
31957.003268876
31958.237603420
31958.597699300
31959.450346803
31960.511109565
31960.736011483
31961.545606269
31962.566498883
31963.400862899
31964.061954833
31964.681764493
31965.588238547
31966.561038997
31966.958649276
31967.482957232
31968.326033521
31968.751237993
31969.362902177
31970.862956462
31971.522744939
31971.937981380
31973.182614418
31973.694134181
31974.280464130
31974.933373032
31975.630693203
31976.498813696
31977.241447856
31977.999401235
31978.544603601
31979.290720682
31979.869943408
31980.869011768
31981.844534545
31982.726284880
31983.389963544
31983.970517450
31984.487759596
31985.052637680
31986.145225454
31986.662622427
31987.197712543
31988.070834673
31988.995186238
31990.194228334
31990.572957120
31991.253401900
31991.713282112
31992.806016458
31993.505758488
31994.302689061
31995.067180380
31995.349328986
31996.173357307
31996.920423577
31997.554592444
31998.452927924
31999.733084721
32000.227657717
32000.904729113
32001.611831834
32002.497504756
32003.032054806
32003.254180107
32004.122071066
32005.426330408
32005.929584128
32006.485904018
32007.392160530
32007.995469936
32009.228348999
32009.545081205
32010.698214314
32010.954462186
32011.844861872
32012.838598684
32013.335758551
32013.626781754
32014.499312158
32015.248763685
32016.006706673
32017.348972460
32018.099807039
32018.577922782
32019.206421113
32019.829755202
32020.608565423
32021.251461265
32022.413305425
32022.751345811
32023.281734542
32024.311294445
32024.906865869
32025.929767139
32026.470802333
32027.164120790
32028.456928984
32029.088922838
32029.621666164
32030.010929638
32030.924364736
32031.476833122
32032.135196560
32033.123384922
32033.644347549
32035.034299129
32035.275991537
32036.310773374
32037.109342409
32037.547741039
32038.122214875
32039.214238444
32039.687559755
32040.583042371
32041.392907512
32041.906911452
32042.444672879
32042.848298704
32044.625084232
32045.111527367
32045.940046595
32046.491240129
32047.265315284
32047.882063645
32048.728332907
32049.062561327
32049.896547266
32050.555656010
32051.688279276
32052.274082251
32053.087817486
32053.835560114
32054.821779825
32054.966390817
32056.016611568
32057.184776761
32057.455609640
32058.209648015
32058.603546466
32059.587693483
32060.129674647
32061.024603242
32061.608785762
32062.917154130
32063.579858804
32064.578844452
32064.887166614
32065.292244315
32066.164142629
32066.818275780
32067.832124395
32068.649770870
32069.019310118
32069.717786104
32070.636538624
32071.684808648
32071.911728002
32073.382746762
32073.593497421
32074.522415754
32075.181474780
32075.982139480
32076.598428638
32077.046344871
32077.761431100
32078.353026006
32079.631075953
32080.624482525
32081.238212680
32081.772663016
32082.322119889
32083.466060886
32084.066312186
32084.428418190
32085.324957458
32086.315122513
32086.909848196
32087.303031546
32088.295493840
32088.871549787
32089.726426090
32091.030420493
32091.508942650
32092.176280886
32093.075241624
32093.360842942
32094.018294339
32094.828644860
32095.506420235
32096.447732379
32097.232038713
32097.568290859
32099.075692967
32099.717135852
32100.017838965
32100.904113681
32101.358965507
32102.634219097
32103.320767920
32103.762418827
32104.448497505
32104.949855479
32105.809951920
32106.470029262
32107.614589718
32108.590228119
32109.057708344
32110.008809206
32110.529707837
32111.048382334
32111.921983166
32112.441711890
32113.295116478
32113.810775569
32115.076159311
32115.634356735
32116.096212075
32117.065976993
32117.804731622
32118.740414232
32119.460352418
32120.237343461
32120.694395713
32121.309958929
32122.252800434
32122.992222235
32123.343084999
32123.846639452
32125.249492922
32126.299094067
32126.822469026
32127.470157497
32128.247702030
32128.902734041
32129.135842685
32130.395815015
32131.201237305
32131.644438000
32132.494112377
32132.994590420
32133.707285712
32134.844547197
32135.729517809
32136.004762424
32137.151395813
32138.080105789
32138.382791391
32139.327007430
32139.770672024
32139.967102134
32141.229119989
32142.025138976
32142.728419602
32143.643486155
32144.494129276
32145.160317097
32145.768101023
32146.646993930
32147.038442738
32148.115756846
32148.636242918
32149.524952463
32150.053447224
32150.830077755
32151.352947681
32152.063173587
32153.047936479
32154.550680986
32154.889474442
32155.327460836
32155.824450369
32156.934281568
32157.497682695
32158.072741826
32158.755612674
32159.811549863
32160.106463568
32161.410970774
32162.032249784
32162.796454939
32163.287467465
32164.171638732
32165.123045258
32165.720811854
32166.406615383
32167.257374152
32167.698692368
32168.103428344
32169.075349274
32169.827237219
32170.934921829
32171.648354553
32172.439813451
32173.254983142
32173.905166396
32174.338179886
32175.160209183
32175.446618287
32176.770555966
32177.608816717
32177.990674073
32178.585958239
32179.404155161
32180.386413326
32181.347018572
32181.773031765
32182.746701848
32183.527102642
32184.001298578
32184.801615182
32185.239999612
32186.182778989
32186.793061811
32187.080382635
32188.601717768
32189.446849882
32190.125465856
32190.809962732
32191.314147491
32191.864934618
32192.971237287
32193.846792425
32194.137415936
32194.952497072
32195.563363977
32196.571345659
32197.184416347
32197.544019630
32198.858069665
32199.829091723
32200.282899162
32201.367259379
32201.789953290
32202.069312021
32203.008031730
32203.838423521
32204.194305167
32205.400444353
32206.033523286
32206.851480636
32207.473795486
32208.645331993
32209.088717270
32209.739139410
32210.455427864
32211.154651961
32212.370209920
32212.661123056
32213.370140167
32213.826202914
32214.515331406
32215.369149863
32216.831322239
32217.206501812
32218.184798703
32218.540612881
32219.502974127
32220.054930913
32220.601800475
32221.409372074
32222.053829286
32223.183248390
32223.469196919
32224.340973449
32225.489960194
32225.907681267
32226.421127818
32227.600999961
32228.568103728
32228.996983024
32229.617398375
32230.180422012
32231.042415623
32231.539588396
32232.419267910
32233.129615910
32233.739944704
32235.438260114
32235.612844691
32236.459868964
32236.811039866
32237.695211491
32238.331885795
32239.091366489
32240.065799693
32240.616044988
32241.355378803
32241.853722333
32242.524193921
32243.739677640
32244.360584632
32245.349062316
32246.095450644
32246.375927888
32247.531752321
32248.064596362
32248.681521654
32249.129200857
32249.693583792
32251.015922863
32251.723509043
32252.633249479
32253.146976282
32253.908122650
32254.922371515
32255.274743665
32255.973950540
32257.051700228
32257.609685006
32258.075334755
32259.172576713
32259.549576043
32260.117377372
32261.077004990
32262.030292779
32263.106624808
32263.715451395
32264.557079125
32264.777446242
32265.577300824
32265.996254522
32267.244944162
32267.838972429
32268.361296602
32269.119280643
32270.156459936
32270.869268195
32271.776965029
32272.270485173
32272.830372189
32273.882978689
32274.936445802
32275.289328991
32275.636479288
32276.686449270
32277.148083893
32277.848119955
32278.544163377
32280.071440788
32280.499499201
32281.257429581
32281.902568918
32282.685862944
32283.454246296
32283.803051209
32284.561609523
32285.448602226
32286.248285504
32287.182377882
32287.471463847
32288.170565331
32289.109936739
32290.117987717
32290.998055567
32291.559606970
32292.078766695
32293.032491515
32293.538113232
32294.219349087
32294.924568664
32295.375767867
32296.426224129
32297.232445928
32298.248515401
32299.150462885
32299.584083491
32300.133976832
32300.735217650
32301.832771480
32302.333726112
32303.606124559
32303.712874392
32304.326512738
32304.960146410
32306.260330367
32306.633312423
32307.584018151
32308.492660309
32309.469904603
32309.977143208
32310.477509970
32311.182091662
32311.915605346
32312.269944606
32313.380686399
32314.145448706
32314.997526904
32315.455967554
32316.769231990
32317.104085524
32317.744362698
32318.860785553
32319.463800231
32319.917890528
32320.870226307
32321.586023497
32322.411179730
32322.596303000
32323.517164293
32323.929045267
32325.843941112
32326.121946863
32326.852228514
32327.551910766
32328.043433476
32328.920484863
32329.592508308
32330.223592657
32330.895148910
32331.931025108
32332.349041973
32333.329275995
32333.950664565
32334.842465460
32335.722852721
32336.040867526
32337.344564570
32337.886926463
32338.715741664
32338.987159755
32339.552695594
32340.441463600
32341.271988852
32341.868151776
32343.028464089
32343.684601759
32344.527096690
32345.540564251
32345.761987957
32346.433299101
32346.868587276
32348.215729091
32348.898225934
32349.307354613
32350.101933648
32350.864379921
32351.315796231
32352.370686661
32353.431670645
32354.099152906
32354.824675040
32355.557669837
32355.961879794
32356.868030299
32357.576274473
32357.961073399
32358.853938055
32359.381895868
32360.689192407
32361.622283767
32362.067267356
32362.493548332
32363.623106953
32364.095260172
32365.097962294
32365.832194084
32366.197196340
32367.059867785
32367.957296784
32368.244953093
32369.042611657
32369.901908036
32370.894762073
32371.915479060
32372.644501453
32372.970566425
32373.878423325
32374.389402697
32375.048668212
32375.512889225
32376.860820810
32377.486242362
32377.951354230
32378.571563912
32379.857406063
32380.539268317
32381.190784448
32381.640175858
32382.774043760
32383.384519176
32384.185783820
32384.853472533
32385.313560480
32385.836376333
32386.544251231
32387.766954258
32388.428534950
32389.615304764
32390.291208151
32390.433084345
32391.456305852
32392.072499627
32392.799914503
32393.581463391
32394.125134390
32395.020022163
32395.836065693
32396.290399036
32397.460940594
32397.615054655
32398.748335480
32399.960309045
32400.409416295
32401.068647759
32401.596771258
32402.198422990
32403.160200046
32403.727872918
32404.291589786
32405.063952179
32406.220094215
32407.001205356
32407.821375746
32408.361742783
32409.096017249
32409.629164263
32410.357105028
32411.332349715
32412.242876252
32412.604142142
32413.152729854
32414.115932410
32414.358957605
32415.712359240
32416.695646880
32417.394927899
32417.644957435
32419.015061192
32419.531606538
32419.918532183
32420.366003152
32421.443089778
32421.917559893
32423.086091070
32423.764261740
32424.326274183
32425.425439328
32425.829927739
32426.882229837
32427.316870334
32428.262052830
32429.034379183
32429.628953618
32430.256838870
32430.777762166
32431.926208069
32432.286493171
32432.684686315
32434.308421581
32435.228358565
32435.695416357
32436.326508547
32436.916069962
32437.376567044
32438.527645309
32439.027441866
32439.943579809
32440.419204918
32441.229116077
32442.004788666
32442.913320878
32443.680439919
32444.125255492
32445.294060291
32446.013622673
32446.503142304
32447.524880733
32447.806087913
32448.685078742
32448.971750494
32449.788959097
32450.981370046
32451.782990699
32452.535953761
32453.208136358
32454.169940340
32454.476004406
32455.553998266
32455.811016961
32456.558487071
32457.654011873
32458.478423870
32458.898681813
32459.358826914
32460.121685719
32461.351280497
32461.976667666
32463.014219178
32463.760372461
32464.149571219
32464.768918884
32465.638090972
32466.405671729
32466.587943288
32467.767785685
32468.364252487
32469.126151804
32470.371241289
32470.967534387
32471.587410182
32472.119507092
32472.715383292
32474.093304368
32474.599253114
32475.067330600
32475.841775833
32476.316803660
32477.368255007
32477.756240168
32478.690542280
32479.714963596
32480.605037667
32481.521355659
32481.674946890
32482.670443464
32483.124814125
32483.811104672
32484.386648226
32485.698592815
32485.883096205
32486.993011225
32487.744941872
32488.032866339
32489.297564491
32490.162908456
32490.631490563
32491.277147304
32492.273550372
32492.802366384
32493.593570475
32494.278191623
32494.625331516
32495.301772915
32496.209581737
32497.724210576
32498.306411336
32498.512295526
32499.635697150
32500.180888435
32500.843874287
32501.398544247
32502.389114851
32503.302172464
32503.538778377
32504.331824508
32505.329217305
32505.885911563
32506.765180886
32507.500143750
32508.368786921
32509.432636289
32509.842216016
32510.536976240
32510.929367803
32511.562758635
32512.552635322
32513.231336630
32513.974025211
32514.726036211
32515.790169811
32516.672137501
32517.172949821
32517.653307832
32518.505286284
32519.163691410
32520.170944262
32520.654820964
32521.580791703
32522.164172915
32522.457139034
32523.404738046
32524.228040749
32525.553879459
32526.191367867
32526.657370747
32527.422076316
32528.020226340
32528.891574734
32529.635010962
32529.905346412
32530.513089698
32532.018038244
32532.411144577
32533.142296826
32534.103491926
32534.796126600
32535.187584614
32536.502878003
32536.923171218
32537.739558524
32538.278799337
32539.236775255
32539.513689569
32540.373879682
32540.952322672
32541.912752214
32542.864953041
32543.754944009
32544.624962155
32545.213673895
32545.658755855
32546.151334032
32546.962548607
32547.960938167
32548.662073941
32549.479818227
32549.848709049
32550.471644729
32551.821197040
32552.417414280
32552.934333898
32554.018200880
32554.555327687
32555.625826094
32556.008853949
32556.619491699
32557.205936750
32558.101474313
32558.473573360
32559.442000303
32560.780342345
32561.291611426
32562.093583173
32562.425190442
32563.499187686
32564.163328669
32564.591214373
32565.738478583
32566.045446152
32566.927980017
32567.859375324
32568.290264687
32568.998833938
32569.547920804
32571.201441167
32571.585947900
32572.494398489
32572.776618483
32573.713618012
32574.420153398
32574.672674993
32575.748131406
32576.382002902
32577.147981409
32577.918079724
32579.025446875
32579.516672980
32580.491716569
32580.970963507
32581.571406096
32582.299948893
32583.671684450
32583.955353564
32584.484689248
32585.127378807
32585.791355195
32586.520255585
32587.707751042
32588.331719358
32589.318725773
32590.044510745
32590.605061468
32591.406943917
32591.930287109
32592.414999952
32593.223589631
32594.208138707
32594.933215696
32595.500351289
32596.416003283
32597.031817252
32597.949751310
32598.572879125
32599.482606791
32600.557046053
32600.847058954
32601.124936544
32602.440515982
32602.957284148
32603.529059980
32604.027508076
32604.883922614
32606.208523761
32607.027357055
32607.864078166
32608.055446922
32608.587729045
32609.767837639
32610.207746498
32611.166066249
32611.660445370
32612.612926856
32613.129513732
32613.805494429
32614.535118039
32615.810968270
32616.091536982
32617.071346813
32618.069348520
32618.525030739
32619.273566802
32619.839349021
32620.471261844
32620.868672938
32621.880424978
32623.158405710
32623.308812522
32624.384877130
32625.117483926
32626.172493252
32626.516046289
32627.026795375
32627.989565379
32628.674495677
32629.672802619
32630.204054808
32630.610497766
32631.486026033
32632.106640561
32632.810288736
32634.330472763
32634.772811953
32635.600721489
32636.090375518
32636.801463219
32637.351493170
32638.177596174
32638.940532161
32639.560539046
32640.180882251
32641.110401366
32642.340975676
32642.591503747
32643.382827106
32643.987885852
32645.056809905
32645.804732404
32646.430582490
32647.168034670
32647.756005622
32648.118321083
32649.229411804
32649.852582631
32650.258159347
32651.914008380
32652.411488940
32652.994550834
32653.931147322
32654.631767252
32654.916236729
32655.672525323
32656.371118643
32657.530529006
32658.159229682
32658.782444457
32659.101673952
32660.213244663
32661.121305905
32661.956738642
32662.744726994
32663.122556460
32664.135339980
32664.898043013
32665.370581007
32666.013874443
32666.562436791
32667.257096373
32668.254994713
32669.260184502
32670.068418440
32670.778532589
32671.424469537
32671.954152449
32672.581507903
32673.762355970
32674.226253680
32674.889456017
32675.666146323
32676.225824449
32677.162830017
32677.620538194
32678.694804383
32679.187055809
32680.612650930
32681.225013525
32681.770236485
32682.108883427
32682.886187801
32683.665845337
32684.522219903
32684.839458549
32686.126885644
32686.518622240
32687.459356900
32688.549473690
32688.884903521
32689.820481866
32690.216501519
32691.212101833
32692.027211931
32692.569819389
32693.371311435
32694.170611085
32694.515577874
32694.769273783
32696.350086548
32697.312384189
32698.053602216
32698.455045202
32699.352584356
32699.995827809
32700.808136562
32701.255864129
32701.709953510
32702.967401628
32703.461740510
32704.439278535
32704.930183505
32705.741081612
32706.614053284
32707.312680010
32708.147517356
32708.956623723
32709.738956517
32710.249185360
32710.714525995
32711.501600599
32712.293512740
32712.962894518
32713.617542932
32714.529483843
32715.983926060
32716.353450599
32716.707917527
32717.745802930
32718.085229541
32718.724248840
32720.051593254
32720.702296355
32720.948967393
32721.673020867
32722.653788204
32723.274083632
32724.123444580
32725.007957890
32726.045850268
32726.371984300
32727.231415285
32728.050858530
32728.467785860
32729.306623136
32729.532670253
32730.527398306
32731.397444984
32732.432531536
32733.187442257
32733.679961647
32734.437100967
32735.315071537
32736.132323193
32736.517128447
32737.306391596
32738.205448281
32738.868648434
32739.546902749
32740.137027041
32740.619389607
32741.560331241
32742.853389230
32743.560626257
32744.198903997
32744.956377472
32745.384707311
32746.017326535
32746.875968077
32747.415667133
32748.468192056
32748.906949460
32749.947241721
32750.234735457
32751.824929972
32752.180774745
32752.611230951
32753.346807526
32754.709126322
32755.113278265
32755.856432221
32756.379136723
32756.893664761
32757.731283522
32758.382641716
32759.239044398
32760.418052839
32760.942272516
32761.900253477
32762.692831132
32762.970885967
32763.589548699
32764.654651694
32765.106661558
32765.774288395
32767.007873783
32767.371497556
32768.067221912
32768.689087129
32769.639798825
32770.599033433
32771.473469275
32772.122770839
32772.600256005
32773.253198672
32774.232664288
32774.734578433
32775.314520132
32775.987429143
32776.602947960
32778.230127455
32778.495512666
32779.483667519
32780.031663456
32780.663676294
32781.354834187
32782.147540578
32782.938467747
32783.905370629
32784.161324759
32784.950001259
32785.459860918
32786.583655080
32787.123402699
32788.158293881
32789.003183494
32789.665128129
32790.568674705
32791.199530580
32791.475998586
32792.152026814
32792.782260978
32794.061210724
32794.710382889
32794.968322178
32796.259033362
32796.955424737
32797.635814867
32798.480749987
32798.985049767
32799.781702186
32800.676243047
32801.279012189
32802.054827345
32802.544329295
32803.171255360
32804.127613424
32804.300695842
32805.997774272
32806.975989535
32807.216516876
32807.790282921
32808.456773280
32809.666279598
32809.768285207
32810.629872413
32811.481475458
32812.030967794
32813.019642268
32813.682919711
32814.588034577
32814.930768775
32816.106340666
32816.674094316
32817.787673472
32818.241894176
32818.876322714
32819.445404350
32820.355185027
32820.718037222
32821.396171356
32822.572438745
32823.244743485
32824.107984473
32825.111015483
32825.575765503
32826.493984694
32826.689497655
32827.339575917
32828.468984440
32829.315613650
32829.852976394
32830.563678217
32831.019626645
32831.658670322
32833.067818957
32833.683454417
32834.258799825
32835.399532021
32835.845156261
32836.608766471
32836.984692975
32837.974530155
32838.527625804
32838.915034246
32840.051944611
32840.939004569
32841.788105207
32842.561636608
32843.124390260
32843.686161294
32844.544270062
32845.512876252
32846.142392774
32846.795553846
32847.097387321
32848.469580074
32848.631424422
32849.582392059
32849.914803679
32851.324526787
32852.307378934
32853.050194979
32853.271549361
32854.145803256
32854.883957016
32855.143997816
32856.342172544
32856.771215552
32857.839718752
32858.444072134
32858.937714053
32860.147642699
32860.758137432
32861.518384952
32862.281467206
32862.824594512
32863.697016765
32864.773327387
32865.192209967
32865.480823335
32866.145328648
32867.017433359
32867.847498964
32868.987769612
32869.937221092
32870.133376834
32871.137074766
32871.862060840
32872.419903966
32873.022784994
32873.662087204
32874.755702738
32875.377647914
32875.924382895
32876.694930980
32877.535795564
32878.306145270
32878.805611170
32880.325046671
32880.827468328
32881.102395764
32882.225493792
32882.486599066
32883.166002914
32884.231472358
32884.695984900
32885.266256296
32886.269445872
32887.520479872
32888.075451739
32888.757138344
32889.176232366
32889.892063185
32890.839007947
32891.660293822
32892.232244593
32892.992438521
32893.668154839
32894.086794043
32894.948609732
32895.742223103
32897.024181086
32897.446797123
32898.324862894
32899.016240409
32899.715240727
32900.360476512
32900.903894114
32901.474195122
32902.151980312
32903.361162859
32904.135577909
32904.641484055
32905.250944042
32906.475834161
32907.125250531
32907.475251964
32908.551680336
32909.186199026
32909.956906109
32910.476768472
32911.321237821
32912.033440400
32912.242804471
32913.207910470
32914.471948986
32915.230832345
32916.116591667
32916.687767167
32917.149006967
32917.643893386
32918.581745948
32919.440744086
32920.103708414
32920.856016876
32921.193054287
32922.386652841
32923.065562692
32923.837413168
32924.602568019
32925.110116605
32926.404898836
32927.042606992
32927.460400767
32928.015946671
32928.892901846
32929.371165861
32930.083916041
32930.994924531
32931.837849329
32932.988494993
32933.452010374
32934.067440105
32935.013179974
32935.517514420
32936.398212721
32936.530428447
32937.879513064
32938.684546760
32938.964292660
32939.967459003
32940.197973653
32941.154688283
32942.437199749
32943.338873182
32943.580875055
32944.538200209
32944.917172609
32946.115884532
32946.456855516
32946.813870584
32947.732090175
32948.870095743
32949.120415195
32950.442116341
32951.202402010
32951.770894082
32952.246837259
32953.231681627
32953.782103156
32954.887680357
32955.495301726
32955.978064265
32956.581727346
32957.217727826
32958.215565939
32958.883559658
32959.563152212
32960.856350799
32961.461645686
32962.325977813
32962.678212147
32963.262439238
32963.923535049
32964.726597025
32965.521573192
32966.475947070
32966.887055999
32967.676451789
32968.554037013
32969.353019506
32970.163215270
32970.698123813
32971.908564407
32972.040639469
32973.073973969
32973.650994000
32974.495496061
32974.918369628
32975.598356530
32975.981704711
32977.741105033
32978.533159460
32978.725508872
32979.708624013
32980.312324990
32981.014126384
32981.656068121
32982.590989095
32983.012843489
32983.786487647
32984.953480231
32985.218808602
32985.759639328
32987.106676415
32987.408028565
32988.699186068
32989.122053325
32990.263322493
32990.729541931
32991.012397420
32991.816065508
32992.491263596
32993.513828262
32993.853128853
32995.064351725
32995.562910613
32996.665755020
32997.598479419
32997.929548246
32998.404148009
32999.122874592
33000.320910475
33000.928891274
33001.640303537
33002.093286891
33002.762236361
33003.469225032
33004.326405056
33005.275952253
33006.355049003
33006.968839440
33007.401672722
33008.227671462
33009.070225669
33009.387315307
33010.240838468
33010.797980611
33011.617463341
33012.635465661
33013.324620050
33014.168836408
33014.780686931
33015.244393947
33016.554643716
33017.113931359
33017.747786551
33018.329749776
33019.275897380
33019.752677566
33020.511706087
33021.057324664
33021.758418140
33022.729690936
33024.020668167
33024.588402398
33025.200352918
33025.657794454
33026.623253888
33027.109840937
33027.542811808
33028.897269675
33029.495286723
33030.104720263
33030.435487163
33031.559947636
33032.615819503
33033.079291105
33033.878613938
33034.572824070
33035.660895701
33036.136365325
33036.791626289
33037.500660546
33037.741172987
33038.621417520
33039.573123883
33040.456139706
33041.262537546
33042.170224089
33042.833685021
33043.254605910
33044.240870295
33044.674248284
33045.552969337
33046.357301050
33046.932979749
33047.603551717
33048.718406305
33048.955267478
33049.456504602
33050.794180509
33051.714667489
33052.554860788
33053.114769863
33053.624659313
33054.069772921
33055.147403551
33055.785310309
33056.332243028
33056.933539121
33057.994052747
33058.838542205
33059.792820886
33060.139407282
33061.215629169
33061.605369180
33062.213975524
33063.567030657
33063.905006586
33064.600590758
33065.416631855
33065.654473721
33066.695483150
33067.088952435
33068.672264874
33069.128577549
33069.774841106
33070.834451339
33071.551006322
33071.796207420
33072.759138632
33072.892807648
33074.035412277
33075.103188094
33075.487153106
33076.289625234
33076.886733687
33077.906386131
33078.732837269
33079.244768995
33080.292831652
33080.825388800
33081.607310817
33082.189844583
33082.915587959
33083.483145219
33084.237484556
33084.838211531
33085.579519458
33087.217516699
33087.584960783
33088.266882067
33088.775991495
33089.365121631
33090.284409022
33091.228575649
33091.551362598
33092.480061976
33093.246490448
33093.567390296
33094.707308015
33095.515413904
33095.840551181
33097.077425024
33098.112055884
33098.413479925
33099.076999419
33100.072974596
33100.413179445
33100.919920801
33101.688489788
33102.686707032
33103.493525080
33104.250271548
33105.015256407
33105.880748566
33106.573194818
33107.255876919
33107.745107284
33108.600200519
33109.251400862
33110.459986931
33110.910487488
33111.142209943
33111.900904430
33112.737661120
33113.823693612
33114.820720174
33115.611253573
33115.859751084
33116.934437421
33117.413070514
33117.938235204
33118.833648888
33119.426356556
33120.180645832
33120.979765845
33121.790806511
33122.681423601
33123.399566420
33124.144266158
33124.456517288
33125.642762007
33126.594538723
33127.167140483
33127.500585233
33128.077320964
33129.176629275
33129.716465900
33130.273014438
33131.107443033
33132.468298215
33132.983146707
33133.888048592
33134.364151986
33135.058615785
33135.450768160
33136.342584081
33137.286340616
33137.861623670
33138.662393410
33139.389126255
33139.928238380
33140.601621349
33141.959269260
33142.467532761
33143.162015815
33143.871903943
33144.704158108
33145.429452149
33145.930085052
33146.594130662
33147.296354928
33147.538035633
33149.170137610
33149.745632256
33150.746317922
33151.115265848
33151.919221012
33152.704655329
33153.466063392
33153.744342552
33155.170730691
33155.364115201
33156.133941457
33156.949830905
33157.504625542
33158.324380436
33159.112421278
33159.988911915
33161.117183085
33161.776297473
33162.169318448
33162.847641934
33163.321053301
33164.334830804
33164.694695637
33166.113925235
33166.199455228
33166.956309995
33168.292150306
33169.140163418
33169.364432536
33170.031568923
33171.060470591
33171.688049748
33172.519908061
33173.444268936
33173.573887536
33174.523854154
33175.008800327
33175.632477470
33176.806784957
33177.809028039
33178.595829411
33179.365294362
33179.401575496
33180.653270306
33181.309901167
33181.815722941
33182.200477780
33183.308340178
33184.309784752
33184.810031137
33185.419133987
33186.288953326
33187.034462458
33187.918886587
33188.797437781
33189.398508728
33190.012145055
33190.804967059
33191.343189028
33192.177603557
33192.533597049
33193.483417172
33194.062563850
33195.405005225
33196.002019359
33196.950421667
33197.517503412
33198.057590150
33198.406263866
33199.435775109
33200.524516863
33201.073597674
33201.474860527
33202.298659170
33202.894451149
33203.923230361
33204.681437586
33205.472250259
33206.195691747
33207.158601664
33207.849838363
33208.369965956
33208.978559909
33209.356710905
33210.554464126
33210.853063114
33211.798490042
33212.989117198
33213.635530498
33213.989998984
33215.344259542
33215.468004056
33216.397333443
33217.213724489
33217.846569090
33218.469308652
33219.371579735
33220.053945478
33220.599643437
33221.121204826
33221.837087191
33223.601371669
33223.953465636
33224.523654340
33225.226588932
33226.034211754
33226.437553907
33227.402076857
33227.812836113
33228.766886700
33229.452019030
33230.256126106
33230.951031374
33231.973980081
33232.596680938
33233.238999438
33233.828790790
33234.977409210
33235.630281612
33236.223064712
33236.959656078
33237.460497168
33237.726447089
33239.162601865
33239.577715365
33240.688856308
33241.408376780
33242.507008140
33242.843028621
33243.499091578
33244.197824201
33244.760907650
33245.470485791
33246.611624153
33247.150960382
33247.879111572
33248.211618991
33249.400757359
33250.009753781
33250.862842983
33251.916620563
33252.559434284
33253.054688762
33253.597767710
33254.535120526
33255.350274445
33255.692934647
33256.152388664
33257.251079057
33258.166764797
33259.501235664
33259.713917582
33260.196879720
33261.067913027
33261.785365449
33262.755318729
33263.162826345
33264.108917872
33264.623924386
33265.358325848
33266.125064222
33266.628852063
33267.518021081
33268.713459389
33269.174968516
33270.206027878
33270.901535895
33271.352506469
33272.019034641
33272.600744811
33273.143264025
33274.246714733
33275.040244289
33275.725488995
33276.228083882
33277.415777547
33278.039037008
33278.938816675
33279.410818895
33279.784534537
33281.273843968
33281.769262532
33282.166883835
33282.884630521
33283.811498741
33284.002808913
33284.929397287
33286.400934355
33286.909738710
33287.859694733
33288.087653986
33289.129050536
33289.463912649
33290.295806963
33291.119626094
33291.787986794
33292.327908815
33293.239813318
33294.246950049
33294.702953479
33295.420110847
33296.168544490
33297.266775145
33297.939320814
33298.790950629
33299.018908670
33299.895973199
33300.375276728
33301.445353493
33301.757135207
33302.490467060
33303.670469359
33304.537485622
33305.418884360
33305.767042730
33306.724869321
33307.123912361
33307.798402519
33308.595711033
33309.586951549
33310.321324250
33310.854529239
33311.291434862
33311.941003210
33313.356034721
33313.844767679
33314.767503482
33315.651942705
33315.896405411
33317.047013716
33317.646274823
33318.016276050
33318.605802317
33319.369813223
33320.364433864
33321.392876292
33321.687874830
33323.016144454
33323.390153754
33324.089182811
33324.680465721
33325.851103973
33326.376467160
33326.900713557
33327.756046192
33328.473422203
33328.961685513
33329.781563902
33330.509408949
33331.179266987
33332.734847777
33333.206388261
33333.821769417
33334.290850003
33334.868110423
33335.773739783
33336.408875924
33337.311936554
33337.785781750
33338.691331026
33339.394769222
33340.211734670
33341.212857224
33341.658289805
33342.303628384
33343.449825177
33343.855380709
33344.781531673
33345.471506562
33345.934310606
33346.479626599
33347.239002534
33347.867065041
33349.369278749
33349.924441698
33350.606433640
33351.150874109
33352.356400367
33352.753823360
33353.034376909
33354.008445978
33354.754651866
33355.838023721
33356.106161007
33357.073876783
33357.549068433
33358.292352841
33359.474107602
33360.204135051
33360.829488147
33361.776217331
33362.271700752
33362.825185108
33363.428231525
33364.295233218
33364.940423715
33365.700644204
33366.209693107
33367.719780878
33368.219983961
33369.105993245
33369.429989416
33370.098968529
33370.849542049
33371.899471062
33372.713023756
33373.208050221
33373.439510377
33374.537776460
33375.317246281
33375.773460926
33376.889978258
33377.850785435
33378.493671888
33379.318026140
33379.913678203
33380.341544118
33381.349845664
33381.709871920
33382.219624568
33383.506741373
33384.256982091
33384.726727486
33385.798254280
33386.248739313
33387.207133266
33388.115713473
33388.460781208
33389.481048911
33389.837756992
33390.949841287
33391.513463136
33392.187104960
33392.440977090
33393.235472069
33394.539331273
33395.456164597
33396.158026820
33396.945369500
33397.258643771
33397.935972705
33398.876891116
33399.432979498
33400.063064670
33401.180577623
33401.689151137
33402.063662745
33403.263908205
33404.099652630
33404.793564702
33405.097693784
33406.420652082
33407.251530299
33407.858460518
33408.103864886
33408.911458855
33409.623753242
33410.198492916
33411.198632836
33411.833788656
33412.819941338
33413.740185755
33414.458883151
33415.075483378
33415.503631324
33416.403920890
33416.930185050
33418.061785950
33418.417901555
33419.471311717
33419.917878450
33420.491829010
33421.204618068
33422.245068213
33423.507840922
33423.973751757
33424.357131808
33425.256749401
33426.062820629
33426.542740978
33427.292206605
33427.854851681
33428.467684729
33429.461970945
33430.705607519
33431.047567611
33431.747058957
33432.601876310
33433.324005339
33433.872398137
33434.822001078
33435.631651296
33436.150181278
33436.826779762
33437.300939834
33438.255629474
33438.876394643
33439.626379227
33440.834530771
33441.557230401
33442.227653391
33443.017766680
33443.647320908
33444.005005402
33444.377894363
33446.022467480
33446.235092655
33447.051370047
33447.806955963
33448.354523712
33449.705563185
33450.072058436
33450.788070840
33451.639939927
33452.416717992
33453.151926408
33453.865948958
33454.354717831
33455.116419142
33455.614857532
33456.295628212
33457.191808353
33458.581888824
33459.172029528
33459.666444722
33460.356077786
33460.967054634
33461.997944029
33462.410485150
33463.211200602
33463.755381358
33464.776285130
33465.556679791
33465.941258361
33466.705716304
33467.687460384
33468.353425804
33469.643938186
33470.066062112
33470.579588798
33471.262967067
33472.055183221
33472.630940520
33473.260184524
33473.904795835
33475.134428994
33475.535925165
33476.487743286
33477.787409818
33477.911247402
33478.489832490
33479.381045752
33479.861118136
33481.208062578
33481.534777789
33482.461356880
33482.720141656
33483.368261115
33484.219894083
33485.358608007
33486.164765820
33486.715174204
33487.845230896
33488.326517417
33488.783689635
33489.791189081
33490.014435190
33490.889712892
33491.573574434
33492.683293038
33493.082995666
33494.177063274
33494.883767395
33495.302078864
33496.299086334
33497.077265144
33497.865655274
33498.511155170
33499.141611023
33499.657678303
33500.579243054
33501.334693215
33501.845164646
33502.144297469
33503.878723417
33504.833011790
33504.998617725
33505.980033079
33506.257496892
33507.224540203
33507.776051941
33508.486442073
33509.698430001
33509.892069651
33510.596160475
33511.582423844
33512.225378538
33513.040606441
33514.073784158
33514.518917172
33515.246969691
33516.304636779
33516.933236016
33517.501620436
33517.779420103
33518.566903954
33519.354637272
33520.352527908
33521.171389160
33522.066238544
33522.589167095
33523.527949846
33524.178936185
33524.814385556
33525.175707260
33526.295047923
33526.978545426
33527.785213759
33528.378614225
33528.772510300
33529.992580385
33530.152822818
33531.549471444
33532.396376184
33533.217655823
33533.728103937
33534.053233246
33534.957607297
33535.710161233
33536.368157678
33537.003584910
33537.678794736
33538.572357442
33539.641664419
33540.349854241
33541.035382815
33541.502269859
33542.086181026
33543.552633943
33543.830388026
33544.434760346
33545.265666874
33545.971362331
33546.484454930
33547.020940248
33548.136727026
33548.967055859
33550.045167716
33550.483760482
33551.330609729
33552.056335962
33552.514540246
33553.109965124
33553.887510550
33554.466691385
33555.857746109
33556.209759481
33556.754084229
33557.410484496
33558.757337107
33559.280119128
33559.891940584
33560.783797236
33561.592687143
33561.979452072
33563.061140761
33563.530953596
33563.873523785
33564.803198028
33565.384104227
33566.552803324
33567.669277926
33568.144359973
33568.791511168
33569.529046787
33569.961866394
33570.759467581
33571.769778064
33572.439154339
33572.897033555
33573.569244194
33574.525561619
33575.179460015
33576.098626717
33576.443538985
33577.747472803
33578.580803931
33579.087232810
33579.812128608
33580.404059280
33580.762968785
33581.709019871
33582.475746112
33583.129840004
33583.933783200
33584.959311355
33585.846072188
33586.152337242
33587.152339408
33587.916236240
33588.266919904
33589.013034022
33590.213711634
33590.686874406
33591.304576809
33591.922234763
33592.575898046
33593.090654946
33594.607347339
33595.480359409
33595.906125912
33596.432549949
33597.439063745
33598.051258747
33598.663939316
33599.159741072
33599.844830827
33600.928354093
33601.576157120
33602.259581729
33603.283770360
33603.834555941
33604.573673285
33605.232440558
33606.228174898
33606.885424098
33607.791968107
33608.119628605
33608.575166184
33609.624446895
33610.291636104
33610.733728163
33611.902003363
33612.604472483
33613.930513804
33614.372712780
33614.820045936
33615.276653992
33616.155500872
33616.912026680
33617.733984324
33618.625246321
33618.921960311
33619.994551975
33620.208423745
33621.643759085
33622.030618559
33623.006147261
33623.735956747
33624.514068532
33625.300320370
33625.518666729
33626.787100009
33627.008893891
33627.584597871
33628.172912781
33629.696012551
33630.386627758
33630.945635574
33631.842925259
33632.320757215
33633.178903180
33633.850856701
33634.683625935
33635.008696547
33636.197022056
33636.626578750
33637.555553539
33637.937004663
33638.557462178
33639.779022531
33640.556635100
33641.578957872
33642.034536374
33642.740497892
33643.397018989
33643.833165486
33644.556194647
33645.462038544
33646.245561224
33646.831179934
33647.559757130
33648.649535639
33649.491253940
33650.049331042
33650.577422232
33651.197290567
33652.305196865
33653.202408530
33653.590904848
33654.250552598
33654.699466822
33655.465971101
33656.598369012
33656.814172719
33658.455449989
33659.007737414
33659.407343330
33660.391453932
33660.925808891
33661.788780902
33661.968804149
33662.921996441
33663.917868941
33664.330877756
33665.506897051
33665.882289871
33666.665841185
33667.376949646
33668.442223437
33669.297390023
33669.832438550
33670.306375023
33671.154399697
33672.076106842
33672.410013835
33672.997045955
33673.969270734
33674.329907623
33675.916092401
33676.667075516
33677.028501403
33677.842616451
33678.659334523
33678.876111296
33679.856062846
33680.794764351
33681.399390244
33682.192535182
33682.607341980
33683.240831418
33684.288533599
33685.309958580
33685.659099067
33686.628437376
33687.574063741
33688.297619455
33688.791691873
33689.195389354
33690.154675967
33690.392141663
33691.534574550
33692.408748297
33693.064122167
33693.829780688
33694.846520214
33695.401721080
33696.253271858
33696.419040441
33697.693436674
33698.363655217
33698.755400228
33699.733481631
33700.494121886
33700.927076966
33701.469606605
33702.288257451
33703.844886412
33704.236585941
33705.259918966
33705.598891314
33706.014397257
33706.958415810
33707.977359732
33708.183469612
33708.891449675
33709.832895801
33710.709756604
33711.352537140
33712.314581720
33712.812833158
33713.573696988
33714.423062769
33715.151457578
33716.044050493
33716.761133294
33716.937739804
33717.875241034
33718.495507156
33719.042827422
33720.085973588
33721.091666237
33721.729937925
33722.639597522
33723.330869761
33723.972048336
33724.589841966
33724.934398121
33725.771955269
33727.075076472
33727.553690199
33728.058596973
33728.545310666
33729.800228781
33730.205581860
33731.468677185
33731.956168676
33732.836392756
33733.368504699
33734.308789069
33734.761775379
33735.333482499
33736.083094525
33736.820284168
33737.338634319
33738.483839481
33739.589277939
33740.333596021
33740.599359691
33741.085538137
33742.478315626
33742.648539226
33743.726776315
33744.346337763
33744.942777081
33745.555937341
33746.515791793
33747.113733373
33747.667683584
33748.652571675
33749.974222910
33750.395631436
33750.974028026
33751.775575389
33752.301180833
33752.920539685
33753.578224531
33754.372222862
33755.306885029
33756.026681949
33756.614656454
33757.509959410
33758.486111395
33759.156890230
33759.526223435
33760.415408466
33761.167926105
33762.107516547
33762.691956196
33763.259699844
33763.945082906
33764.152983964
33765.315563115
33766.649218412
33767.069981797
33767.962770015
33768.663683023
33769.207641465
33770.098018520
33770.315459683
33771.321204411
33772.160822131
33772.502699942
33773.767812918
33774.169782515
33774.899209260
33775.882204967
33776.589020296
33777.013376969
33778.646608698
33778.867750245
33779.278667535
33780.094171578
33780.671521675
33781.617521336
33782.252260611
33782.627824375
33783.674328312
33784.881103315
33785.593445600
33786.178411826
33786.874984519
33787.326534520
33787.994285684
33789.052494978
33789.737611347
33790.339894599
33791.117872984
33791.814338295
33792.139014414
33793.217163144
33794.286002226
33794.923229269
33795.867342171
33796.166953854
33797.162261598
33798.018299408
33798.248425096
33799.013896971
33799.321595614
33800.674466809
33801.289664870
33802.354181131
33802.821793041
33803.583434148
33804.472606582
33805.069073821
33805.848784614
33806.401562144
33807.290416699
33808.193011151
33808.491842103
33809.160495044
33810.044081890
33810.617738852
33811.374097207
33812.692612293
33813.579390358
33813.947181886
33814.568586037
33815.227496576
33815.819912120
33816.565560274
33817.453155296
33818.221040786
33818.859326215
33819.194859850
33820.848264202
33821.127212190
33821.755297840
33822.582866020
33823.386471711
33824.310227732
33824.982623481
33825.457427220
33826.246882302
33826.644997526
33827.515800621
33828.043621888
33829.101761990
33830.376234084
33830.646790709
33831.508297121
33832.342654037
33832.681502984
33833.745843425
33834.114157601
33834.666271718
33835.850446965
33836.658377473
33837.032576570
33837.866073816
33838.248668559
33839.497608692
33840.532542865
33840.919929224
33841.773480623
33842.520802302
33843.017587486
33843.629361817
33844.633794691
33845.026763981
33845.431716141
33846.764838047
33847.447844908
33848.413289938
33849.172610967
33849.837694819
33850.329800122
33850.747070952
33852.014415251
33852.860856303
33853.269836941
33853.837586774
33854.551046460
33855.312973576
33856.070788898
33856.894251089
33857.823273461
33858.550066668
33859.532776401
33860.292016497
33860.501601975
33861.050388748
33862.002237058
33862.551142622
33863.433998365
33864.232613055
33864.988719581
33865.714674431
33866.524275286
33867.310159205
33867.944477420
33868.860421580
33869.341918169
33870.294043811
33870.704132124
33871.845825976
33872.130275050
33872.875965956
33873.294271686
33874.156726847
33875.674108991
33876.484757061
33876.754842768
33877.285900776
33878.275044767
33879.038015280
33879.414352635
33880.148726368
33881.170933813
33881.644199256
33882.572024933
33883.059338865
33884.056101465
33884.954457158
33885.205900875
33886.443689994
33887.207845098
33887.759761338
33888.583220341
33889.246209801
33889.414136404
33890.214756738
33891.254052347
33892.160128466
33892.400492327
33893.885338160
33894.451109246
33895.213592517
33895.776450227
33896.382749083
33896.874518755
33897.956715971
33898.873013627
33899.324364361
33899.930388021
33900.680919408
33901.175275619
33902.385372483
33902.975959672
33904.270970831
33904.594587382
33905.409072442
33905.745912410
33907.007010927
33907.176239689
33907.880177443
33908.778694758
33909.102005259
33910.611381916
33911.176728958
33911.890819452
33912.628628013
33913.105164172
33914.162077377
33914.738876726
33915.761684561
33916.069285546
33916.716845610
33917.734880814
33918.275605493
33918.760267405
33919.457184643
33920.806138739
33921.501088302
33922.280100899
33923.099893869
33923.588397964
33924.125376473
33924.649641879
33925.561093944
33926.361809573
33927.289611043
33927.705987011
33928.476285336
33929.149698175
33930.508147900
33930.871347820
33931.455212007
33932.190960240
33933.380075107
33933.849173723
33934.670432171
33934.792846270
33935.721082153
33936.474696792
33936.887482047
33938.426725460
33938.940330962
33939.874784728
33940.469326752
33941.074017937
33941.658150848
33942.667370645
33942.995407163
33944.008450983
33944.558730658
33945.406726423
33946.038432474
33946.993083321
33947.306587003
33948.174456198
33949.581869565
33950.019503027
33950.778609602
33951.295109182
33951.795831525
33952.831894847
33953.246327475
33953.993736328
33954.663459962
33955.561675494
33956.452196274
33957.590033521
33957.940393971
33958.517742208
33959.342730581
33960.058689849
33960.660125335
33961.619210828
33962.658408903
33962.863668970
33963.162457846
33964.157035581
33965.043044681
33965.949530716
33967.037044929
33967.319384759
33968.369421057
33968.929708501
33969.730731159
33970.200272420
33970.706122421
33971.321181755
33972.639623627
33973.280813318
33973.657948455
33974.769151712
33975.496271225
33976.175329858
33976.869946474
33977.705747511
33978.557349977
33979.088175652
33979.693527541
33980.548068418
33981.041194347
33981.901612013
33982.323625257
33983.111870003
33984.570712241
33985.353343100
33985.871336458
33986.258515034
33987.247240990
33987.389359104
33988.723794998
33989.333296408
33989.771198580
33990.677540771
33991.364205258
33992.214458564
33992.808209964
33993.820016326
33994.435222428
33995.176582928
33996.250740653
33996.761722363
33997.266122699
33998.054862315
33998.638436722
33999.111342971
33999.969893300
34000.932117709
34002.127166591
34002.402014974
34003.129646116
34004.405954515
34004.665724314
34005.247577210
34005.809320928
34007.028777328
34007.476199728
34008.382486487
34009.044661323
34009.468172342
34009.991622816
34011.347659417
34012.095375536
34013.090382660
34013.466628627
34014.342565882
34014.834890296
34015.600055768
34016.049679795
34017.057044494
34017.506259257
34018.400330735
34019.086579148
34020.364543733
34020.908895358
34021.392492683
34022.201013691
34022.687699621
34024.036391893
34024.531808317
34025.019924702
34025.782987632
34026.307771195
34027.102630399
34027.928457594
34028.475837139
34029.518824842
34030.696443076
34031.290415832
34031.630096465
34032.481090395
34033.170653818
34033.727927076
34034.231712553
34035.328772098
34036.288727534
34036.606094203
34037.334610454
34038.200693244
34039.147519226
34039.706223439
34040.810387052
34041.287341602
34041.686300309
34043.007201066
34043.331072199
34044.066820445
34044.699369825
34044.875702862
34046.149272220
34047.263699802
34048.007560374
34048.707365236
34049.427477961
34049.739377503
34050.851099196
34051.274844787
34052.037615967
34052.959557562
34053.624798354
34054.101694430
34054.891965717
34055.776235240
34056.489994254
34057.180280781
34058.138082902
34059.137452558
34059.687222412
34060.395771455
34060.647966958
34061.268094536
34062.440992906
34062.851460063
34063.638358531
34064.544177913
34065.276588738
34066.390326002
34066.921725331
34067.607247636
34067.987733496
34068.965354583
34069.699862679
34070.715150946
34071.035599836
34071.681002220
34072.608212765
34073.066136155
34073.497780679
34075.305556330
34075.745027429
34076.360160625
34077.085423574
34077.844885702
34078.509252255
34079.064218044
34079.848289946
34080.267882777
34081.172650104
34082.287640334
34082.925805533
34083.412127326
34084.328702226
34085.086845488
34085.876023570
34086.593598483
34087.323227476
34088.215915069
34088.505002458
34089.279927600
34090.014724395
34090.612147436
34091.338149064
34092.198684846
34093.460538826
34093.936260355
34094.990482271
34095.323922117
34095.774434024
34096.555596401
34097.228250780
34098.466099430
34098.883351066
34099.558043420
34099.971976465
34101.031871269
34101.971111354
34102.753666102
34103.059992780
34104.409053005
34104.964397579
34105.445130469
34106.468272132
34106.753576832
34107.578162294
34107.858577771
34109.057534370
34109.715039096
34110.871222445
34111.652274754
34112.103647723
34112.670864692
34113.697447080
34114.267717421
34115.033975063
34115.564373300
34116.335170595
34117.408910007
34117.928979577
34118.128488837
34119.211665864
34119.898715769
34121.226477100
34121.956129001
34122.521212116
34122.901217934
34123.702960761
34124.643873677
34124.962249834
34125.581563000
34126.744759174
34127.212703192
34128.034168410
34129.046704950
34129.710306883
34130.642020011
34130.965241809
34131.517340174
34132.745997918
34133.526061231
34134.039182050
34134.584670519
34135.251415289
34135.732204761
34136.746644946
34137.611508248
34138.549789729
34139.309773141
34139.973685253
34140.931168861
34141.362934339
34141.723166627
34142.560744424
34143.347164032
34144.303432851
34144.721986067
34145.818080282
34146.189063498
34147.128557209
34147.743143794
34148.915533049
34149.349692857
34150.293939728
34150.959959884
34151.401526263
34152.082381196
34153.085899450
34153.561843326
34154.058912742
34154.651074434
34156.398737701
34156.883902865
34157.507827053
34158.133308733
34158.782787495
34159.516356667
34160.178369824
34161.213178433
34161.585082979
34162.495237561
34163.021611248
34163.729961121
34164.615950119
34165.226284481
34166.451290832
34166.877506100
34167.758345315
34168.662872997
34169.166463774
34169.719902618
34170.192204223
34170.929750713
34171.731803549
34172.873859679
34173.395641856
34173.970938065
34175.247079444
34175.789312897
34176.340774839
34177.101399201
34177.769038159
34178.456484224
34179.620018509
34179.952889340
34180.586565988
34181.216508400
34181.867107647
34182.733794727
34183.750294165
34184.959480394
34185.262582085
34186.034057076
34186.413986274
34187.218800294
34188.160481183
34188.634163402
34189.165288323
34190.196671357
34190.861103102
34191.640685828
34192.790878444
34193.204729780
34193.510613717
34194.748540831
34195.802377073
34196.111618841
34196.742338643
34197.533118969
34198.209487946
34198.662025716
34199.678602552
34199.963889085
34201.424705467
34201.978312674
34203.155599789
34203.374141933
34204.223842470
34204.886238871
34205.399004627
34205.967356591
34207.197714591
34207.802130229
34208.480178753
34209.171003142
34209.396462066
34210.815932012
34211.693288060
34212.155607539
34213.060800018
34213.623555804
34214.676862963
34215.012084922
34215.761260314
34216.145402163
34217.061950730
34217.637379172
34218.747458101
34219.749542337
34220.398345818
34220.849863853
34221.910077068
34222.218679039
34222.945469660
34224.073968389
34224.711275109
34225.106210692
34225.721614991
34226.835760963
34227.444430569
34227.778259952
34228.873250676
34229.907510039
34230.945227212
34231.310077085
34231.808039492
34232.718793993
34232.969591542
34233.872109960
34234.810281471
34235.396131516
34235.946940485
34237.138813420
34237.725948621
34238.521790844
34239.334782544
34239.984518117
34240.459159266
34241.536387129
34242.151454958
34242.949281754
34243.598156427
34244.037338866
34244.612772180
34245.304707690
34246.644458194
34247.538671653
34248.125082837
34248.714538776
34249.452434697
34250.398568384
34250.724256304
34251.426138305
34251.946899737
34253.170627803
34253.779095555
34254.434945930
34255.005277007
34256.042065780
34256.733069762
34257.367332707
34258.443734485
34259.205106561
34259.713650053
34260.148337662
34261.103374969
34261.640138572
34262.236637933
34263.143274645
34263.757277537
34264.688458753
34265.997369004
34266.460409680
34267.094467939
34267.364043746
34268.151387137
34269.409281017
34269.656572224
34270.710071356
34271.374162973
34271.595007395
34272.603927629
34273.381250832
34274.236952855
34275.011187164
34276.046671235
34276.503214532
34277.360389175
34277.881074989
34278.584847546
34279.184123000
34279.929592196
34280.193097015
34281.809656899
34282.157396447
34283.184752149
34283.640958932
34284.537594812
34285.298286129
34286.054466518
34286.541604312
34287.339737331
34288.193666695
34288.811478505
34289.661209034
34289.857796077
34290.874136634
34291.239714378
34293.066644953
34293.388616210
34293.966669133
34295.104944255
34295.371984027
34295.829399428
34296.751675436
34297.470515877
34298.368157221
34298.932027990
34299.509738664
34300.493239249
34301.498245180
34301.996203162
34302.683871613
34303.371299540
34304.260837050
34305.337154621
34305.785162258
34306.211651231
34306.626283728
34307.704448221
34308.383573616
34308.935759660
34310.090642760
34311.149769760
34311.518378387
34312.385417217
34313.007387076
34313.769840984
34314.003553227
34315.177305840
34315.641914256
34316.787573820
34317.114944546
34318.080597163
34318.394890998
34319.342826671
34320.373595434
34321.371819574
34321.877423078
34322.387734556
34323.130390325
34323.901139736
34324.792237229
34325.037365553
34325.592591526
34326.563718081
34327.557677968
34328.549807328
34329.128394816
34329.915727420
34330.345386280
34331.130098222
34331.914953835
34332.699704792
34333.536278651
34333.964968621
34334.771013357
34335.432861675
34335.773991577
34337.243449467
34337.613893376
34338.485614218
34339.707354027
34340.253445451
34340.612611315
34341.405750236
34342.056329079
34342.369737642
34343.524595760
34344.407516528
34344.965336190
34345.567378399
34346.535079748
34347.600221802
34348.005808901
34348.540082425
34349.537503413
34350.322679686
34350.988583366
34351.491713316
34352.485181221
34352.895698029
34353.491017930
34354.037685485
34355.278855085
34356.559918483
34356.923067678
34357.658978915
34357.964573045
34358.990115355
34359.802402086
34360.075859707
34361.174507081
34361.544976389
34362.504465334
34363.367245915
34364.060160350
34364.476703163
34365.582297124
34366.266919678
34367.250843203
34367.813765814
34368.575757483
34369.133912408
34369.856745748
34370.142275749
34371.297099355
34371.735917420
34372.639018665
34373.792041115
34374.260010049
34375.365480195
34375.782306644
34376.564616533
34377.058726324
34377.444537406
34379.017707051
34379.499977730
34379.919096885
34380.554034549
34381.282652490
34382.120560283
34383.031650323
34384.043823137
34384.636006237
34385.239932522
34386.282298868
34386.652245868
34387.258870447
34387.946687546
34388.628918749
34389.330675383
34390.164882513
34391.125867798
34392.046254365
34392.526813864
34393.295612933
34393.758293602
34394.905099938
34395.659748581
34396.048376812
34396.859114706
34397.533948376
34398.213091616
34399.008920094
34399.587658160
34400.019113771
34401.648285434
34402.235440144
34403.102418114
34403.649748279
34403.885958404
34404.918245933
34405.487549401
34406.268814096
34406.869323067
34408.059362757
34408.533721582
34408.781624788
34410.294968350
34410.827585934
34411.563141282
34412.118402694
34413.097716495
34413.821039430
34414.523138668
34415.289292727
34415.596494308
34416.243389173
34416.810748491
34418.087595625
34418.986823800
34419.579180421
34420.393056365
34421.327685843
34421.654339255
34422.290871729
34423.137194326
34423.792262727
34424.482916185
34425.536757338
34425.903242143
34426.632408510
34427.392870315
34428.193903834
34428.942769537
34430.066052790
34430.770211595
34431.482991942
34431.730151662
34432.456646032
34433.341993364
34434.016102123
34434.611256968
34435.279232546
34436.078437804
34437.574377075
34437.805373764
34438.627754275
34439.111483895
34439.989526040
34440.467818131
34441.766143780
34442.103998722
34442.787302052
34443.519382914
34444.039899935
34444.861047194
34445.488713690
34446.703533184
34447.585834104
34448.086016399
34448.719901309
34449.741390811
34450.293082847
34450.749248412
34451.071231200
34452.198168048
34453.168639869
34453.777656801
34454.443300386
34455.415072476
34455.761699255
34457.095896917
34457.654116533
34457.913544039
34459.187839922
34459.614003281
34460.549070892
34460.913074847
34461.715129084
34462.217640224
34463.012945638
34463.862772884
34465.232604758
34465.843389974
34466.296746030
34466.977653223
34467.573113047
34468.273398125
34469.039963877
34470.043073463
34470.521098899
34470.967290855
34472.009342099
34472.746258595
34473.601401726
34474.274538754
34474.757916028
34476.168525374
34476.609886097
34477.385448336
34477.694518568
34478.510790174
34479.252206447
34479.739084972
34480.482810587
34481.691580036
34482.213386066
34483.321275365
34483.814313131
34484.597055090
34485.249798486
34485.793499178
34486.666060170
34487.192483616
34488.177908122
34489.142701895
34489.357423056
34489.926613282
34490.567286813
34491.975081606
34492.757134788
34493.369262708
34494.258362616
34494.574243966
34495.497787960
34496.089834437
34496.821469901
34497.253297824
34498.000786811
34499.080329381
34499.855870665
34500.434378494
34501.687633482
34502.024080221
34502.398551962
34503.471476028
34504.364840741
34505.060574396
34505.697757744
34506.212571924
34506.664146589
34507.902306161
34508.193240892
34509.060226450
34510.088639342
34511.089132888
34511.739402676
34512.412191193
34513.081167614
34513.210258315
34514.230149033
34514.984030656
34515.933065111
34516.461455728
34517.145159888
34517.906683892
34518.824859564
34519.472303138
34520.278901297
34521.282239337
34521.641103038
34522.356274090
34523.412908190
34524.034819349
34524.146641763
34525.295198118
34525.576693032
34526.356389544
34528.049418575
34528.465461961
34529.025565883
34529.629872187
34530.596228558
34531.151968693
34532.026897987
34532.207462641
34533.495888442
34534.040514366
34534.619320177
34535.494938203
34536.052668821
34536.904518628
34537.717591934
34538.833856888
34539.296905608
34540.258384981
34540.613678311
34541.374694801
34541.798311143
34542.521470487
34543.586390688
34544.116819104
34544.870599652
34545.734998232
34546.895309254
34547.381765498
34548.035920165
34548.424485347
34549.249782487
34550.405445426
34551.004446836
34551.463000129
34552.311980720
34552.727228303
34553.418256108
34554.355514033
34555.402757514
34556.138847691
34557.153645347
34557.390900982
34558.285549529
34558.710577748
34559.747883694
34560.251265491
34560.527894060
34561.771922131
34562.514017183
34563.506562930
34563.801168810
34564.648845935
34565.658703298
34566.067795504
34567.213460859
34567.913305786
34568.181030507
34568.919285316
34570.011037271
34570.557906610
34570.745889710
34571.613621291
34572.783853084
34573.722077179
34574.586964907
34575.059521226
34575.770204798
34576.336394916
34576.910627576
34577.664352002
34578.754164101
34579.289513501
34579.935844680
34580.575599284
34581.182768060
34582.528015487
34582.889740712
34583.892782812
34584.240086764
34585.606603605
34586.057219130
34586.552885542
34587.253637561
34587.814032227
34588.312032714
34589.599618612
34589.983133299
34591.147217320
34592.041923129
34592.437242903
34593.214659493
34594.090976102
34594.467385601
34595.314573638
34596.108413768
34596.872379749
34597.407999404
34598.210342900
34598.893080903
34599.499618689
34600.077959278
34601.693077286
34602.406565925
34602.679791730
34603.281306996
34604.238744736
34604.662187848
34605.549167617
34606.075198336
34606.812952782
34607.604425629
34608.421397777
34609.488025722
34610.117211764
34610.566601599
34611.424007338
34612.212086113
34612.831722795
34613.791004770
34614.529117488
34614.929757167
34615.573927556
34616.073131515
34617.100688587
34617.798127809
34619.104582117
34619.402053190
34620.364752344
34621.209015398
34621.735367562
34622.203845873
34622.774238007
34623.599089670
34624.511946707
34625.472915635
34625.971067392
34626.259884251
34627.472154819
34628.461184745
34628.745322277
34629.853689030
34630.520610342
34631.274537999
34631.807110444
34632.460158517
34633.227904894
34633.900629909
34634.453018428
34634.942527240
34636.540916522
34637.095784358
34638.056839967
34638.567701837
34638.877648572
34639.635021549
34640.846703321
34641.268037878
34642.055929778
34642.449666514
34643.616757055
34644.027642466
34644.743038131
34645.633011010
34646.422710009
34647.326056685
34648.254465903
34648.751624030
34649.359352979
34650.196942505
34650.365948127
34651.502801192
34651.789647824
34652.914767346
34653.961893474
34654.206727575
34655.283747168
34656.065019938
34656.960734019
34657.203788363
34657.936593525
34658.779551329
34659.715713872
34660.476640509
34660.871764339
34661.406881548
34662.136680849
34662.846753920
34664.229013063
34664.828610945
34665.697275418
34666.211537438
34666.762205273
34667.800500263
34668.149714150
34668.631829485
34669.756657100
34670.486239042
34670.841348380
34672.020587025
34672.890510554
34673.375133827
34674.021465182
34674.794618618
34675.998824622
34676.370965449
34677.247464461
34677.676853301
34678.188420792
34679.239592621
34679.623995913
34680.736212596
34680.900934292
34682.503370776
34683.394084825
34683.674142176
34684.254357600
34685.174404010
34685.754938134
34686.150786796
34687.322530445
34688.137069065
34688.594432103
34689.219596633
34690.058714736
34690.641588173
34691.918010527
34692.496093428
34693.141901870
34694.123815818
34694.400492018
34695.527742773
34696.127607605
34696.387161303
34697.039530935
34697.813784676
34699.097882081
34699.698262146
34700.662406148
34701.053677388
34702.020525548
34702.609681337
34703.175149772
34704.046793107
34704.884625633
34705.377770058
34706.162004275
34706.839960398
34707.545956375
34708.037933150
34709.109490014
34709.919796722
34710.896680395
34711.812543197
34712.139965775
34712.845750551
34712.972943698
34714.249396084
34714.887666515
34715.480703328
34716.357914644
34716.959248715
34717.944809872
34718.860648285
34719.539667862
34719.958504810
34720.601843116
34721.778133805
34722.491111298
34722.919439702
34723.678964338
34724.315806861
34724.991943229
34725.413290196
34726.418841453
34727.874304393
34728.269654291
34728.770904319
34729.789792118
34730.349422436
34730.954372650
34731.702184480
34732.218099745
34732.897747541
34734.158046441
34734.667092269
34735.119650370
34736.049129123
34736.719057686
34737.719835537
34738.540316822
34739.343421772
34739.538275851
34740.843743973
34741.026837742
34741.769025701
34742.446879851
34743.199176472
34743.826130982
34744.792014867
34745.940363152
34746.672373344
34747.075163671
34747.929164366
34748.237743778
34749.071922936
34750.055190042
34750.877883720
34751.408537783
34752.032472419
34752.316458882
34753.711694237
34754.433904470
34754.746812602
34756.228556557
34756.602736924
34757.479339693
34758.189944621
34758.608377448
34759.305574903
34759.845446614
34760.630202643
34761.629081189
34762.208820184
34763.248478209
34763.924261863
34764.604766506
34765.254796473
34766.114834145
34766.873428129
34767.365940452
34768.125621792
34769.034687132
34769.583037291
34770.436292329
34770.711687048
34771.273065526
34772.654514061
34773.860664624
34774.201535428
34774.801932084
34775.492722850
34776.201202180
34776.881383627
34777.528438546
34778.217496030
34779.004235844
34779.805106465
34780.529282218
34781.215294240
34782.222961027
34782.891408573
34783.416454227
34784.108822144
34785.494084700
34785.853660198
34786.243892864
34786.990031156
34787.650626848
34788.310920962
34789.064092365
34790.133770677
34790.826898918
34791.653518771
34792.733279560
34793.053548005
34793.648235921
34794.299311837
34794.848805487
34796.096367356
34796.612965702
34797.143353199
34798.169956386
34798.572091573
34799.182970931
34800.499475511
34801.034102748
34801.989328951
34802.738097703
34803.165685931
34803.785689296
34804.716626313
34805.287052136
34805.947172516
34806.294186948
34807.339879845
34808.545752866
34809.406400111
34809.738578488
34810.418256507
34811.126271994
34812.133076848
34812.543012509
34813.483479097
34814.123940150
34814.760521759
34815.367878377
34816.308932673
34816.587812752
34817.711164878
34818.541431799
34819.655391969
34820.042894142
34820.934756814
34821.397493251
34822.140715489
34822.684006426
34823.022064459
34824.644276354
34824.885613718
34825.642248398
34826.266904548
34827.559549613
34828.069011494
34828.705337002
34829.421495367
34830.135258997
34830.964768862
34831.808766043
34832.506164206
34832.853283228
34833.251041810
34834.585658169
34834.700359416
34836.222424618
34837.068036849
34837.659244199
34838.322083803
34838.697997770
34839.737650279
34840.243556138
34841.025856368
34841.618830226
34842.449621419
34843.215233140
34843.982871777
34844.658802824
34845.587827193
34845.818199657
34847.309212678
34847.889926375
34848.561876813
34849.021973794
34849.762136471
34850.390114522
34851.218318350
34851.798709947
34852.307394309
34853.494672754
34854.648989650
34854.816062853
34856.028027423
34856.631849961
34856.800641297
34857.648416826
34858.661243596
34859.269382509
34860.279482606
34860.611258812
34861.268943445
34861.773862752
34862.850236204
34864.027609747
34864.530895807
34865.103193863
34866.096057427
34866.951330095
34867.245352499
34867.849492446
34868.528112961
34869.289942505
34869.944608642
34871.129422851
34871.715747261
34872.392133008
34873.438006919
34873.785643699
34874.719837484
34875.181453475
34876.406897965
34876.937193891
34877.181049608
34878.270429224
34878.810036031
34879.670373778
34880.042828690
34880.854881801
34882.323696768
34883.087671999
34883.437312094
34884.296664710
34884.518475401
34885.412875701
34886.224355916
34886.908898106
34887.629841152
34888.427813178
34888.879855494
34890.067305513
34890.652942729
34891.393297446
34892.123137556
34892.939644398
34893.656923492
34894.482646043
34895.013531022
34895.897515868
34896.247279611
34896.641208387
34897.614576662
34898.774091289
34899.422463438
34900.521421950
34900.859118498
34901.545153214
34902.620319617
34903.082564962
34903.390072457
34904.243704576
34905.438310688
34905.997137699
34906.514417224
34907.117385963
34907.963995074
34908.848614484
34909.678046011
34910.602777994
34911.397900718
34911.761777838
34912.458976981
34913.194702637
34913.826707726
34914.502683147
34915.105571179
34916.193082945
34916.491065985
34918.065023109
34918.740729842
34918.903630804
34919.733411546
34920.354657309
34921.279055327
34922.362966481
34922.708863569
34923.131749807
34924.049966362
34924.727533560
34925.389001246
34926.131251322
34927.252541959
34927.990675942
34928.814499501
34929.518150147
34929.943826621
34930.759589176
34931.227514720
34931.943334473
34932.662559379
34933.610104036
34934.456707199
34935.147502585
34935.534878380
34936.655042110
34937.607431877
34937.934606902
34938.795504428
34939.446855462
34940.339220083
34940.964492741
34941.500820094
34942.398207701
34942.678827851
34943.241982506
34944.945149732
34945.519548471
34946.205947853
34946.857266643
34947.610467979
34948.227134142
34948.549641010
34949.828334562
34950.241904945
34951.116172382
34951.641748149
34952.430149285
34953.289959578
34954.105508514
34954.785868833
34955.324871439
34956.656573758
34957.095746765
34957.981720873
34958.256372628
34958.873601515
34959.518235638
34960.656656000
34960.984841348
34961.866006948
34963.009266848
34963.604927970
34964.659965500
34965.010781456
34965.422588821
34966.627382619
34966.883704351
34967.858963369
34968.822777772
34969.224208087
34970.043123293
34970.305652095
34971.334094004
34972.176504215
34973.412542040
34974.142943150
34974.335526831
34975.043518762
34976.092120606
34976.742460824
34977.077316110
34977.732930374
34978.466703478
34979.691418981
34980.167016000
34981.221350617
34981.714626000
34982.595968649
34982.969931549
34984.069599634
34984.910283537
34985.144028075
34986.349332419
34986.674172505
34987.304147927
34987.955680636
34988.917101581
34989.502194418
34990.569652046
34991.468983463
34992.369836878
34992.726559925
34993.420337810
34993.849112004
34994.570448549
34995.454552435
34996.523448886
34996.886621037
34997.470955604
34998.327109495
34999.280948781
35000.151892661
35000.628981887
35001.337277133
35002.358444291
35003.001022611
35003.769166604
35004.018457445
35005.095593963
35005.457722617
35006.061195157
35006.895947364
35008.322054524
35008.985162155
35009.448651059
35010.129265010
35010.925206517
35011.629952079
35012.236855024
35012.960451782
35013.880049569
35014.129513680
35015.419406527
35015.919415677
35016.375954268
35017.081660527
35018.460285699
35019.056659417
35019.779863170
35020.584873817
35021.212006834
35021.428985730
35022.515767275
35023.034040958
35023.631053354
35024.735637242
35025.172095093
35026.311022832
35027.085353054
35027.737491596
35028.578551209
35028.995323382
35029.402812574
35030.762409166
35031.557300597
35031.973731590
35032.391550531
35033.262019974
35033.750137066
35034.834946426
35035.737075389
35036.520630499
35037.276319019
35038.180674929
35038.447300280
35039.363698528
35039.872363910
35040.412860895
35041.239066820
35042.134958761
35043.020594782
35043.362822784
35044.633650439
35045.068563245
35045.626325081
35046.720153267
35047.555056925
35048.101087302
35048.726899892
35049.264138200
35050.333685429
35050.889650050
35051.188232749
35052.088466521
35052.831367213
35054.315068350
35054.977007286
35055.348994651
35056.015854605
35056.588325647
35057.495878707
35058.182982291
35058.691113205
35059.834652724
35060.264476262
35060.998366378
35061.468283154
35062.825716752
35063.270663765
35063.990186087
35065.025770117
35065.540876871
35066.466188463
35067.098339515
35067.609469205
35068.001058596
35068.750884965
35069.667450765
35070.633992654
35071.445469032
35071.964251427
35073.094000092
35073.599604990
35074.406944085
35074.706098247
35075.555305704
35076.606631130
35077.015664857
35077.979436784
35078.441587683
35079.030786185
35079.889272974
35080.487788182
35081.833397903
35082.618471630
35083.119343504
35083.753600434
35084.552805024
35084.826044390
35085.801274210
35086.614714298
35087.294927513
35087.433569657
35088.996786106
35089.597104841
35090.509231903
35090.846697512
35091.783033440
35092.247083205
35093.524304629
35093.890731593
35094.792088393
35095.173275844
35095.806086865
35096.746072193
35097.236834020
35097.883608087
35099.334983167
35099.923870644
35100.510759928
35101.399051650
35102.184964818
35102.460214159
35103.203232351
35103.650601373
35104.950420026
35105.528761924
35106.283609328
35106.826580811
35107.401118152
35108.706964577
35109.258487815
35110.038384633
35110.679383502
35111.492319771
35112.163341462
35112.986301731
35113.383497607
35113.997322327
35114.668279729
35115.434756050
35116.519150853
35117.408801180
35118.414658233
35118.723295198
35119.156197817
35120.090341538
35120.787073528
35121.667740727
35122.197009518
35123.092629546
35123.446915306
35124.319889146
35125.237459202
35125.741684212
35126.601269308
35127.389481610
35128.814524823
35129.094460580
35129.347368586
35130.156499612
35131.148529902
35131.425027868
35132.150601526
35133.191035122
35133.851240573
35134.587752334
35135.607617157
35136.427968471
35136.720423642
35137.701727117
35138.255058658
35138.957336500
35139.815424990
35140.699424958
35141.162425921
35141.851540055
35142.289987948
35142.860599611
35144.436376321
35145.058233958
35145.885054514
35146.309086434
35147.192940453
35147.833465015
35148.462239965
35149.217958830
35149.433740124
35150.697462148
35151.403070089
35151.991066759
35153.030693548
35153.497943710
35154.371190756
35155.175064189
35155.678808695
35156.890499614
35157.414722127
35157.912011121
35158.483691665
35159.148922399
35160.198041340
35160.618631379
35161.187220801
35162.495945177
35163.488323358
35163.973576329
35164.733020628
35165.310074901
35165.616630901
35166.499419803
35167.661013505
35168.173502985
35168.696928379
35169.463796627
35170.202048549
35170.979359330
35171.752255041
35172.688282685
35173.575257282
35173.916839473
35174.894829003
35175.630508200
35176.100931062
35176.726398807
35177.451057341
35177.858188416
35178.885408842
35180.125639411
35180.738877281
35181.241122994
35181.959672834
35183.044541725
35183.320031428
35184.174937732
35184.907719823
35185.472471451
35186.530784961
35187.134017303
35187.432972645
35188.291541714
35189.088269936
35190.003372534
35191.255480223
35191.595511569
35192.326061027
35193.028968741
35193.552119553
35194.044861035
35195.127825062
35195.505027224
35196.715167422
35197.002861365
35197.806677467
35199.043647857
35199.863092563
35200.137051485
35200.504760055
35201.856037708
35202.640498941
35203.118068545
35203.920508135
35204.379192652
35205.009364985
35205.629092103
35206.664107537
35207.400576593
35208.476015826
35209.273204746
35209.741162034
35210.452264092
35211.110878894
35211.748495507
35212.520817444
35212.966544938
35213.959270018
35214.956490910
35215.418226098
35215.878544396
35216.997142229
35217.530152145
35218.728602878
35219.313926132
35219.977665909
35220.536959012
35221.220058932
35222.218455075
35222.522458401
35223.280308511
35223.694981934
35224.838457633
35226.026562637
35226.628865336
35227.221818889
35228.023731449
35228.456956603
35229.280188537
35229.810469304
35231.091714807
35231.497244596
35232.054120690
35232.604774566
35233.723624109
35234.053616659
35235.406980130
35235.770277585
35236.749783978
35237.560166266
35238.384696269
35238.947801554
35239.189872585
35239.844305597
35240.773518751
35241.609738624
35242.389254930
35242.948554131
35244.177116190
35244.558242223
35245.467235809
35246.104396949
35246.894714041
35247.273260480
35248.461393720
35249.142376719
35249.375730040
35250.438657337
35251.057642367
35251.481882365
35252.129898916
35253.923192077
35254.227176808
35255.062698444
35255.643690700
35255.917520831
35257.196296797
35257.622699493
35258.124237289
35259.057334708
35259.733440236
35260.499157053
35261.543240556
35261.917397008
35262.940748730
35263.383236822
35264.356634142
35265.182250718
35265.882408702
35266.477014670
35267.148262682
35267.705940404
35268.351885020
35268.968698597
35269.970423997
35270.961960775
35271.467717508
35272.647624672
35273.224715882
35273.866786888
35274.187144148
35275.144822015
35275.543903840
35276.794156506
35277.445519631
35278.202497894
35278.290931377
35279.219736908
35280.478853394
35281.009276713
35281.756755699
35282.760987902
35283.457534381
35283.722106741
35284.711553758
35285.278046321
35285.942618043
35286.447587815
35287.215388162
35288.228592203
35289.312152556
35289.859721951
35290.663122029
35291.094025783
35291.687999174
35292.832258034
35293.594704913
35293.935727328
35294.638576335
35295.617848109
35296.054139964
35296.914200954
35297.421591164
35298.236853712
35299.694039287
35300.045148148
35300.963619051
35301.331550817
35302.172246695
35302.674675916
35303.190123428
35304.249088985
35304.852118704
35305.704292014
35306.427310109
35307.065855461
35308.032642209
35309.013938130
35309.242824429
35310.126508309
35310.670640004
35311.922050193
35312.360786652
35313.067605980
35313.392811913
35314.026013941
35314.989750771
35315.723615175
35317.237193870
35317.476052788
35318.026395113
35319.101822492
35319.687610444
35320.185826984
35320.672778273
35321.853776035
35322.269401296
35323.223770800
35323.704918996
35324.684778231
35325.428813105
35325.868394172
35326.876071512
35327.842924415
35328.605680829
35329.202972597
35329.549867416
35330.448281766
35330.921973466
35331.969922563
35332.388087256
35332.980008149
35334.105174261
35335.284109181
35335.904049003
35336.215218408
35337.035980461
35337.656582077
35338.347086434
35339.347811778
35339.924746335
35340.648662622
35341.376299037
35341.809125464
35342.460654570
35343.652730173
35344.415340529
35345.309028986
35345.770433597
35346.771819661
35347.242467541
35347.949395085
35348.668223442
35349.197517480
35349.418829793
35351.089017838
35351.651922675
35352.093578611
35353.192918164
35353.825357049
35354.618689649
35355.192892663
35355.949940770
35356.771504590
35357.474390494
35357.998385338
35358.878462226
35359.476937881
35359.909977267
35360.694465833
35361.858566488
35362.631952603
35363.865679469
35364.092009323
35364.583160799
35365.171562496
35366.039327219
35366.796597249
35367.577661373
35368.156354175
35368.955600998
35369.472421699
35370.797473575
35371.210324614
35371.922649880
35372.627451475
35373.494201335
35374.574371555
35374.827881676
35375.726606305
35375.985820008
35376.891144546
35377.606586033
35377.998447446
35379.275474381
35380.206019748
35380.943267496
35381.400241836
35382.225188762
35383.101738619
35383.559843931
35383.953425756
35384.921810910
35385.973173106
35386.455101139
35387.087878470
35387.949579025
35388.171939460
35389.448255566
35390.534193352
35391.134932636
35391.519054009
35392.422447293
35393.214538610
35393.711008203
35394.258075778
35394.933006109
35395.963130587
35396.240447853
35397.555481609
35398.395199669
35399.045258531
35399.686839241
35400.276879582
35400.853603305
35401.868807735
35402.702262949
35403.348093756
35403.988826123
35404.110360084
35405.357150477
35405.988320899
35406.748510295
35407.540660503
35408.729273757
35409.324122867
35409.924358392
35410.616066606
35411.130555500
35411.611589483
35412.579410507
35413.295180869
35414.073951993
35414.910521068
35415.467083537
35416.317477957
35417.286845225
35417.774630456
35418.479501445
35419.618103055
35419.867544090
35420.534667255
35421.686967642
35422.250914749
35422.409776127
35423.274546850
35423.826355027
35425.474212452
35426.081962741
35426.621097026
35427.347355775
35428.030643724
35428.521803745
35429.698863188
35429.802769342
35430.754061406
35431.516159034
35432.400075111
35432.971127855
35433.453429734
35434.760571939
35435.244357323
35435.791771402
35437.248369997
35437.463648180
35438.394575753
35438.732825145
35439.346093491
35440.151772416
35440.767076749
35441.748069927
35442.361863951
35443.263591802
35444.236292606
35445.027433726
35445.561680229
35446.055399061
35446.546294555
35447.697675694
35448.413672260
35449.259600287
35449.559525049
35450.286881573
35451.075082804
35451.669662367
35452.733670954
35453.787109334
35454.397436321
35454.925092380
35455.764393703
35456.233748739
35457.167706926
35457.677393664
35458.074348191
35459.083705217
35459.787615811
35460.920757920
35461.616670210
35462.267780888
35462.539297750
35463.885774050
35464.456835632
35464.984404476
35465.970799833
35466.474626191
35467.162930244
35467.793471690
35468.647933206
35469.030814989
35469.870244782
35471.227350823
35471.865049571
35472.643779299
35473.061005351
35474.045019025
35474.256800164
35474.974312110
35475.754897380
35477.044113970
35477.392162264
35477.736237272
35478.688682186
35479.886936214
35480.291152788
35481.251893009
35481.711506054
35482.534623758
35483.635288651
35484.239180498
35484.379953116
35485.307621512
35485.920563543
35486.395830868
35487.592772967
35488.356912711
35489.441693207
35489.894671815
35490.707454076
35491.167034239
35491.922880292
35492.775725172
35493.304317634
35494.114044714
35494.715365118
35495.781036282
35496.148172218
35496.863292487
35497.562595424
35498.553579024
35499.595941085
35500.364859100
35500.812193825
35501.376037058
35501.905275089
35502.990087019
35503.513650401
35503.991248626
35504.708403584
35505.977315438
35506.448310702
35507.482782428
35508.376647946
35508.483514038
35509.471461131
35509.911277506
35511.161765892
35511.686520718
35512.247190050
35513.241876854
35513.430360136
35513.980610445
35515.191571508
35516.137336226
35516.861866203
35517.552111986
35518.326549983
35519.308883707
35519.517668296
35520.121653912
35520.763741349
35521.576342309
35522.575186036
35523.198901471
35523.968481951
35524.525376340
35525.562874278
35526.318598811
35526.744160535
35527.832461245
35528.547484743
35528.950137323
35529.996177938
35530.268999741
35531.132230886
35531.775437948
35532.553817467
35532.866022078
35534.658046267
35535.328858251
35535.749847836
35536.166765053
35537.101380204
35537.687972757
35538.385931826
35539.405246559
35539.866576304
35540.465141803
35541.374380560
35541.986289169
35543.102782786
35543.316022334
35544.416422357
35545.347798572
35545.986671762
35546.505827226
35547.518638210
35547.958714884
35548.370187646
35548.964102323
35550.074897233
35550.712145761
35551.757700399
35552.468954124
35553.071724546
35554.072434057
35554.558102554
35555.391939315
35555.629237489
35556.577743329
35557.737526253
35558.116981641
35558.819287560
35559.268783971
35559.985571619
35560.925139189
35562.153706134
35562.580180634
35563.656999587
35564.033283256
35564.607777421
35565.455261509
35565.974460227
35566.776077521
35567.338271847
35568.187071421
35568.928656973
35569.892060644
35570.773948927
35571.335449875
35571.895650691
35572.448271857
35573.727495878
35574.441240762
35574.917161583
35575.313607301
35576.175180152
35576.993095636
35577.702562344
35577.937536457
35579.462159294
35580.029201477
35581.068164056
35581.765328103
35582.109316664
35582.702691223
35583.535408077
35584.193896105
35584.802034258
35585.913373504
35586.551732200
35587.013285162
35587.796744405
35588.571738375
35589.904288899
35590.071794925
35590.883144282
35591.731964226
35592.435621599
35593.091098976
35593.819592850
35594.354475336
35594.793754861
35595.481724620
35596.818442591
35597.792944054
35598.114612497
35599.246416721
35599.453592180
35600.325212134
35601.117650860
35601.549136190
35602.571597888
35603.460118627
35603.582333362
35604.540753816
35605.280981173
35606.203448624
35606.568263667
35607.695143338
35608.702616963
35609.290618896
35610.015529213
35610.376306381
35611.074420565
35611.619193508
35612.657027608
35613.218687377
35614.223828513
35614.397197471
35616.217282805
35616.286268792
35617.001272241
35617.993440733
35618.214269947
35619.367048698
35619.890965379
35620.951557426
35621.320355824
35622.026972009
35622.439091461
35623.374986359
35624.029256232
35625.448987425
35626.105247613
35626.696261721
35626.969860652
35628.313399846
35628.618430853
35629.307241059
35629.779684511
35630.596240962
35631.630031153
35632.382624771
35632.969607392
35633.653507314
35634.621793629
35635.144889132
35636.140411073
35636.813889651
35637.510477387
35638.174101865
35638.751709698
35639.548686881
35640.043704422
35640.714940199
35641.584173432
35642.362396131
35643.673468935
35644.046028789
35645.099700793
35645.372504325
35646.009591195
35646.386204084
35647.838739636
35648.334547670
35648.848733631
35649.779270772
35650.165224708
35650.976755943
35652.248845497
35652.607314691
35653.317482924
35654.383404420
35655.170397729
35655.614044033
35656.303853501
35656.801725541
35657.657349091
35658.168213205
35658.799584971
35660.068300793
35660.876321741
35661.503700813
35662.091468905
35663.028095101
35663.559644097
35664.230727578
35665.204528582
35665.553693025
35666.401113008
35667.251297465
35668.027458486
35668.387724021
35668.809360898
35670.112188061
35671.248532696
35671.920767996
35672.314084682
35673.129897568
35673.660638948
35674.509914787
35674.911169677
35675.787543698
35676.464224547
35677.420238703
35677.851472454
35678.955378150
35679.850717108
35680.276014952
35680.962756645
35681.703814513
35682.472331017
35683.615871366
35683.979305883
35684.556568647
35684.973256585
35685.773179983
35686.716229552
35687.425820634
35688.367737574
35689.282266698
35689.977924538
35690.687788883
35691.115492350
35691.903724783
35692.599822204
35692.864169678
35694.420872841
35694.750608779
35695.239690501
35696.280991999
35696.949263066
35697.632757510
35698.465040000
35699.704834347
35699.930462572
35700.637756706
35701.350048440
35702.091517921
35702.790749234
35703.394665840
35703.923607466
35704.519523316
35705.904430176
35706.806639826
35707.500847393
35707.928013329
35708.384612230
35709.492586695
35710.035519099
35710.766533201
35711.549299180
35712.338081535
35712.747995754
35713.571496861
35714.263323081
35715.002428838
35716.122036639
35716.679191915
35717.478278416
35718.622478474
35718.819957196
35719.356491771
35720.302983093
35720.464861446
35721.504319304
35722.453765180
35723.161491391
35723.855480679
35724.516514117
35725.788840513
35726.223341963
35726.659508044
35727.336482071
35728.423628329
35729.076525796
35729.806742642
35730.241776574
35731.039951013
35731.778466344
35731.982295608
35733.427128975
35734.512960445
35734.939077142
35735.708450794
35736.473655434
35736.666010966
35737.667258398
35738.406171173
35739.076936377
35739.595108715
35740.393670352
35741.631155023
35741.899390464
35742.865150545
35743.445803433
35744.180499141
35745.173559663
35746.090465713
35746.447583793
35746.950576601
35747.930372665
35748.389736510
35749.022402048
35749.933008252
35750.412792796
35751.821452303
35752.451948436
35753.119763909
35753.830694054
35754.554939555
35755.107907474
35755.433931120
35756.588057626
35757.419806036
35758.258378642
35758.602264487
35758.992914772
35760.098225123
35761.219247356
35761.628398827
35762.729897411
35763.170480672
35763.917099159
35764.756754003
35765.539780788
35765.799322985
35766.205771225
35767.330092769
35768.126651860
35768.858375982
35770.022037219
35770.575425640
35771.143466542
35771.769315623
35772.602813315
35773.350323599
35774.153678668
35774.755785385
35775.312527440
35776.213211558
35776.687906277
35777.556160813
35778.223363361
35778.858885025
35780.531303189
35780.781155374
35781.396422166
35782.099115814
35782.516861775
35783.384379697
35784.104007266
35784.732436716
35785.606814261
35786.274487954
35786.999947745
35788.014053788
35788.674769916
35789.293099664
35790.223665313
35790.502431378
35791.765371543
35792.205479901
35793.062754395
35793.564438343
35794.138607379
35794.768450615
35795.317868033
35797.001335853
35797.422646623
35798.046523716
35798.920520359
35799.614044535
35800.316584701
35800.789803944
35801.342163726
35802.341767747
35802.948655061
35804.032297854
35804.360138595
35805.087266826
35805.922770289
35806.757277947
35807.658576863
35808.236788104
35809.180027396
35809.950690735
35810.315181109
35810.595489271
35811.936565513
35812.410001779
35812.824191075
35813.781160559
35814.806590375
35815.810988436
35816.570746554
35816.864374616
35817.519874895
35818.127508889
35819.111937176
35820.078115973
35820.447185833
35821.269944094
35821.556665145
35822.795282832
35823.090125603
35824.095370999
35825.121549162
35825.768976871
35826.668052305
35827.073641624
35827.944294785
35828.548084375
35829.011428963
35829.732307923
35830.278745546
35831.637819894
35832.088312524
35832.909103279
35833.711011805
35834.333910474
35835.130726663
35836.052993647
35836.479450560
35837.059979823
35838.091569342
35838.835779218
35839.415210178
35839.746238617
35840.578849741
35841.287735151
35842.467831327
35843.479568253
35844.082549252
35844.560538220
35845.193278160
35845.925171120
35846.664432133
35847.080824428
35848.222750313
35848.835227197
35849.377684689
35850.072633264
35851.293630449
35851.935501032
35852.437367736
35852.978888700
35854.307259373
35855.069064418
35855.261685937
35856.281858771
35856.609404731
35857.186428154
35858.178619122
35858.847309325
35859.595764617
35860.815465197
35861.393944247
35862.122093115
35862.826165760
35863.324798989
35863.996405535
35864.742449194
35865.532445251
35866.278987327
35867.054921622
35867.749062356
35868.256270223
35868.748705552
35870.224812704
35870.760053089
35871.853986443
35872.090101145
35872.736330154
35873.790823255
35874.154742660
35874.934709406
35875.513104840
35876.013494840
35877.049488196
35878.371530376
35878.691118094
35879.310403526
35880.373757389
35880.898260916
35881.216068919
35882.443039942
35883.231428187
35883.723892341
35884.208000956
35885.182807756
35885.535538692
35886.544940181
35887.162972970
35888.380967880
35888.829271832
35889.962029597
35890.598261626
35890.939364391
35891.585288031
35892.061881631
35893.013657911
35894.153332670
35894.343866118
35895.237421495
35896.005271982
35896.902832911
35897.751010543
35898.264714130
35898.913406142
35899.902998517
35900.477904212
35901.313015221
35901.840257592
35902.505008440
35903.261030989
35903.576574263
35904.433616986
35905.742416065
35906.867151809
35907.034393721
35907.656048473
35908.367443133
35909.210998438
35910.019819288
35910.412170812
35911.008426435
35912.242508607
35912.639657330
35913.370904771
35914.260266933
35914.862674793
35915.556490328
35916.766370645
35917.321616062
35918.114709587
35918.529468184
35919.418111520
35919.809095174
35920.758499789
35920.942310198
35922.232620019
35922.903298450
35923.577273216
35924.815317561
35925.387857592
35925.968326462
35926.364796434
35927.375069944
35927.710949489
35929.118025201
35929.562982189
35930.135359141
35930.613128441
35931.274696010
35932.414981533
35933.102890231
35934.134314920
35934.664942808
35935.558152164
35936.174905495
35936.796698641
35937.244936986
35938.262394242
35938.532091351
35939.373242018
35940.434731099
35941.094386871
35942.033789490
35942.703802486
35943.112355196
35944.056605819
35944.916014685
35945.525704202
35946.447864676
35946.716611132
35947.426903049
35948.488857400
35949.074997637
35949.301745113
35950.155664670
35951.760677506
35952.273025490
35952.899539006
35953.559667278
35954.363756439
35954.578855993
35955.471799820
35956.329031864
35957.093236844
35957.628882933
35958.594725677
35959.005621682
35959.957532456
35960.902929837
35961.679908755
35961.994330600
35962.945203220
35963.897493561
35964.696175460
35964.891589555
35965.628870386
35966.098928620
35966.988741786
35967.795108285
35968.994382644
35969.465731680
35970.413059908
35970.892636747
35972.011870836
35972.160862030
35972.804960881
35973.738342268
35974.705282723
35975.013206708
35975.985182037
35976.692822398
35976.975345015
35978.306427931
35978.570141530
35980.003845581
35980.772660242
35981.119765489
35981.671675330
35982.364628930
35983.389172537
35983.622893847
35984.508089466
35985.246614394
35985.801377620
35987.133762828
35987.906379433
35988.398426831
35989.059258593
35989.506784998
35990.627001295
35991.392155971
35991.885766456
35992.686665051
35993.524139182
35993.748248073
35994.476989422
35995.397662134
35996.398043737
35997.137394998
35998.059186847
35998.761457267
35999.091349547
36000.213366830
36000.719950183
36000.869389662
36001.742969371
36002.925113973
36003.693814615
36004.203788990
36004.710864205
36005.896889258
36006.561599112
36007.378229896
36007.797921080
36008.942762464
36009.272442682
36010.203354311
36010.870100648
36011.325019382
36012.018559395
36012.679696413
36013.416833693
36014.801705982
36015.433012195
36016.214982256
36016.723581155
36017.247515101
36017.855971220
36018.875885203
36019.483212307
36020.432572980
36020.667589399
36021.432361896
36022.675007744
36022.957200767
36023.840385743
36024.591246218
36025.531973917
36026.287897202
36027.192239893
36027.548691203
36027.948401268
36028.841784425
36029.461996339
36030.392607670
36030.662520508
36032.173098578
36032.614020184
36033.497536491
36034.133421973
36035.003896903
36035.509540927
36036.040393104
36036.823829093
36037.834272353
36038.594015337
36038.963063997
36039.645750000
36040.399474758
36040.807520545
36042.557546134
36043.001606532
36043.489049982
36044.360567065
36045.085212651
36045.721452868
36046.209740759
36047.090063102
36047.395152747
36048.486011309
36049.351083886
36049.864238710
36051.154650672
36051.423403663
36052.217946449
36052.819649739
36053.725689897
36054.758850356
36055.067774999
36055.869772167
36056.345861835
36056.995436582
36057.945656477
36058.509698618
36059.256145842
36060.323376230
36061.385538478
36061.962008153
36062.481172117
36062.846080539
36063.699373024
36064.466644656
36065.078842200
36066.110148434
36066.688455209
36067.283209842
36067.906601034
36069.096622673
36069.655056623
36070.307027883
36071.401092830
36071.907715064
36072.484782309
36073.348188101
36074.062867130
36074.738667032
36075.006546166
36075.549532112
36076.918347683
36077.824712259
36078.689821027
36079.125910787
36079.681765206
36080.777266212
36081.142960954
36081.882458764
36082.766850366
36083.151726889
36084.377821810
36084.687745252
36085.461170478
36085.987210417
36087.102020644
36087.740594513
36088.774260315
36089.599960196
36090.051986564
36090.756701947
36091.341102837
36091.785203699
36092.647272608
36093.652231103
36094.056589429
36094.838163772
36095.858048706
36096.761605526
36097.394543395
36098.019040603
36098.559441799
36099.088225794
36100.647470121
36100.854476398
36101.473004246
36102.045301885
36102.942343384
36103.364546149
36104.243384168
36105.260309595
36106.379434223
36106.900972847
36107.227744872
36108.374255953
36108.893222589
36109.322248856
36110.075116708
36110.886969571
36111.488595027
36112.487766722
36113.283842131
36114.059468935
36114.228641587
36115.522416586
36116.179156915
36117.160401225
36117.434218287
36118.365074812
36118.930992172
36119.684019044
36120.311873429
36121.042727940
36121.333730667
36122.489948656
36123.718144661
36124.326570265
36124.958049136
36125.702489054
36126.086299253
36126.932610769
36127.431525829
36128.501008259
36129.355407799
36129.683314654
36130.392175835
36130.982039874
36132.202167216
36132.955346332
36133.343027397
36134.333799762
36135.276355819
36135.904571086
36136.457622803
36137.032525936
36137.604817864
36138.266324771
36139.016009622
36140.159576288
36140.684838813
36141.534800982
36142.613854754
36143.096784957
36143.385381648
36144.497620780
36145.195384759
36145.736797230
36146.491135210
36147.415176613
36147.943192860
36148.549879840
36149.233365502
36149.789366179
36151.178711703
36152.084415396
36152.608908883
36153.248849458
36153.637273732
36154.410829293
36155.607594358
36155.702573878
36156.276479680
36157.436740963
36158.061701697
36158.992993960
36159.714163144
36160.550236487
36161.017554824
36161.694862997
36162.782345260
36163.232151073
36164.262130339
36164.856711174
36165.005861195
36165.920396587
36166.659749869
36167.320804113
36168.480194137
36169.406597428
36169.677951746
36171.081811093
36171.232002791
36171.995494560
36172.544203162
36172.947356400
36174.277340443
36174.915998805
36175.588578783
36176.020960180
36176.976554966
36177.716884893
36178.564268250
36179.530380897
36179.899144631
36180.878129781
36181.597752920
36181.991691349
36182.925535259
36183.242610779
36184.228971019
36184.702717575
36185.322367974
36187.112589090
36187.419456924
36187.897874329
36188.775734278
36189.202966904
36190.155885402
36190.815200546
36191.690154631
36192.235415439
36192.735825525
36193.714820713
36194.405913128
36194.941531043
36195.769865043
36196.768725497
36197.708712196
36198.380327534
36198.829304097
36199.635410037
36200.262539482
36200.708961870
36201.385689152
36202.293163780
36203.318905600
36203.676370012
36204.713662949
36205.348845643
36206.467456283
36206.801662086
36207.478493940
36208.041730742
36209.307247843
36209.550193860
36210.709360237
36211.088292750
36211.452104456
36212.054781260
36213.362904023
36214.171995079
36215.050615543
36215.792763312
36216.352659674
36216.915654755
36217.666750091
36218.391325088
36218.884417815
36219.749122282
36220.415933188
36221.366872115
36221.882634736
36222.861868193
36223.661795171
36224.023016247
36224.841682799
36226.203711776
36226.549435750
36227.151675917
36227.503151075
36228.568322817
36229.214615785
36229.707521861
36230.460840224
36231.304530269
36232.484122554
36233.290646080
36233.890066136
36234.289195739
36235.102211572
36235.659149036
36236.395747105
36237.392765738
36237.939692038
36238.728693983
36239.446819070
36239.667505444
36240.865247732
36241.714354352
36242.695524560
36243.126276518
36243.777165389
36244.793853519
36245.406458881
36245.987343908
36246.299066667
36247.237461571
36247.678610782
36249.087100710
36249.586051377
36250.633539574
36250.998336536
36251.829725220
36252.745302474
36253.131085381
36253.840389364
36254.793478769
36255.560708316
36256.016088968
36256.544070819
36257.584464165
36258.206003059
36258.568450744
36259.993747222
36260.953479731
36261.336883968
36262.327499281
36262.459378030
36263.284057274
36263.763155785
36265.003546155
36265.356344177
36266.197512603
36266.746988691
36267.785999647
36268.834723147
36269.308788142
36269.611029013
36270.874284995
36271.295399255
36272.308028820
36273.056094824
36273.410386267
36274.091439477
36274.811548055
36275.376642082
36276.104422304
36277.502660067
36278.164692562
36278.694828801
36279.508387062
36280.142355436
36280.863198595
36281.490334603
36282.057496282
36282.620530432
36283.916391060
36284.526703395
36284.955535196
36285.600542189
36286.547633016
36287.536332349
36288.088787044
36289.106581976
36289.686037487
36290.122314722
36290.980009457
36291.765070937
36292.057904882
36293.044789185
36293.344580903
36294.697903740
36295.262793042
36296.469912455
36296.982388813
36297.728301123
36297.839372527
36298.715045661
36299.937827102
36300.386237573
36301.239341988
36301.550162677
36302.411027313
36303.017817578
36303.946385082
36304.925081314
36305.278943894
36306.528388714
36307.276483771
36307.784399886
36308.272545261
36309.004959681
36309.714345039
36310.115927687
36311.254143210
36311.820316466
36312.797470898
36313.615372705
36314.070510698
36315.010968116
36315.836761931
36316.228232246
36317.230537300
36317.731031157
36318.493866776
36319.378080295
36319.928650804
36320.472786361
36320.997440816
36321.760319695
36323.358663345
36323.957432245
36324.511507949
36324.904813407
36325.891862851
36326.638489199
36326.966339104
36327.698420684
36328.741969011
36329.392174885
36329.755838878
36331.068711899
36331.444962755
36332.376440345
36333.139087895
36333.632465108
36334.675020733
36335.479761113
36336.105358603
36336.622945458
36337.124679371
36337.657370099
36338.801122897
36339.395949552
36340.108832820
36341.228909185
36342.136947552
36342.475700298
36343.437905722
36343.911939895
36344.252314855
36345.281386041
36346.183383336
36346.952582589
36347.332905381
36348.094409472
36348.787903922
36349.565275306
36350.451343418
36351.519853214
36352.056434060
36352.816386033
36353.293633929
36353.998591931
36354.869721738
36355.550962395
36355.763466583
36356.545258458
36357.650406206
36358.784578269
36359.159340880
36360.098136161
36360.493335984
36361.220650686
36362.150171663
36363.037118413
36363.275880665
36364.277250369
36364.813835937
36365.657867255
36366.164831264
36366.695865167
36367.891952645
36368.666968544
36369.576249558
36370.229971398
36371.147147188
36371.548642567
36371.695977321
36372.896361585
36373.360562888
36374.259281563
36375.391702649
36375.639298096
36376.111863940
36377.656712984
36378.135778762
36378.736534553
36379.317513175
36380.228087644
36381.132993428
36381.928280819
36382.057280752
36383.102736116
36383.367637920
36384.272953496
36384.883388876
36386.359378893
36386.846541538
36387.702327944
36388.268976772
36388.787747173
36389.609624292
36390.254629862
36391.045100022
36391.574760577
36392.405927820
36393.180489372
36393.945823529
36394.620079202
36395.297032425
36395.914183939
36397.342962540
36397.858463968
36398.224787921
36399.221458692
36399.653740962
36400.239397214
36401.189837272
36401.629924627
36402.384951556
36403.218694783
36404.373262352
36405.154722634
36405.568571257
36406.371259349
36407.112496528
36407.539106525
36408.216335928
36409.501594025
36410.162176578
36410.275910419
36411.247988130
36411.575993562
36412.776231860
36413.591555887
36414.476311181
36415.201125064
36415.711467941
36416.692142530
36417.324142014
36417.831703746
36418.203793511
36418.954035733
36420.188838881
36420.548381253
36421.584785549
36422.236569159
36423.236736181
36423.517856399
36424.575306815
36425.017998788
36426.142556521
36426.642325258
36427.200394129
36427.900773398
36428.821918030
36429.242434185
36429.927099951
36430.558715917
36431.836295929
36432.903729174
36433.458769613
36433.891535113
36434.267169812
36435.326518157
36435.814563772
36436.783728444
36437.371393048
36437.934175201
36438.955983505
36439.504433439
36440.270564256
36441.311113659
36441.869556343
36442.369321175
36443.569019462
36444.207832167
36444.707199144
36445.396549076
36446.153507676
36446.761834084
36446.868510395
36448.302992027
36449.250712289
36449.992269260
36450.431058482
36451.573396895
36452.109571047
36452.627976342
36453.279849974
36453.935959166
36454.883016774
36455.686905719
36456.283036102
36456.930266200
36457.385775813
36458.286485370
36459.515821572
36459.937042879
36461.005977569
36461.683442439
36462.004251215
36462.803143591
36463.473626258
36464.074659513
36464.931904389
36465.457324491
36466.211305075
36467.291589040
36468.390770409
36468.698923115
36469.335770698
36469.885474431
36470.835285118
36471.696215902
36472.520638135
36472.826286169
36473.702085199
36474.010950813
36475.095265965
36475.859004855
36476.159757344
36477.851765380
36478.153811954
36479.006008540
36479.638187052
36480.303544329
36480.887618535
36481.556943936
36481.947786005
36483.173213983
36484.022647324
36484.350716854
36485.248816678
36486.079861729
36486.718036266
36487.767228784
36488.292704904
36489.025880933
36489.457768905
36490.742027042
36491.228200705
36491.514248139
36492.286627240
36492.964996002
36493.642146901
36495.145022775
36495.660415659
36496.407298736
36496.963653820
36497.752490681
36498.155416921
36499.072942976
36499.714896626
36500.525371501
36501.238962609
36501.861916039
36502.400206599
36503.639338636
36504.068614418
36504.794761847
36505.637629109
36506.760770675
36507.341016073
36507.830624786
36508.468369381
36508.775368929
36510.166385301
36510.195922929
36511.234655400
36512.067020466
36512.946668575
36513.801240573
36514.613269662
36515.117677477
36515.589097877
36516.351891872
36517.306960451
36518.011780732
36518.503258863
36519.650228480
36519.861715887
36520.473508924
36521.126748933
36522.511874861
36523.426747792
36523.763158003
36524.660265495
36525.182113156
36525.922092236
36526.791165839
36527.073300735
36527.872315591
36528.367688066
36529.689352251
36530.319658205
36530.985576420
36531.723927313
36532.511578956
36533.241918993
36533.789023353
36534.827787076
36535.479369316
36536.046608333
36536.596755339
36537.385186457
36538.097433307
36538.531418999
36539.692595110
36540.292003161
36541.688248278
36542.056064333
36542.646767634
36543.507321022
36543.822024891
36544.318032671
36545.520166710
36546.355830243
36546.980762409
36547.187667005
36548.269126815
36549.189627406
36549.936707753
36550.519294316
36551.341659419
36552.232366527
36552.830827688
36553.529202111
36554.238408831
36554.821873786
36555.220504626
36556.049833332
36556.827882548
36557.832447198
36559.148301358
36559.302450617
36559.855216892
36560.632429417
36561.792848422
36562.087729076
36562.524714734
36563.765191379
36564.114355747
36565.117827980
36565.761431637
36566.146472439
36567.023476059
36567.902586378
36569.062352143
36569.821803289
36570.071550588
36570.864923580
36571.702519209
36572.047343160
36572.897931481
36573.418373300
36574.414328686
36575.112941348
36575.786623807
36576.918669695
36577.567405925
36578.292335044
36578.693482936
36579.284838533
36580.432916389
36581.212619087
36581.852093928
36582.324854643
36582.754807817
36583.712892440
36584.287637137
36585.461905331
36586.241609304
36586.884660511
36587.819120066
36588.553983618
36588.884675487
36589.461365399
36590.345532176
36590.948293082
36591.655678669
36592.593238647
36593.409856810
36593.911711345
36594.686495335
36595.684442155
36596.061856871
36597.232583335
36597.792754311
36598.569036229
36598.913422681
36599.770114965
36600.565760849
36601.240293577
36601.708766314
36602.066725425
36603.991255229
36604.332701828
36605.110479821
36605.801819612
36606.397452068
36606.779918274
36607.915670925
36608.428741302
36609.189428333
36610.098407041
36610.473004924
36611.258665440
36611.970172951
36613.056795366
36613.522124863
36614.613734441
36614.987813340
36616.164324250
36616.639209697
36617.258993526
36617.793950985
36618.190231459
36619.145617608
36620.184626551
36620.729547407
36621.689340789
36622.355223577
36623.319529018
36623.886781734
36624.354111682
36625.215028294
36625.773443773
36626.706430248
36627.617141953
36628.036053702
36628.408534750
36629.476124758
36629.968035654
36630.833158696
36632.167127227
36632.832164659
36633.369781434
36633.709170233
36634.588551508
36635.415840441
36635.907518517
36636.556694559
36637.419643404
36638.000100376
36638.911855655
36640.211668804
36640.327181600
36641.008117481
36641.799522341
36642.756819280
36643.477864572
36644.336555109
36644.491632545
36645.541375328
36646.096286620
36646.528235625
36647.455178484
36648.217731382
36649.277183573
36650.227398232
36650.578501442
36651.641785911
36651.955579048
36652.785001325
36653.172794410
36653.836862253
36655.162168230
36655.618517499
36656.225762081
36657.018149984
36657.378374340
36658.949084734
36659.275278222
36660.036003554
36660.716878279
36661.857712771
36662.063156221
36662.816609307
36663.651977625
36664.021756107
36664.660301359
36665.484342401
36666.648258365
36667.445434099
36668.311563340
36668.658361283
36669.403623809
36670.162266873
36670.562206136
36672.029213719
36672.274684556
36672.613505582
36673.649508310
36674.565027449
36674.969139446
36675.691144894
36676.609020099
36677.551365995
36678.453674088
36679.264145746
36679.450506632
36680.128857742
36680.804875859
36681.607851240
36682.294770657
36682.907870757
36683.872380172
36684.595435331
36685.476257871
36686.187941457
36686.907948953
36687.598670410
36688.143124231
36688.883480653
36689.844070145
36690.582730171
36691.075975410
36691.772841414
36692.151062789
36692.858267830
36694.113320965
36695.188717403
36695.614793140
36696.303571508
36696.956933540
36697.902818667
36698.355672759
36698.872423816
36699.503962141
36700.485599675
36701.403575576
36701.857057552
36702.553371483
36703.733735252
36704.149587772
36704.647131505
36706.112914320
36706.325613861
36707.278313112
36707.768950702
36708.583495915
36708.850763701
36709.831140553
36710.664929673
36711.006675040
36712.040723107
36713.297111524
36714.028124402
36714.473220256
36714.844316452
36715.661630577
36716.356909988
36717.292208427
36717.898215726
36718.745421668
36719.356968730
36719.629669276
36720.876219791
36721.488035002
36722.315280897
36723.211814582
36724.140509827
36724.310046713
36725.383876849
36725.997300333
36726.542760750
36727.051983206
36727.780498822
36728.421704324
36729.894495660
36730.313338281
36730.949783306
36731.835702020
36732.517627754
36733.227809504
36733.906396215
36734.500671766
36735.367232006
36736.026190619
36736.842786526
36737.333084826
36738.116827073
36738.401272804
36739.690234825
36740.842400762
36741.190834104
36742.170152961
36742.730977842
36743.299084447
36743.652414979
36744.624054821
36745.503497274
36745.996892813
36746.821375046
36747.412113148
36748.580163365
36749.121563240
36750.187657358
36750.414911117
36750.919959124
36752.432500647
36752.867674280
36753.570441885
36753.899410295
36754.630065990
36755.485360360
36756.024505077
36756.806322961
36758.134995459
36758.604606489
36759.593032256
36759.939776553
36760.793037616
36761.388658623
36762.005755756
36762.570221645
36763.609900134
36764.215494412
36765.106913958
36765.659367649
36766.252901018
36767.016707698
36768.220610724
36768.798809909
36769.636741170
36770.199769716
36770.606907363
36771.731463345
36772.260934281
36772.889003014
36773.087082031
36774.339752063
36775.020698339
36776.306148139
36776.877160831
36777.367102218
36778.047099512
36778.790795022
36779.408836153
36780.212525722
36781.098788415
36781.761626224
36782.347918477
36782.645617764
36783.748658857
36784.553066256
36785.415586155
36785.891042131
36787.208893601
36787.722849949
36788.332032048
36788.884213214
36789.565803823
36790.062813288
36790.734952589
36792.113309358
36792.345443279
36793.024301683
36794.297403430
36794.744343733
36795.678828893
36796.028086583
36796.934747332
36797.750560824
36798.307032872
36799.156607273
36799.730489746
36800.493592894
36801.068598848
36801.421454288
36802.448895232
36803.953876240
36804.448506908
36804.928508567
36805.661763938
36806.194611114
36807.110555363
36807.653872779
36808.469352481
36808.862141227
36809.822098052
36810.836774068
36811.178227983
36812.220476576
36812.684067569
36813.694594737
36814.304488755
36815.166586453
36815.994889732
36816.571342949
36817.035721416
36817.619827354
36818.453702071
36819.141874303
36819.747746022
36820.974655524
36821.689159263
36822.268745774
36823.512672991
36823.798610016
36824.232266433
36824.765266890
36825.819923167
36826.862228396
36827.268842853
36827.913968868
36828.562344371
36829.146596888
36830.255808231
36831.018355449
36831.822258627
36832.760131094
36832.958686649
36834.256591193
36834.492848908
36834.927220797
36836.032016348
36836.499926971
36836.972181377
36838.163823811
36839.151280170
36839.806692891
36840.575394813
36840.845809849
36841.757477308
36842.689050273
36843.396039503
36843.885762343
36844.624900324
36845.318249817
36846.246711221
36846.456033015
36847.519497601
36847.920657137
36849.355066098
36850.236098722
36850.628226719
36851.258806987
36851.899147647
36852.640774471
36853.211664017
36853.755884429
36854.906898132
36855.512834526
36856.292105061
36856.628693630
36858.080412293
36858.615495824
36859.046203874
36859.981288847
36860.623940707
36861.435064825
36862.377280640
36862.808971558
36863.326051843
36863.861227217
36864.481049225
36865.784173722
36866.462444707
36867.369372061
36868.233037865
36868.551496706
36869.401270009
36870.025522529
36870.722793214
36871.188792583
36872.310734152
36872.797298128
36873.598805203
36874.325732144
36874.980460702
36875.799555472
36876.466618658
36877.447513846
36878.445079817
36878.966450127
36879.345739655
36879.951005368
36880.872028203
36881.544159464
36882.160140773
36882.704619697
36883.583127100
36884.884424095
36885.513282185
36886.131703428
36886.598528745
36887.624260124
36887.761493872
36888.918543993
36889.854758945
36890.251235296
36890.801567029
36891.713521104
36892.298535970
36892.751830293
36894.193168714
36895.005836058
36895.268141548
36896.333446036
36897.029629329
36897.687319386
36898.209593200
36898.732686324
36899.266733359
36900.453588225
36901.092336333
36902.062531290
36902.537998144
36903.306104137
36904.241501182
36905.030117468
36905.396353458
36906.171330794
36907.304569135
36907.617016345
36908.264580066
36909.263747652
36909.400366603
36910.585608333
36910.726554860
36912.303204797
36913.130461870
36913.797468544
36914.289619070
36914.958095449
36915.313687456
36916.423054540
36916.987382591
36917.817345793
36918.503583620
36918.941069283
36919.946593862
36920.990043617
36921.380452932
36922.083751966
36922.858396800
36924.079770899
36924.493521754
36924.933918863
36925.988536158
36926.304012486
36926.868349635
36927.737571448
36928.389229351
36929.562310185
36930.267758082
36931.070326866
36931.727928352
36932.367492959
36933.077697186
36933.689119962
36934.416884827
36934.861246990
36936.286239642
36936.696642359
36937.221529525
36937.524662181
36938.795876397
36939.534478759
36940.629955068
36941.286007938
36941.649054425
36942.660861094
36943.039530667
36943.973221290
36944.453737230
36944.921718937
36945.884480896
36946.665900884
36947.578012739
36948.369729574
36949.334888336
36949.684045133
36950.216584549
36950.972854101
36952.254577239
36952.544420589
36953.374092840
36953.883754144
36954.422011099
36955.302337421
36956.278041718
36956.479161596
36957.813548365
36958.632128985
36959.445349055
36959.932867046
36960.711352899
36961.037144200
36961.595024414
36962.860588396
36963.130187808
36964.169753927
36964.783413999
36965.591053499
36966.282805007
36967.089102201
36967.953392817
36968.654518785
36969.142650556
36970.072545518
36970.766291815
36971.413501497
36972.073357342
36972.634854997
36973.303632369
36973.665473085
36975.414680993
36976.110925650
36976.634846707
36977.015742447
36978.108491587
36978.764002223
36979.118383906
36979.946351939
36980.836466029
36981.466982938
36982.093206463
36983.001114334
36983.496910244
36984.365025199
36985.204358380
36985.909712972
36986.842279538
36987.596037682
36988.342692259
36988.552231973
36989.299424421
36989.954629041
36990.738053816
36991.590392278
36992.285936597
36992.940111837
36994.240273696
36994.922085350
36995.203963877
36996.017207263
36996.542356582
36997.352231272
36998.480443124
36998.913315059
36999.487356329
37000.226415224
37000.832031324
37001.394130506
37002.748913697
37003.191001013
37004.527479685
37004.789623993
37005.402319445
37006.041822100
37007.195147407
37007.318513848
37008.115434827
37008.505106045
37009.963921931
37010.368175549
37011.326494458
37012.079078574
37012.510663023
37013.389004663
37014.249118097
37015.042975940
37015.571604330
37016.154725352
37017.001889842
37017.750679662
37018.245877224
37018.741212006
37019.620173707
37020.789496082
37021.511193679
37022.518433320
37022.971993744
37023.404657927
37024.285614098
37024.662657573
37025.476331188
37026.543642537
37027.184109818
37027.657942690
37028.305076675
37029.189464590
37030.386694658
37030.743208570
37031.353684348
37032.329234720
37033.077530878
37034.010020479
37034.521521138
37034.599215059
37035.618654339
37036.280754796
37036.973752313
37037.908101644
37039.152668499
37039.498629009
37040.183450440
37041.134604732
37041.519422119
37042.232461165
37043.070679848
37043.704122861
37044.474936625
37045.121131336
37045.891801175
37046.759596644
37046.966841959
37047.828943521
37049.332240633
37049.939173040
37050.271924692
37051.160359614
37051.631292842
37052.499253858
37052.892973989
37053.904543115
37054.357101817
37055.011323450
37056.235938040
37056.984177364
37057.561232496
37058.554283624
37058.830749103
37059.611488534
37060.412020873
37061.305424274
37061.991230351
37062.720128981
37063.031842967
37063.567780992
37064.608581898
37065.357623470
37066.392441201
37067.195288759
37067.654044326
37068.844207781
37069.118699288
37069.832221314
37070.264691342
37071.006594035
37071.820437204
37072.998039566
37073.296439501
37073.935789557
37074.870060426
37075.821573148
37076.351076501
37076.969878758
37078.257315709
37078.487389839
37079.207295211
37079.872189022
37080.730468956
37081.385600935
37081.645135618
37082.550077657
37083.374925934
37084.923517076
37085.141830897
37086.032145680
37086.530400120
37086.739665034
37088.134313922
37088.574269007
37089.324885526
37089.916532705
37090.835625210
37091.351956198
37092.141109065
37092.900810907
37093.765241281
37094.423878613
37095.370432049
37096.231172170
37096.691433891
37097.260571636
37098.046807321
37098.675421953
37098.964432381
37099.997058924
37101.124859567
37101.559711877
37102.465994670
37103.307123803
37103.930135866
37104.853776487
37105.231789721
37105.603532436
37106.852557072
37107.757605227
37107.978670267
37108.944683245
37109.263595471
37109.969497431
37110.928044041
37112.154723276
37112.742144700
37113.366996994
37114.228879914
37114.620549564
37115.382219561
37116.025866860
37116.620573304
37117.500849461
37118.212169700
37118.687100450
37120.111408342
37120.623936525
37121.110591818
37121.842066636
37122.696938656
37123.473948468
37124.360818018
37125.119950055
37125.220940439
37125.941715209
37126.989095631
37127.703215653
37127.876240469
37129.083466979
37130.261606799
37130.976634481
37131.371954888
37132.153028886
37132.793035245
37133.541099659
37133.707265464
37135.088263977
37135.565701416
37136.554904281
37136.862774265
37137.584187360
37138.559868883
37139.402311623
37140.301717452
37140.737386024
37141.511340297
37142.276028038
37143.115156948
37143.625799561
37144.152616700
37144.694124213
37145.339645819
37146.579083824
37147.518766600
37148.023313655
37148.924145283
37149.611821512
37149.926311939
37150.961157442
37151.457677875
37152.478097156
37152.845394604
37153.781332563
37154.397097012
37154.939885696
37155.760095163
37156.844707587
37157.037526592
37158.500004305
37159.266781827
37159.746722696
37160.095216526
37160.883019865
37161.438686933
37162.479330642
37162.942672105
37163.641516071
37164.713674448
37165.127773995
37166.511979655
37166.891598381
37167.546622600
37167.917399673
37169.150978840
37169.776451794
37170.367025400
37171.226164194
37171.853073888
37172.217055851
37172.975477847
37173.638292679
37175.014195620
37175.783100104
37176.432531049
37176.782203724
37177.859300707
37178.468882982
37178.917731618
37179.674676773
37180.162311435
37181.183477996
37182.106336372
37182.689554883
37183.231264592
37184.112995051
37184.929059045
37185.708725650
37186.492920191
37187.129279396
37187.847989042
37188.519315220
37189.317331451
37189.408675804
37190.589975413
37191.192812864
37191.671834623
37193.121053411
37193.848376808
37194.499615145
37195.192422698
37195.587157546
37196.332529473
37196.845024099
37198.180087340
37198.808410986
37199.043014254
37199.719176315
37200.655937202
37201.607329763
37202.070019473
37203.058798307
37203.814058831
37204.632656245
37205.303641010
37205.969652046
37206.479301722
37207.099049563
37207.733236911
37208.428816830
37209.387824794
37210.145071002
37211.275224310
37211.727836253
37212.174803900
37213.333150866
37213.807235568
37214.496434017
37215.303419413
37215.755902396
37217.021592106
37217.162746797
37218.132658231
37218.588262136
37219.011723165
37220.632687070
37221.259781700
37222.109916688
37222.632823334
37223.130779901
37223.818052059
37224.743539065
37225.214435223
37225.696251838
37226.947540308
37227.366488653
37228.121727258
37229.069944536
37230.071188707
37230.371592773
37231.099955537
37231.716639879
37233.071804159
37233.551927772
37233.867286723
37234.641612224
37235.406488401
37235.747809278
37236.746368987
37237.777432240
37238.368106405
37239.322646985
37240.303856779
37240.637946966
37241.299650876
37241.721875110
37242.762357591
37243.188253452
37244.215883863
37244.998920036
37245.413321395
37246.278366039
37246.858612923
37247.825057467
37248.650868384
37249.453871995
37250.255100804
37250.681368844
37251.331177582
37252.110760756
37252.968860467
37253.331557568
37253.895574097
37254.614305142
37255.984658254
37256.871328667
37257.425225227
37257.726948044
37258.781231624
37259.247379332
37260.145607272
37260.758716817
37261.642893434
37262.183058372
37262.860981771
37263.474022857
37264.286350554
37265.021418987
37265.852817049
37266.933083374
37267.499395799
37268.122208531
37269.198304518
37269.538644576
37269.777646148
37270.526672912
37271.611510122
37272.435620332
37272.962633762
37273.710725097
37274.636046858
37275.547140281
37276.076538983
37276.744635098
37277.359792181
37278.120220859
37279.177650677
37279.642198511
37280.450879725
37280.587749024
37281.567048882
37282.261036138
37282.972708494
37284.521880894
37284.945383588
37285.476113488
37286.073044212
37287.044808912
37287.300617458
37288.438384953
37288.708528361
37289.685791078
37290.161086217
37291.479870586
37291.687793307
37292.675301774
37293.466182000
37293.773859558
37295.207053232
37295.865030937
37296.119015383
37297.097909776
37297.486211451
37298.334192816
37299.038924368
37299.433478171
37300.349003309
37301.550388723
37302.068824009
37303.158556362
37303.583104620
37304.307207779
37304.875663272
37305.299572324
37306.425005620
37307.079757204
37307.975102270
37308.509081145
37309.007699590
37309.467020516
37310.942419735
37311.647914000
37312.113538204
37313.010586134
37313.973653957
37314.300680878
37315.128176303
37315.618985382
37316.338682592
37316.775140076
37317.748162272
37318.785279223
37319.407268107
37320.306879195
37320.959172697
37321.717104561
37321.987915902
37323.228091961
37323.686505586
37324.712078098
37324.982700955
37325.600815771
37326.901893387
37327.003983216
37327.704339317
37328.573570402
37329.795962494
37330.699224689
37331.244859108
37331.667084728
37332.241153475
37333.044399278
37333.781813803
37334.317807215
37335.386093286
37335.803636805
37336.551127746
37337.603746098
37338.316102105
37338.829113602
37339.817099808
37340.401987958
37340.970944505
37342.063606968
37342.665754836
37343.289079019
37343.779522492
37344.261198707
37345.091104795
37345.971536920
37347.296845136
37347.631499754
37348.518897394
37349.033650877
37349.933455328
37350.668452411
37351.025165666
37351.435095287
37352.793542358
37353.524257456
37353.862203914
37354.609931484
37355.644015752
37355.970889406
37357.118586146
37357.858974293
37358.748804909
37359.278805975
37359.964160075
37360.455702142
37361.208522624
37361.899248216
37362.557116794
37363.336721034
37363.867642234
37365.216633690
37366.111529421
37366.488561758
37367.163486932
37367.555431714
37368.463975745
37369.547712662
37369.976997058
37370.787259739
37371.164604503
37372.216927720
37372.448221150
37373.582208183
37374.203020125
37375.424615167
37375.827936556
37376.848945569
37377.317121238
37377.994991496
37378.530091718
37379.424918342
37379.645103048
37380.557416196
37381.774609865
37382.360827775
37382.882174279
37383.661416238
37384.764264057
37385.381227853
37385.644266356
37386.954414025
37387.198647014
37388.027692753
37389.030784028
37389.435441566
37389.905249755
37390.552815996
37391.394798922
37392.854133983
37393.282744668
37394.086348834
37394.793043747
37395.296712334
37395.900339098
37396.494235092
37397.600699953
37398.110688323
37398.665452865
37399.781474881
37399.971367981
37401.258519619
37402.060143548
37402.293280166
37403.174149043
37404.297107912
37405.035899214
37405.473249961
37406.080453511
37406.626566277
37407.306400575
37408.174713413
37408.886049288
37409.510694324
37410.874021375
37411.388654300
37412.026596593
37412.800532238
37413.384242407
37413.983970044
37414.656031397
37415.515337167
37416.357817844
37417.125118504
37417.384576384
37418.310796198
37418.812926816
37419.884590888
37421.009726886
37421.707477895
37422.010906597
37422.607767964
37423.892005386
37424.116196545
37424.725489597
37425.363318739
37426.043206095
37427.089340014
37427.845374428
37428.849100018
37429.485993606
37429.815257667
37430.785811365
37431.535128310
37432.067662496
37433.057294468
37433.863238055
37434.081287689
37434.836378584
37435.583554763
37436.313362288
37437.122299043
37437.944320033
37438.901527496
37439.837885659
37440.351694111
37440.834445640
37441.418329759
37442.064909281
37442.733693208
37443.929873030
37444.283198515
37445.208816371
37445.530721082
37446.885596048
37447.352623626
37448.257793236
37448.669004393
37449.596868087
37450.501394065
37451.002562530
37451.654760716
37452.267731110
37453.234048396
37453.489288523
37453.872389337
37455.645070276
37456.229575822
37456.982359833
37457.682386111
37458.015896987
37458.969335607
37459.660852528
37460.347573299
37460.846045295
37461.713690784
37462.464469054
37463.440576204
37463.765826988
37464.334018016
37465.629641601
37466.131026467
37467.163945978
37467.782671227
37468.499993854
37469.019002956
37469.492604973
37470.383261040
37471.052334817
37471.522850890
37472.704673107
37473.268259999
37474.230612235
37475.135474925
37475.781715465
37476.235225334
37476.765219905
37477.501244856
37478.699705078
37479.298678938
37479.870939867
37480.314319085
37480.957323966
37481.881687404
37482.705394818
37483.648465799
37484.421533995
37485.151572619
37485.809539205
37486.426933639
37487.146326674
37487.722153435
37488.134364347
37489.167568157
37489.847877109
37490.629906236
37491.676711137
37492.132629098
37493.105051071
37493.277291134
37494.546291977
37495.284831394
37495.888196109
37496.235365782
37497.428284967
37497.768647293
37498.495275953
37499.269495451
37499.676919940
37500.598593609
37502.323064485
37502.534986471
37502.838056332
37503.909898464
37504.349208944
37505.073622171
37505.728780191
37506.494893120
37507.425501602
37508.102542550
37508.405929349
37509.384782174
37510.345720341
37511.180619711
37511.516393425
37512.496083002
37513.295774117
37514.005335358
37514.741205303
37515.308677384
37515.673558988
37516.192070228
37517.399140735
37518.016636694
37519.155776724
37519.670193763
37520.462321396
37521.395716141
37521.869889749
37522.249666269
37523.153313478
37524.031824397
37524.601397337
37525.370830243
37526.161628685
37526.641722291
37527.275961734
37528.161498941
37529.097404988
37530.170208928
37530.633710278
37531.447573881
37531.866453884
37532.283486351
37533.448538156
37534.029763288
37534.497126418
37535.151378431
37536.179267998
37537.365259165
37537.672395113
37538.591473930
37539.118381327
37539.718028000
37540.557387045
37541.666131193
37542.065794221
37542.522159920
37543.504886830
37543.931563323
37544.697897299
37545.232002065
37546.569444243
37547.346900755
37547.831601287
37548.777313205
37549.553780108
37549.904847664
37550.563833275
37551.181577595
37551.754887151
37553.146673284
37553.515327033
37554.162525722
37554.837411712
37555.828575070
37556.556930719
37557.467776741
37557.839600294
37558.679550540
37559.598714145
37560.073170865
37560.894151580
37561.210690040
37562.186839011
37562.458159804
37563.532292861
37564.547315393
37565.659986212
37566.144567206
37566.551404163
37567.077136189
37568.169809415
37568.614479836
37569.443855379
37570.312503781
37570.790230848
37571.334329546
37572.329566844
37573.204641940
37573.719776307
37574.273159391
37575.801267774
37576.032554141
37577.110801779
37577.286944196
37578.017844377
37578.908293597
37579.212769263
37580.026672368
37581.019043086
37581.646261767
37582.601317737
37583.412446350
37584.162137822
37584.549619249
37585.560728198
37586.050752701
37586.532234539
37587.712651198
37588.404645131
37589.014514253
37589.454066168
37590.047612975
37590.771955427
37592.235706778
37592.743074730
37593.623662402
37594.068173671
37594.821914083
37595.707882949
37596.098917162
37596.602881623
37597.645449223
37597.974374129
37599.206719407
37599.774371212
37600.554196085
37601.433889305
37602.109250246
37602.555650995
37603.408772257
37604.522450819
37605.109378587
37605.493231809
37606.057145740
37606.917296184
37607.668299327
37608.342258394
37608.787627900
37610.122837111
37610.982335882
37611.647924352
37612.420202218
37612.804465236
37613.242415101
37614.050181532
37615.107093054
37615.794897320
37616.132661529
37617.214622209
37617.818766700
37618.258932425
37619.659606884
37619.975008179
37620.915075142
37621.699243889
37622.237675530
37623.052656076
37623.770708976
37624.410876786
37624.658868966
37625.591864994
37626.080152417
37627.575243619
37628.364352678
37628.660787463
37629.482346069
37630.268475748
37631.074458693
37631.427494590
37632.298587446
37632.989549604
37633.773465035
37634.640519356
37634.947315076
37635.677542620
37636.572015581
37637.287131981
37638.299739101
37639.239658499
37639.928598821
37640.081121233
37641.210473597
37641.455132043
37642.156037221
37643.018346937
37643.919877750
37644.513311332
37644.979952583
37646.384716843
37647.157391666
37647.456223254
37648.141756092
37648.763272993
37649.935861259
37650.410359228
37651.345424509
37651.723234369
37652.359046138
37652.862151262
37653.909827279
37654.480859867
37655.671288699
37656.506273885
37657.075646116
37657.785353414
37658.174369299
37659.315012211
37659.640381465
37660.161390309
37660.960268318
37662.159006095
37662.544796324
37663.370296628
37664.125318994
37664.639284295
37665.706313125
37666.510140136
37667.190960693
37667.716653583
37668.570944049
37669.009416079
37669.950689483
37670.596830548
37670.862892326
37671.638976182
37672.869183079
37673.828463027
37674.443980980
37675.118550740
37675.876941756
37676.214741007
37676.870325062
37677.858624242
37678.633884932
37679.453204160
37679.764742138
37680.386874851
37681.437436339
37682.045995109
37683.040538075
37683.863339472
37684.097660455
37685.642442571
37686.007849115
37686.420284470
37687.006724113
37687.661246061
37688.591883613
37689.045465873
37690.153289186
37690.840686587
37691.726887914
37692.420362047
37693.095209755
37693.851945532
37694.351379600
37695.126979889
37696.037402140
37696.600932858
37697.197292114
37698.176711990
37698.604109862
37699.160997000
37699.802487161
37701.361266305
37702.146731381
37702.497637653
37703.110891777
37703.886745813
37704.442235449
37705.338948955
37705.907434146
37706.330099335
37707.431492875
37708.063916099
37708.923204545
37709.883848030
37710.211268915
37711.275478972
37711.535493285
37712.890611866
37713.162910256
37714.117762603
37714.910004648
37715.020238643
37715.897241008
37716.394534336
37717.645036718
37718.112636607
37719.204346816
37719.985543079
37720.710851238
37721.305479046
37721.919058929
37722.526680193
37722.907476547
37724.086396325
37724.986731917
37725.432725262
37726.138612349
37726.476544687
37727.980038433
37728.331883059
37729.067561579
37730.286693845
37730.695096857
37731.181563519
37732.084359049
37732.817101099
37733.224070678
37733.913109989
37734.606904605
37735.302815616
37736.589202529
37737.476289567
37738.002430978
37738.325812530
37739.215430869
37739.877614421
37740.865618409
37741.412224953
37742.017913515
37742.659415990
37743.609642426
37744.185806670
37744.667997147
37745.636477831
37746.451186557
37747.592546661
37748.104465883
37748.732378516
37749.482401669
37750.032722605
37750.480983447
37751.264434758
37752.106272243
37752.865999967
37753.625601251
37754.539051284
37754.887283640
37756.252492667
37756.703217944
37757.227542421
37757.794741296
37758.769321786
37759.850635198
37760.221549218
37760.583865144
37761.532794131
37761.972655851
37762.620028130
37764.020914025
37764.828468093
37765.314045528
37766.116256979
37766.856767621
37767.349741752
37768.035905965
37768.577251917
37769.628562931
37770.070968076
37770.839588387
37771.768023075
37772.443128275
37773.318988261
37773.616436852
37774.709870052
37775.495461871
37776.510938968
37776.753096213
37777.531578500
37777.874630275
37778.989703350
37779.459479004
37780.219678428
37780.649663949
37782.030598785
37782.848183678
37783.638870080
37784.146363502
37784.484630106
37785.446993979
37786.188646377
37786.590882563
37787.929723469
37788.278703389
37788.887174944
37789.512561299
37790.237035638
37791.282050216
37792.127159369
37792.804643110
37793.563608245
37794.140393735
37795.119473773
37795.470106859
37796.411553608
37796.626225548
37797.076414151
37798.544927142
37799.336759099
37799.675310751
37800.929520806
37801.399634910
37802.013381809
37802.848915336
37803.497176596
37804.278729500
37804.884427684
37805.738234785
37806.416717005
37806.753429756
37807.714455604
37808.281446479
37809.089274831
37810.273953438
37811.123058998
37811.767404676
37812.303762393
37812.528395338
37813.457642713
37814.394377133
37814.780607802
37815.899221721
37816.153184104
37817.070650996
37818.032311632
37819.001163369
37819.233265402
37820.096220218
37820.773269948
37821.787004482
37822.527722766
37822.922150234
37823.647978469
37824.359213294
37824.779834422
37825.598270049
37826.312598700
37827.811151898
37828.220722777
37828.716880578
37829.621788968
37830.546909514
37830.877354217
37831.342699916
37832.226759286
37833.044680113
37833.803931142
37834.721652994
37835.079109931
37835.642069512
37836.601267529
37837.697769614
37838.396083397
37838.886556372
37839.828495131
37840.319955710
37841.146747067
37841.517932121
37842.286696462
37843.037632798
37843.638935645
37844.428605985
37845.782466089
37846.272209790
37846.907332953
37847.705176728
37848.265199389
37848.519831954
37850.059591512
37850.574109730
37850.964572549
37851.822137961
37852.210317532
37853.229791053
37853.929088172
37854.710292142
37855.460973652
37856.807353233
37856.925199775
37857.834194601
37858.367933503
37858.970682022
37859.578929679
37860.235092380
37861.206567219
37861.852516834
37862.851429528
37863.240946168
37864.405500542
37864.808264632
37865.629840105
37866.498561715
37866.994646898
37867.817401465
37868.321073557
37869.454603992
37869.981681293
37870.250439466
37870.807765413
37871.860410056
37873.103855016
37873.876525093
37874.557446208
37874.889370627
37875.647419831
37876.466903761
37877.142050895
37877.618873525
37878.365598645
37879.420766960
37879.937456761
37880.470328679
37881.524846278
37882.353434457
37882.886480633
37883.461182041
37884.715258785
37885.290558960
37885.911185080
37886.562269283
37886.921685163
37887.658723551
37888.634962603
37889.039428013
37890.328660494
37890.621144916
37892.005211551
37892.603207439
37893.031057578
37893.676588781
37894.315260302
37894.990628274
37896.049728992
37896.773914495
37897.133415909
37897.917137099
37898.684204369
37899.183254001
37900.199980588
37901.448453926
37901.703277030
37902.610720462
37903.103364442
37904.026374134
37904.367230869
37905.268023672
37905.967347458
37906.122495904
37907.251494814
37908.479798071
37909.064952249
37909.665034068
37910.276907119
37911.048180026
37912.151340930
37912.233619659
37913.331978947
37914.068970850
37914.595852655
37915.083246088
37916.170875439
37916.596766090
37917.076726146
37918.580361913
37919.159885880
37919.968782654
37920.681711163
37921.346716572
37921.791051250
37922.284669141
37923.046873242
37924.133316538
37924.843512919
37925.318984384
37925.945087323
37926.985599584
37927.896322000
37928.588684167
37928.885126046
37929.877503235
37930.678946548
37931.542941861
37932.004933761
37932.631857723
37933.088144907
37933.932788363
37934.490750403
37935.589126618
37936.606861847
37937.357746109
37937.912703832
37938.452171658
37939.180980666
37939.935379282
37940.662427215
37941.233438377
37941.860401644
37942.940709607
37943.457460231
37944.144659830
37944.817082293
37945.653068461
37946.382609933
37947.656879472
37948.144763229
37948.685708915
37948.959019215
37950.227865379
37950.622771460
37951.194775680
37951.868110889
37952.820702123
37953.557224221
37954.737462637
37955.090849731
37956.285135812
37956.393406992
37956.998033662
37957.960062878
37958.721615606
37959.591517927
37960.119308452
37960.895099380
37961.199464273
37961.790088072
37963.284937716
37963.680804340
37964.673129079
37965.347926583
37966.072419970
37966.923332068
37967.327468479
37967.890545465
37968.468312852
37969.266561048
37970.291152188
37970.866018216
37971.650738699
37972.615353113
37972.975556433
37974.112517811
37974.475575508
37975.305798312
37976.298930062
37976.819501091
37977.227888375
37978.198172552
37978.749435110
37979.484579427
37980.144768777
37980.502847207
37982.527180291
37982.613075873
37983.513669014
37983.837999657
37984.720353705
37985.217404426
37985.992241347
37986.902813892
37987.500733178
37988.073396311
37988.845163559
37989.798887572
37990.377113714
37991.131013373
37991.991227153
37992.799782865
37993.303595831
37994.323573706
37995.044200044
37995.356742684
37995.933817412
37996.778645033
37997.167007062
37998.384559357
37999.150579407
38000.152969385
38000.455870143
38001.489598922
38002.267226633
38002.587451358
38003.396472385
38003.803569759
38005.088747252
38005.662122610
38006.297875637
38006.763721501
38007.474238694
38008.356633261
38009.243644608
38010.336248163
38010.717631588
38011.701707935
38012.178966862
38012.534788626
38013.563973243
38014.145459872
38014.773021030
38015.349321373
38016.459945973
38016.981299621
38018.332871985
38018.785890094
38019.297743202
38019.646730422
38020.912051618
38021.716259350
38022.278353539
38022.830470705
38023.508943873
38024.178931402
38025.035257291
38025.370444559
38026.446384046
38027.430733629
38028.155997286
38029.161706873
38029.485409147
38029.988098576
38030.921562126
38031.379438894
38032.024207111
38032.816705496
38034.014564162
38034.468338125
38034.811243583
38035.827182724
38036.940264131
38037.279221082
38038.362192794
38038.677831135
38039.560639518
38040.408899193
38040.978226298
38041.667469527
38042.129288362
38042.653221510
38043.505335672
38044.796844632
38045.619124075
38046.099877579
38046.910549946
38047.470323025
38048.119745029
38048.804245220
38049.466661558
38050.552679788
38050.952342703
38051.457207625
38052.479410995
38053.138576919
38053.908024378
38054.589234830
38055.362911480
38056.583703990
38057.017317645
38057.624127431
38058.378329991
38058.703446103
38059.316157507
38060.540125784
38060.986976685
38061.483817024
38062.714273382
38063.649153415
38064.140968443
38064.798207314
38065.653266943
38066.065184249
38066.725472020
38068.018113024
38068.198294683
38069.230341192
38069.573185225
38070.389453523
38070.781511464
38071.849940414
38073.105435653
38073.816725872
38074.097929599
38074.858667674
38075.684423980
38076.604125528
38076.854305123
38077.220397495
38078.367825319
38079.013967978
38080.050200909
38080.677509561
38081.289251781
38082.128992430
38082.975739414
38083.366382986
38084.459551937
38085.233322320
38085.504661529
38086.529464327
38086.909237843
38087.676817484
38088.272031683
38089.088088046
38089.941016960
38090.869239917
38091.962807178
38092.462523561
38092.860214026
38093.613848461
38093.929239609
38095.078413555
38095.785506264
38096.510248746
38097.237242638
38097.590328332
38098.512142147
38099.552333615
38100.405859582
38100.521067029
38101.725650100
38102.602948811
38103.206909639
38103.479158330
38104.586783363
38104.947662195
38105.659246013
38106.042212572
38107.318144259
38108.348799982
38108.879084204
38109.650701263
38110.234554520
38110.925617921
38111.735380071
38112.391541929
38112.997943585
38113.623520292
38114.701331252
38115.259091666
38115.733036841
38116.526395166
38117.037922662
38118.474187094
38119.182020101
38119.701409201
38120.545645588
38121.048613814
38121.604760959
38122.389416928
38123.000449218
38123.673013305
38124.593213962
38125.233770153
38125.984938966
38127.298779905
38127.484834533
38128.278838467
38129.023012184
38129.407899887
38130.592897101
38131.483109741
38131.987819963
38132.207418924
38132.837905300
38134.033559418
38134.393927723
38135.430486470
38136.471654203
38137.173987250
38137.628360049
38138.782027056
38139.006019754
38139.477858676
38140.456471900
38140.901486885
38142.019810445
38142.688289184
38143.129417853
38144.290505739
38144.771263030
38145.343374898
38146.524296582
38147.257204700
38147.793169668
38148.434649703
38149.187767958
38149.803324390
38150.679662715
38151.012672248
38151.820556697
38152.217464656
38153.853641164
38154.564093100
38155.137895305
38155.659548509
38156.285571898
38157.154081044
38157.660338646
38158.549093546
38159.262906067
38159.905176430
38160.705028930
38161.127329321
38161.905871232
38163.114122551
38163.500732652
38164.350815493
38165.279782950
38166.015222830
38166.635096322
38167.228788833
38167.574091443
38168.505183203
38168.863393454
38170.192070412
38170.768774412
38171.443225948
38172.308158484
38173.312079121
38173.831436230
38174.382458775
38174.808860733
38176.198088594
38176.395447567
38177.346917724
38177.959452708
38178.790317644
38179.027996406
38179.748722630
38180.981254877
38181.758678203
38182.878393648
38183.320171705
38183.568288144
38184.476832636
38185.161335371
38185.958596273
38186.469975317
38187.201531046
38187.789485052
38189.009281220
38189.628769954
38190.259131832
38191.181145413
38191.467787354
38192.527309116
38193.479469118
38193.961371795
38194.572220669
38195.232412931
38195.935209254
38196.528554391
38197.180057282
38197.968510513
38199.026020664
38199.970829921
38200.559950632
38201.154263864
38202.127805363
38202.442939685
38203.075617870
38203.506818106
38205.040753806
38205.393250687
38205.980129635
38206.703689052
38207.268846586
38208.402963304
38209.185298256
38209.832086860
38210.659793177
38211.125384107
38212.171683560
38212.756042236
38213.219023000
38213.715673606
38214.507804109
38215.349955310
38215.975164506
38217.355484218
38217.843413552
38218.645563499
38218.973691974
38219.756673995
38220.693311067
38221.188076200
38222.075109381
38222.843565421
38223.116159473
38223.998262561
38224.973541772
38225.407416390
38225.985097765
38227.192050496
38228.251149793
38228.752971157
38229.274271651
38229.903052493
38230.497785253
38231.210343862
38232.050780044
38232.475662023
38233.541679713
38234.205065707
38234.895193965
38236.002367448
38236.462559779
38237.271789080
38237.742219332
38238.644618910
38239.272144330
38240.306150455
38240.711561403
38241.461930203
38241.943193441
38242.356418407
38243.377126733
38244.926722170
38245.124282846
38245.741738317
38246.925766697
38247.333687174
38247.773399077
38248.714513810
38249.304649303
38249.690320839
38250.981827039
38251.485644024
38252.364953029
38252.663964782
38254.043222635
38254.274398678
38255.184590910
38256.066045606
38257.020681376
38257.375774991
38257.938134137
38258.501363920
38259.505676183
38260.094849739
38260.557208846
38261.391124095
38262.534525045
38263.471313381
38264.203899403
38264.543826807
38265.220124875
38265.668209580
38266.733362178
38267.617730316
38268.029553040
38268.822301341
38269.504424333
38269.947939098
38271.134574492
38271.489264106
38272.770495277
38273.298779672
38274.133919760
38274.695136857
38275.507656731
38276.146068385
38276.704771833
38277.091251215
38277.870235459
38278.974750768
38279.665483838
38280.721945464
38281.089269299
38281.758772289
38282.815584068
38283.423135263
38283.912169708
38284.599438236
38285.576919172
38286.203997088
38286.911506134
38287.415155865
38287.937105383
38288.908966368
38289.595810037
38291.120586862
38291.344171986
38292.138328208
38292.621177962
38293.442553213
38294.030435931
38294.420824606
38295.622046164
38296.267647425
38296.738929536
38297.439124992
38298.711429990
38299.290800276
38299.899701917
38300.463143859
38301.247890962
38302.437985182
38302.920192874
38303.470243505
38303.994964895
38304.879408229
38305.172397069
38306.227455848
38306.872491996
38307.911075133
38308.938507193
38309.369730687
38310.010165126
38310.834991272
38311.366457958
38311.903891144
38312.773265217
38313.420452004
38314.315536124
38315.159230531
38315.622786568
38316.004021669
38317.122022876
38318.239616645
38318.644945817
38319.660219078
38320.137685548
38320.636596667
38321.593318995
38322.206123411
38322.814757297
38323.283011050
38323.904838975
38325.381856841
38325.869517682
38326.761529492
38327.470705512
38328.036465296
38328.582204099
38329.278863420
38330.268190815
38331.141839249
38331.411969827
38332.126259042
38332.956075462
38333.419438477
38334.383029916
38335.261950743
38335.928395704
38336.817686193
38337.820389106
38338.254872804
38338.851212396
38339.149950510
38340.002400853
38340.855438474
38341.523869949
38342.551621593
38342.830836234
38343.888254424
38344.762058690
38345.425586656
38345.944691480
38346.741444063
38347.703353644
38347.953732484
38349.203270590
38349.533484325
38350.097903511
38350.980210433
38351.500963715
38351.911902135
38353.691016705
38354.257901771
38354.869814285
38355.379883104
38355.934805553
38357.092074861
38357.440580468
38358.008363556
38358.808630351
38359.673574015
38360.409049301
38360.980724138
38361.970858798
38362.594829046
38363.081482856
38364.320245916
38364.962065876
38365.486155447
38366.396190686
38366.942526108
38367.608342465
38367.792841055
38369.003885222
38369.542478461
38370.449878252
38371.283818186
38372.219463250
38373.006679763
38373.519435464
38374.079943227
38374.650851006
38375.346616236
38376.340392622
38377.405440669
38377.646804424
38377.940971289
38379.000486166
38379.682012630
38380.807076116
38381.299086405
38382.381980150
38382.883154508
38383.670284024
38384.187592256
38384.918891017
38385.500821221
38386.210274184
38386.697179134
38387.628434308
38388.661545884
38389.556577161
38389.967971293
38390.728827268
38391.437782392
38392.032011975
38393.181080143
38393.596974854
38394.284899843
38394.724873757
38395.902978166
38396.393920051
38396.824632940
38397.472186249
38398.756784227
38399.717336490
38400.281815412
38401.070295647
38401.492227278
38402.161201193
38402.742859363
38403.523404560
38404.289951503
38405.058526656
38405.791640237
38406.461109809
38407.101821275
38408.146649416
38409.107806790
38409.382261587
38409.838140875
38411.219846844
38411.842930512
38412.222186695
38413.152909392
38413.470145522
38413.976139871
38414.949193890
38415.959278138
38416.790967917
38417.771933485
38417.989264804
38419.094848644
38419.511521293
38420.207987570
38420.723255943
38421.661670167
38422.409957349
38423.057864812
38423.698122876
38424.659491156
38424.993817247
38426.017549547
38426.597076751
38428.009129890
38428.380961307
38428.894914663
38429.650498341
38430.103387067
38431.151976584
38431.535728609
38432.199977880
38433.106325909
38433.611314914
38435.179899489
38435.649224515
38436.083389729
38436.680190218
38437.746219808
38437.991955642
38439.175101010
38439.614507496
38440.729500497
38440.914234118
38441.515801212
38442.304939828
38443.238047426
38444.003526072
38445.172433587
38445.501151867
38446.301163510
38447.162403708
38447.665878018
38448.463545815
38448.615779790
38449.342294069
38450.579274399
38451.420598167
38451.736318767
38452.575196328
38453.597620999
38454.202064414
38454.801711412
38455.880532005
38456.023133554
38457.250914677
38457.696146447
38458.403673036
38458.984202184
38459.771236341
38460.214046321
38460.986607209
38462.310248712
38463.157863425
38463.678353939
38464.437392939
38464.895693050
38465.249715282
38466.403821986
38467.244466650
38467.565456830
38468.378287283
38469.127400063
38469.888719515
38470.755082353
38471.470309831
38472.005405352
38472.921072487
38473.814907400
38474.559762141
38475.217563469
38475.506821333
38476.234991367
38477.061351065
38477.775717061
38478.043619234
38479.595139952
38480.281967830
38480.676244811
38481.802815289
38482.380904163
38482.897346388
38483.629083130
38484.114451888
38485.130193942
38485.874425331
38486.743038535
38486.980449288
38487.786039965
38488.213540160
38489.673125180
38490.352345585
38491.187144988
38491.525123604
38492.512293325
38493.046486015
38493.706708072
38494.318449826
38494.859147306
38495.780998462
38496.391693444
38497.434770705
38498.152909419
38499.166503240
38499.532268431
38499.999622881
38500.963688373
38501.759388338
38502.673069666
38503.147356767
38503.640609677
38504.371011895
38504.995541016
38506.006302245
38506.450012786
38507.300022058
38508.537544557
38509.337964398
38509.767059595
38510.128874306
38511.132255420
38511.621061506
38512.086557712
38513.208582317
38514.147926366
38514.276408199
38515.289783363
38516.072158010
38516.823829333
38517.668205865
38518.241285962
38519.193604975
38519.805928429
38520.196535373
38521.461365593
38521.886756676
38522.248242746
38522.916047815
38523.525285372
38524.801328388
38525.792021588
38526.454457060
38526.960943636
38527.485325305
38528.510283880
38529.179660202
38529.418564238
38530.452504031
38531.261609882
38531.758155403
38532.786968067
38533.022840855
38533.981429756
38534.847365812
38535.565885848
38536.353162393
38537.437139597
38537.894093712
38538.385775875
38538.881513595
38539.756750017
38540.254300281
38541.315480250
38541.777626798
38542.570643217
38543.682203138
38544.331288307
38545.373238214
38545.522726606
38546.125568865
38546.836387479
38548.160139238
38548.569605103
38549.064268682
38549.856396605
38550.456483865
38551.210791294
38551.669815300
38553.129962561
38553.794382685
38554.389928121
38555.183526077
38555.721476041
38556.599938786
38556.874291822
38557.907111785
38558.237807494
38558.941445380
38560.274933941
38560.682703398
38561.684620677
38561.940961303
38562.942446543
38563.827742770
38564.394401646
38565.216316155
38565.830886453
38566.441581892
38567.285729054
38567.739053098
38568.572242508
38568.964505176
38569.840143475
38571.174833338
38571.809828555
38572.457683470
38573.268376670
38573.705598218
38574.164196395
38575.021479822
38575.763269805
38576.710629980
38577.402580350
38577.889044641
38578.206168837
38579.887834940
38580.125157402
38580.853788548
38581.697392424
38582.557314338
38583.247784890
38584.019169479
38584.593615023
38584.883732588
38585.705742666
38586.332420935
38587.316262660
38588.087040703
38588.989145833
38589.970555263
38590.268466705
38591.010977383
38591.657775948
38592.627921744
38593.049922252
38593.681698953
38594.703002699
38595.325492867
38595.984580609
38596.428868244
38597.376324312
38597.913376190
38599.430805877
38600.025811347
38600.452048974
38600.990985567
38601.824140012
38602.448824052
38603.220185215
38603.791898753
38604.253523576
38605.495080264
38605.962765145
38607.100908568
38607.693926634
38608.340625430
38609.111391829
38609.508236514
38610.521889610
38611.460710335
38611.893957673
38612.663691977
38613.020194758
38613.767675602
38614.469465869
38615.397967713
38616.607618303
38616.812824593
38617.943112310
38618.587016501
38619.348083186
38619.798943890
38620.089243649
38621.001640329
38622.122878038
38622.553390914
38623.349011949
38624.179035322
38624.590192913
38625.646610139
38626.555007094
38626.917231562
38627.899401904
38628.645580169
38629.318418004
38629.736437058
38630.453999509
38631.556614262
38631.689091460
38632.221069963
38633.325290904
38634.799956556
38635.258314300
38635.592588143
38636.436641785
38636.992784447
38637.790592630
38638.504467906
38639.350109953
38639.967400227
38640.356100856
38641.455572385
38642.163259304
38642.479608888
38643.675855539
38644.328572805
38645.206054833
38646.187481835
38646.430565038
38647.203085871
38648.050677539
38648.333728778
38648.853631926
38649.957114065
38650.767939445
38651.528189971
38652.136681328
38653.246743260
38653.724422236
38654.646833440
38654.952666619
38655.729358188
38656.413884180
38657.549071034
38658.096708749
38658.532243862
38659.228938294
38659.621442700
38660.795563324
38661.688091641
38662.528265979
38663.494953058
38663.790722410
38664.361849088
38665.235357755
38665.861660115
38666.527185950
38666.970748314
38668.147218353
38668.524385789
38669.475740904
38670.466406138
38671.058358186
38671.634100479
38672.082109154
38673.629398446
38673.898582039
38674.582727429
38675.225040008
38675.810593597
38676.607865038
38677.232650419
38677.944425029
38678.499421819
38679.906951254
38680.543471671
38681.312342566
38681.907477188
38682.440547296
38682.977086897
38683.970615495
38684.276354741
38685.529312653
38686.006900778
38686.880735192
38687.093170496
38688.042841383
38689.088598658
38689.845907806
38690.637293587
38690.981477688
38691.971106838
38692.846986952
38693.309303711
38693.722364786
38694.476836604
38695.110104900
38695.774880372
38697.224501080
38697.725778123
38698.305489894
38699.235906149
38699.816583018
38700.595341721
38700.859717284
38702.146280192
38702.552052930
38703.396136693
38703.832009579
38704.689022853
38705.426359138
38706.067178818
38706.666766040
38708.160674954
38708.481955434
38709.458059627
38710.117863160
38710.351832819
38710.889009276
38711.974034502
38712.592605171
38713.403602979
38713.802926497
38714.838228960
38715.779560026
38716.500459608
38717.136823331
38717.660692371
38718.426003423
38719.277147794
38720.078296218
38720.682205185
38721.374171962
38721.894656225
38722.580880218
38723.021168455
38724.105406976
38725.273111423
38725.935619927
38726.612664333
38726.988643125
38728.100802743
38728.548684213
38729.262309575
38729.617726500
38730.421016381
38731.645501833
38732.272684612
38732.538548029
38733.520707768
38734.356143303
38735.031296772
38735.933627010
38736.616289387
38737.480362787
38737.826684971
38738.517613126
38739.556120095
38739.809424819
38740.283149417
38741.521656740
38741.945240648
38743.058905434
38744.257504215
38744.645735081
38744.971248375
38745.763553738
38746.359823973
38747.213595958
38748.332778950
38748.571757428
38749.287142420
38749.952115132
38750.622414782
38751.603759628
38752.448650407
38752.870602664
38754.001981369
38754.853609809
38755.293025529
38755.885065566
38756.577366301
38757.281799480
38757.680931526
38758.515880812
38759.462872540
38760.296398329
38761.085586719
38761.901414579
38762.174957890
38763.430894143
38763.864342985
38764.388237695
38765.363675048
38765.954335646
38766.691296993
38767.492203167
38768.054263835
38768.570060913
38769.000221342
38770.640943281
38771.407117433
38771.984173181
38772.430964805
38773.355042381
38773.920623963
38774.424631058
38775.182185384
38775.974104203
38776.770192366
38777.232790790
38778.272487581
38778.960335941
38779.835089017
38780.431776501
38781.111100234
38781.700093873
38782.830010353
38783.673458896
38783.914578737
38784.577662009
38784.928477068
38786.114037658
38786.646259765
38787.334790101
38788.672599182
38789.000203970
38790.247936572
38790.524376882
38791.155214755
38791.983687553
38792.190665963
38793.380555465
38794.058231870
38794.790590747
38795.470829860
38795.965212967
38796.842038599
38797.612826597
38798.445655777
38799.478043194
38800.185570734
38800.319919303
38801.301628415
38802.055733735
38802.657709910
38803.313910674
38803.745978748
38804.410647825
38805.792020508
38806.532221490
38807.253995025
38807.814327253
38808.467414572
38808.979172422
38810.199302840
38810.624907502
38811.093109307
38812.285017099
38812.766143039
38813.104401511
38814.066547981
38814.750942873
38815.766682077
38816.369725266
38817.474040995
38818.096265593
38818.683300403
38819.234831223
38819.923587666
38820.300605382
38821.216078354
38822.113766340
38823.083552783
38823.260536883
38824.125263358
38825.451429145
38826.001571731
38826.209888171
38827.143516945
38827.949687147
38828.829023249
38829.342921246
38830.200412251
38830.513178160
38831.221643430
38831.928816307
38832.617087405
38833.940695935
38834.859147451
38835.131475421
38835.944920393
38836.521943276
38837.157863979
38838.094205163
38838.450659304
38839.351398364
38839.910032789
38840.796758233
38841.690328364
38842.430288630
38842.622989679
38843.819506249
38844.577392800
38845.449132492
38846.148069148
38846.518611394
38847.507697911
38847.660836745
38848.796591114
38849.174880489
38849.926907511
38850.752749571
38851.978853571
38852.616868861
38853.130809098
38854.020202133
38854.757674738
38854.951805508
38855.593405214
38857.042104675
38857.455587722
38858.075706290
38858.565946416
38859.345380047
38860.023786563
38861.202838840
38861.954767275
38862.461227012
38863.314580352
38864.142995693
38864.728809267
38865.289382460
38865.824406596
38866.433776913
38867.203992912
38868.374291756
38868.639412728
38869.994703003
38870.486296276
38870.992253518
38871.922319363
38872.456888522
38873.323857088
38874.170346487
38874.680117704
38875.136687435
38876.159281792
38876.844839433
38877.176310234
38878.019903494
38878.851134539
38880.217903299
38880.815516822
38881.381951407
38881.794738580
38882.345828848
38883.393930039
38883.955656452
38884.475937937
38885.477524084
38886.142567773
38886.758217456
38887.579424731
38888.669585386
38889.053943210
38889.725732371
38890.604457626
38891.391215742
38892.091689136
38892.744187072
38893.400134615
38894.062362148
38894.293296873
38895.098837150
38896.574784023
38896.964307503
38898.000215223
38898.433720348
38899.543093812
38899.789771527
38900.674413565
38901.003051022
38901.945703820
38902.633876999
38903.697452467
38904.276361491
38904.384806118
38905.561128599
38906.320860817
38907.077029184
38908.089003220
38908.713945619
38909.451842279
38909.896563320
38910.658783820
38911.094329589
38912.089403421
38912.744222205
38913.081311040
38914.087057102
38915.410262013
38915.846536595
38916.699277509
38917.140232033
38917.537154234
38918.678889674
38919.326286733
38920.305560567
38920.697712849
38921.107839571
38922.095472102
38922.715818450
38923.477021544
38924.125951309
38925.527226918
38926.019206576
38926.407059379
38927.609161835
38927.952225720
38928.632567358
38928.954835107
38929.891284108
38930.674790975
38931.541418730
38932.403748188
38932.810370407
38933.682034065
38934.516747420
38935.366284328
38935.901176138
38936.521298312
38937.242477936
38938.255209515
38938.789571473
38939.308373797
38939.805600574
38940.752457922
38941.094732406
38942.680414087
38943.333548198
38943.955849464
38944.722224132
38945.095176201
38945.913165424
38946.497846813
38947.244641169
38948.183657363
38948.674592214
38949.321340281
38950.120814193
38950.989412395
38951.878349361
38952.334297056
38952.902663814
38954.262589441
38954.908142542
38955.350197787
38955.788999076
38956.666949316
38957.168672148
38957.972467414
38958.608543336
38959.562345032
38960.341906839
38961.323288379
38962.044449699
38962.613904304
38962.991873564
38963.997525195
38964.478177795
38965.295943015
38966.126533104
38966.816973784
38967.572965962
38968.005312487
38968.367058088
38969.794682549
38970.704470734
38971.221154476
38972.106822057
38972.665819464
38973.044795614
38974.322752818
38974.591866678
38975.106916232
38975.651463228
38976.895818470
38977.560426395
38978.504988945
38979.078417667
38979.819026429
38980.538136490
38981.108410735
38981.895205313
38982.888650107
38983.389362239
38983.983506493
38984.608037287
38985.261765925
38986.173226766
38986.562609874
38987.703190982
38988.468827425
38989.545120740
38990.078543497
38990.669240388
38991.105883605
38991.907752085
38992.226958768
38993.612776856
38994.122672813
38994.680008212
38995.302685816
38996.374522451
38997.163740379
38997.625668549
38998.737122212
38999.061686900
38999.980793880
39000.893206161
39001.296024513
39002.025710206
39002.662496912
39003.121278059
39003.968700401
39004.512957944
39006.165280781
39006.650215750
39007.169181317
39007.625484021
39008.782553863
39009.201628200
39009.926451801
39010.518548763
39011.249675867
39012.296274061
39012.607641334
39013.616046138
39014.025885367
39014.820033389
39015.742136326
39016.833236834
39017.366945675
39017.888565291
39018.863948146
39019.173839989
39019.844389267
39020.519075721
39021.325057840
39021.949549694
39022.956245016
39023.492824020
39024.666961099
39025.356503803
39025.909698125
39026.410308731
39026.901589446
39028.106648342
39028.876401887
39029.346620351
39030.193910063
39030.529313852
39031.027376122
39032.298984068
39032.889849609
39033.910096466
39034.603586905
39035.383845959
39036.073476613
39036.581896204
39037.114206790
39037.930144458
39038.723679797
39038.922361415
39040.247462936
39041.127633040
39041.336993737
39042.509694772
39043.083395415
39043.664032295
39044.627846024
39045.555110383
39046.024844897
39046.350960106
39047.402121079
39048.146397896
39048.658907224
39049.254324430
39049.682734245
39051.121279920
39052.200240983
39052.525386732
39053.332159717
39053.764253788
39054.652400474
39054.941197329
39056.157434741
39056.452152983
39057.618833571
39057.951810710
39058.733011917
39059.373423886
39060.482225055
39061.190471718
39061.645263265
39062.648331626
39063.259044334
39064.363874080
39064.725884557
39065.041083627
39065.847536470
39066.352454410
39067.436372618
39068.161123481
39069.000526720
39069.889459995
39070.569809636
39071.123336974
39072.121878289
39072.406883299
39072.972171377
39074.053656884
39074.911232474
39075.272853834
39075.944583063
39076.819208167
39077.401474581
39077.923354709
39079.233236765
39080.184223559
39080.719132317
39081.225827880
39081.738446327
39082.647983685
39083.353110482
39083.731852245
39084.732457888
39085.177068941
39085.995407537
39087.286572786
39087.883006834
39088.319345223
39088.970828064
39089.883017115
39090.572607170
39091.328220737
39092.163816559
39092.715106226
39093.091208278
39094.122649009
39094.467453879
39095.224521999
39096.461023188
39097.082131642
39098.001421716
39098.615215815
39099.349814223
39099.938071126
39100.484842113
39101.079308662
39101.639781486
39103.092184634
39103.381440229
39104.068713973
39104.679560307
39105.541623769
39106.840431982
39106.974360675
39107.681556412
39108.845861968
39109.239354025
39110.004231405
39110.622971844
39111.341456299
39111.877737458
39112.384209104
39113.246238346
39114.557387022
39115.110050914
39116.098445761
39116.654300501
39116.891090897
39117.657031490
39118.700756008
39119.349284388
39119.982205680
39120.514708440
39121.329373157
39122.270793432
39122.599979779
39123.634274658
39124.192393788
39125.157864790
39126.308886520
39126.569320718
39127.369735782
39127.739126359
39128.463565119
39129.363659958
39129.689879001
39130.656133062
39131.401672541
39132.495923007
39132.869770681
39133.899233218
39134.635588455
39135.061623191
39135.771520247
39136.473455572
39137.258348374
39138.227420565
39138.904520311
39139.095397283
39139.761974791
39140.558414696
39141.483509045
39142.855954028
39143.176019686
39143.740635190
39144.536786656
39145.588861583
39145.707399456
39146.439073758
39147.028714440
39147.984721458
39148.703106128
39149.419345242
39150.200732418
39151.225235365
39151.552384484
39152.325518802
39153.084489803
39154.269261643
39154.435646961
39155.412030832
39156.024026106
39156.290976986
39157.218159655
39158.128366444
39158.614060636
39159.163986947
39160.852539597
39161.240612903
39161.903601114
39162.531119735
39163.053874330
39163.682767232
39164.475539666
39165.436219059
39165.962719289
39166.734884688
39167.297878415
39167.938503889
39169.088705570
39169.502449276
39170.559029673
39171.323980184
39171.729899059
39172.838591536
39173.101157104
39174.133915561
39174.501537734
39175.003463993
39175.595214421
39176.848372009
39177.814267304
39178.418092789
39178.952609180
39179.883775920
39180.445193953
39181.246777471
39181.691806329
39182.595236818
39183.288375540
39183.917002075
39184.928599613
39185.207227944
39185.756862269
39186.747992827
39187.848416331
39188.339986395
39189.658124647
39189.819094790
39190.610527629
39190.981602190
39191.654971955
39192.799330988
39192.995521095
39193.988887749
39194.776022269
39195.251573637
39196.632121664
39197.150270197
39197.639436833
39198.450058261
39198.776994428
39200.324673136
39200.667609373
39201.229364334
39201.704197884
39202.799927717
39203.014554359
39203.780022793
39204.861197630
39205.882071719
39206.491895306
39207.256320475
39207.852854985
39208.392333386
39209.350493797
39209.746730168
39210.192225476
39211.375849245
39211.953954309
39212.969638588
39213.277761908
39214.161270313
39214.756464251
39215.890315080
39216.650058701
39217.169196928
39217.799391638
39218.586528058
39219.303936382
39219.876117261
39220.500036003
39221.045783445
39221.800271049
39222.850344469
39223.916681455
39224.658382819
39225.012847912
39225.655795130
39226.600659965
39226.883230754
39227.733453101
39228.931320157
39229.272448656
39229.912243819
39230.289853392
39231.416984248
39232.336210751
39232.741746073
39233.701940993
39234.555871748
39235.451708172
39235.803118875
39236.676065097
39237.241135214
39237.311532819
39238.508721560
39239.289658463
39240.007530756
39240.754121999
39241.741431086
39242.356121542
39243.192101225
39243.558838194
39244.456990571
39245.210405640
39245.802115396
39246.524219175
39247.458408089
39247.868285062
39248.518988039
39249.211925794
39249.656107410
39251.287273615
39251.981073621
39252.522420965
39253.052604363
39253.709247654
39254.467238352
39255.185641928
39255.790825270
39256.438524923
39257.032913287
39258.256791561
39258.761792433
39259.373008100
39260.452709185
39261.083659849
39261.392229386
39262.568432046
39263.468997028
39263.758373421
39264.675521755
39265.031498502
39265.698814311
39266.493303895
39267.112578593
39268.142695122
39269.126752263
39269.537341227
39270.650753647
39271.449360755
39271.750452718
39271.911401693
39273.052468332
39273.872760695
39274.706752801
39275.314910465
39275.915971623
39276.460035507
39277.343226131
39278.385130783
39278.984793546
39279.712815368
39280.743972357
39281.076578261
39281.764356904
39282.593861517
39283.072492624
39283.710012859
39284.557458086
39284.829752451
39286.293982065
39287.147441079
39287.928312597
39288.050664495
39288.898612180
39289.763416097
39290.485562735
39291.192545461
39291.808381599
39292.496743525
39293.220149432
39293.871908450
39294.658746777
39295.124149258
39296.065670325
39297.265095283
39297.984613530
39298.370834477
39299.160811098
39299.795059211
39300.348669407
39301.021842079
39301.480333956
39302.921906975
39303.316051291
39303.652336694
39305.047660545
39305.530071186
39306.488506534
39306.923635752
39307.719246286
39308.186636539
39309.363216103
39310.066100467
39310.546158764
39310.955862299
39311.654909678
39312.311616849
39313.416719214
39314.287030201
39315.158477576
39315.840062282
39316.337375065
39316.994793237
39317.859495329
39318.248367282
39318.997977651
39319.777646255
39320.665278219
39321.094811270
39322.078845137
39322.796830589
39323.429596749
39324.038670886
39325.174363146
39325.836660347
39326.771297988
39327.109251213
39327.378068812
39328.490149376
39329.265440310
39329.754884649
39330.140492343
39331.339118488
39332.301185057
39333.310784658
39333.573374867
39334.339539090
39335.048049276
39335.382999845
39336.435284005
39337.267992914
39337.796273598
39338.563377993
39339.220300084
39339.712611774
39340.379829608
39341.800456168
39342.221271501
39343.083561720
39343.561945979
39344.811049178
39345.059555740
39345.622872877
39346.368990616
39346.876514994
39347.530259628
39348.714142013
39349.483913919
39350.081598042
39350.746123777
39351.878670625
39352.172012792
39352.939073824
39353.629194508
39354.535923816
39355.178068670
39355.714607730
39356.461558249
39357.156364655
39357.725824697
39358.400595770
39359.301669700
39360.646108525
39361.226163114
39361.635539851
39362.380654013
39362.887289611
39363.486680532
39364.415824360
39365.303805682
39365.547725033
39366.544010462
39367.105297623
39368.223654124
39368.974872304
39369.422490299
39369.993833623
39371.269420540
39371.692173573
39372.465665055
39373.122361655
39373.959422058
39374.154233100
39374.760691583
39375.902725333
39376.339068604
39377.807394460
39378.217777186
39378.980955935
39379.564225875
39380.462431942
39381.004379435
39381.660359691
39381.936052692
39383.205902722
39384.157829041
39384.357429464
39385.171808364
39385.578892898
39386.939152872
39387.333726743
39388.614988176
39389.024855737
39389.602037548
39390.349019519
39391.318474136
39391.443721852
39392.266158329
39392.934460303
39393.723213926
39394.467519622
39395.547452643
39396.408960140
39396.934220597
39397.665497026
39397.898413530
39398.848506215
39399.914786063
39400.557693952
39400.969139390
39401.707100234
39402.193103000
39403.384927450
39403.579731016
39404.665037070
39405.539287603
39406.316062075
39407.352156793
39407.676826126
39408.190364394
39408.835354315
39409.642666170
39410.128464011
39411.126562486
39411.706131441
39412.732937914
39413.288831447
39413.927936759
39414.938314258
39415.620809342
39416.235796765
39416.843929692
39417.774076598
39418.401647925
39418.993878930
39419.866801316
39420.446684492
39420.684136706
39421.400725081
39423.295921887
39423.463284013
39424.166759784
39425.178236229
39425.338599026
39426.295337689
39427.029393848
39427.346085891
39428.439591261
39429.008921807
39429.833902850
39430.316917665
39431.461062781
39431.784813066
39432.906691150
39433.341198298
39434.257321689
39435.275569785
39435.960880695
39436.023393207
39436.886565137
39437.459700130
39438.275969783
39439.034096076
39439.836859167
39440.448855764
39441.743853978
39442.337557995
39442.911279945
39443.408565261
39444.121906718
39444.806702809
39445.613958756
39446.608476709
39447.096215222
39447.551774423
39448.275039246
39449.087246022
39449.806853568
39450.825371603
39451.814502673
39452.305522006
39452.858149193
39453.449540673
39454.533539803
39454.903941010
39455.525967316
39455.908159872
39457.011258955
39457.950412073
39458.662848677
39459.552392152
39460.064257457
39460.507520442
39461.709388215
39462.200948913
39462.987878152
39463.577371657
39464.290628603
39465.149801358
39465.582016423
39466.067088004
39467.129721237
39467.670761398
39468.954083127
39469.664515852
39470.256570266
39471.074025310
39471.473952990
39472.031141803
39472.620132603
39473.699182282
39474.356275607
39475.177923081
39475.592581313
39476.274743120
39477.507552156
39478.151025642
39478.848816962
39479.098179183
39480.451579636
39480.958456580
39481.811102356
39482.287675877
39482.612858820
39483.657921546
39484.069405025
39484.834491652
39486.096460792
39487.055944880
39487.311176446
39488.094061380
39488.977373578
39489.411371336
39489.979444049
39491.044667899
39491.699287392
39491.870648813
39493.350612718
39493.690812010
39494.282670566
39494.993851146
39495.864333867
39497.085184445
39497.580868947
39498.309622881
39498.776932741
39499.596090796
39500.024433664
39500.915167290
39501.583527667
39501.997051090
39502.956843544
39504.040334112
39504.708924019
39505.441848679
39506.165290861
39506.818757135
39507.158143275
39508.086040286
39509.097746313
39509.736497413
39510.290884728
39510.777982029
39511.399843405
39512.179809808
39513.310566724
39513.956400803
39514.800584377
39515.559155181
39516.228836540
39516.980603363
39517.437712494
39518.101033916
39518.464227978
39519.515555550
39520.519233113
39520.982539324
39521.607913637
39522.770096068
39523.266550418
39523.892245643
39524.722806501
39525.709442598
39526.118373179
39526.818969499
39527.530649982
39528.237050102
39528.863974795
39529.606204911
39529.876307690
39530.980674162
39532.191500128
39533.249310643
39533.432656691
39533.778766106
39534.569185859
39535.566995175
39536.182433775
39536.597737041
39537.715736928
39538.220964736
39538.812446974
39539.714372900
39540.538418983
39541.101569721
39542.110196806
39542.575419031
39543.844984600
39543.986667705
39545.014552041
39545.417672196
39546.045620414
39546.636508156
39547.242985276
39548.427602518
39549.203809950
39549.857201264
39550.623775638
39551.588204739
39552.075777798
39552.614798066
39553.385472778
39553.784771731
39555.290858600
39555.455481515
39556.088451537
39557.025469193
39557.324731866
39558.127287592
39559.395383488
39560.107103590
39560.766013722
39561.518203244
39562.267406555
39562.540089857
39563.274691026
39564.262534205
39564.611992752
39565.489843617
39565.972041469
39567.240961750
39568.076959921
39568.516219334
39569.207175279
39569.934367971
39570.469467181
39571.902835772
39572.030488355
39572.782247931
39573.357070939
39573.994531322
39574.964292456
39575.475655574
39575.929516083
39577.469210515
39578.037353752
39578.749225843
39579.480005102
39580.034472834
39580.749788797
39581.092603490
39581.930227787
39582.777180916
39583.732378881
39584.149912643
39585.078468766
39585.303203057
39586.733560716
39587.224130912
39587.987212415
39588.748236827
39589.267550319
39590.151205438
39591.014268492
39591.377226590
39592.041139752
39592.302169690
39593.445949763
39594.284762182
39595.443859188
39596.039040208
39596.505143386
39597.489460669
39597.740610175
39598.573067417
39599.495684705
39599.913621820
39600.904380365
39601.359442006
39602.280407763
39602.555200076
39603.996401368
39604.179786492
39604.898538656
39606.339769583
39606.968279153
39607.291885403
39607.912170525
39608.605757676
39609.278390629
39609.904197018
39610.772812743
39611.432436919
39612.143853026
39613.167240402
39614.100876824
39614.559171903
39615.138889256
39615.825133002
39616.566337574
39617.474120111
39618.004006195
39618.855079223
39619.572217023
39619.914303916
39620.463373023
39621.377944929
39622.586325841
39623.433649477
39624.022506276
39624.415091027
39625.386716392
39626.191426177
39626.443032307
39627.318662201
39627.665866251
39628.688661306
39629.630753627
39630.320988560
39630.852245169
39631.773754700
39632.353384692
39633.395813801
39633.781294992
39634.634139587
39635.690688262
39635.985285065
39636.339144483
39637.461364259
39637.899426789
39638.720526539
39639.182834687
39640.493473163
39641.312970563
39642.082059060
39642.661473966
39643.222914416
39643.685800903
39644.291664745
39645.455091476
39646.220861054
39646.812157656
39646.977991356
39648.201626889
39648.842963836
39649.688336359
39650.382311666
39651.254425640
39651.848314634
39652.773012925
39653.512735378
39653.812788363
39654.477953230
39655.343982847
39655.743206676
39656.404095756
39657.734053078
39658.389897721
39659.216011595
39659.836208782
39660.221743026
39661.445928133
39661.872365367
39662.357523217
39663.267282011
39663.961068161
39664.856346918
39665.357546238
39665.946733657
39666.499862972
39667.446144948
39668.749499178
39669.175599678
39670.143976626
39670.472310160
39671.064798857
39671.921871003
39672.649778367
39672.911677921
39673.900300540
39674.890212521
39675.243593408
39676.126517796
39677.401093007
39677.795509016
39678.250410990
39678.862748491
39679.946096599
39680.726792830
39681.372748840
39682.017973112
39682.458238042
39683.005408469
39683.873580100
39684.716335710
39685.624715706
39686.293969955
39687.492412153
39687.812550023
39688.487174936
39689.162422283
39689.664867619
39690.475435253
39691.043333244
39692.025957632
39692.763859694
39693.356165226
39694.050951195
39694.791117335
39695.715691436
39696.297758672
39697.479399074
39697.813413797
39698.457953673
39699.063394937
39700.114886505
39700.503238577
39701.023792269
39701.904130046
39702.187812813
39703.997528347
39704.558077948
39704.874281749
39705.834260703
39706.305039319
39707.129494797
39707.570405081
39708.711383169
39709.175658045
39709.904729627
39710.552241245
39711.206398089
39711.966549517
39712.738982236
39713.743954429
39714.282264315
39715.199709119
39715.937468490
39716.703317759
39717.124842533
39717.765648503
39717.901184277
39719.380328330
39719.841864401
39720.590569918
39721.553198000
39722.196917596
39723.021098581
39723.927872290
39724.398733605
39724.646812932
39725.876841676
39726.545768522
39727.380635786
39727.733975986
39728.467333480
39729.180702969
39729.697140692
39730.545753641
39731.903512039
39732.702227497
39732.934068795
39733.711887991
39734.307485730
39735.075517084
39735.756946293
39736.479623797
39736.859014785
39737.919759949
39738.531080267
39739.659462019
39740.076506631
39740.817863009
39741.476499497
39742.301303371
39743.459832294
39743.676505253
39744.410172135
39745.060439549
39745.925026600
39746.223157224
39747.012037086
39747.723871984
39748.861414050
39749.509027310
39750.461106610
39751.306608151
39751.507360713
39752.277521449
39753.057854007
39753.357921680
39754.425150451
39755.455695527
39755.947682864
39756.379549044
39756.846472207
39758.193978320
39758.925218433
39759.556677375
39760.297691418
39761.101661288
39761.891072885
39762.377223079
39762.959179700
39763.822065703
39764.214621400
39764.692657251
39766.137907153
39766.507800809
39767.789100742
39768.248951161
39768.968572645
39769.320711928
39770.292737393
39771.064021699
39771.796419053
39772.348788155
39773.052728911
39773.632133743
39774.661326939
39775.152346798
39775.560093340
39776.721249115
39777.886635593
39778.433647559
39779.063206037
39779.685035946
39780.104771314
39780.902027902
39781.600223002
39782.409982807
39782.899858249
39784.021094540
39784.363077268
39785.713589616
39785.912386221
39786.932436529
39787.610774985
39788.153912407
39788.761014898
39790.080586147
39790.429055372
39790.955502428
39791.542066760
39792.323193282
39792.709548514
39793.965046965
39795.078810140
39795.665422764
39795.934579683
39797.077210379
39797.739166403
39798.309687094
39798.561135535
39799.491064142
39800.514409995
39800.989362642
39801.842922846
39802.443004987
39803.211664716
39804.062046157
39804.622864253
39805.646280005
39806.425374038
39807.007865820
39807.659609914
39808.172426583
39808.832771995
39809.633410032
39810.340067887
39810.856610238
39811.609508426
39813.020922549
39813.675508044
39814.210201805
39814.839221044
39815.212436544
39816.105779299
39817.006787442
39817.798514235
39818.182562588
39819.007911261
39819.830070626
39820.017091251
39821.162346550
39822.125493107
39822.553790392
39823.807747046
39824.278756354
39824.751741528
39825.716193056
39826.294466593
39826.755025563
39827.303313127
39828.023752904
39829.307993367
39829.907297996
39830.527550567
39831.247545744
39832.260087735
39832.790545783
39833.330702196
39834.251604165
39834.891309169
39835.426658314
39836.561211371
39836.918937811
39837.628874752
39837.862359227
39839.007847426
39839.931306916
39841.047958446
39841.456541066
39842.465446088
39842.675582327
39843.202246364
39844.386964376
39844.479183185
39845.721827892
39846.277610473
39846.741775775
39847.744614909
39848.536963235
39849.497676194
39849.975552366
39850.366498154
39851.482206591
39852.459169262
39852.977514289
39853.475781334
39854.127068525
39854.589921300
39855.627450837
39856.086299221
39856.855781257
39858.082303613
39858.878915820
39859.305754582
39860.168339383
39860.724404846
39861.529833842
39861.832502983
39862.665439281
39863.633327771
39864.410173620
39864.816004226
39865.623970888
39866.364902726
39866.731730747
39868.378087300
39868.774521456
39869.369512401
39870.050633118
39870.873266479
39871.470969020
39872.335140645
39872.440896366
39873.382469276
39873.988532400
39875.029156397
39876.093305992
39876.606014973
39877.374908001
39877.885045699
39878.604374626
39879.385090831
39879.952243368
39881.129841521
39881.514420920
39882.010356922
39882.602941123
39883.616915846
39884.222001980
39884.965559303
39885.969623207
39886.683666520
39887.715422569
39888.210448905
39888.627679521
39889.090675491
39890.045072234
39890.534854126
39891.521303378
39892.402598312
39892.720993371
39893.589574757
39894.774496494
39895.160266316
39895.853555260
39896.589002648
39897.374113358
39898.245774675
39898.604893146
39899.470588597
39900.348099516
39900.550367325
39901.235054975
39901.817964817
39903.377514887
39904.019976943
39904.796140987
39905.190130170
39905.905425748
39906.546748608
39907.466246599
39908.069693253
39908.387723386
39909.352859103
39910.414113733
39910.828779815
39911.411279829
39912.398439963
39913.106513075
39913.799637016
39914.714077673
39915.626498404
39915.968976560
39916.618866363
39917.389322552
39917.800802134
39918.609791559
39919.290414001
39920.190419558
39920.961380928
39921.823706765
39922.867307123
39923.176052576
39924.011287682
39924.419347127
39924.840638114
39926.387261275
39926.670240871
39927.442719518
39928.050491573
39928.496943245
39929.335015311
39930.440165425
39930.928854665
39932.118107764
39932.640912078
39933.172062673
39934.109060209
39934.676001529
39935.093858613
39935.824576034
39936.552789279
39937.270575540
39938.024232201
39939.296973514
39939.809218596
39940.165451452
39941.051493506
39941.897127046
39942.606878194
39943.305747943
39943.941505967
39944.590613535
39945.299857838
39946.040817374
39946.632539921
39947.230961290
39947.865213007
39949.331507925
39950.137085440
39950.662140088
39950.860070537
39952.219344152
39952.363889707
39952.850062795
39953.896192474
39954.822180530
39955.220728082
39956.191905212
39956.479006393
39957.699636219
39958.518680580
39958.971210727
39959.759066640
39960.362328181
39961.544561139
39961.924876094
39962.714325599
39963.140437276
39963.582755961
39964.421099462
39965.276787796
39966.394369420
39966.897391635
39967.953539515
39968.401096297
39969.351862292
39969.526004058
39970.423412533
39971.160362835
39971.775912150
39972.659489618
39973.311452429
39973.983072191
39974.705231093
39975.192776097
39976.303575930
39976.925064567
39978.201615883
39978.550198688
39979.170339684
39979.607792333
39980.340142363
39981.492245947
39981.788266168
39982.115888465
39983.206155346
39984.238580416
39984.958651792
39985.988548864
39986.256769623
39986.846548005
39987.580307981
39988.567978226
39989.139775271
39989.964315207
39990.567220322
39991.086409687
39991.857334780
39992.351594316
39993.242329932
39994.609535222
39994.835961200
39995.670314150
39996.773171602
39996.997012049
39997.894645931
39998.198613188
39998.939509855
39999.497328527
40000.815389800
40001.388621314
40001.776786050
40002.777351078
40003.539828310
40004.335209262
40005.035739651
40005.610048829
40006.416136482
40007.139654454
40008.081052317
40008.245019650
40009.016003541
40009.751525750
40010.544817045
40010.812159684
40012.517333563
40013.112789349
40013.891744533
40014.140183877
40014.911656585
40015.537432750
40016.431712382
40016.959174838
40017.951161122
40018.479208934
40018.800635641
40020.168329317
40020.656821824
40021.400437548
40021.940692238
40023.094959278
40023.905160504
40024.303862722
40025.201326636
40025.660486680
40026.254531454
40026.893407749
40027.571800530
40028.482815159
40029.163751366
40030.344386422
40030.864944786
40031.451824861
40032.478718824
40032.959071431
40033.404516959
40034.189493047
40034.983939278
40035.970885989
40036.556687919
40037.073505420
40037.451855092
40038.308347056
40039.487939826
40040.353440138
40040.921420874
40041.742692721
40042.221690384
40042.998453106
40043.667208245
40044.267169187
40044.710920600
40045.668420296
40046.312397516
40047.307747418
40048.019859185
40048.817726812
40049.607302357
40050.103175183
40050.476649664
40051.842974232
40052.574305862
40053.068152097
40053.242761121
40054.397722414
40055.098592247
40055.401169363
40056.517451768
40057.062346903
40058.301089175
40059.090403072
40059.689836165
40060.226585398
40060.732150873
40061.311420642
40062.251253432
40062.968302113
40063.576375470
40064.511928662
40065.096875251
40065.655542618
40066.614479299
40067.562689411
40068.059115419
40068.788725449
40069.734566137
40070.091658062
40071.089987024
40071.617631222
40072.253539996
40072.854048803
40073.095554297
40074.411484638
40075.676458932
40076.004122441
40076.869363183
40077.213410202
40078.341757114
40078.748030960
40079.420123243
40080.018765410
40081.142026421
40081.493783880
40082.354303530
40082.907139897
40083.656421464
40084.561904766
40085.055120980
40086.377348209
40086.829941577
40087.630485508
40088.298649103
40088.752656794
40089.241521485
40090.041705765
40090.913600647
40091.662872334
40092.150206858
40093.029135625
40094.362723550
40094.949035823
40094.988907754
40095.999282170
40096.710240494
40097.301365308
40098.502635991
40099.009615516
40099.348281589
40100.094623876
40100.764825075
40101.593454836
40102.207029696
40103.635562723
40104.088504941
40104.741437544
40105.422979554
40106.038533602
40106.974180016
40107.243719386
40107.988341890
40108.516330372
40109.737859371
40110.416729472
40110.971451952
40111.890631334
40112.364814521
40113.276682016
40114.151881981
40114.821746539
40115.352283777
40116.088757654
40117.007102853
40117.186432510
40118.348019629
40118.601839506
40119.118101611
40120.554944758
40121.295055882
40122.066918330
40122.912665482
40123.409184808
40123.686329666
40124.549396631
40125.260522089
40126.366676753
40126.674994970
40127.572026081
40128.053306955
40128.677195372
40129.926632101
40130.507871180
40131.170492045
40131.745388066
40133.027065035
40133.575547499
40133.999291342
40134.493434478
40135.422954409
40135.753519754
40136.695933717
40137.366172847
40138.591419938
40139.076756475
40139.883754283
40140.711396093
40141.165007252
40141.828736795
40142.627898264
40143.407056832
40143.905891280
40144.755036513
40145.515726270
40146.213028424
40146.598440698
40147.189303192
40148.481022958
40149.545172876
40150.039555484
40150.744323892
40150.936590764
40152.073455436
40152.642989665
40153.131544861
40153.904820596
40154.627097646
40155.373465624
40156.271452698
40157.272696827
40157.610160386
40158.496665371
40159.211360579
40159.598087886
40160.804725568
40161.325843665
40162.123340333
40162.742002485
40163.108126701
40163.611849529
40164.904491133
40165.343020840
40166.358695534
40167.312940893
40167.906385867
40168.581874928
40169.367836862
40169.820216003
40170.317814012
40170.880689762
40172.360673314
40172.633059272
40173.289954723
40173.972739178
40174.903623101
40175.614786939
40176.389584858
40177.102535898
40178.032416694
40178.690562063
40178.977788095
40180.024923761
40180.625543967
40181.083441814
40181.857730855
40182.362201018
40183.270351715
40184.807901491
40185.136246056
40185.719335802
40186.297355730
40186.972054406
40187.850101981
40188.512180233
40189.313507264
40189.708930250
40190.654930034
40191.248950518
40192.057493594
40192.513211961
40193.525906283
40194.333744894
40195.203960235
40195.860196242
40196.822055790
40196.984594539
40197.720251543
40198.339118562
40199.106544932
40199.590527905
40200.777718169
40201.513393379
40201.935224600
40202.969847635
40203.903101358
40204.422876921
40204.976720075
40205.369273811
40206.649267320
40207.212300624
40208.002826434
40208.508573279
40208.957834050
40209.890094581
40210.192899619
40211.815653013
40212.318764498
40213.042095349
40213.883788628
40214.410990920
40214.998620532
40215.511802333
40216.597991402
40216.934907527
40217.631690452
40218.594380087
40219.294966662
40220.127096470
40221.027296609
40221.286105897
40222.052904438
40223.332276735
40223.669375171
40224.591227141
40225.198033487
40225.349444724
40226.445791124
40227.277058206
40227.517503073
40228.316715750
40229.436235614
40230.631710002
40230.900036134
40231.665382679
40232.337039369
40232.782364099
40233.740066198
40234.015526603
40235.190959352
40236.062775853
40236.407712483
40236.891492301
40237.789781171
40238.771316469
40239.467760764
40240.359187229
40241.046944564
40241.443756801
40242.486657235
40243.329559394
40243.579754734
40244.032072276
40244.748480181
40245.635402515
40246.709297852
40247.277830554
40248.264907231
40249.007232427
40249.265625974
40250.265614923
40250.952909525
40251.427737925
40252.456067573
40252.999345204
40253.708130059
40254.295580872
40255.024972960
40255.726094732
40256.468140691
40257.223918033
40258.644615847
40259.119538939
40259.436789223
40260.297476316
40260.656648739
40261.483322556
40262.304110396
40262.908995246
40263.763175192
40264.136428072
40265.439445934
40265.938628644
40266.955804429
40267.338889131
40267.923383418
40268.842469345
40269.771147597
40270.378397129
40270.800521595
40271.736299160
40272.183872841
40272.747477321
40273.357946206
40274.718614812
40275.635800603
40276.033512810
40276.735572069
40277.625793987
40278.217285843
40278.891896692
40279.165184641
40280.115856813
40280.911049543
40281.701979864
40282.598618449
40283.016569977
40283.404201884
40284.882615464
40285.348757090
40286.017782597
40287.013285967
40287.569587845
40288.180775442
40288.706191527
40289.622878233
40289.973028353
40290.915546986
40291.313970362
40292.436988130
40293.545362963
40294.092216456
40294.927115737
40295.240884823
40295.895243196
40296.492867844
40297.736341137
40298.279702357
40298.857515296
40299.359418221
40300.122783075
40300.970609636
40301.749024288
40302.391895381
40303.345707925
40304.171793836
40304.945099565
40305.503079056
40305.931295873
40306.917101120
40307.198502465
40307.813332517
40308.865074354
40309.606435454
40310.363259140
40311.358743676
40311.710602461
40312.717970396
40313.138170172
40314.326211534
40314.572550640
40315.145498066
40316.255044097
40316.990562129
40317.502652919
40317.858230697
40318.738038780
40319.269313350
40320.713514156
40321.585728023
40321.980170739
40322.585274497
40323.317374769
40323.936371121
40324.759363915
40325.184305688
40325.852405883
40327.123057533
40327.346582717
40327.986646662
40329.255350341
40329.979874260
40330.217793018
40331.123353419
40331.963841968
40332.894068824
40333.563781553
40333.931457382
40334.648433005
40335.043887687
40335.997504880
40336.817613094
40337.317251713
40338.627091705
40339.041997460
40340.294520961
40340.620799069
40341.017896604
40341.809747658
40342.460262133
40343.308611970
40344.109650288
40344.723005502
40345.517594623
40345.924908748
40346.768668937
40347.501405484
40348.617510313
40349.380277833
40349.824087712
40350.671992017
40351.253775774
40351.867648069
40352.639983053
40353.372435781
40353.720594609
40354.230930681
40355.807855132
40356.432589240
40357.218596381
40357.510079888
40358.576140306
40359.082273924
40359.701917928
40360.737654297
40361.254710324
40361.967105037
40362.480037433
40363.505852632
40363.753878265
40364.577163917
40365.544736899
40366.488174790
40367.158999146
40367.986614298
40368.795701675
40369.017605335
40369.915107283
40369.976305050
40371.217260451
40372.011472502
40372.732381207
40373.214969651
40374.050695425
40375.083516038
40375.822447851
40376.339948039
40376.882672160
40377.739901226
40378.749357326
40379.237648659
40379.831569789
40380.689861156
40380.873572393
40381.717173169
40382.510090470
40383.502153884
40384.647561087
40385.233361150
40385.703252602
40386.064413550
40387.351113295
40387.714824357
40388.197241802
40389.269841637
40389.601906312
40390.708335650
40391.345215611
40391.923516704
40392.895647289
40393.247853190
40394.298471275
40395.472869123
40395.839275350
40396.197200054
40397.084128597
40397.836436114
40398.431759919
40398.851415980
40399.680957762
40400.651353316
40401.244987993
40402.575228665
40402.934741859
40403.657109593
40404.337641641
40404.874370302
40405.442316547
40406.399116491
40407.380132096
40407.932021130
40408.265773583
40409.024484182
40409.586666473
40410.873280912
40411.568497379
40412.121368587
40413.143922875
40413.694665379
40414.469402458
40415.071161892
40415.560220431
40416.047321851
40417.026643491
40417.591580324
40418.708494314
40419.262100544
40420.156078709
40420.886653920
40421.375351510
40422.281426920
40422.789343978
40423.929909886
40424.232821054
40425.134770452
40425.374365130
40426.614284623
40427.038402237
40427.581077197
40428.106338313
40429.960255424
40430.141758962
40431.075927497
40431.567272864
40432.264430149
40432.542556453
40433.687385462
