# Нули дзета-функции Римана ζ(s) на критической линии Re(s) = 1/2
# Формат: t (где s = 1/2 + it)
# Сгенерировано: 2026-06-28 15:21:27
# Всего нулей: 13661
# Источник: Generate_Zeta_Zeros_PythonCall.jl
14.134725141734695
21.022039638771556
25.010857580145689
30.424876125859512
32.935061587739192
37.586178158825675
40.918719012147498
43.327073280915002
48.005150881167161
49.773832477672300
52.970321477714464
56.446247697063392
59.347044002602352
60.831778524609810
65.112544048081602
67.079810529494168
69.546401711173985
72.067157674481905
75.704690699083926
77.144840068874799
79.337375020249368
82.910380854086029
84.735492980517051
87.425274613125225
88.809111207634459
92.491899270558491
94.651344040519888
95.870634228245308
98.831194218193687
101.317851005731384
103.725538040478341
105.446623052326089
107.168611184276401
111.029535543169672
111.874659176992637
114.320220915452708
116.226680320857554
118.790782865976212
121.370125002420650
122.946829293552582
124.256818554345770
127.516683879596499
129.578704199956064
131.087688530932667
133.497737202997598
134.756509753373876
138.116042054533438
139.736208952121387
141.123707404021133
143.111845807620625
146.000982486765508
147.422765342559615
150.053520420784878
150.925257612241467
153.024693811198887
156.112909294237880
157.597591817594065
158.849988171420506
161.188964137596031
163.030709687181997
165.537069187900414
167.184439978174510
169.094515415568821
169.911976479411692
173.411536519591550
174.754191523365733
176.441434297710430
178.377407776099972
179.916484020257002
182.207078484366463
184.874467848387496
185.598783677707473
187.228922583501856
189.416158656016933
192.026656360713787
193.079726603845700
195.265396679529232
196.876481840958320
198.015309676251917
201.264751943703800
202.493594514140540
204.189671803104545
205.394697202163286
207.906258887806217
209.576509716856265
211.690862595365303
213.347919359712677
214.547044783491430
216.169538508263713
219.067596349021386
220.714918839314009
221.430705554693333
224.007000254604321
224.983324669582288
227.421444279679292
229.337413305525359
231.250188700499166
231.987235253180245
233.693404178908310
236.524229665816193
237.769820480925205
239.555477573327636
241.049157796216576
242.823271934222589
244.070898497078161
247.136990074897511
248.101990060148466
249.573689644707201
251.014947795016013
253.069986747999479
255.306256454914035
256.380713694434462
258.610439491531395
259.874406989677993
260.805084504596891
263.573893904870147
265.557851838876331
266.614973781501078
267.921915082824057
269.970449023997617
271.494055641644991
273.459609188403306
275.587492649343858
276.452049503132912
278.250743529841941
279.229250927745170
282.465114765052078
283.211185733233890
284.835963980904751
286.667445363002912
287.911920501422173
289.579854929218811
291.846291329067412
293.558434139356280
294.965369619265516
295.573254878958267
297.979277061943435
299.840326053721299
301.649325462194156
302.696749589606895
304.864371340857303
305.728912602036814
307.219496128170078
310.109463146701898
311.165141530355982
312.427801180600909
313.985285731158910
315.475616089475750
317.734805942370201
318.853104256316612
321.160134309113573
322.144558672482958
323.466969557512073
324.862866051739616
327.443901261905467
329.033071680480930
329.953239728233882
331.474467582663408
333.645378524869841
334.211354833244400
336.841850428390671
338.339992850806595
339.858216725363548
341.042261111046571
342.054877510363610
344.661702940252326
346.347870566009931
347.272677584420478
349.316260870696169
350.408419349192116
351.878649025359266
353.488900488718798
356.017574977264928
357.151302252039613
357.952685101632255
359.743754953114433
361.289361695804644
363.331330578973848
364.736024114088991
366.212710288331323
367.993575481740322
368.968438095734371
370.050919212106010
373.061928372112845
373.864873910908557
375.825912766739350
376.324092230668043
378.436680249965491
379.872975346532371
381.484468617186508
383.443529449536470
384.956116814863663
385.861300845974256
387.222890222388003
388.846128354232235
391.456083563638060
392.245083339519113
393.427743844434019
395.582870010993702
396.381854222592210
397.918736209614224
399.985119876194915
401.839228600533204
402.861917763886140
404.236441800208013
405.134387459909931
407.581460386896197
408.947245502351109
410.513869193366645
411.972267804278772
413.262736070185042
415.018809755155132
415.455214996294615
418.387705789534778
419.861364818152310
420.643827625041808
422.076710058826734
423.716579627481792
425.069882494461353
427.208825084074590
428.127914076616662
430.328745430938625
431.301306930703618
432.138641734588589
433.889218480927241
436.161006432646957
437.581698167668605
438.621738656272214
439.918442214370657
441.683199201189041
442.904546302609447
444.319336277559159
446.860622696429516
447.441704194493298
449.148545685023294
450.126945780313520
451.403308445388802
453.986737806677922
454.974683768616785
456.328426689246044
457.903893064102988
459.513415281106006
460.087944422175838
462.065367274882533
464.057286910548271
465.671539211371112
466.570286930826228
467.439046210261665
469.536004559112030
470.773655478101659
472.799174661908808
473.835232345139673
475.600339369375774
476.769015237484496
478.075263766670957
478.942181534634813
481.830339376286588
482.834782790982388
483.851427212482520
485.539148129356022
486.528718261651250
488.380567090017450
489.661761577956156
491.398821593663001
493.314441581785275
493.957997805369473
495.358828822131272
496.429696215759122
498.580782429686565
500.309084941690514
501.604446965145485
502.276270327118254
504.499773313427738
505.415231742244430
506.464152709523546
508.800700336467798
510.264227943672836
511.562289700374606
512.623144531407434
513.668985555473682
515.435057167299419
517.589668572467417
518.234223147550097
520.106310411723257
521.525193449492008
522.456696177730237
523.960530892015868
525.077385687279616
527.903641601272398
528.406213852292694
529.806226318706877
530.866917883961037
532.688183028293679
533.779630753768743
535.664314075873222
537.069759083122335
538.428526176247942
540.213166376228173
540.631390247295144
541.847437121201324
544.323890101005304
545.636833248934863
547.010912058122244
547.931613364489294
549.497567562661402
550.970010039483896
552.049572200564853
553.764972119158870
555.792020561682534
556.899476406855342
557.564659172058555
559.316237028682167
560.240807497295691
562.559207616045796
564.160879110786141
564.506055938149871
566.698787682807961
567.731757901176934
568.923955179629388
570.051114782463628
572.419984132452782
573.614610526758156
575.093886014494842
575.807247140928780
577.039003472098216
579.098834672036560
580.136959362384573
581.946576265901626
583.236088219167300
584.561705903465509
585.984563204988262
586.742771891250186
588.139663266247908
590.660397516765329
591.725858065048101
592.571358300225597
593.974714682231024
595.728153697388962
596.362768328393713
598.493077346164796
599.545640364364885
601.602136735932618
602.579167886387381
603.625618903579152
604.616218493753195
606.383460422109010
608.413217311187282
609.389575154720092
610.839162937739388
611.774209620887177
613.599778675637140
614.646237872232632
615.538563369407029
618.112831366442379
619.184482597953661
620.272893672227497
621.709294527948600
622.375002739779006
624.269900018177850
626.019283427654386
627.268396850783006
628.325862359460416
630.473887438292081
630.805780927197588
632.225141167115908
633.546858252251809
635.523800310605452
637.397193159837343
637.925513980822529
638.927938266856813
640.694794668825693
641.945499665705256
643.278883781397894
644.990578229748053
646.348191595501589
647.761753004288835
648.786400888782396
650.197519345256410
650.668683891395972
653.649571605394726
654.301920586319397
655.709463022355635
656.964084599460648
658.175614418605392
659.663845972964054
660.716732595279268
662.296586431100422
664.244604652272983
665.342763095599025
666.515147704172932
667.148494894555483
668.975848820235115
670.323585205862628
672.458183584169774
673.043578286147635
674.355897810123224
676.139674363626796
677.230180668763978
677.800444746221388
679.742197882528217
681.894991533151938
682.602735019750526
684.013549813869531
684.972629862098415
686.163223587727998
687.961543184703601
689.368941362272381
690.474735032350395
692.451684415520845
693.176970060601775
694.533908699873109
695.726335920926772
696.626069900345669
699.132095476013546
700.296739132143443
701.301742954646102
702.227343145760528
704.033839295525354
705.125813954619275
706.184654799517944
708.269070885109954
709.229588570284250
711.130274179685443
711.900289914375321
712.749383470101293
714.082771820669450
716.112396454052146
717.482569703100239
718.742786545485842
719.697100988365719
721.351162218536388
722.277504975674219
723.845821045128446
724.562613890379112
727.056403230049341
728.405481588934094
728.758749795614222
730.416482122756406
731.417354918598562
732.818052714499800
734.789643252378028
735.765459208578363
737.052928912265315
738.580421171373814
739.909523674041907
740.573807447295053
741.757335572941656
743.895013142473658
745.344989550611899
746.499305899432329
747.674563624269581
748.242754465084545
750.655950362124258
750.966381066650797
752.887621567202359
754.322370471712702
755.839308976037842
756.768248439950980
758.101729246412560
758.900238224892405
760.282366983512020
762.700033249691046
763.593066172837212
764.307522724180217
766.087540099836247
767.218472155539530
768.281461806509242
769.693407252624411
771.070839313678334
772.961617565757024
774.117744627940510
775.047847096580540
775.999711963171421
777.299748529592534
779.157076949188991
780.348925004181638
782.137664390812120
782.597943946073542
784.288822612465538
785.739089700714999
786.461147450506246
787.468463815910013
790.059092364119579
790.831620467921084
792.427707608604578
792.888652562622610
794.483791869893139
795.606596156162368
797.263470038035621
798.707570166296250
799.654336210897668
801.604246462982019
802.541984878418134
803.243096204270159
804.762239112661746
805.861635667094788
808.151814935993798
809.197783363300687
810.081804886407099
811.184358846506257
812.771108389109372
814.045913607511011
814.870539625872539
816.727737714394721
818.380668866361702
819.204642170823831
820.721898443869236
821.713454133379400
822.197757493404310
824.526293871629719
826.039287376574407
826.905810954080721
828.340174300489934
829.437010968309323
830.895884053317445
831.799777659070628
833.003640909154228
834.651915147825548
836.693576187591816
837.347335059531474
838.249021992732196
839.465394810282419
841.036389829013387
842.041354206526421
844.166196607350798
844.805993975763727
846.194769927693983
847.971717639512008
848.489281180943522
849.862274348697838
850.645448466004041
853.163112583389193
854.095511719869023
855.286710244404958
856.484117490791618
857.310740602603801
858.904026466475671
860.410670896014722
861.171098212715378
863.189719771908926
864.340823930069519
865.594664326515954
866.423739904042691
867.693122611785043
868.670494229131577
870.846902325754058
872.188750821613212
873.098978971282008
873.908389235337495
875.985285108780317
876.600825833027443
877.654698341033509
879.380951969790999
880.834648847939434
882.386696627196443
883.430331838701591
884.198743114594777
885.272304479617105
886.852801962916260
888.475566673817184
889.735294294090750
890.813132112528024
892.386433260155854
893.119117567294211
894.886292320868733
895.397919674782997
896.632251556202732
899.221522668383386
899.858884607937512
900.849739860521368
902.243207586752305
903.099674442630430
904.702902722281351
905.829940758222165
907.656729468967569
908.333543645060900
910.186334057179806
911.234951485955548
912.331045600035623
912.823999246743369
914.730096958375611
916.355000808642785
917.825377570426781
918.836535243529056
919.448344439682273
921.156395507154798
922.500629306636824
923.285719802422250
924.773483933476655
926.551552784603018
927.850858985753575
928.663659328934841
929.874092850647799
931.009211336628027
931.852740745520123
934.385306837258440
934.995424863846438
936.228649379282956
937.532925711970393
939.024300899218360
939.660940614528158
941.156999642042365
942.052341643375485
944.188035809572739
945.333562503045982
946.765842204727846
947.079183096254837
948.346646255045016
950.151612684643851
951.033248733823484
952.727988619850635
954.129719269551401
954.829308938216627
956.675479343289794
957.510052596423748
958.414593390136133
959.459168807068068
961.669572474192705
963.182086671311481
963.567040191612250
965.055579623751100
966.110754818410214
967.371153766262864
968.636301906087283
970.125610556941183
971.071491486385753
973.185361294301174
973.873078992653632
974.774635065837401
976.178502420589666
976.917202117050579
978.766671535113005
980.578000639774473
981.288615301759023
982.396485168779009
983.575076006431345
985.186928655773386
986.130515110184547
986.756008407656054
988.992622370657386
990.223917804028019
991.374294147761475
992.728696336732696
993.214580957442990
994.404590571094445
996.205336164298274
997.511934751939179
998.827547136929638
999.791571557412908
1001.349482637782785
1002.404305488391742
1003.267808179453255
1004.675044121172846
1005.543420304378401
1008.006704307063615
1008.795709900742281
1009.806590746964616
1010.569757011061029
1012.410042515761575
1013.058638098409006
1014.689632622370368
1016.060178942647326
1017.266402364355372
1018.605572518620193
1019.912439743943992
1020.917475017263655
1021.544344499904696
1022.885270911716361
1025.265724197727650
1025.707944371462872
1027.467693515587825
1028.128964255497522
1029.227297443961334
1030.897368790596602
1031.833180297407807
1032.812883035158848
1034.612915529520706
1036.195917358054658
1037.024707646281740
1038.087752240618784
1039.077401436896707
1040.264037937695775
1041.621528014542264
1043.623954349621499
1044.514975829078821
1045.107042352977942
1047.089817484294826
1047.987147489600375
1048.953785194685906
1049.996284256593299
1051.576571843205102
1053.245785158385843
1054.781039478281400
1055.002146475685777
1056.688847363828245
1057.100043659617768
1059.133769106897034
1060.139518561607929
1061.501304465068415
1062.915381507880511
1064.071551071718432
1065.121855106292969
1066.463223469243076
1067.418860120964609
1067.990000079042602
1070.535041996829250
1071.618623215089428
1072.543998011121630
1073.570353165093820
1074.747771044311094
1076.266625594177412
1076.924056065754485
1078.647198480956376
1079.809965429259137
1081.171002343467762
1082.952749723069701
1083.295466514085547
1084.183264310430104
1085.647831208639445
1086.911998989825179
1088.755724674808789
1089.795337924074829
1090.863191026248842
1091.728472966936806
1093.440873272368663
1094.284457523754099
1095.433084758661380
1096.401917794742531
1098.841015466649878
1099.360667178571703
1100.574460622462539
1101.839111168756062
1102.551779899917619
1103.732297174546829
1105.617188830761961
1106.774371675832754
1107.774531955010161
1109.158918856766377
1110.444142993613241
1111.443504764899899
1112.432995408076522
1113.397595114802016
1115.065359461566686
1116.787253881214610
1117.965919669199593
1118.684134861018492
1119.473247426178887
1121.155937675810492
1122.458621356880485
1123.101117387809154
1125.314729397846577
1125.763442429252564
1127.658023527215619
1128.430224613892733
1129.728996777065504
1130.391597896231588
1131.495085561916994
1133.708625669456296
1134.885654591533239
1135.562213975477562
1136.929293480969591
1138.151589779805590
1138.992341820493721
1140.721848171903275
1141.261022964136828
1142.858659607856453
1144.782299518625450
1145.485327517117184
1146.576814924866994
1147.501776523319222
1148.615277208833959
1149.982601028107183
1151.562814723673227
1152.943128530589775
1153.890303716271319
1154.697519535382298
1156.621567833872632
1157.432314575610917
1158.001609027294990
1159.480657019022374
1161.396644634378163
1162.487528602005341
1163.701031682778648
1164.737586351227719
1165.271227706457694
1166.943613409528780
1168.086271610138738
1169.698356884885015
1170.463638578283735
1172.120681865695587
1173.305687764048344
1174.232766856456237
1175.215452395950706
1176.632875809788402
1177.106304421656205
1179.701223501934010
1180.653543787084345
1181.267318151680001
1182.582270346920495
1183.712775295974325
1185.155842847465692
1185.875358695356681
1187.345161493267369
1188.856444298229235
1189.963636497918515
1191.482605926413498
1192.218611478101593
1193.324021427455136
1193.857427135437092
1196.034671748671144
1197.071786658822020
1198.686569104630507
1199.356513707894010
1200.532692031219995
1201.810334856606005
1203.137350861425375
1203.855247594096909
1204.985492171466376
1206.870499793853014
1208.471459949530981
1208.989484167939054
1209.898030087545976
1211.416115892798189
1212.113153066319683
1213.598372680368129
1215.389975065045746
1216.183722033467348
1217.174482497738836
1219.050028177406148
1219.614471310858562
1220.816347690978091
1221.692242483143673
1222.952484095108275
1225.018330024168563
1225.855020760795696
1227.231827641491009
1227.917141614399952
1228.793154362981113
1230.584603154249180
1231.562273877645339
1232.529587040597789
1234.277816653431728
1235.502548526520968
1236.399017465779025
1237.977298513581218
1238.457232795661866
1239.490807146795760
1240.813471785216279
1243.078076398021039
1243.538146526114360
1244.851433966983905
1245.655866188147911
1247.372561969855724
1248.063061053208230
1249.159887953002908
1250.672397275678122
1251.659832004271266
1253.673577852107201
1254.431328421773514
1255.408230645290814
1256.181214198460793
1257.541219412644068
1258.779233488595082
1260.344548316185410
1261.611717161479874
1262.556614000356149
1263.676732843861828
1264.957223006999811
1266.179037760562096
1267.200345611845478
1267.570571779440115
1270.118921886492672
1271.134299631610020
1272.083959599332957
1273.261144633455842
1274.196220889480401
1275.092030315840475
1276.842171555569848
1277.763091986346808
1279.332843316708249
1280.155794409022974
1281.828726959699907
1283.000491386699650
1283.335032138879342
1284.854795154621570
1285.695023331138600
1287.410026617075346
1289.165351532773002
1290.104771519807400
1290.417708073042604
1291.945870968083227
1293.493981557417555
1294.118474377848315
1295.365363505358346
1296.801110992347276
1298.256527067889465
1299.405171250743933
1300.490018982447737
1301.495516680575065
1302.346742379246962
1303.273200228794167
1305.401672188004341
1306.508393312968792
1307.267242107802531
1308.988196517643473
1309.421532493255881
1311.056570511111886
1311.966940608049299
1313.031599369019659
1314.052565651726127
1316.212112602853949
1317.072986034829910
1318.171279132164955
1318.947880596566392
1319.931082877536483
1321.628138551912343
1322.258067123391129
1324.224978718844341
1325.237624358982430
1325.981969630446201
1327.635281108457548
1329.043517996518631
1329.205018785483617
1330.429937120459272
1331.827591385285132
1333.673522610284863
1334.747329051689803
1335.694974526002170
1336.690184653385813
1337.688791809669965
1338.923164598670382
1340.426400457300133
1341.166272252926319
1342.608507883776838
1344.156044003595753
1345.477106261398603
1345.731413255418374
1347.519471750899811
1348.017238018736407
1349.085194014047602
1351.296206374096755
1352.210465159175556
1353.483338358264518
1353.886781971696337
1355.680595320636485
1356.605655709807934
1357.771742828579363
1358.460160399159122
1360.393144762191241
1361.393074713639635
1363.022328603280812
1363.879190797134470
1364.576584896753957
1365.493733551295236
1367.104090970008201
1368.330193307985837
1369.686949077342888
1370.973522767783606
1371.686553552827490
1373.202914562373280
1374.154798658640630
1375.302392344748796
1376.161779993619348
1377.177633642104638
1379.683283028613005
1380.148578441692507
1381.073977149205575
1382.345662978473683
1383.297591007946494
1384.444415847760183
1385.663777011192678
1387.326647663489439
1387.921454127112838
1389.565831798393901
1390.705490286427676
1391.853200443269770
1392.644027788548556
1393.433401740793670
1394.884184675680444
1396.544163123682438
1397.834623321387198
1398.837675201385764
1399.839472941206395
1400.426946297394352
1402.564347250066021
1402.973747640919100
1404.006292170522784
1405.666975059246852
1407.085142776436442
1408.136307496189602
1409.320681079839005
1410.024810725802126
1411.257056815706619
1411.965653461772945
1413.843148788568897
1415.585784795495329
1415.781581303283019
1417.102822933822608
1418.696963852452200
1419.422480945995630
1420.416526323751214
1421.850567187048682
1422.461310987507431
1424.463045669579060
1425.873469244996613
1426.645979682120014
1427.365671109426785
1428.592305875978809
1429.650477276191623
1431.218313672751719
1432.049740893313583
1433.821940737065233
1434.584942168260113
1435.692907383419197
1437.226721623801268
1438.006284841722390
1438.949552746882773
1439.622793078164023
1441.960987504861805
1442.911059580896790
1444.041930706366657
1445.072278459201016
1445.830084779709978
1447.226227099975858
1448.323853515725432
1449.488771280731271
1450.773561858297398
1451.835297999393333
1453.737596757102210
1454.226011260226187
1455.312091239819665
1456.167797608387218
1457.539001668411174
1458.393777368687324
1460.688270535419178
1461.245443345159856
1462.266123265787201
1463.286891190427468
1464.696903297876361
1465.889557614085334
1466.505621107887691
1467.703989586070975
1469.347649878269749
1470.966589127164980
1471.388764527106559
1473.020132324185624
1473.745649185746515
1474.203221565698868
1476.092127038240960
1477.435191147500063
1478.441395973412909
1479.759918706489998
1480.766879017982319
1481.964684209802272
1483.032959958071388
1484.143580881755497
1484.817883231203723
1486.171349027557198
1488.116337976228351
1489.252466946430104
1489.970892204678876
1490.670693814603283
1492.180090544016366
1493.330835421270194
1494.155368613688779
1495.768832978941646
1497.065505571709991
1497.747360933121172
1499.640824746619728
1500.351951516603094
1501.119324922131682
1502.346063292399094
1503.090933126680511
1505.261529654671904
1506.152986138113192
1507.407505163830365
1508.253031029542171
1509.280419363223245
1510.391797446473447
1511.923005459002070
1512.589764705458037
1513.589765539918744
1515.708343586873980
1516.435989718758492
1517.719806254130162
1518.414791487253751
1519.741009493906859
1520.273622220356174
1521.901909065460814
1523.486047149258866
1524.724892160622176
1525.227837233791888
1526.552311910387516
1528.040930429297532
1529.034456728701343
1529.369975365194477
1531.020742970222273
1532.222326939392133
1533.886977913201690
1535.042277471206717
1535.769502395248310
1536.620701824029766
1537.651062167944929
1539.302854855583291
1540.030270139506456
1541.742248762788904
1542.496522922766189
1544.118670054520180
1544.834608227519539
1546.091197786313387
1547.297581121406893
1547.806563801857465
1548.871348178725384
1551.273845326404626
1552.006872837670016
1552.736105329803877
1554.156519109657665
1554.921285164991787
1556.162987497552649
1557.394507017690557
1558.339152852352072
1559.781154390710299
1560.876475777809446
1562.410153180194357
1563.385400958495438
1564.177940460431728
1564.915788262260094
1566.266415601551444
1567.623450717218020
1569.022477804374148
1570.509277866920911
1571.045381485538201
1571.845352088045274
1573.806563330271501
1574.230915429863671
1575.638154952016521
1576.161352363424385
1578.118826945782757
1579.514055067740628
1580.372081625471537
1581.363551773001745
1582.329486944147220
1583.394693435421686
1584.234848066376117
1586.293210750337721
1587.004342107041111
1588.163404028904779
1589.357945949557688
1590.835904321394082
1591.293884373572382
1592.637167039235010
1593.584808188861871
1594.442689655690629
1596.484492409654649
1597.715895944423210
1598.420798549670508
1599.619348950462836
1600.048044903407344
1601.911946228582110
1602.815404793726657
1603.655202996123990
1605.521646646623367
1606.293418126574124
1607.556905211982894
1608.836295305010026
1610.003264190037953
1610.253823162574463
1611.437141269554786
1613.078855451027493
1614.710627852161451
1615.574608718972058
1616.398394841583695
1617.734684840985210
1618.537517831977539
1619.952501261128873
1620.774310821388553
1622.098751698022852
1622.977767699475635
1625.021856657962871
1625.987020163621082
1626.399919311635585
1627.755441276315651
1628.715316856763138
1629.658668954947871
1631.194814551515719
1632.798183570708716
1633.512516889737299
1634.516822662067170
1635.718366326213754
1637.089190173370980
1637.994643586012671
1638.599658304213790
1639.821235729830278
1641.899819008504664
1642.489779822378068
1644.152065959737683
1644.713745774667814
1645.573760362766052
1646.624866593178922
1648.270598222531589
1649.118535409240167
1650.416988983048441
1651.732693341396043
1652.671065899601217
1654.205896759371171
1654.726652393321729
1655.822775676771698
1657.114236399763058
1657.567101179321526
1660.019980337998959
1660.860056833300860
1661.836892884096642
1662.377202549280128
1664.057265418110092
1664.968004486365089
1665.877640414486223
1667.241125051711379
1668.368229327401878
1669.669728452399113
1671.047182433303078
1671.984259333726186
1672.963370830781059
1673.687445333905316
1674.648462097009769
1676.362486323950407
1677.691227141526497
1678.630368091063701
1680.077946716809493
1680.504770112847154
1681.812320174266006
1683.273289260666843
1684.171656837064347
1684.558863252537321
1686.421121947838174
1688.080142693176640
1688.933868509784588
1689.703154256179687
1691.051559916892984
1691.515192892035202
1693.053020930197135
1694.017564652607916
1695.832554474187191
1696.654997439785575
1697.342514286563983
1699.229547187642993
1699.966817266863927
1700.820303245006244
1701.825550997047458
1702.923249764490492
1704.291412426679699
1706.256032431560470
1706.615665035026041
1707.912312493324407
1708.512116178403176
1709.780842298580410
1711.137603258592890
1712.155397654322314
1713.055341727513223
1714.717145255494643
1715.825283039820533
1716.769983717395007
1717.974485066158422
1718.954152498583653
1719.724469321831066
1720.498070947586484
1722.844661739915637
1723.532822631259933
1724.733958737658213
1725.638628019973794
1726.605700739885378
1728.166506760965376
1728.644486480372052
1730.023872544779124
1731.014193761857086
1732.430169859256921
1733.840825021429964
1735.175466021101101
1735.624715342870559
1736.305662733238023
1737.893884786928538
1738.783237588816064
1740.169115680140521
1741.779167808727152
1742.467680720782027
1743.426436858721672
1744.721511937699688
1746.097498595632715
1746.595456627128215
1747.781695527752390
1748.563987381080324
1750.822818489839165
1751.617794946251024
1752.511511140666016
1753.661355243139496
1754.763369874252930
1755.169694068142690
1757.046518460723064
1757.984077032818277
1759.240085646681791
1760.215166242762280
1761.854899938728067
1762.497688870660568
1763.719121496287016
1764.591476849092032
1765.400493991783833
1766.676243599477857
1768.295971136341450
1769.940952051635804
1770.243677312197406
1771.212944983546549
1772.328000363591400
1773.894915510703413
1774.660430990023542
1775.341987573747247
1777.255860224058097
1778.041734762249234
1779.552270809178935
1780.665228492998722
1781.355637722819665
1782.439067320020285
1783.084829519946425
1784.607946396612761
1786.342201179342510
1787.049273086816356
1788.215123479632894
1789.242179963684748
1790.449562369783507
1791.254409818795466
1792.616102735198183
1793.525390652409442
1794.178482007255525
1796.465140537430898
1797.376335671136758
1798.147067458075753
1799.231647209737503
1800.024724019739097
1801.309636945288048
1802.301283491450477
1803.796843813365967
1804.904160974811930
1806.289667019497756
1806.578391750963874
1808.714431865474808
1809.119273788287273
1810.108892987985882
1810.873719158854783
1812.420077002105472
1814.024140347615457
1814.973082363495905
1816.338611219674704
1816.758023365350937
1817.710608563342475
1819.260334099488318
1820.187882186811294
1821.305708365203827
1822.427671440302674
1823.766265895773358
1825.213676893013371
1825.915683614928412
1826.795455271492756
1828.211270499973125
1828.621091758031071
1829.832529709939763
1831.936379901815144
1832.984940243731444
1833.273239032730316
1834.721559748608570
1835.883754437692460
1836.827672515957602
1838.086943305644581
1838.640288707650825
1840.195563473357424
1841.478582570643312
1842.875955278667334
1843.771057743069150
1844.759043650095919
1845.417534146424487
1846.353253420516467
1848.330980622383777
1848.722760910890884
1850.601184047651486
1851.400361994589730
1852.342204733386325
1853.519342920989402
1854.855632115986737
1855.592934937055361
1856.389179153523855
1857.498074814880283
1859.495271568794351
1860.541388109336822
1861.379671547232874
1862.121464928944306
1863.425464845096485
1864.353981335746312
1865.367433794057888
1866.836547018608144
1868.085190998609278
1868.706745684408133
1870.421471768310766
1871.416043098407044
1872.441566428192800
1872.865667637967590
1874.508361412660179
1874.913774010039560
1877.095064167339842
1878.022251482753518
1879.153303090461350
1880.082325418994287
1880.611766479656808
1882.321974797384655
1883.408724269518416
1884.005778349667253
1885.198075130258076
1887.053894806890185
1887.808841416832138
1888.938182636579540
1890.348128614244615
1890.612128587933285
1891.678510539728677
1892.867701335791025
1894.558537572429714
1895.697155653584559
1896.585494347168833
1897.513692859711909
1898.829372818679531
1900.006144829143977
1900.571884272414763
1901.891305750600168
1902.805059206679971
1904.089325323351659
1906.102756198181851
1906.597678003766305
1907.332780123909970
1908.433063045051767
1909.465930025982288
1910.733659615891611
1911.704690943172182
1913.182489775883141
1914.352300051674092
1915.054629333347293
1916.606371839519397
1917.344704041566274
1918.786498909856846
1919.207778397805214
1919.937457371217306
1922.101625621993662
1923.280837936417356
1924.055831101440845
1925.231987975406582
1926.211583079894126
1926.820092794871471
1928.417518549519400
1929.487560180576565
1930.258387180387217
1931.760069436524645
1932.875754549946805
1934.416436369151825
1934.907943434365734
1935.924848803745590
1936.873093814278946
1937.968633498019926
1939.050029150544106
1940.977326705859923
1941.822862215780333
1942.633568692246172
1943.367947449252824
1945.153796306367894
1945.922716949483402
1946.609945361877408
1947.917047737703570
1949.030030073606440
1950.743201552863184
1951.536695873054896
1952.850129211865806
1953.448556325135769
1954.418588175214154
1955.315809283718409
1956.848164578215574
1958.314403555120407
1958.851883463194781
1960.418845269381791
1961.359277880014361
1962.233571848579686
1963.621184573202072
1964.357390938095705
1965.377829505103819
1966.117658574074540
1968.471602019420516
1969.047617546527817
1970.305009517033795
1970.855547579946005
1971.970312804811329
1973.182663405938683
1974.347201910120020
1975.080610302266905
1977.173943698039920
1977.271446199746606
1978.801448167731451
1980.371772287051272
1980.910043091024136
1981.748768897263517
1982.663279195276573
1983.923804622260604
1985.416540174526745
1986.757107716415248
1987.873473360724347
1988.251876807355757
1989.702002708021610
1990.478352526426988
1992.001706393527911
1992.784987875157640
1993.577493138260024
1995.168739611888441
1996.796176966188114
1997.390914059611532
1998.279006925984731
1999.545764176267539
2000.434515302432146
2000.929620689184503
2002.896408374361727
2004.139669233270070
2005.077848124098864
2005.900934885785773
2007.125180170301064
2008.418240330262279
2009.176634122949508
2010.153324767559297
2011.020705073650106
2012.538935477421774
2013.872097713990797
2015.186728608706289
2016.029638032375487
2016.800075655845831
2017.386767251961601
2019.264600216064082
2019.884367139755341
2021.196042768892767
2022.545617684688295
2023.572911777100671
2024.488262157951340
2025.878906202481630
2026.738258912152105
2027.573317055997450
2028.582459354039884
2029.385479550966693
2031.750550690618638
2032.420780856286456
2033.017892745669769
2034.554828788956229
2035.077440096304144
2036.527526483370366
2037.217111094340908
2038.841738250867820
2039.443218740104385
2040.839119673138157
2042.344586250604152
2043.217116563323998
2044.121593291667523
2045.037320859814827
2045.802760431561865
2047.098336345607095
2048.454094066160906
2049.847525605715873
2050.906055384684350
2051.718388196256456
2052.407790192401080
2054.059916898485881
2055.180267326166813
2055.572602899048889
2056.620866689893774
2058.450651118906080
2059.448021743771278
2060.868247208108187
2061.367059202031669
2062.572650919978514
2063.283559498380782
2064.304867699634087
2065.832672281911528
2066.985229377985434
2068.345638527370284
2068.669941082812784
2070.504717593446003
2071.377083169758407
2071.990454814760596
2073.397603715768582
2074.171064902152466
2075.028065544832316
2077.117570136877021
2078.155484639214137
2078.939288114876945
2079.567628461893037
2080.910343457561339
2081.799686563577325
2083.300276858828056
2083.779992550167208
2085.389813692285770
2086.580318534381604
2087.473340987858137
2088.712281198732398
2090.036206757016771
2090.447550027415673
2091.221580661131156
2092.473218110071684
2094.335917468632033
2095.138256660294701
2096.346529979252409
2097.371606357192832
2097.951922199887122
2099.311651265061300
2100.593745236861196
2101.135489459108612
2102.535100215297916
2103.390454808713912
2105.372206591800023
2105.994704339286272
2107.172362432443151
2107.617911407514384
2108.938384889015197
2109.963143181267696
2110.822371848131752
2112.907087523190967
2113.483966448430692
2114.396137325889867
2115.506602794684113
2116.900056068394861
2117.722399441362995
2118.618646217029436
2119.456428468939066
2120.691562591844104
2122.465151174928451
2123.344042303462629
2124.370368737568697
2125.512400029152104
2125.958784840373482
2126.975711192557810
2128.752290554262800
2129.406080228328392
2130.555102283236010
2132.080620992942841
2132.798516467883928
2134.154933985038042
2134.950772504315864
2136.086897524703090
2136.967470548471738
2137.509940525911134
2139.380759985201166
2140.949362639097217
2141.710035960390087
2142.355043196035240
2143.374444180537921
2144.895337431360531
2145.505753734180871
2146.625894475511359
2147.785367345630675
2149.151849382889395
2149.910639858102058
2151.776885116465110
2152.390226596919547
2153.011964165386416
2154.263623952320359
2154.935345848225552
2156.394727255681573
2157.856489565353058
2158.878072291083299
2159.902286017170354
2160.853062328184023
2161.692172189209487
2163.107122285732203
2164.049720356357284
2165.011437174314324
2165.503949023375753
2167.693444254746737
2168.890615851853909
2169.263829283364885
2170.787074973015933
2171.396361926494592
2172.250962827516105
2173.528296969316671
2174.745020803476564
2176.204119466215616
2176.939451698977336
2178.004209154761156
2179.232185029747143
2180.495318259278974
2181.252367010681610
2181.725783029819468
2183.330584017279762
2184.103190760680718
2185.965528320683006
2187.085690959372641
2187.798455877828019
2188.558763203088347
2189.497072902605396
2191.093363045749356
2191.778017400507906
2192.826770539861172
2194.231530050449692
2195.231687681255607
2196.715977666758590
2197.258747040205890
2198.687512684367448
2199.302965320969633
2200.351020913263255
2200.915953025551971
2203.277453730645902
2203.906364583773666
2204.997801754830107
2205.855761245543817
2207.172161914952085
2207.802741336736744
2209.153744400263349
2210.208014989250387
2210.850941099296051
2212.343568400036474
2213.700256248436290
2214.949925632092345
2215.820565690645708
2216.296375887645354
2217.469375116225365
2218.521006913395468
2219.799815698361272
2220.852158848914314
2222.636604588097271
2223.055057918810235
2223.777772507214650
2225.564645117169221
2226.332734405575593
2227.246229376595238
2227.970573882256303
2229.127958910123198
2230.898690856217399
2231.977154074073496
2232.924853868966238
2233.720222250312872
2234.814934531326799
2235.546662135599945
2236.773643845099741
2238.154799519297740
2239.167743960236749
2240.021209470471149
2241.536186523766446
2242.621180159379492
2243.373668418962097
2244.370701700430345
2245.565286531271340
2246.016558178285777
2247.364431251229234
2249.550198573537273
2249.770766552724126
2251.046641941553389
2251.845318338693232
2252.678432673838870
2254.562246994389625
2254.759079001304144
2255.824565571536823
2257.346384683132783
2258.501847291145623
2259.517842057384314
2260.890259416800291
2261.660064449481069
2262.674430648209636
2262.878305381161226
2264.676399705770109
2265.768446115469487
2267.384501067544079
2267.879175337166089
2269.226998261609424
2269.919103216838266
2271.326282468066438
2272.049015701237749
2273.347534053164509
2273.956289145943174
2275.068664775971229
2277.079317756623368
2278.012628393305476
2278.525942155784378
2279.507305841119432
2280.870719852586262
2281.356483614546505
2282.690375137648061
2284.056011459351339
2285.222242364866361
2286.149814140564104
2287.046158671010744
2288.578849445764718
2289.336284710134350
2290.241458210855853
2291.097663612112228
2291.928901252490505
2293.896145106086806
2294.687918411714236
2296.115091188330553
2296.998522472515106
2297.372647579809382
2298.612363365660258
2299.961577620089884
2301.234125798830974
2301.454840351728308
2303.295481982573165
2304.305138670374618
2305.508356788681795
2306.517733070003487
2307.355553370477992
2308.210284634764776
2309.370358239529196
2309.931122384183709
2312.047996449610764
2313.190914170747874
2313.689359967223936
2314.621182113594386
2316.049454719988717
2316.962494504840834
2317.851531864277149
2318.826035336430323
2320.088523204027297
2320.949531628659770
2322.812632606693114
2323.534274240766081
2324.512455232258162
2325.557096491765606
2325.903015927513025
2327.376855819699358
2328.634875101168745
2329.705723406449579
2331.013110289572978
2331.942707806402723
2332.987765432775177
2333.720863373782322
2335.531712574450921
2335.867153805649650
2336.621036786238619
2337.761730158820683
2339.615683895982784
2340.826726706644422
2341.324596186215331
2342.654041658469396
2343.259158955008843
2344.311216236151722
2345.570483634473931
2346.464119529787695
2347.934254641723783
2348.843423633455586
2349.730054257837764
2351.455046927851072
2352.195701502536394
2352.750870075454714
2353.912135852353003
2354.951081235008132
2355.810813978290753
2357.608315920247605
2358.904705198415741
2359.434859076439807
2360.314285089526493
2361.342541641932712
2362.718317922921415
2363.495617654118632
2364.751176089117052
2365.191515064132091
2367.249219842959519
2367.957701823155730
2369.220577767398936
2370.093390284232100
2371.100747929721820
2371.938137794610157
2372.440347260055660
2374.444230717816481
2375.543967037372113
2376.355463515560132
2377.755407914012721
2378.212961679661930
2379.726502949965834
2380.545657218736324
2381.500123710437492
2382.530830566366603
2383.356013915980839
2384.965071641182476
2386.430937109503702
2387.299084122336353
2387.813568556077826
2388.748207635493145
2389.955988113666081
2391.260549872403317
2391.754982336622561
2393.630593291699824
2394.485367856046651
2395.270169994646949
2396.603878762616205
2397.791643761773685
2398.558311382532793
2399.433832905785493
2400.152356522131413
2401.482998375771786
2403.418798445345146
2403.975315148967638
2404.921593489770203
2406.253988718289293
2406.732851182109698
2407.715910422270099
2409.441502352419320
2409.881602682879475
2411.126193380777295
2412.222935837284240
2413.976123194983302
2414.379879801270363
2415.576893465994090
2416.534054627703881
2417.278087421772398
2418.229443267357510
2419.507917163071397
2421.142943993328117
2422.152084925109648
2422.996230123486839
2423.504146888716150
2425.124760212556794
2426.193437541668118
2426.907064293753592
2427.640896948592854
2429.185595990256843
2430.265812635944258
2431.611135096253747
2432.727569299254810
2433.705896804704025
2433.916873237684285
2435.348894364694388
2436.191600375091184
2437.794076107826186
2438.671790794044227
2439.927127218672467
2440.826160290635471
2441.929836549998527
2443.033560058185230
2443.775436396199893
2445.154381015220224
2445.744952101154922
2446.398523306110292
2448.988312286035125
2449.231032009292448
2450.503650580108115
2451.181708310084559
2452.283365741213856
2453.257485812084269
2454.300561841790113
2455.482288383525884
2456.514551841288721
2457.907999090218709
2458.546799837128219
2460.013579465506155
2461.202295374506321
2461.731628648041351
2462.464294913853792
2463.569667295016188
2464.927816361223449
2466.183097013192764
2467.640860783778862
2468.186816301115414
2469.336263892497300
2469.781485031523971
2471.539297741996506
2472.336417589482153
2473.107124734644913
2474.237849734393876
2475.539353861002837
2477.021755096104698
2478.014854024809210
2478.397597583124934
2479.977351980870935
2480.433606985091956
2481.356767280358781
2482.683411518716184
2484.503238274744490
2485.087590537420056
2485.785620712392756
2487.333836442725897
2488.113831754193143
2489.261157451637246
2490.051090515746637
2491.105516421820539
2491.907473934292739
2493.489295449123347
2494.866177828255331
2495.846840419501859
2496.485336702823133
2497.648465246601972
2497.969973966752150
2499.862042821255272
2500.564386412317617
2501.577744672433710
2503.185227212086829
2504.008933658583828
2504.772152511211971
2506.305351937307478
2507.151885647675499
2507.871039579743410
2508.766046103826739
2509.652997441379284
2511.660189787186482
2512.538220985202770
2513.579517021464653
2514.259859059773589
2515.286482924712800
2516.571049142887659
2517.146931880415195
2518.552852040690595
2519.634252640271825
2520.402323518036155
2521.885175646150856
2523.263480155872003
2523.967055819190591
2524.642045795694685
2525.687993324800573
2526.868810058592771
2527.418791160629098
2529.378043463274935
2530.273672274268392
2531.543961220064830
2531.969384081562112
2533.067317099047614
2534.408614098394082
2535.505886073965939
2536.091884920838766
2536.867485222561299
2538.559826936261288
2539.998407118591331
2540.531661936742239
2541.998729153670865
2542.687650514868892
2543.343955088606435
2544.290953656615784
2545.878017730333340
2546.761141283358938
2548.181615394108576
2548.895987575046547
2549.996484491522551
2551.411141992884950
2551.880445959599001
2553.275677995524802
2553.723069201209000
2555.050875291359262
2555.832350747303281
2558.009105942871884
2558.752211368471308
2559.234296597333923
2560.263289514388816
2561.405635747573342
2562.426113338143296
2563.501718903993151
2564.332107854333572
2565.975270478283619
2566.557557897085189
2567.958599725328895
2569.043090173352994
2569.948111596904710
2570.958525661919339
2571.540774147768843
2572.368208186207539
2574.207163950022732
2575.404511996903693
2576.141011184025956
2577.519835532602428
2578.070129925005403
2578.971298335895881
2580.346111565200772
2581.398140581892676
2582.138733931301886
2583.003294535099940
2584.758402441678754
2585.772739404011645
2586.925178957182197
2587.591000924191121
2588.368210423880555
2589.579264554433848
2590.371692925951720
2591.549378447984964
2593.275876806604629
2594.023618334686489
2594.905011552480119
2595.687530138859529
2597.546141488459398
2597.979353418423216
2598.598768319633564
2600.121355061881786
2600.641952319219854
2602.412300558054994
2603.628781118453389
2604.573564823718698
2605.368075915559075
2606.243664547519074
2607.003639114238922
2608.364899649035578
2609.552086740677169
2610.444520938915502
2611.543670381422999
2612.956807036694045
2613.731929438305087
2614.737136165400898
2615.847707268249451
2616.902118243953737
2617.335046934901129
2618.292915478022223
2620.279393694424471
2621.429055213229276
2622.048696798421133
2622.994507976301975
2624.050603854559540
2624.909501777169680
2626.460502229944268
2626.710471395806508
2628.098026523871340
2629.604139510848654
2629.994800764220145
2632.043116637112689
2632.443658949145174
2633.676399939781277
2633.966543434121377
2635.217331617179752
2636.432585995081809
2637.510683358462757
2639.062573045389399
2640.054245884027296
2640.462942828951327
2641.801744784108450
2642.755759063044025
2643.970900958345283
2644.887867143491803
2645.395567278572798
2646.689940172724164
2648.577429283764104
2649.325653551798951
2650.058544458382130
2651.227331332121139
2652.160775241539795
2652.770642826959829
2653.897069745640238
2655.615772325961643
2656.238998498017281
2657.537760758300465
2658.341557629757062
2659.658316020859729
2660.610245802953159
2661.582573758214039
2662.183573435627750
2663.393945622339743
2664.235489083243920
2666.030101479454061
2666.982849070546308
2668.291859037208724
2668.663651401293009
2669.253744888179881
2670.998998582165314
2671.918382668910908
2672.603779588146608
2673.874618711104631
2675.271759129636393
2676.066490230100499
2677.246193893199688
2678.538156521631663
2679.025281596284458
2680.039021548238452
2680.843117132923453
2681.841051456082823
2683.882275551469775
2684.529156904497540
2685.377113426632150
2686.496160151160439
2687.489939808026520
2688.385081595554311
2689.423275981137976
2690.633186856025077
2691.318382839996957
2692.368718958509817
2694.102820613441963
2695.208957968971390
2695.750049240105000
2696.695372581611537
2697.857558216759116
2698.290961321395571
2699.942027500086169
2700.731207011070182
2702.433544847737267
2703.143657511188849
2703.981714244772320
2704.955737551334096
2706.528247326756627
2707.090764646388834
2708.117069229273056
2708.476524960683491
2710.368359823606170
2711.458227864115088
2712.786687334756607
2713.525289303348018
2714.367906688518815
2715.339871631409096
2716.025049049534573
2717.665774871052690
2718.308652474352584
2719.770998978129683
2720.493474900152705
2721.798775616648072
2723.086082744475789
2723.768928849822714
2724.523924437069581
2725.882989203481884
2726.479701033963011
2727.274459431901505
2729.395041668594786
2730.492891807172327
2730.797702080186809
2732.004049913595281
2732.830123557482239
2734.200782967822306
2734.938856084208965
2736.000479107040064
2736.922048440000708
2738.266444163764845
2739.513547296201523
2740.311109421231322
2741.878852420557905
2742.254107878247851
2742.993068159927589
2743.953469810087881
2745.321831898193068
2746.714798952398269
2747.514097998184297
2748.916191066436568
2749.643649788653420
2750.314083410359672
2751.823671458527315
2752.715502493883378
2753.487796417396112
2754.458663082718431
2755.416876191486153
2757.301868214300612
2758.278103328339057
2758.858670968685146
2759.898613919658601
2760.657151540111499
2762.082880142575505
2762.444580467694323
2764.041846252089272
2765.407691146483103
2766.157035589918905
2766.887269747368009
2768.664523888139229
2769.144698796099874
2770.279093643343003
2771.017392142684912
2771.896293661727668
2773.029713424294641
2774.670010731832463
2775.725707342410260
2776.619160307926450
2777.512125202576044
2778.289695299772575
2779.127539134050949
2780.771118379071595
2781.656070227571490
2781.989239654647918
2783.943665286858959
2784.705283876121939
2786.043335738622773
2786.702566351368660
2787.932021258523946
2788.796278014511245
2789.197561121050967
2790.493080791035027
2792.113378557022770
2793.301469240871938
2794.238093335275607
2794.653824665328102
2796.034761603657898
2797.174539351897693
2797.972901229628405
2798.798140177045298
2800.067444818401327
2800.937603116235096
2802.224801536331597
2803.864955138344612
2804.418935676251294
2805.205300363064453
2806.002732416640811
2807.132318371189285
2808.153501197997684
2809.291652245192836
2810.724634082518605
2811.460992226052895
2812.861997588021950
2813.201488028300901
2814.656757980595103
2815.838653992747822
2816.337954815325247
2817.458907317419289
2817.949462160966959
2820.488842021916753
2820.660841053781041
2821.891930074871198
2822.923026217023107
2823.866992056608069
2824.281884122039628
2825.872656689750784
2826.712170374922607
2828.029973946251175
2828.851526590522553
2830.087545290015896
2831.128425437187161
2832.416550857944003
2833.138035851670793
2833.658717233308380
2834.980248462513828
2835.775847744530438
2837.014472081293206
2838.812881529271635
2839.485753395012580
2840.285754910691594
2840.920672973104047
2842.332641081100519
2843.469837884564640
2844.198986963261177
2845.025433610480377
2846.390776212726905
2847.535935529730978
2848.770308555407155
2849.797086647209653
2850.471888197435419
2851.678938036254294
2852.303726568369711
2852.926214764695032
2854.832394231931175
2855.853721192900139
2856.816133543913111
2857.736139807821928
2858.857860356251422
2859.838748954184211
2860.577436497612325
2862.120208234396614
2862.506966277762785
2863.363589552191115
2864.911426758851576
2866.493209755929911
2867.149356094088034
2868.224163663090621
2868.657629194218316
2869.843456574863467
2870.909506375380715
2872.023511113548011
2872.858555183438057
2874.569154072845777
2875.282119166366556
2875.889914340386440
2877.546649153796352
2878.527002624180113
2879.119907546978993
2879.868973936907423
2880.978994738386064
2882.153646390636823
2884.013657552839959
2884.346757790142874
2885.773055402722093
2886.308874639772512
2887.224885507060662
2888.394382456172025
2889.404168047577969
2890.642626361553084
2891.280078215454978
2892.462624016639438
2894.174448736821432
2894.746550356224816
2895.641103861971260
2896.825405168247471
2897.428300566969938
2898.541353179908128
2899.177779836548325
2901.263850361997356
2902.065102481250051
2902.855785528508477
2903.957879043036883
2904.598196021987860
2906.176417596628653
2906.923339342985400
2907.605736911210897
2908.658045519742700
2910.028233435046332
2911.142903664579990
2912.345904726055778
2913.522785866686263
2914.044611072102725
2914.802702223863434
2915.685975327455253
2917.274173441487619
2917.982416701912371
2919.321772326527480
2920.615555992141253
2921.083198937260022
2922.396084557395170
2923.390932357376641
2924.333434993952778
2925.261509119313359
2926.295436226225775
2926.624014686465671
2928.761073846998443
2930.004366371979359
2930.711168697389439
2931.069101109814710
2932.806414415832933
2933.174857162008266
2934.290717835787746
2935.552463705747869
2936.550374848601678
2937.708958981568230
2938.581220350578405
2939.847529162594128
2941.261601534687088
2941.425217756342136
2942.724885865147371
2943.353684960178271
2944.321648794483281
2945.944499285887105
2946.922394896188507
2948.374261864690652
2948.867577209394767
2949.790143025785710
2950.521108352418196
2952.283829638947736
2952.827176583512028
2953.589030993759025
2954.711275290933372
2956.258730424156965
2957.236259246842565
2958.290776254197226
2959.221014234687118
2960.033617812008288
2960.814839266220133
2961.825970575348492
2962.819636335281302
2964.633921494808419
2965.398341584290847
2966.065269745648038
2967.270190426496356
2968.405348995407621
2969.401136655698792
2970.049930110913465
2971.122238124934483
2972.308884109068913
2972.811686391357853
2975.018020412780970
2975.619957166153654
2976.526232137094212
2977.553574913470129
2977.981978512600108
2979.319042212011482
2980.487381006559190
2981.343947481810119
2982.523719895924842
2983.825333266519465
2984.639177804446717
2985.547666235421275
2986.805393383297996
2987.856151502432112
2988.634699666939014
2988.855046367445084
2990.423270573698574
2992.163668675063036
2992.868866378300936
2993.974353092848105
2994.865507046753919
2995.540266915501888
2996.736506016221938
2997.647203114442618
2998.959301098028845
2999.494492994594566
3001.023331162879458
3001.707332456021049
3003.477042852710383
3004.290975917310789
3004.662308408248919
3005.772929284507882
3006.990738364633216
3007.468699216470668
3008.882120872392989
3010.514962129244395
3011.344380180512417
3012.074694785866996
3012.788450548678156
3014.459082206682069
3014.911666502729531
3016.348394169977837
3016.700060812629090
3017.783440191592945
3019.461775780365770
3020.487633896939315
3021.420400692511066
3022.447483793126139
3023.338509067940777
3023.930996073902406
3024.793963871217784
3026.510826907845512
3027.299522807341418
3028.401522528630721
3029.499388369681128
3030.594529650982167
3031.289217468061452
3032.756029360224602
3033.218123972953435
3034.360907192326977
3035.074103947537878
3036.133113238207898
3037.980383590468591
3039.033651044210274
3039.521601571572319
3040.500427564659731
3041.256803549500091
3042.653049854131496
3043.670541621770099
3044.055127981914211
3046.050030224876082
3046.454504219288538
3047.708817640889720
3048.922632490404794
3050.019676757211982
3050.801233315720765
3051.342383341480399
3052.476848524261186
3053.348265936951975
3054.986520866536466
3056.242923309730486
3056.765138112964905
3058.013703009701658
3058.901494693164295
3059.437861758112831
3061.062700117590794
3061.837584445267566
3062.726873164639983
3063.435086485018473
3065.286555585297265
3066.320250404096441
3067.071320241176181
3068.013501341795291
3068.984266185526394
3069.782904779767705
3070.542621549808246
3072.000993377915620
3073.185237779942781
3074.523494285210290
3075.033872877410886
3075.833479242463909
3077.427473306812317
3078.286226917969088
3078.897379147134870
3079.871394642813812
3080.856382341972676
3082.163163759071722
3083.361357990431770
3084.838451504293516
3085.377268993634061
3085.965522259310546
3087.018815358645497
3088.083437042039350
3089.222308944517863
3090.282194902934862
3091.154469698493358
3092.687667040027009
3093.185445717524090
3094.833068430116327
3095.132031239453681
3096.515485512936266
3097.342606530991361
3098.038354972964498
3098.758089848813142
3101.079373086579380
3101.657370790144796
3102.436089122718386
3103.589916059588631
3104.362546341633788
3105.391402369857587
3106.396352646055675
3107.484255857023072
3108.303596266206114
3109.533099790356573
3110.557200380325867
3111.920727714090390
3112.840737859373348
3113.755213669486693
3114.473416203572015
3115.002672413545042
3116.720450815901586
3117.269723386899386
3118.955013666124159
3119.957556604338606
3120.986214975677285
3121.337219762925997
3122.610128875347527
3124.150225164330095
3124.525922645768787
3125.374441472109993
3126.450116434819847
3127.693012373442798
3129.468612609748106
3129.796205505420858
3130.877663729773758
3131.861090216301818
3132.698331366237653
3133.398883822980679
3134.635445901257754
3136.015560752041893
3137.175172666931303
3137.613495212022826
3139.049508498465457
3140.138494141052433
3141.001174828240437
3141.748032542883720
3142.979456728038713
3143.567499183578093
3144.490488145513154
3146.283528375944570
3147.344606625530560
3148.379041870467972
3148.861228783806382
3149.771738698990703
3150.824652722363680
3152.151059465736580
3152.994559995643613
3153.596976529534004
3155.312108217669902
3156.300357949570753
3156.905761454446747
3158.578287707935942
3159.265204659911433
3159.804097579086829
3161.061912577755265
3161.402435207892267
3163.311959557827322
3164.350531320929804
3165.540597893829272
3166.139586713599329
3167.121094757281298
3168.197515713895427
3169.179764607856669
3170.014131565626030
3171.343958069061955
3171.837774346067818
3173.011633917278232
3174.815385976386096
3175.528722743695198
3176.480343516462653
3176.915636009212903
3178.371705005000877
3178.902595536046647
3180.011213372893963
3181.328501713206151
3182.839446920271257
3183.205673345926698
3184.451499960332512
3185.214344580111629
3186.545869429537106
3187.646162708372231
3188.055482329446022
3188.877460714955760
3190.168661962152783
3191.706256362774639
3192.681791617887029
3193.557208472454477
3194.786707378558276
3195.326699929210463
3195.793895633893044
3197.547165656594188
3198.430125767817572
3199.248977114246372
3200.663270230745638
3201.424866361197473
3202.778286500735703
3203.630891152625281
3204.557410187842379
3205.497580563342126
3206.228893303829864
3207.270062357430561
3208.086133891918053
3210.352420539766626
3210.670388299201932
3211.618832522935008
3212.319227342931754
3213.606498798172197
3214.667562488094518
3215.325298903735529
3216.491524692371058
3217.430804778290167
3218.659983744025794
3219.639171305585478
3221.198341682969385
3221.609476301097402
3222.813840822902421
3223.372566375255701
3224.213706519638890
3225.366715964933974
3227.044102374515205
3227.525149515495286
3229.016311629953634
3229.981066960499447
3230.336636732169609
3231.741347918256452
3232.738713124808328
3233.913360603034107
3234.306591244920128
3235.154617182366565
3237.087579531708798
3237.998236326712686
3239.090434562690007
3239.767314075239483
3240.605747277956652
3241.595312938038660
3242.568307582365378
3243.501652711279803
3244.884157091134512
3246.040157816239571
3246.841676161959640
3247.570503533836472
3249.308085747434689
3249.906446318444523
3250.613324267405005
3251.510637744017458
3252.723990907270490
3253.369017244108363
3255.142076592548619
3256.346612817957521
3256.941943204737072
3257.831340012825422
3258.706714275454942
3259.539730686039547
3261.192124420504115
3261.535312602183240
3262.718968694528485
3263.784940489126257
3265.198771600650616
3266.153786419935841
3266.803954479647473
3268.188517855567170
3268.909408588716815
3269.516785360247923
3270.310803457827205
3272.019397610781198
3273.363032965270122
3274.059953011724701
3274.863567637972665
3276.124154984921915
3276.694554681215322
3278.059478289038452
3278.986193732023821
3279.489509639634889
3280.976418713721159
3281.706690820621589
3283.239124300114327
3284.499863132438804
3285.202828751690959
3285.682259710461040
3286.718540342294546
3287.773091992666650
3288.936972845327091
3289.724306536176300
3291.385725928433658
3292.222642049284786
3292.856716097554454
3293.975869245585272
3295.266663232727296
3296.021754764672096
3296.873142162695331
3297.836842310599422
3298.357878621563486
3300.450576192250537
3301.413776304367730
3302.017097665604524
3303.317261841697473
3303.813719205759753
3305.076177240834113
3305.472088698530115
3307.221711602476262
3308.045402223318888
3308.832877512969389
3310.235706773843049
3311.155306118273074
3312.349459450510494
3313.199876672725622
3313.842662273157202
3315.015013827980056
3315.619742540924562
3316.752453417715969
3318.387470170170673
3319.412648993159110
3320.476699682049457
3320.887941461201535
3321.663572698610096
3323.490923179791935
3323.875124914086427
3324.925684145982814
3325.691627038381739
3327.338441751472146
3327.988269208170095
3329.465583948409403
3330.290400360130207
3331.299404161488383
3331.892288243776420
3332.700898576001237
3333.781382961371492
3335.045996424476016
3336.575968429255227
3337.044211896701199
3338.150407356324649
3339.256673694617348
3340.117152697459005
3340.972263637847391
3342.211554859256921
3343.051722278339184
3343.604908509592860
3344.852255868193424
3346.848430816562086
3347.397830990955299
3347.936001610754829
3349.301027926846018
3349.856252114765084
3350.803704024568106
3352.153804096605654
3352.845364542639345
3354.278231280389718
3355.483680305992038
3355.880578183322086
3357.198154118336333
3358.402699623420631
3359.359283067236447
3359.852404381293127
3360.584153298317233
3361.887588621121267
3363.233878348850794
3364.355763553862289
3365.600957468561319
3366.120883810753185
3367.055542539618727
3367.769443868219241
3369.183728554804929
3370.061651746535063
3370.997536142718218
3371.922445600540414
3373.160140925225733
3374.427471990046342
3375.379955756308846
3376.298386044195468
3376.820970848442812
3378.258956962645243
3378.780608494868829
3379.460192668086165
3381.634647447098359
3382.296714921601961
3383.348489575834719
3383.871212415101581
3385.177310827910787
3386.166295750419522
3387.149564459346493
3387.808777785404800
3389.091880156599018
3389.648879040879820
3391.481233731884458
3392.147572630774448
3393.651785893134274
3394.137666351393818
3394.991106310709256
3395.614850938401105
3396.890066311007558
3398.271677189199181
3398.841197219906007
3400.322476548553823
3401.387450697162421
3402.000441414939360
3403.008864820184499
3404.362761572869204
3405.132918695120679
3405.809942804822185
3406.679482811959588
3407.728314289522132
3409.578736852470684
3410.424565211906156
3411.223633497277660
3411.855830275976587
3413.219036005346879
3413.710819476650158
3415.006415297804779
3415.806623572889748
3417.201725527571853
3418.194842708853685
3418.744246675150407
3420.540582987327525
3421.307537318235518
3421.882420407670452
3423.128594192328364
3423.611394671273501
3424.728989863383958
3425.830917735939238
3427.431811005699728
3428.345014648755296
3429.077161459129002
3430.158809529325936
3430.611618680173706
3432.026366531868462
3433.306331160305945
3433.769710163679065
3434.432930181269057
3436.183607569709238
3437.219161606905345
3438.212616154325133
3439.112430154170852
3440.229299588557296
3440.844025770543794
3441.467977670071377
3442.683392445439040
3444.036570701737674
3445.277432468729330
3446.015386158298043
3447.158925420623291
3447.700517605005643
3449.497002715466351
3449.685001064480275
3450.723487592525089
3451.940669427532612
3452.569816771665501
3453.677893918423251
3455.488799434788234
3456.258614559289526
3457.184172894584663
3457.573598857840352
3458.665410624784272
3460.046064018949437
3460.484230469053273
3461.915971198493935
3462.896732401836289
3464.083832160314614
3464.977695252427111
3465.827155727127320
3467.204403986263515
3467.909471078216939
3468.775551366813033
3469.551913132633217
3470.214108961448801
3472.249018221315964
3473.168763395135556
3473.814882020019013
3475.219106732750788
3475.717792819430997
3476.519931770807489
3477.700190284672317
3479.049830179214041
3479.465965312698245
3480.682915950611459
3481.776396694321647
3483.057856801383423
3484.159388046233744
3484.884585352891918
3485.691497728214017
3486.534339669457495
3487.539477842766246
3488.455776622254234
3489.665123316273366
3491.550561368235776
3491.811099965335416
3492.414435580418285
3493.720613082723048
3494.816408481537110
3495.988931967582175
3496.350361363768570
3497.372960542280453
3498.576136539013987
3499.686553821129564
3501.145919590462199
3501.897095232891388
3502.775867948572795
3503.636215791510949
3504.588927774941112
3504.992627195049863
3506.860778987002959
3507.545273797332356
3508.772500866958126
3509.636408038272293
3510.845083644571332
3511.731091112826562
3512.473586842893383
3513.877573873796791
3514.366752243940482
3515.416808849641257
3515.901814498894964
3518.026445239400346
3518.868409208555931
3519.870186740230110
3520.491665965545963
3521.365040902682722
3522.382212893841370
3523.635835723508535
3524.215220737581149
3525.386566637036594
3526.670256711327056
3527.615207050999288
3528.351824582806785
3529.955744345950734
3530.835046797712039
3531.201023963526040
3532.038508847499088
3533.328243395819754
3534.062588280170075
3535.772576943416425
3536.633250705505361
3537.708013056178061
3538.500568907352772
3539.089936526598194
3540.456758807154529
3541.357522375370536
3542.340883917586780
3543.322306535336338
3543.816796286908357
3545.699212171315594
3546.864134595260566
3547.314781396485614
3548.351252963577735
3549.458356776357505
3550.065059225519690
3550.853298372029712
3552.080209750381073
3553.840680597020764
3554.165034789486981
3555.534145071897456
3556.065234535612035
3557.427102352920883
3558.349345038406227
3559.265664699892113
3560.019248823557973
3560.776183334352027
3562.162435082827415
3563.215121485676264
3564.760770714007322
3565.396422886999972
3566.284910776263587
3566.916683895457936
3567.733251749069495
3569.343132086432433
3570.008671364950260
3570.822916554614949
3572.513965627941616
3573.079804301269633
3574.100016308942941
3575.493155747453329
3575.955379643794458
3577.205283985631922
3577.981184110552476
3578.410382618929361
3579.750102614597836
3581.585338241799491
3582.394916619829473
3582.923042185507711
3583.945574774916167
3585.206278712881158
3585.684448661568695
3586.840745006095858
3587.968813667965605
3588.859444520462148
3589.745006545045726
3590.983471293056937
3592.405889080009729
3593.028558839786001
3594.227274785490863
3594.469272698104760
3595.779063753882838
3596.421772540065376
3597.802641294575096
3598.948560206193633
3600.166323796782308
3601.104013685447171
3601.791282751961717
3602.418894262688355
3604.248053633486052
3604.754984017813513
3605.494474971794716
3606.359317624099731
3607.574809645374444
3609.283333034273255
3609.700266168917551
3611.101631551564878
3611.910994676756673
3612.324192687339746
3613.549021241040464
3614.327814642186240
3615.606268124633516
3616.840689133503929
3617.802842397040877
3618.452558515969940
3619.885723507010880
3620.705570449877541
3621.886132366144011
3622.179274502217595
3623.558468473039738
3624.437503556840966
3624.881726597741363
3627.060315519066535
3627.949114790735621
3628.610375056136036
3629.407217611507349
3630.363425045440181
3631.308684288781933
3632.478178336013571
3633.440157775448824
3634.056193093004822
3635.673633427948516
3636.439638357045169
3637.540657717949216
3638.553707679430772
3639.679806517767247
3640.362976494269788
3641.010538146349518
3641.707123241174486
3643.479573648181031
3644.403358341780859
3645.632116643506379
3646.450894369831531
3647.284261680403688
3648.158454685518791
3649.166164131527694
3650.302043571159629
3651.253106163416760
3651.783523374765991
3653.088326196389517
3654.211437502704484
3655.905726441463230
3656.334529766239939
3656.892829633305610
3658.129372193820927
3658.921689551014424
3659.907500747567155
3660.735665814956974
3662.368949297409927
3663.448288854976909
3664.002007104591030
3664.878137729471746
3666.237025972965512
3667.307339233034327
3667.735638945522624
3669.030191157441550
3669.423746308953923
3670.731997269177555
3672.349351294876215
3673.159176144118646
3674.087608956143868
3675.262610129655968
3675.662484245629457
3676.368938137253735
3677.893295662794571
3678.847783056964545
3679.818311649507905
3680.583983908415121
3682.418731435667269
3682.571730549067979
3683.971024203510297
3684.859893088268109
3685.974442142427051
3686.271337180935461
3687.538413759765717
3688.177027971996267
3690.184258111030431
3691.039162252975075
3691.756939721431536
3692.647653927345800
3693.370984735038746
3694.791126717894713
3695.672790133180570
3696.121982633589141
3697.585963644991807
3698.547362766514198
3699.430292630650001
3700.838316759630288
3702.050756987914610
3702.460155933212718
3703.347476075603481
3704.209894382999664
3705.129228187902299
3706.294721355962793
3707.579055361438805
3708.658452868782206
3709.582271723353188
3710.371491776773382
3711.404818176416484
3712.170139466612454
3713.583581050868816
3714.424676839816129
3714.739333589796388
3715.846459034948566
3717.751095917050861
3718.498355474487198
3719.483495399308140
3720.182048932696489
3721.296040000338508
3722.058836768195761
3722.627320552538549
3724.388127501142208
3724.882319990301312
3726.517718264919040
3727.105295973327884
3727.938465955540323
3729.472791701950882
3730.187320676354375
3731.075159248372529
3731.652937302642840
3732.847475613411916
3733.671696807125500
3735.007644637012618
3736.462855616984143
3737.426702784950066
3737.847779331928905
3738.588055467694176
3739.831690660130789
3740.875153687164129
3741.925079348679901
3742.485013546845494
3743.859616211629600
3744.846671965053702
3746.135972512802709
3746.840953103113861
3747.997127044578519
3748.752860722956939
3749.672707911018279
3750.303158431205247
3751.164644510357903
3753.186449129887933
3753.946989066385868
3754.507321882974793
3755.922818842412653
3756.524972712017188
3757.481439849810158
3758.696426296330173
3759.359216675577954
3760.582729132616350
3761.085334951762889
3762.475079096339414
3763.999842697677650
3764.644280169985450
3765.746026064096441
3766.455967531820534
3766.872421484277766
3768.338640155954636
3769.293394313006502
3770.105497899101010
3771.728992761721202
3772.512331217440078
3773.467327740988367
3773.941580304985109
3775.752711840115353
3776.258807342244381
3777.143244333655730
3777.833370602115792
3778.839373785258431
3780.226486450645552
3781.668646123160670
3782.390575661851472
3783.126649463720241
3784.265550345229713
3784.865105099824632
3785.791018600925327
3786.935697906058977
3788.263664870251887
3788.800050331939474
3790.041776672573633
3791.020914404688938
3792.560247671588513
3792.872479501939324
3793.790990276485445
3795.021653416458321
3795.808588147873706
3796.139177933294832
3797.854055842943581
3799.298497077311822
3800.132426403406498
3800.877635578880017
3801.590617175651914
3802.640239732520968
3803.829200465714621
3804.790840393653980
3805.434646754818004
3806.297896755331749
3808.093049896331650
3808.459507836560988
3809.874248312906275
3811.184712334396863
3811.428221764781028
3812.544754398985788
3812.978308901785567
3814.327017461777359
3815.531819858070776
3816.602598127822603
3817.768707914308379
3818.505533965585528
3819.414498547846961
3820.438313369253592
3821.438059666772915
3822.371913385552034
3823.148110407561035
3824.418553124507980
3824.541037159350708
3826.947627237762390
3827.576335685668710
3828.339520519641155
3829.144810486888673
3830.161823923041538
3831.034679119847624
3831.932487129554829
3832.941548849468745
3834.353094561193302
3835.220398724040024
3836.022881981186401
3837.238847224151414
3838.084058667459885
3839.426268466037982
3839.974002766309241
3840.504678748195147
3841.682344812185420
3842.678532636432465
3844.403553213034684
3844.897010964168203
3846.487475476057625
3846.747301182659157
3847.681749670896806
3848.415301005862602
3850.170201814829852
3850.603920438379646
3851.410102460568851
3852.703102475248670
3853.860293845637898
3854.902586332991632
3855.955254473828973
3856.703867395885482
3857.610583014921303
3858.448586235992025
3859.285738177006351
3860.093008505172747
3861.852719325408998
3862.983783666957152
3863.658286019182015
3864.150190996822857
3865.565077205411853
3866.822404113286666
3866.972328124997148
3868.412859073881009
3869.144666921011321
3870.114034539457862
3871.291750189439426
3872.666546572794232
3873.810208380673430
3874.229614843760828
3875.105197584665802
3876.173740689806891
3876.657964937793167
3878.256174941054724
3879.110338709994721
3880.082213597441751
3881.540350511397719
3882.116845259779438
3882.899992550470415
3884.209799207988908
3885.109963086112202
3886.225209766245825
3886.451289790500596
3887.352013760036698
3889.155346344496138
3890.309181969027122
3891.086883002408740
3891.929936985990480
3893.001131076966885
3893.407062083334040
3894.783730288917013
3895.567931273915292
3896.642632275134474
3897.870750291092918
3898.651961794555518
3899.623743455614658
3901.007764610421873
3902.077427042258478
3902.411160510889204
3903.351543073145876
3904.379191304120923
3905.344851666203795
3906.119319111883669
3908.188165438193664
3908.606362666069799
3909.465847404124816
3910.632716856539901
3910.911438236158574
3912.642948598512248
3913.259137861760792
3914.219923269219180
3914.949001244906412
3916.176538559951496
3917.658165953608204
3918.443052987649935
3919.222740960692590
3920.540431095450458
3921.152570240051773
3921.652560348288716
3922.665203224202742
3924.193310525357447
3925.247119257292979
3926.176083583575291
3927.080517370093276
3928.142218295294242
3928.886559206820493
3930.099281280357445
3930.891086382284811
3931.745217360564766
3932.624568087018815
3933.516881842037947
3934.938347808599246
3936.443286119626009
3936.974234313654961
3937.905380853557290
3938.214616536864469
3939.775186811875301
3940.434637596688844
3941.630029648000800
3942.352722187777999
3944.030362806929134
3944.650915652395724
3945.333063668887007
3946.878983570570199
3947.703864074578632
3948.434192200487360
3949.313705822149586
3950.132375511085229
3950.859466439662810
3952.942870156917252
3953.356526591264810
3954.778621164597098
3955.176546372732446
3956.420217191614029
3957.019901776542611
3957.954717947092377
3959.470755505529723
3960.071028756977285
3960.770534614479402
3962.168461926687996
3963.470348861256298
3964.312649523208165
3965.132707098912306
3966.138714993044232
3966.753894106404005
3967.818761421170620
3968.484653607896234
3969.914600219660315
3971.318070212216298
3972.115760264560322
3973.010681503586056
3973.457014783824434
3974.893413368283291
3976.066183195673602
3976.731418901192228
3977.113908694971542
3978.686119979256546
3979.497341176278042
3980.844099782236299
3982.048502086845929
3982.764068116537146
3983.749795369122694
3984.227435181157034
3985.098725242399723
3986.516179038180326
3987.230709154775468
3988.719449264675859
3989.352175808955508
3990.481409607345995
3991.570890985175538
3992.331105099822253
3993.293163731766981
3994.395873998452316
3995.168459723067372
3995.797813413111271
3996.689040233028209
3998.809292299706613
3999.519248285303092
4000.017285178770635
4001.144258634627477
4002.112349427714435
4002.695719414773521
4004.022451394682321
4004.806731028674676
4005.876737437339216
4006.931920817723494
4008.142030891384366
4008.689596252476349
4010.361019023809604
4010.983311280304861
4011.663881541786850
4012.568916000892386
4013.233688805466500
4014.657294818277478
4015.657651051641096
4016.968938010016700
4018.029268458575643
4018.776951600019856
4019.106065040812155
4020.570773103663669
4021.628014217374584
4022.380106437604809
4023.428504974205225
4023.905151400087107
4025.583199026725651
4026.602759101599531
4027.866297571924406
4028.247172919727291
4029.195557080540311
4030.383280199062028
4030.916107786028078
4031.654311715944914
4033.374476877376765
4034.520820162190830
4035.105599029920995
4036.079389601863113
4037.126014571026190
4038.290698859279019
4038.948310434303494
4039.857819222256239
4040.940563221796310
4041.464677644774383
4042.702480396315423
4044.322287003434667
4045.055147387291072
4046.214784829124255
4046.738210817314211
4047.468044325976734
4048.380709827563351
4049.973704686576184
4050.431390624204141
4051.384379551233906
4052.997625981506189
4053.566272077934173
4054.690712870254174
4055.477852503357099
4056.996361903224624
4057.428904233524463
4057.993493539175688
4059.085428288183266
4060.048996006783000
4061.743933049635416
4062.850288692900449
4063.157725455432683
4064.358380196390044
4065.178475192899441
4066.109592650519517
4067.074106868812578
4068.083223826024550
4068.969297626075786
4070.281912569777887
4070.603677649607562
4072.705128706193136
4073.126450172392197
4074.087681133033584
4074.817064510665659
4075.741346670090479
4076.719781863791923
4077.413345484527781
4078.922771360211755
4080.108304481201685
4081.066083420945688
4081.698568431797867
4082.588348141119695
4083.630042860071171
4084.942883202912526
4085.515370585825622
4086.379221074612360
4086.967478975275753
4088.781881483158031
4089.730285637656380
4090.591265910279162
4091.910846159219091
4092.297206464625106
4093.248362229124268
4093.905911945289063
4095.137930751253407
4096.510847296560314
4097.063684460353215
4098.475186448155910
4099.244845293626895
4100.107534130519525
4101.578447921559928
4102.037362535125794
4102.825941825781229
4104.141331202192305
4104.613098579829057
4105.512852569225288
4107.327219355882335
4108.624233430277854
4108.852443160772054
4109.710931285796505
4110.634319886720732
4111.859845445077553
4112.667206018722027
4113.485989227036953
4114.687567837158895
4115.615773798476766
4116.813980891257415
4117.600710739797250
4118.974352669458312
4119.596332883649666
4120.634210584368702
4121.348656802788355
4121.794658785041975
4123.240086669544326
4124.648829380197640
4125.592128452604811
4126.378063880529226
4127.593370808396685
4128.298166699678404
4128.777675202575665
4130.466763780259498
4131.136979899321886
4131.928002432784524
4132.724451307376512
4134.050648828269004
4135.441760021329173
4136.396688873409403
4136.974853483482548
4137.962941379642871
4138.838339555501989
4139.464099155238728
4140.892830115632933
4141.373775320128516
4143.347062500451102
4143.897624856071161
4144.603298798390824
4145.564792568008670
4147.071922279525097
4147.595069547504863
4148.652520778808139
4149.069451050762837
4150.445097952485412
4151.146851509498447
4152.768725265643297
4153.839146745051949
4154.630899005978790
4155.334787261632300
4156.296304962837894
4156.913907991741326
4158.129334413811193
4159.480461698979525
4159.921665840759488
4161.096281182124585
4162.377914593377682
4163.278853050828729
4164.135351440631894
4165.139162955595566
4166.078428062398416
4166.984173408356583
4167.509875345773253
4168.303453625533621
4170.482806110563615
4170.875114381648018
4172.130758051546763
4172.876966851704310
4173.416864022804475
4174.873181874607326
4175.512052252207468
4176.643071920198054
4177.322188624039882
4178.530304183175758
4179.574699430187138
4180.503181765203408
4181.922493184464656
4182.850792879099572
4183.377504371781470
4183.846344459318971
4185.312727675292990
4185.957936687376787
4187.200718846233940
4188.419977240157095
4189.615279793394620
4190.233269290908538
4190.985912225672109
4192.109712345712069
4193.175851165785389
4194.092245882131465
4194.899013888260924
4195.541351655143444
4196.604548355804582
4198.425989112479328
4199.335192631164318
4199.633002829636098
4200.997463466575937
4201.827002236684166
4202.416698746014845
4203.280813660138847
4204.736011073341615
4205.627365267386267
4206.870191888257068
4207.354542104388202
4208.734782098326832
4209.642902759412209
4210.549793194042650
4211.527980700038825
4212.170228129721181
4212.967293233468808
4214.117686583577779
4215.179293281830724
4216.832135763850602
4217.495524251770803
4218.230788626875437
4219.086410356289889
4219.672061531219697
4221.306739710483271
4222.126671441044891
4222.507243705137626
4223.901179992220023
4225.282365846363064
4225.722307332870514
4227.210630501786000
4227.984705072136421
4228.980834106910152
4229.533411497629459
4230.657847975155164
4231.008079754503342
4232.660327378782313
4234.137260750954738
4234.672186485428028
4235.502814784649672
4236.708778081333548
4237.343105088598350
4238.581562429219957
4239.083355091352132
4240.609223276220291
4241.104024290079906
4241.783753083254851
4243.573652494019370
4244.575822632996278
4245.621059995546602
4246.010961501898237
4247.050666369494138
4247.882863620120588
4248.798229920726044
4249.842360550784178
4251.024571916936111
4252.063770376692446
4253.452157043095212
4253.641943495415035
4254.606741244740988
4256.253977915078394
4256.903916379891598
4257.398426070860296
4258.412309498923605
4259.219971503958732
4260.828780400028336
4261.801316153905645
4262.834917758817937
4263.851070090161556
4264.326484097472530
4265.197753530233967
4266.175526297828583
4267.375018115874809
4268.223032063958271
4269.311963383198417
4270.228945852237302
4271.219357724018664
4272.626546682788103
4273.266070375791969
4274.006198485267305
4275.106732633899810
4275.863648070409909
4276.733176340385398
4277.420042959429338
4279.548867188123950
4280.161625524678129
4280.973787692787482
4281.587159761130351
4282.943479138628391
4283.493728632652164
4284.844965401471200
4285.629053648214722
4286.158107286907580
4287.680518179437968
4288.504766274432768
4289.812145760645762
4290.683826357642829
4291.674919393785785
4292.726444975231061
4292.817263390514199
4293.813814959747106
4295.348211448382244
4296.247687553782271
4297.269668492699566
4298.663179089636287
4299.054947282909779
4300.089148378121536
4301.012050609301696
4302.145194882383294
4303.183384178737469
4303.534636903585124
4304.617528001024766
4305.613823712048543
4307.449077599056181
4307.998991754306189
4309.172964976841286
4309.358615069695588
4310.632176097218689
4311.662007243921835
4312.226430123791033
4313.401370258528914
4314.799283160255072
4315.573741805211284
4316.464656306923644
4317.356190740262718
4318.867542854212843
4319.406828392036005
4320.162243602362651
4321.074891627432407
4322.076165190022039
4322.664566486274452
4324.546748008150644
4325.293085728018013
4326.350118583584845
4327.394690703758897
4327.700362559461610
4328.615769054413249
4330.027835915254400
4330.890065791732013
4331.851915622106389
4332.303902286719676
4334.020581083662364
4335.063147370884508
4335.606667165305225
4337.133662605669087
4337.451842980884066
4338.719122162573512
4339.027061506978498
4340.087832540901218
4341.413050962383750
4342.901618174997566
4343.563201207074599
4344.334641491140246
4345.249657154565284
4346.242896210364052
4347.628030072289221
4347.788735321778404
4348.975430851982310
4350.013922105545134
4350.871384355095870
4351.952516632844890
4353.700189732446233
4354.220757625007536
4354.724596590271176
4355.893110782248186
4356.482766408338648
4357.587591693042668
4358.755643132420118
4359.500185597816198
4361.191076817522116
4361.486734502675972
4362.761583185764721
4363.525581318882359
4364.546908846036786
4365.671997008555991
4366.527307542686685
4367.000511849068971
4367.711048429534458
4369.537964927337271
4370.734627509905295
4371.362633022014961
4372.227906507432635
4373.433178290922115
4373.863804411418641
4374.695096160702633
4376.083223911225105
4376.982953296759661
4377.768463362284820
4379.103315875457156
4379.759864529332845
4381.091028309864669
4382.125949498676164
4382.875748523263610
4383.466427318297065
4384.419601139081351
4385.579886328903740
4386.083678707494073
4387.756260025841584
4389.029478391509656
4389.719630868888089
4390.351108275227489
4391.021213066959717
4392.574337674838716
4393.358662552605892
4394.028511126825833
4395.060893844162820
4395.951097930616015
4397.223222687317502
4398.451719633069843
4399.177467304123638
4400.270180039160550
4401.175471547632696
4401.533574080141989
4402.808234516905941
4403.239569924188800
4405.218604639987461
4405.832303993915957
4406.706876416488740
4407.973180939618942
4408.623707863403979
4409.666097134110714
4410.491141982205590
4411.715201530781997
4412.237247490713344
4413.216561165380881
4413.934044512484434
4415.850961826549792
4416.593999029480983
4417.580116975685087
4418.241556472838056
4418.971524790857984
4419.922457573363317
4421.141217996643718
4421.904701207757171
4422.790749620977294
4424.339666554156793
4425.244909574641497
4425.495648732297923
4427.164720656212012
4428.073175842685487
4428.881802431637880
4429.488009566998699
4430.247448795439595
4431.424340483087690
4432.575627454584719
4434.029253195874844
4434.779104836070474
4435.529083292576615
4436.423737983623141
4437.394173677605977
4437.976869628506392
4439.557560714414649
4440.107585509011187
4441.064996264988622
4441.984948578357944
4443.365941871084033
4444.564424110313666
4445.238338540593759
4445.772758248950595
4447.263096016793497
4447.732962461683201
4448.301901068324696
4449.635268124367940
4451.098120800309516
4452.188083705133067
4452.680702066041704
4453.734551271115379
4454.462905440249415
4455.762657972554734
4456.703250193513668
4457.245826339943051
4458.188749330669452
4459.171279016140943
4460.548529287535530
4461.404140478537556
4462.734622194915573
4463.647648067207228
4464.038523256989720
4464.812716127627027
4465.805997569222200
4467.228532883001208
4467.739817015275548
4469.170662737410566
4469.978032831733799
4471.361757252288044
4471.550195590351905
4472.959272015182250
4474.186277577406145
4474.317091778977556
4475.801110931759467
4476.246519157506555
4477.015857063332078
4479.269423276334237
4479.730664772092496
4480.533629739235948
4481.410040221137933
4482.366885688958064
4483.238277466884028
4484.123623369348934
4485.052226103623980
4486.327219162941219
4487.084191427811675
4488.070667249015059
4489.240895547541186
4490.295506994854804
4491.218481252422862
4492.008277878969238
4492.638034669213084
4493.533634735208580
4494.493755901567965
4495.810018029897037
4496.893451767265105
4498.107112046466682
4498.778394072473020
4499.585223107457750
4500.164602396069313
4501.627186643984714
4502.673855553593967
4503.329854345718559
4503.715555681810656
4505.458867093072513
4506.311496728824750
4507.745182883217240
4508.211436902683090
4509.371444648123543
4509.943668937143229
4511.040014028520091
4511.462718596944796
4512.809991107199494
4514.077139589541730
4515.191306764589172
4516.089845213538865
4516.365671040828602
4518.275389222432750
4518.584679215418873
4519.574800020459406
4520.538555008726689
4521.475485153272530
4522.144077728261436
4523.237464378725235
4524.973397160755667
4525.790882296900236
4526.348586358787543
4527.353633124018415
4527.943893544785169
4529.069234592007888
4530.025233174411369
4531.318968337886872
4531.643575987181066
4533.297976471441871
4534.135598244321045
4534.935556004702448
4535.907562516729740
4537.252568547485680
4537.806098343882695
4538.508935088108046
4539.188862923705528
4540.347726623454037
4542.129666250978516
4542.620486098007859
4543.746922273790915
4544.720271320875327
4545.263343636484933
4546.141207421272156
4547.593415368720343
4547.938636006363595
4549.281071828128006
4550.068688879314323
4550.979693585295536
4552.321926160970179
4553.536850280879662
4554.197951050970005
4554.959391486876484
4555.595473599202705
4556.891310536484525
4557.533974070577642
4558.396623828290103
4560.215941097671021
4560.999833506231880
4561.629346601569523
4562.596817089267461
4563.416046267604543
4564.815955844672317
4565.416958272248849
4566.253326081946398
4567.121450990623998
4567.941686478497104
4569.615770295187758
4570.433329174898972
4571.457898785561156
4572.249860418586650
4573.246173187393651
4573.924130511974909
4574.297621384388549
4576.189954391835272
4576.793917799957853
4577.859111429865152
4578.927025832072104
4579.956917853998675
4580.717084505585262
4581.894187213451005
4582.568249086154538
4583.673687920993871
4584.380768499227088
4584.977258165432431
4586.207762605340577
4587.674877076507983
4588.977914220216917
4589.643449489509294
4589.748811533983826
4591.204146513096930
4592.049309087908114
4593.159791572761605
4593.836891986130468
4594.787190560325143
4596.263664401222741
4596.829908459071703
4597.820812342330100
4599.373672439865913
4599.907579437689492
4600.630054113463302
4601.602961817195137
4602.256123513840066
4603.209690545088051
4604.641681401318237
4605.883451695221083
4606.462472402407911
4607.753032587037524
4608.216380944203593
4609.224160777060206
4610.084231645927503
4611.484674457679830
4612.028597458637705
4612.788854013540913
4613.684307641332452
4615.536616091181713
4616.222300661647751
4616.958582780834149
4618.107678910147115
4618.767170618818454
4619.465593896856262
4620.544365612922775
4621.348279218696916
4622.819323121313573
4623.805611944196244
4624.726278755093517
4625.409262501685589
4626.342985703833619
4627.790229823108348
4628.463443401888981
4628.974234757262820
4629.888782939314297
4631.226406988970666
4631.762401043949467
4633.564438992180840
4634.307105418772153
4635.357160887009741
4636.028343960683742
4636.392280747452787
4637.792071980072251
4638.748153747897049
4639.715380822985026
4640.561739730958834
4641.758272380068775
4642.685758176652598
4643.751735863572321
4644.753105527211119
4645.362987352405071
4646.739486074074193
4647.117263732463471
4648.112608174797060
4648.564886816581748
4650.614330328304277
4651.664121145863646
4652.088399128892888
4653.119156055231542
4654.068949599623011
4654.947323957917433
4655.721560896440678
4656.922418573236428
4657.820890194844651
4658.394949957774770
4659.918687610412235
4660.563963934253479
4662.080004603230009
4662.945890919434532
4663.505025593542996
4664.322897246287539
4665.141375953133320
4666.090798752812589
4667.424428268022893
4668.055177752044983
4669.829513522149682
4670.350631746016916
4671.032106498723806
4671.877847964575267
4673.282690521288714
4674.126716048520393
4674.741639863472301
4675.727566686425234
4676.334095816126137
4677.930219147139724
4679.087491041082103
4680.088468859476961
4680.606397111238948
4681.604890746662022
4682.648662425130169
4683.021291066600497
4684.186914789594084
4685.407789642226817
4686.708155145731325
4687.072177975256636
4688.252603006428217
4689.505062437306151
4690.178840007100916
4691.296768788713052
4691.862100090804233
4692.866432862005240
4693.939417293336192
4694.173942793325295
4696.095849872810504
4697.354147471542092
4697.774403761154645
4698.924504209172483
4699.497252230962658
4700.158603280910029
4701.842587035350334
4702.437645696000800
4703.015173840540228
4704.338118407428738
4705.482138782042966
4706.468570903251020
4707.187171952140488
4708.595427452169133
4709.332678157477858
4709.944940346284966
4710.552242005027438
4711.691980184833483
4712.777797477036984
4714.247723107137062
4714.997962824892056
4715.952621727106816
4716.660239219091636
4717.733401081525699
4718.529894766793404
4719.595704166862561
4720.386694373550199
4721.537540939961218
4721.954561819576156
4723.234934939146115
4724.996421877651301
4725.487196574649715
4726.271143852757632
4726.949295824610090
4728.211604352939503
4728.750507230119183
4729.661501548357592
4730.962714323503860
4732.021907044924774
4733.193764940087931
4733.844098699536517
4734.527817832890833
4736.044923936177838
4736.596840064477874
4737.784035547895655
4738.432582516829825
4738.793733317309488
4740.332565971350959
4741.721885804415251
4742.414037310372805
4743.717920629169384
4744.421811483695819
4744.996853269858548
4745.842419030444034
4746.839593742937723
4748.335806689634410
4748.700881129172558
4749.728100218337204
4751.215949059366721
4751.682732579110962
4753.084026101484596
4753.918835840181600
4754.589564975894973
4755.588948859221091
4756.356140489576319
4757.222671632897800
4757.970669573233863
4760.158590209302929
4760.441048058613887
4761.516430763499557
4761.983993808134073
4763.158188506213264
4764.275424407306673
4764.998476803593803
4765.803255384904332
4766.884818058116252
4767.868858831061516
4768.726470928570961
4770.256497157692138
4770.891284039308630
4772.057494829203279
4772.644938936117796
4773.439797772912243
4774.056619725542987
4775.395711249463602
4776.429201254369218
4777.635676983270969
4778.374124696470972
4779.596151378346804
4780.479123089006862
4780.708587502443152
4782.356874431613505
4783.343224125135748
4783.714516795385862
4784.640967678605193
4785.525415338092898
4787.252675346161595
4788.152570124255362
4788.999015740484538
4789.698347933762307
4790.733815868860802
4791.291170821013111
4792.408824018617452
4793.347319652198166
4794.286764715211575
4795.780117831537609
4796.352903431830782
4797.097933597945485
4798.420841862598536
4799.673211404293397
4800.097767615228804
4800.671002186036276
4802.188369508504366
4802.377850869757822
4803.704592676756874
4805.072216480051793
4806.371973581088241
4806.921270594435555
4807.541012033672814
4808.604499169223345
4809.346880319834781
4810.531881343335044
4811.632288844522918
4812.160772203606939
4813.045552124358437
4814.681559817523521
4815.324276549575188
4816.451758256975154
4817.232875407548818
4818.240133484467151
4819.028426196165128
4819.754628168566342
4820.210030017203280
4822.221164872703412
4822.905726969313037
4824.137537479789898
4824.678397755425976
4825.736295502362736
4826.494341214861379
4827.767321263362646
4828.337946620889852
4829.386309918933875
4830.136823559167169
4831.185693208819430
4832.224866730874055
4833.663263959365395
4834.665341189936044
4835.144026609661523
4835.951966776301560
4836.608965378976791
4838.026709907399891
4838.660483732967805
4839.647158112444231
4841.064723645308732
4842.043504687771929
4842.585412400116184
4843.621336000792326
4844.699612969358895
4845.696734419167115
4846.657760143518317
4846.916049334814488
4848.107405391167958
4848.885041904170976
4850.871518792202551
4851.468722998431986
4852.001065083394678
4853.425815431974115
4854.027006706021893
4854.574296102760854
4855.718462363850449
4856.921830081504595
4857.815380260170969
4858.604172218367239
4859.680531624429022
4860.809330725514883
4862.076654387724375
4862.359349645750626
4863.760153919761251
4864.191948667561519
4865.055351272651023
4866.071578271192266
4866.954021268905308
4868.588327038713032
4869.466636285996174
4870.517253831920243
4870.696564723359188
4871.705539530006718
4873.193181375946551
4873.818446227467575
4874.789996783109018
4875.237660837145086
4876.743142327452006
4877.725299567701768
4878.629005583154139
4880.058127358884121
4880.609661001629320
4881.311012339880108
4882.304462235103529
4882.890785935961503
4883.927414234291064
4885.362074723990190
4886.270478879995608
4887.198480646699863
4888.175610835218322
4888.908079346009799
4890.214451316183840
4890.627756888265139
4891.783056074756132
4892.934979042486702
4893.388337635763492
4893.963169529566585
4895.963739545985845
4896.957746690964086
4897.650781297576941
4898.457291766483650
4899.161200688897225
4900.429563379258070
4900.742881746494277
4902.307209902897739
4902.821632068548752
4904.228632937447401
4905.142489080672931
4906.098238142346418
4906.699541973659507
4908.330089351212337
4908.913521444295839
4909.624111714983883
4910.245081667459090
4911.291910102137990
4912.451308936105306
4913.660637618066175
4914.792645831574191
4915.700240689561724
4916.332164477558763
4917.230780504244649
4917.807535042849850
4919.487036337098289
4919.889325052078675
4920.840430543640650
4921.970590627643105
4922.718991373756580
4924.317098249988703
4925.077606689328604
4925.795026681425043
4926.727642209651094
4927.597951290635137
4928.526064803158079
4928.957136245708170
4930.240318442930402
4932.036812774137616
4932.600670527041075
4933.068125843811686
4934.352289122011825
4935.200994249787982
4936.133949523506089
4937.207162985993818
4937.770365700218463
4938.753815526292783
4939.641724784706639
4940.852294862652343
4942.135528578191952
4942.976896462189870
4943.977866731886934
4944.641603020049843
4945.186898517928057
4946.119253478643259
4947.500490321847792
4948.389808797442129
4949.085915385102453
4950.615812591258873
4951.502384929286563
4951.878797918170676
4953.200555668674497
4954.255067679664535
4954.976576379403014
4955.822259816116457
4956.466055278855492
4957.331889630290789
4959.028989320631808
4960.163928407693675
4960.758090264619568
4961.688462943187005
4962.261952448162447
4963.526118617486645
4964.307031405169255
4964.925235089607668
4966.633216269864533
4966.868645587162973
4968.394640927225737
4968.836094655102897
4970.479982679447858
4971.339245556209789
4971.824996149396611
4972.713491617352702
4973.711578032458419
4974.430478147271060
4975.310997142412816
4976.964034077549513
4977.755154086707989
4978.847855753176191
4979.580892326637695
4980.118762529118612
4981.192703747710766
4982.512361526238237
4983.225027314620093
4983.979975829911382
4984.568543574519026
4986.252566835804828
4987.187900982755309
4988.191597307574739
4988.905166592146998
4990.345480286356178
4990.449701819016809
4991.214774408586891
4992.379462341421458
4993.495748983814337
4994.632742172268081
4995.879247704658155
4996.220820876864309
4997.396150707099878
4998.370030195671461
4999.329681372973027
5000.234316931328067
5000.834381432412556
5001.889773627191971
5002.854002891857817
5003.484944378312321
5005.495907487707882
5006.208381106211164
5006.788558806100809
5007.485982919851267
5008.626199656301651
5009.229044117221747
5010.811172544728834
5010.933198106039526
5012.396833739677277
5013.533605873148190
5014.238442056197528
5015.357927937939166
5016.192546914327977
5017.347756568168734
5018.084913547670112
5018.939831850465453
5019.395831473357248
5020.352759395484100
5022.203022983780102
5022.834526019187251
5023.904889141232161
5024.725752594868027
5025.730993593628227
5026.185476882352305
5027.221563711043927
5028.537886820898166
5029.216956939054398
5030.026936938535982
5030.967858186769263
5032.399063540915449
5033.166566080200027
5034.550361163014713
5035.013416408851299
5035.523058437431246
5036.841667107008107
5037.500692756887474
5038.324319636722976
5039.621887452849478
5041.041398993811526
5041.798034522457783
5042.492149716432323
5043.015445393966729
5044.656791091315426
5045.467130480166816
5045.941675502012913
5046.997617430009996
5047.863086184184795
5048.790228819728327
5050.308459699165724
5051.106699533685969
5052.279310472945326
5052.772155289672810
5053.712365319994205
5054.434547343369559
5055.192672473443054
5056.605813079880136
5057.589996235894432
5058.345409417078372
5059.439905818898296
5060.559080915019877
5061.326249329028542
5062.168472726690197
5063.182715937442481
5064.333813619172361
5064.628972968499511
5065.480124960543435
5066.576539184778994
5068.384815238836381
5069.095935944007579
5069.675544138524856
5070.868551265875794
5071.249797277137986
5072.410372660585381
5073.482256176993360
5074.356062041533733
5074.911470242946052
5076.598637947780844
5077.152989530737614
5078.001109183258450
5079.612726167140863
5080.123622144014007
5081.130097770619614
5081.694344429823104
5082.317781511685098
5083.769848918959724
5084.387439340744095
5085.944230786496519
5086.999761578075777
5087.532668937758899
5088.598901322012352
5089.178093913297744
5090.345876811557901
5091.262957883617673
5092.401941911388349
5092.837760452182010
5093.668880110625651
5095.086913061577434
5096.637933186209921
5096.959423856328613
5097.814429758906044
5098.956789006186227
5099.610743037994325
5100.491462416200193
5101.034063048500684
5102.645948615171619
5103.728341253025064
5104.418093046759168
5105.638635526429425
5106.052225949797503
5107.385740123911091
5108.447770149330609
5108.959096698433314
5109.838982090976970
5110.806041672267384
5111.503124654462226
5113.010157221725422
5113.946042880454115
5115.372842952989231
5115.726762097795472
5116.560557463714758
5117.025993413477408
5118.533838768626993
5119.365669161571532
5120.240023466490129
5121.083490155638174
5122.454781409748648
5123.302893477930411
5124.061784988072759
5125.253686756768730
5126.279118015171662
5126.729993291784012
5127.741716959095356
5128.681624974387887
5128.964483858673702
5131.043898973589421
5132.007167837768975
5132.683137054002145
5133.306575989659905
5134.663043878822464
5135.171964073656454
5136.129936082094900
5137.206291398494614
5138.042957957294675
5139.121530962120232
5139.679125649692651
5141.096623935637581
5142.447907864871013
5142.902032222719754
5143.933700533922092
5144.587752601528337
5145.480449174140631
5146.149645919570503
5147.562791840009595
5148.253527357285748
5149.768260280787217
5150.709614962306659
5151.141849586538228
5152.186214623064188
5152.953127294702426
5154.656845439167228
5154.899143797593752
5155.493362582533337
5156.509447328251554
5157.819065555745510
5158.954824000827102
5160.057736251625101
5160.852779927914526
5161.605392922148894
5162.587186685206689
5163.060164468372932
5164.102312022032493
5165.306771505407596
5166.191972908492971
5167.483594402169729
5167.990828057263570
5169.070194564032136
5170.291516087272612
5171.235927501473270
5171.585481171242463
5172.801688876791559
5173.675024556315293
5174.359901137177985
5175.093122777010649
5177.237132249380920
5177.609630022530837
5178.752194620449700
5179.202606391488189
5180.106626202653388
5181.189792408520589
5182.130914016585848
5182.998826329178883
5183.950307013238671
5184.685795032389251
5186.355746810168966
5186.709472600945446
5187.887847767473431
5189.076719613567548
5189.859588661657654
5190.355291128359568
5191.126801598029488
5192.046486955980072
5193.404415343728033
5194.707488901574834
5195.159163853735663
5196.707324197993330
5197.117498331677780
5197.718324176152237
5199.223858199089591
5199.776329229934163
5200.961311213041881
5201.555843874249149
5202.457989722174716
5203.521216949647169
5205.099606994962414
5205.900595704827538
5206.633161678679244
5207.215066682223551
5208.288522939908034
5209.138239301665635
5210.010911048567323
5210.808218699839927
5212.419404469542314
5213.316674242102636
5213.896943192008621
5214.775252559325054
5216.054491352254445
5216.932009341216144
5217.650795320354518
5218.691413008385098
5219.057877220098817
5220.220855174182361
5221.422951323059351
5222.858787673092593
5223.434428937764096
5224.457463495684351
5225.256065096585189
5226.148424105464983
5226.351540382446728
5228.183098672056985
5229.198557199219977
5229.241811258999405
5230.897209709423805
5231.815083588342532
5232.884620192417970
5233.658115095418907
5234.640289888719053
5235.574735166033861
5236.300461229102439
5236.957439364859056
5237.801695401994948
5239.192789208161230
5240.607636041085243
5241.502825459770975
5241.822720416352240
5242.792985388688066
5243.882548868624326
5244.845451001428046
5245.755732517577599
5246.279250856914587
5247.610320391932873
5248.441539016075694
5249.366336131659409
5250.675238104248820
5251.798558626512204
5252.522037866706341
5252.890575148449898
5253.944070491726961
5254.912630870912835
5255.613164303761550
5257.081180064536056
5257.924941007523557
5259.108320960425772
5259.771904521842771
5260.959190246010621
5261.180476047183220
5262.848835686331768
5263.396965101677779
5264.411378017649440
5265.088374535057483
5265.605936327469863
5267.885364151472459
5268.198270777970720
5269.201393021088734
5270.259454504893256
5270.886227525979848
5271.696969115178945
5272.517960360033612
5273.578737968437053
5274.691509015373413
5275.643878877956013
5276.683503025369646
5277.475759502642177
5278.379390382477141
5279.775667717842225
5280.315445981201265
5281.239950686326665
5281.633380065803067
5283.163868559921866
5283.478719186035050
5284.926926629153058
5286.437161557581931
5287.137482205340348
5287.711380226104666
5288.515549597786958
5289.353245221510406
5290.674974347994066
5291.399590509318841
5292.275016391077770
5293.024355514839044
5294.464760714006843
5295.126355475198579
5296.581056719181106
5297.125394919595237
5297.981183439351298
5299.274679237929377
5299.627300319933056
5300.144736871138775
5301.458131809212318
5302.981454220329397
5303.885255545878863
5304.508457854940389
5305.526333012086070
5306.498769767441445
5307.300388636242133
5308.072790499982148
5309.361753481891355
5310.032764726998721
5310.606801112027824
5311.859049891718314
5312.980209158523394
5314.439426791834194
5314.954794049511293
5315.726296859324975
5316.639253906217164
5317.139734905883415
5318.445240959230432
5319.364734297887480
5320.109753010284294
5321.536694997695122
5322.633280584938802
5323.137231112140398
5323.796327875688803
5325.466411143000187
5326.038512792132678
5326.867763789801757
5327.480222283036710
5328.463844665270699
5329.377158593330023
5331.015051848383337
5331.855033782667306
5332.582449338871811
5333.746349452669165
5334.061217957371809
5335.195388351516158
5335.947926227236167
5337.059672760578906
5338.214274771734381
5338.933125464858676
5339.674564986856240
5341.264957858608796
5341.907714556881729
5342.986689833523087
5343.623359433019687
5344.507532612438808
5345.528297341695179
5346.069965615356523
5346.890937421842864
5348.769669281725328
5349.489057840143687
5350.395904772442918
5351.225419925846836
5351.771637383498273
5352.900178207069985
5354.185202829311493
5354.773479714049245
5355.347063675622849
5356.538865828704729
5357.711619892324961
5358.669106441790973
5359.633917927375478
5360.877126531294380
5361.630997292119901
5361.916637016828645
5362.990405326631844
5363.717280477004351
5365.296267419234027
5365.742257680618422
5367.380123852191900
5367.905543114681677
5368.813641601140262
5369.807596452586040
5370.713539813717034
5371.538329750509547
5372.680867258250146
5373.219972947191309
5374.114835212555590
5374.869738245036388
5376.722663658617421
5377.719730868922852
5378.207038130046385
5378.768713720048254
5380.103731882796637
5380.877056510778857
5381.348150697046549
5382.809993370514348
5383.528600988369362
5384.819764523645972
5385.689781133582983
5386.311049248221025
5387.705534128895124
5388.449137494742899
5389.608146493818822
5389.909513561418862
5390.992260083001383
5391.505965627097794
5392.981959683038440
5394.083717252515271
5395.116663427586900
5396.115859471749900
5397.003429726802096
5397.261960157859903
5398.277621995208392
5399.712504640470797
5400.418887868289858
5401.194496185364187
5401.947143074565247
5403.389590115237297
5404.287687736617954
5405.354453322768677
5406.184132744065209
5407.075537996711319
5407.735014383861198
5408.588715767543363
5409.577739475961607
5410.101872017245114
5412.119660738806488
5412.756931861646081
5413.448942338434790
5414.391884655145986
5415.225062963723758
5416.511814309129477
5417.190777293038991
5417.730775966484543
5419.145769365587512
5419.647914017258699
5420.595118618174638
5422.107201544394229
5423.364285030068459
5423.582839997252449
5424.990137501592471
5425.205579331656736
5426.077473621457102
5427.327787267212443
5428.200793507517119
5429.307069477648838
5430.093232394629922
5431.518550461935774
5432.081300563691002
5432.867061873673265
5433.939314658023250
5435.224510669428128
5435.614214161095333
5436.658400672125026
5436.820644930087838
5438.486077902408397
5439.874947381833408
5440.645160132015008
5441.565050360556597
5442.197196540771074
5443.283539712419952
5443.795137320656067
5444.966959569919709
5445.925027099689942
5446.765247872765940
5447.861998301299536
5448.908413286428186
5449.427630167590905
5451.309407660432043
5451.666775612691708
5452.330950202066560
5453.276425897145600
5454.232766091015947
5454.948555510584811
5455.867963982944275
5457.254335831568824
5458.715645086830591
5459.062182610658965
5459.714513943352358
5460.815544164755011
5461.682968830868958
5462.745000549540237
5463.764554543697159
5464.243875226839009
5465.083241509825712
5466.418306245838721
5467.790444992022458
5468.244535553761125
5469.480888387573032
5470.220068672416346
5471.082873141512209
5471.760866919687942
5472.264037693188584
5473.925204188394673
5474.871452901577868
5475.749436824135046
5476.748893801358463
5477.671940618743065
5478.463436457820535
5479.396814759793415
5480.654805801402290
5480.956733202192481
5481.993734077743284
5483.066851689781288
5483.473148968389978
5485.379530334925221
5486.250958078564508
5487.158642325720393
5487.814448203131178
5488.239469786524751
5489.539886310044494
5490.606477202431961
5491.198488461752277
5492.137050601373630
5493.792469126766264
5494.038480583097225
5495.280875462483891
5496.089727275413679
5497.373490396218585
5498.174123945101201
5498.633565305225602
5499.612797508679250
5500.353983645932203
5501.331224223354184
5503.211694478845857
5503.522536239298461
5504.579491040506582
5505.571935828686037
5506.330011485519208
5506.908179898226990
5508.017009501102621
5509.291230676581108
5509.945930302345914
5510.544264813349400
5511.757773875190651
5513.109958056238611
5514.001848704366239
5514.844462098076292
5515.501482955429310
5516.629656666066694
5517.161633410805734
5517.948299556428537
5519.095837607030262
5520.215397938824935
5521.614204753150261
5522.249630994144354
5522.970046465706218
5523.601350977462062
5525.239782350296991
5525.717122329117046
5526.662765223687529
5527.355332468716369
5528.166412501780542
5529.660934020356763
5530.203159249181226
5531.929612602777524
5532.461117364642632
5533.275825277342847
5533.953358476204812
5534.810789007363383
5535.656868324537754
5536.899525056139282
5537.790908369000135
5538.740727318239806
5539.814585079014250
5540.694583143286764
5541.576351543939381
5542.764646056709353
5543.113256672817442
5544.515208608563626
5545.192999163192326
5545.667895222008156
5546.535304578454088
5548.523919661123728
5549.358839814484782
5549.834823142450659
5550.807899778982573
5551.929911749658459
5552.207947116757168
5553.659789785949215
5554.238599943795634
5555.402430795447799
5556.199245743833671
5557.363922456235741
5558.202004496687550
5559.248178602726512
5560.367211776969270
5561.310135213797366
5561.791548798032636
5562.261884446336808
5563.637870900838607
5564.430162550765090
5565.566217326973856
5566.912177257101575
5567.644318652243783
5568.798580122037492
5568.912933770418931
5570.006356173319546
5571.437867776980966
5572.175581208444783
5572.586024225678557
5573.899529405042813
5574.441283883399592
5576.064762432888529
5577.183679281282821
5577.672276828444410
5578.644644373745905
5579.495916492832293
5580.333270376428118
5581.025573783575055
5581.822277193782611
5583.389191418452356
5584.323740890818954
5585.244570955993368
5585.708717008199528
5587.160081274639197
5587.886525281241120
5588.751061185498656
5589.691727171090861
5590.385173138885875
5591.400963623905227
5591.925240792589648
5593.555617029214773
5594.574594282586986
5595.711374711911958
5596.227736682097202
5596.856616829598352
5597.841768955218868
5598.606006812810847
5600.162150309786739
5600.549747047590245
5601.300750966579471
5603.081362651794734
5603.564840050677049
5604.347254349504510
5605.644654187447486
5606.542579545898661
5607.273178719413409
5608.005403503109846
5608.695582163806648
5609.563895924981807
5611.146743753713054
5612.157114643561727
5613.121400281544084
5613.727896996746495
5614.492287916933492
5615.741026437993241
5616.254524796165242
5617.320271437552037
5618.289089574102945
5619.268082017288179
5619.902394519334848
5621.023391660963171
5622.488604142266922
5623.413625843145383
5623.777120106693474
5624.755579135306107
5625.592184743385587
5626.502242711864710
5627.213187208193631
5628.348462444158940
5629.890648797948415
5630.380502229842932
5631.520288039643674
5632.197465155439204
5632.847100005566972
5634.370016211938491
5635.016250807583674
5635.929470274486448
5636.236694481527593
5637.490237062518645
5638.788714457923561
5640.134252591616132
5640.385710966422266
5641.872250768496997
5642.463399097841830
5643.093319440582491
5643.663127487791826
5645.328117414937878
5645.769016095280676
5647.161576573467755
5647.857206976795169
5648.974462993071029
5649.800756925361384
5650.839075232865071
5651.883418462844929
5652.345479579187668
5653.407356205339966
5654.192151373508750
5655.000372762493498
5655.819252623684406
5657.866738715883912
5658.411247459895094
5658.921215888583902
5659.894412872658904
5660.630422802744761
5661.929696761165360
5662.457451148033215
5663.557248248996984
5664.336708256300881
5665.460459801875913
5666.472615778431646
5667.316170462719128
5668.525315609320387
5669.472767900275358
5669.978563813660003
5671.149659068221808
5671.479959154305106
5672.290954890888315
5673.937158397051462
5674.814995125544556
5675.707528740345879
5676.972536522759583
5677.385026082540207
5678.347908881795775
5679.113903984792159
5680.339045053084192
5681.241565137187536
5682.099169924707894
5682.288150146846419
5683.970509043295351
5685.123793484791349
5686.093541225542140
5687.024519731125110
5687.481856548010910
5688.363844470026379
5689.508631787297418
5689.952695061552731
5691.140945770724102
5692.205217958837238
5693.589608697248877
5694.311966528280209
5694.609217468297174
5696.031917372012686
5697.172049668285581
5697.902079625018814
5698.374747827996543
5699.372993196989228
5700.481014348115423
5700.983872395575418
5702.732811445348489
5703.616227811558019
5704.505840610416271
5705.177927107996766
5706.077414326689905
5706.596075748012481
5707.768652251344065
5709.039424443666576
5709.520369132196720
5710.601740934770532
5711.559224969293609
5712.815871228328433
5713.793844101061040
5714.099754695891534
5715.633644358693346
5716.333560485883936
5716.750279152261101
5717.771496602876141
5718.472339581720917
5720.363389999228275
5721.050534731965854
5721.964323486251487
5722.591357947802862
5723.779045993775981
5724.163357935433851
5725.671140915321303
5726.233386878947385
5726.988743535994217
5728.120700254256917
5729.152376853109672
5729.883193187224606
5731.347862115284443
5732.341189147185105
5732.882093179837284
5733.599967910076884
5734.289092686585718
5735.448992420156173
5736.325416947508529
5737.255261080919809
5738.609819841823992
5739.569634432319617
5740.311894799231595
5740.865372181460771
5742.146698513288356
5743.006062922092497
5743.891993555736917
5744.857530427187157
5745.316395042860677
5746.105037293982605
5747.944351267191450
5748.737621328780733
5749.840045598376491
5750.072418941113938
5751.510678657523385
5752.022580454234230
5752.725353414598430
5753.688438232308727
5755.267001495402837
5755.666768504421270
5756.764768471898606
5757.942007977970206
5758.475340726918148
5759.896683465309252
5760.646107948371537
5761.131645054408182
5762.451906741179300
5762.733907455103690
5763.832280946394349
5764.963556715088089
5766.305389090201061
5767.382918922688077
5767.985095806081517
5768.708111307269064
5769.217379489942687
5770.681886992372711
5771.717742972695305
5772.110310913591093
5773.085986223199143
5774.269143736220940
5775.404901666433943
5776.052509870957692
5777.400076385150896
5778.091121756383473
5779.005201100713748
5779.661555490873070
5780.378597203566642
5781.253921951086340
5782.400466794728345
5784.048432518078698
5784.468467315674388
5785.212894534429324
5786.493575401431372
5787.134878800056867
5787.969440944723829
5788.985799825034519
5789.954351321143804
5790.692267030690346
5791.546976217493466
5792.289593635210622
5794.301907788139033
5794.668781596152257
5795.563939737831788
5796.419040669175047
5797.217839236136570
5797.884282193432227
5798.939664254744457
5800.041030274364857
5800.719277320537913
5802.371718407210210
5802.781136074599999
5803.871206258075290
5804.409409031705763
5805.820188753753428
5806.798661008810996
5807.373949619648556
5807.786383388401191
5808.950049546973787
5810.033203191334906
5811.356821178595965
5812.204788290976467
5813.345051566531765
5813.946414929017010
5814.499327315379560
5815.624714249825956
5816.295670202822294
5817.687141955804691
5818.292158757065408
5819.263873660719582
5820.323072483646683
5821.199580317665095
5822.554932361928877
5823.160120590071529
5824.034446196030331
5824.644070750254286
5826.022417685477194
5826.437166473170691
5826.894313623182825
5828.890322956993259
5829.884397342048032
5830.591034346443848
5831.348619828558185
5832.010437995125358
5833.320748987730440
5834.000771326141148
5834.935242018621466
5835.952597527724720
5836.409775793469635
5837.694816937440009
5838.887811770638109
5839.657148889605196
5840.870745780081961
5841.773244696567417
5842.257347261062023
5843.004016163600681
5843.745504057074868
5845.043540778850911
5846.122346475740414
5846.858967153620142
5848.182987415376374
5848.996958343328515
5849.661517375552648
5850.489268138529951
5851.711059759895761
5852.668145588459993
5853.095554594940950
5854.191539972039209
5854.715491772939458
5856.094228893924992
5857.843809341438828
5858.083358309463620
5858.833953060091517
5859.861397251982453
5860.649382999764384
5861.434868985917092
5862.557428297672232
5863.094038513299893
5864.656763606400091
5865.522792510626459
5866.040235324606329
5867.201546981377760
5868.543660974694831
5868.986917034966609
5870.008991855740533
5870.718884647864797
5871.419724497563038
5872.402794856289802
5873.387593706414918
5874.881588208323592
5875.798358154291236
5876.374963621472489
5877.609748606668290
5877.933293919489188
5878.676214478654401
5880.463284726763959
5880.709560927624807
5881.825024120581475
5882.270516172437965
5884.032826244936587
5884.684250047966998
5885.744730540396631
5886.621191165030723
5887.486300388680320
5888.387576534157233
5888.845470521669085
5889.698291834790325
5890.842689357556992
5892.225848293509443
5893.121091670048372
5894.085613219848710
5894.544410863417397
5895.557133651959703
5896.814625874133526
5897.528508395180324
5898.045615592845934
5899.335294403183070
5900.026130768220355
5900.832883795790622
5902.160660214253767
5903.459104336166092
5904.359224850042665
5904.786649649029641
5905.377904296964516
5906.654294834346729
5907.305604481369301
5908.304130378044647
5909.432316004653330
5910.297428639246391
5911.489176576974387
5912.332412220924198
5912.935296612505226
5914.115666541656537
5915.019576754144509
5916.088332580689894
5916.441169127997455
5917.380890968155654
5917.975417960737104
5920.055550869004946
5920.538476511501358
5921.438418562954212
5922.552080087763898
5923.106480527551867
5924.023918205912196
5924.612567997041879
5925.982652112324104
5926.867806897631453
5927.479356433868816
5928.899161984593775
5929.345382897492527
5930.860362894444734
5931.570134864405190
5932.736065547437647
5933.033536559581989
5933.987898043518726
5934.829981307314483
5935.948347327594092
5936.465147329214233
5938.287679988199670
5939.265303266806768
5939.695838711395481
5940.379099853132175
5941.441894804405820
5942.467736153845181
5943.543979174501146
5944.130246624257779
5944.725413371057584
5946.143331990710067
5946.820062652999695
5948.301613869440189
5949.142426312635507
5949.777706351522284
5950.989084392992481
5951.430121674386100
5952.261902584627933
5952.902618768109278
5954.465995760656369
5955.342138476738910
5956.365914060978866
5957.027692949344782
5958.332640101391917
5958.866457495424584
5959.876516604980679
5960.740693076099888
5961.788662547501190
5962.574245885660275
5962.943559513120817
5964.146533459619604
5965.736509167636541
5966.619515143617718
5967.433133231373176
5968.178918743094982
5968.735878784986198
5969.779680206670491
5970.844216766736281
5971.604971542721614
5972.485368405060399
5973.620902248291713
5974.886211179463317
5975.356163229908816
5976.141901892539863
5978.026590419290187
5978.139309725789644
5978.832670352795503
5979.862288578085099
5980.592613333379632
5981.506260799348638
5982.914976763731829
5984.012615640011063
5984.792817506801839
5985.669034669887878
5986.419145205076347
5987.055919517702932
5988.313841463134850
5988.973948250782996
5990.294284873586548
5990.809755142914582
5991.472985430085828
5993.084653614646413
5994.057233174675275
5995.024532494480809
5995.409540651147836
5996.609465538454060
5997.392505688815618
5998.052919752655725
5998.734794943291490
6000.121020998374661
6001.495519089924528
6002.154589633411888
6002.914838345618591
6003.878519365192915
6004.591820724887839
6005.855784942334139
6006.678028614962386
6007.325565907605778
6007.978287457787701
6009.204540379586433
6010.190820410438391
6011.253025428469300
6012.651122635338652
6013.047245645550902
6014.042373169796520
6014.663869379401149
6015.161467300141339
6016.736803703803162
6017.530542899120519
6018.180474529548519
6019.650285835952673
6020.485477165467273
6021.078533684980357
6022.496991537044778
6022.866086750985232
6024.235928621511448
6024.765822154941816
6025.652989058804451
6026.328429368198158
6027.149989355024445
6029.083879336239079
6029.871336490612521
6030.366565545266894
6031.190552493811992
6032.274114806583384
6033.146731331337833
6033.644977208373348
6034.942132629864318
6035.782357605260586
6036.735104464168217
6037.621814970688320
6038.620819010113337
6039.780188462111255
6040.747929474347984
6041.398240993255058
6042.397652237234979
6042.668644064462569
6043.995010268979968
6044.552572123936443
6046.181521954204982
6046.796932396247030
6048.263607361397590
6048.952645864481383
6049.241142991617380
6050.246128122274968
6051.626971033905647
6052.439739293708953
6053.067413924323773
6053.778846036458162
6054.804164558045159
6056.260886232179473
6057.072842116193897
6058.000876270650224
6059.134493785758423
6059.466828728352084
6060.341627593010344
6061.493619822284018
6061.793911747667153
6063.253687207729854
6064.593399932610737
6065.104446594213186
6066.142573932623236
6066.829934378910366
6068.165352787178563
6068.884377847925862
6069.569709881499875
6070.456730948586483
6071.607124379686866
6071.987031737127836
6072.986930281585046
6074.835751881022588
6075.456209880471761
6076.319580410927301
6076.896595428756882
6077.923525597853768
6078.464257000358884
6079.725372514824812
6080.817594639935123
6081.177170652933455
6082.501083706977624
6083.644016757933059
6084.383007365660887
6085.230905162356066
6086.325556912578577
6087.278392364372849
6088.144768071507315
6088.537541404678450
6089.128616019716901
6090.717153107077138
6091.689881768495070
6093.192335325567910
6093.283426817677537
6094.550261329977729
6095.331193379996876
6095.911728318065798
6097.096728489390443
6098.071498010461255
6098.786888080899189
6099.667065247016581
6100.713939634762937
6101.542636010731258
6103.111062056343144
6103.890836007713006
6104.369986546025757
6105.080112318568354
6106.427937948077670
6106.698870787319720
6107.888398279542344
6108.683780716911315
6110.531011475982268
6110.830996154773857
6111.844532847507253
6112.464435384833450
6113.552617473987993
6114.761891753269992
6115.274791543812171
6116.167495930629229
6117.090753291096917
6117.552359427716510
6119.215997842411525
6120.281534697360257
6120.933301686411141
6122.094398758503303
6122.857424919649930
6123.356607972827078
6124.138883220781281
6125.172619880176171
6126.568586519307246
6127.130221394032560
6128.046863129756275
6129.268751548013825
6130.291606464611505
6130.686768649261467
6132.121687397098867
6132.762353486790744
6133.489892704202248
6134.455051667964653
6135.143074922048982
6135.892613200648157
6137.781389320129165
6138.445601390254524
6139.589346958781789
6139.813239833825719
6140.675863382833995
6141.872358756231733
6142.911451640285122
6143.356666103172756
6144.405867207821757
6145.505364043890040
6146.604329604662780
6147.070023447598942
6148.593113945610639
6149.398925230075292
6150.275374104339789
6150.879887870594757
6151.572502081302446
6152.585599027227545
6153.326365653243556
6154.805638423514210
6155.704809901577391
6156.737464494589403
6157.381128649895800
6158.397686173142574
6159.096947190147148
6159.829468995751085
6161.429368945598071
6161.827253696845219
6162.415562412440522
6163.378477444262899
6164.773220517610753
6166.200513434597269
6166.483048994030469
6167.464531359393732
6168.379809680246581
6169.394736467650546
6169.538152648448886
6170.820008109075388
6171.920474771537556
6172.839930458118943
6174.235069962361194
6174.747542413266274
6175.309013705465986
6176.744162202786356
6177.630404449607340
6178.410285632124214
6179.094486917628274
6179.764681614095934
6181.012825755286940
6181.678420746651682
6183.062480334703650
6184.336316582487598
6185.079974864195719
6185.460103700484069
6186.457283968078627
6187.126750723331497
6188.458683360364375
6189.118029681645567
6190.169795887310102
6190.926665971511284
6192.097286028822964
6193.133431144429778
6193.902824192949083
6194.965274092488471
6195.672078990472073
6196.664752125841005
6197.387063257130649
6198.065389560701988
6198.652216561331443
6200.674034464229408
6201.593088508775509
6201.832569639449503
6203.190910737261220
6203.867876241974955
6204.585656186870438
6205.731342331215274
6206.513025685408138
6207.353677366980264
6208.562086127367365
6208.813972410795941
6210.470030162985495
6211.207816547218499
6212.549686057974213
6213.187976900496324
6213.799999957366708
6214.501304729581534
6215.400957016780012
6216.668292162449688
6217.188858908823022
6218.517119863552580
6219.844220203323857
6220.276866168360357
6221.350127562686794
6221.641300960960507
6223.447708927403255
6223.854786959724152
6224.732447312543627
6225.470678081441292
6226.232883566194687
6227.450045327269436
6228.832840927518191
6229.761584418353777
6230.323749796148149
6231.186984214131371
6232.234236964409320
6232.811490700785725
6233.436150635210652
6234.905356027908056
6235.691811528844482
6236.871797213751051
6237.401188051517238
6238.507790150082656
6239.720298749179165
6240.518432488212056
6240.987478337605353
6242.263742648333391
6242.916128110378850
6243.536571206048393
6244.467501007128703
6245.846353792800073
6247.220803894969322
6247.765900412639894
6248.617590056634072
6249.223567202486265
6250.125998032665848
6251.160830038508720
6252.337721681161383
6252.960641623911215
6253.372699433021808
6255.212382593087568
6255.709995714932120
6256.737988103586758
6257.821913767863407
6258.863142201866140
6259.511130503418826
6259.969134480435059
6260.941865601983409
6261.776846422373637
6263.065904931718251
6264.199277451351008
6265.060898277042725
6265.972125306059752
6266.645735922494168
6267.560486576163385
6268.625266754624136
6269.267355566475999
6270.349148874555794
6271.148771757298164
6271.964363395981309
6272.586182980715421
6274.619334058123968
6275.133981984459751
6275.846693888326627
6276.916164708130964
6277.229194882688716
6278.607595708884219
6279.122462096041090
6279.993148665393164
6281.406047966539518
6282.275812909980232
6283.220407901683757
6284.054280278028273
6284.788411119041484
6285.899070662988379
6287.173743024351097
6287.425952940815478
6288.211245409330331
6289.114831893080009
6290.037006599130109
6291.549652024559691
6292.329914868597371
6293.297335719867078
6294.349329653984569
6295.006181305976497
6295.221568857195962
6296.546591927773989
6297.771255864573504
6298.458690160453443
6299.172745574499459
6300.374887380822656
6301.383220877710301
6302.230259739779285
6303.490771613428478
6303.949179388617267
6304.900391851708264
6305.747858386110238
6306.557291346392049
6307.144720875522580
6308.253824515857559
6309.939810025128281
6310.837756045101742
6311.201065750283306
6311.879397195401907
6313.321021466825187
6313.825911946270935
6315.031008723211926
6315.483979856275255
6316.769600866337896
6317.255760098615610
6318.603143126995747
6319.382478611861188
6320.918880337805604
6321.415499802146769
6322.118186694310680
6323.182594444868300
6323.689061223936733
6324.348503493781209
6325.991157331886825
6326.550698605976322
6327.709329596057614
6328.768971501924170
6329.665095498507981
6330.240406355495907
6331.108424755269880
6332.346151108677077
6333.196346147333315
6333.916050927501601
6334.410684881733687
6335.356899771551070
6337.044248810119825
6337.822038198451082
6339.041957468347391
6339.248808949114391
6340.441439655440263
6341.029239095865705
6341.954159169848936
6343.025918905334947
6343.639577676623048
6345.124572354928205
6345.812781595794149
6346.708588292483000
6347.512774839417034
6348.864774975659202
6349.694650324670874
6350.349366018132059
6350.797904043100061
6352.124095646808200
6352.824041916451279
6353.487236191204829
6355.408107878889496
6355.930130900404038
6356.984106932884060
6357.606857658452100
6358.315701847617675
6359.169623810261328
6360.503448520767051
6361.108114371221745
6362.082499057126370
6362.685361830654074
6363.900839548029580
6365.283583744359021
6365.852321021015996
6366.671353345361240
6367.958813533015018
6368.438094219739469
6369.245882999161040
6369.770229023833053
6370.898050447910464
6372.415682393795578
6373.173152452141949
6374.053534358543402
6375.032404908860372
6375.599195635543765
6376.764549170062310
6377.511439944205449
6378.550145730095210
6379.246624188775058
6379.959409795578722
6381.143665232173589
6381.848039061531381
6383.410238912067143
6384.459219016482166
6384.920488511157600
6385.578203508125625
6386.357077118747839
6387.528294105803980
6388.197850516724429
6389.360853368250901
6390.006152212628876
6391.686645483916436
6392.187328677613550
6392.718575157853593
6394.065073885532001
6395.031740700797855
6395.668869607560737
6396.729259797332816
6397.361130692520419
6397.786081170896978
6399.176640347329339
6400.746238657758113
6401.323625925219858
6402.175290622142711
6403.110886587121968
6403.861397515232966
6404.767039730848410
6405.178961948583492
6406.748283859478761
6407.612952818620215
6408.077160917846413
6409.279021189900959
6410.353801335842945
6411.384469328820160
6412.247558440064495
6413.040420058798190
6413.833451375073309
6414.570290068342729
6415.462076135824645
6416.175908960685774
6417.378052856020986
6418.792599643247740
6419.692022861102487
6420.182578627688599
6421.255935827854046
6421.491228644308649
6423.414486176729952
6423.764508953829136
6424.401461601265510
6425.399747335204665
6426.480014181574916
6427.401528361016972
6428.587583738724788
6429.468848692722531
6430.694571981494846
6430.918186133596464
6431.981683244140186
6432.433303080169026
6433.622387485807849
6434.514944024420402
6435.774652679148858
6436.905185937704118
6437.123406603307558
6438.740481004520007
6439.140618634673046
6440.125226420809668
6441.140573842962112
6441.894099406383248
6442.897533673152793
6443.565266180882645
6443.978372087088246
6445.971515283607005
6447.022174123041623
6447.474618171753718
6448.246132866305743
6449.332054723969122
6449.896208786239185
6450.770449031410863
6451.965072774469263
6452.616809388042384
6453.681785667650729
6454.861307375188517
6455.690820622381580
6456.243758468239321
6457.653867882111626
6458.658611072351960
6459.067827430400030
6459.952831320823861
6460.534639476211851
6461.614784191283434
6462.852814105798643
6463.724097145994165
6465.143720813162872
6465.743873966872343
6466.295733700457276
6467.193447823702627
6468.092790956416138
6469.131125190510829
6470.197357327962891
6470.701077816671386
6471.560457479093202
6472.780201590247998
6473.798648696707460
6475.021493493020898
6475.727754605962218
6476.113123922475097
6477.481705763072569
6478.027176624626009
6478.831342932714506
6479.431139218032513
6481.273679157492552
6482.002790371315314
6483.006704609867484
6483.450189794245489
6484.519323277323565
6485.713209326583637
6486.163374261582248
6487.445215262415331
6487.830216813242259
6488.926620780881422
6489.622575931017309
6490.906097872482860
6492.190210433448556
6492.813486515120530
6494.004710693342531
6494.622125318580402
6494.866454095690642
6496.007974724864653
6497.279308277570635
6498.038769460500589
6498.834863257906363
6500.031689480680143
6501.207453991779403
6501.665184352136748
6502.566972220884963
6503.701543493511053
6504.732509796222985
6505.408729994132045
6505.667900631896373
6507.137020076431327
6507.477752627870359
6509.618252802300049
6510.058208138934788
6510.892054060107512
6511.726223192474208
6512.566938401199877
6513.360945148274368
6514.382624269534062
6515.052647859496574
6516.171290289174067
6517.240330844650089
6517.861387846915932
6518.808197450836815
6520.320492651004315
6520.909964939857673
6521.788872386337971
6522.371597080945321
6523.377319126218936
6524.089123052959621
6524.898764044254676
6526.082562690724444
6527.431766363988572
6528.187904465222346
6529.103609831716312
6529.761023940341147
6530.427671755755910
6531.598707501850186
6532.693567137807804
6533.491429406027237
6533.871387072464131
6534.762937012053044
6536.470053698358242
6537.054650213740388
6538.142600402396965
6539.169984547960667
6539.724960984898644
6540.638906760232203
6541.354659155190348
6541.862394583097739
6543.517657049525042
6544.117508866735989
6545.406761305511282
6546.203853143526430
6546.926187186619245
6547.849360757135400
6549.129863100256443
6549.691789353554668
6550.283449195851972
6551.606750606022615
6552.137913651264171
6552.822686785683800
6554.188696830806293
6555.776866674192206
6556.290164157591789
6556.932787603161159
6557.550866183959442
6558.710265696090573
6559.459473093697852
6560.485236248453475
6561.246375942027953
6562.260958255343212
6563.369421995659650
6564.166004197382790
6565.225896725426537
6565.916463678861874
6567.222123704214027
6567.810942958576561
6568.585110673609051
6569.319354206848402
6569.866289055112247
6571.349397080133713
6572.768540538470006
6573.166263739421083
6574.230084645367242
6575.279364268423706
6575.921041736286497
6576.290007732859522
6577.842444727393740
6578.668340544979401
6579.281726766580505
6580.253132475487291
6581.106726792464542
6582.366235017422696
6583.647989893458544
6584.025065236713999
6585.152149259115504
6585.766065749253357
6586.365117607648244
6587.679935019045843
6588.133534515000065
6589.210210194637511
6590.863205277395537
6591.491048592958578
6592.144011228696399
6592.845950010057095
6594.035062429382378
6595.182141381570545
6595.672779583988813
6596.500204522653803
6597.265170319666140
6598.340695483692798
6599.176046768408014
6600.753780454660955
6601.347457984375069
6602.390527988640315
6602.977753481656691
6603.897138837148304
6604.427167139000630
6605.399554340270697
6606.694580788018357
6607.765474189113775
6607.967781789132459
6609.741917966225628
6610.094415677309371
6611.386797395995927
6612.007975267009897
6612.907977501809000
6614.103829390387546
6614.525354351744681
6615.245604673416892
6616.001321093093793
6617.823120341630784
6618.582598754258470
6619.598203880315850
6620.243653081768571
6620.801846220445441
6621.897593444352424
6622.896150263723030
6623.574968353804252
6624.663719462918380
6625.250125790551465
6626.636287300496406
6627.460241761985344
6628.061836652559577
6629.891281103415167
6630.110418429952915
6631.038268216501820
6631.547698183336252
6632.548656711797776
6633.484002020727530
6634.352598134559230
6635.696775490745495
6636.654287338265931
6637.625363681343515
6638.090473850530543
6639.075753370515486
6639.859562435562111
6641.055120832440480
6641.786228641865819
6642.644283633712803
6643.292547542332613
6644.119902868443205
6645.918402372157288
6646.611795538477054
6647.322423863212862
6648.077919597346408
6649.384089933557334
6649.647351976543177
6650.383134979861097
6651.545139433764234
6652.583661009993193
6653.941240679172552
6654.366268486231093
6655.334573448509218
6656.446114677312835
6657.053755492811433
6658.335707229374748
6659.055077831643757
6659.521842320747965
6660.503555598670573
6661.461648933372089
6662.346720631639073
6663.719022678308647
6664.872916950475883
6665.432916953979657
6666.236097925817376
6666.808353082496069
6667.616350899313147
6669.097362269837504
6669.810009517607796
6670.175702313964393
6671.713778808945790
6672.526465395131709
6673.539418182129339
6674.254359553938230
6675.608127235226675
6676.021079514865050
6677.034062070678374
6677.773602313434822
6678.438197868944371
6679.147300422944681
6680.890098038188626
6681.885127241568625
6682.565640306698697
6683.184617811499265
6684.323087144983219
6685.084637365415801
6685.936244319487741
6686.656349751517155
6688.040741920754954
6688.503502135193230
6689.259935461762325
6690.508707528538253
6691.704920009255147
6692.647541254748830
6693.499651871101378
6693.981516036087669
6694.823702884915292
6695.938981836288804
6696.272310646920232
6697.779004686452026
6698.507679622905016
6699.761639218128039
6700.871368181453363
6701.375798236871560
6701.784678330473071
6703.336806677940331
6704.270589493425177
6704.873686015396743
6705.640106165690668
6706.214075997798318
6707.535168632613932
6708.721048689681083
6709.726991699264545
6710.545176389561675
6711.503024657997230
6712.089903868121837
6712.731759929546570
6713.825345385445871
6714.552463890872787
6715.865576387474903
6716.558365972571664
6717.809675011430954
6718.186519712513473
6719.559687205051887
6720.626196173092467
6721.043429319701318
6722.047668249347225
6722.914170254796772
6723.649784945099782
6724.573284418512230
6725.062801240416775
6727.203484213404408
6727.861353028848498
6728.191087298997445
6729.486019096450946
6729.895237293208993
6730.934946661614958
6731.961248879775667
6733.013197272611251
6733.352651970028091
6734.491411333636279
6735.744523774781555
6736.409605357799592
6737.651227900498270
6738.297181091918901
6739.552413812180930
6740.261721734861567
6740.457697493020532
6741.366527617479733
6742.674048332693019
6743.672183245424094
6744.725146506183592
6745.670849832026761
6746.593080879846639
6747.242437890560723
6748.029172419816859
6749.031010237306873
6750.213685342222561
6750.601759539744307
6751.786325711448626
6752.178020361104245
6753.436904757142656
6754.800870274663794
6755.929060721254245
6756.349056164564900
6756.987912268812579
6757.968818185654527
6759.040586961104964
6759.501932128258886
6760.462459400594526
6761.720180324828107
6762.871493911747166
6763.550805103911443
6764.315430966511485
6765.177507003465507
6766.626418343841578
6767.055387842126947
6767.826497444045344
6768.762729472866340
6769.585676837072242
6770.093879396388729
6771.955148424854997
6772.495692995084028
6773.740383049481352
6774.572946802576553
6774.993840108069890
6776.146685002439881
6776.359235997386349
6778.094859514307245
6778.684172078837037
6779.586018071240687
6780.217537107730095
6781.893987624381225
6782.353593658482168
6783.353036592478929
6784.369341123243430
6785.226455746954343
6785.783415364002394
6786.860012200988422
6787.190723306275686
6788.359287917739493
6789.795642994313312
6791.028915455409333
6791.376409715538102
6792.196698981655572
6793.061593444635946
6794.096623844172427
6795.007815668104740
6795.896919249778875
6796.295555003895970
6797.774135880902577
6798.366625614905388
6799.273322354985794
6800.772051417368857
6801.656988280416044
6802.224132415900385
6802.957130339654213
6803.905959480592173
6804.369622404881738
6805.731785578890594
6806.401467743143257
6807.689586081386551
6808.690301596813697
6809.403080163782761
6810.366331181320675
6811.157036390080975
6811.850764837749921
6813.242160313709064
6813.937310608287589
6814.462465953230094
6815.081096307120788
6816.335338647445496
6817.957478321912276
6818.595648109208923
6819.200378865703897
6820.389495636154606
6821.029054304977763
6821.700640049411049
6822.503719518652360
6823.687203033239712
6824.619085022733998
6825.430833430179518
6826.694558727105687
6827.215195839817170
6828.196024115884939
6829.600399880406258
6830.083027378227598
6830.870213620891263
6831.545028254602585
6832.556238235139062
6833.389260421885410
6834.177858652429677
6835.801628118651934
6836.654339308383896
6837.608007663348872
6837.961927128307252
6838.573655317860357
6840.160959158246442
6840.629444018781214
6841.652128808344060
6842.568406740923820
6843.097716812178987
6844.542069426537637
6845.395596546573870
6846.437600649347587
6847.230869124742640
6848.211314779061468
6848.775908203615472
6849.879668262096857
6850.113716574132013
6851.115911270180732
6852.988639447484275
6853.366485079111044
6854.363467096818567
6855.292491816872825
6856.262283256445698
6856.760131671617273
6858.049411800569942
6858.558429214375792
6859.922463959376728
6860.187858899368621
6861.108305661411578
6862.251552326197270
6863.661560661965268
6864.468078714367948
6865.320196229557951
6865.947533329557700
6866.605957422316351
6867.507291743347196
6868.582153641689729
6869.569127747683524
6870.024934550840044
6871.789073856701179
6872.372448382001494
6873.072723613971903
6873.934694034237509
6875.153324099614110
6876.145315861663221
6876.698117410310260
6877.237646576933003
6878.258863124613526
6879.112421812894354
6880.377942410604192
6881.688038384212632
6882.445197358525547
6882.838577211128722
6884.181301466835066
6884.701384278516343
6885.263282750261169
6886.623661119115241
6887.549968308298958
6888.250992867099740
6889.289681088247562
6889.977275509068022
6891.537372835463430
6892.182738260616134
6892.950976502117555
6893.749941560476145
6894.725796291229017
6895.615387172348164
6895.840311975508484
6897.082003225874359
6898.502343014077269
6899.560414678553570
6900.318742990244573
6900.858109754849465
6901.834315321034410
6902.578676872228243
6903.937998227294884
6904.535186364932088
6905.140661438642383
6906.094062894561830
6907.140032630438327
6908.442281898069268
6908.903089541293411
6910.472255698743538
6911.048924563071523
6911.819906831133267
6912.192144576335522
6913.303555547399810
6914.187543371084757
6915.329117315662188
6916.245063928928175
6917.216468424075174
6918.357587013807461
6918.817356663068495
6919.750351056099134
6920.967473414749293
6921.483827935222507
6922.480973999156959
6923.354034045865774
6924.145884035742711
6924.460427819388315
6926.654831366045983
6927.286797837689846
6928.071663256565444
6928.719431898000039
6929.627051913054856
6930.528890049633446
6931.345058650023020
6932.023250807393197
6933.304572524187279
6934.184535983210480
6935.045370894762527
6936.108134342433004
6936.738749030301733
6938.142460069568187
6938.676824998127813
6939.728174416738511
6940.311344603755060
6940.802649579942226
6942.049400324626731
6942.947798550565494
6944.312163919004888
6945.071500563429254
6946.311464558266380
6946.661391100811670
6947.472631963527419
6948.143968613256220
6949.584246728472863
6950.558031839321302
6950.778718800413117
6951.731756770673201
6953.170717240902377
6953.807636482948510
6955.261558551967937
6955.788441534829872
6956.546043636552895
6957.755993703882268
6958.032891659783672
6958.980843288754841
6959.816566484797477
6960.901479751520128
6962.607412061679497
6962.870225996555746
6963.680284481358285
6964.533684079056911
6965.796786754972345
6966.478635398841107
6967.140998080976715
6968.316501086579592
6968.801828338875566
6969.932237760997850
6970.535368743666368
6972.095936145752603
6973.262414596906638
6973.654656489082299
6974.591510670817115
6975.295197954234936
6976.008257662878350
6976.919054490709641
6978.181615018906086
6978.842393158955019
6979.762843417412114
6981.004332176592470
6981.976866683824483
6982.397415579584049
6983.385289848009961
6984.843874844227685
6985.151721856233053
6986.003674960957142
6986.850633675518111
6987.254126322794946
6989.031870465208158
6990.113171653688369
6990.678711334833679
6991.939520170368269
6992.275498255838102
6993.159083827505128
6994.109978417561251
6995.039339733009001
6995.819351875686152
6996.886975870423157
6997.808697348917121
6998.498795222106310
6999.682678654556184
7000.717687588804438
7001.855900890755947
7002.352835851474993
7002.691508680540210
7004.043723499328735
7005.062866174920600
7005.100564672647124
7006.739662383949508
7008.114742057395233
7008.817473633254849
7009.367750707148844
7010.354080472365240
7011.000501879778312
7012.236145978959030
7013.158434223639233
7013.706426479037873
7014.629880155081992
7015.280466924209577
7016.721610295662686
7017.835435823635635
7018.482223807744049
7019.437796946030176
7020.435877382540639
7021.023066109284628
7021.657557247157456
7022.295224444043924
7024.042832031590478
7024.455165702430349
7025.699304046243014
7026.594723731795966
7027.308306663740041
7028.454474427451714
7029.026736381393675
7030.160937812444899
7030.916480678159132
7031.735908085673145
7032.326789393164290
7033.374833299673810
7034.292019875183541
7036.042983450235624
7036.590328238250549
7037.287650971198673
7037.826378791675779
7038.892159117755909
7039.724690853086031
7040.828312058801203
7041.380467339997267
7042.367190690242751
7043.660231421896242
7044.644895546271073
7044.831635317059408
7046.487185180729284
7047.225072049254777
7047.948438454179268
7048.949401863969797
7049.280272516699370
7050.297213171848853
7051.126075603251593
7052.731101998177110
7053.529831409840881
7054.229325776320366
7055.362254325911636
7055.986004943446460
7056.614758134821386
7057.640859333485423
7058.629780453728017
7059.889596893714042
7060.046570771795814
7060.897300346829070
7062.396671827487808
7063.516698792151146
7064.111543391215491
7065.149328525933015
7065.783828580670161
7066.700657475164007
7067.232275507839404
7068.407664647505953
7068.910823584890750
7070.631775541777643
7071.257549038737125
7072.437115054569404
7072.983187561458180
7073.466662994916987
7075.067136414841116
7075.890873553446909
7076.342464150185151
7077.065912471996853
7078.271618865431265
7078.931890804247814
7080.137304262413636
7081.329045567852518
7082.278642199872593
7083.024206212045101
7083.620734181047737
7084.299067796783675
7085.248728797866534
7086.306731439244686
7087.186239237289556
7088.172775646457012
7089.062481920448590
7090.042338353993728
7090.994773908902062
7091.867503872859743
7092.676342251268579
7093.502511762346330
7094.688695951538648
7095.085720383148328
7095.725602561608866
7096.634105638254368
7098.543092299949421
7099.105747706266811
7100.148609518812009
7100.374674131554457
7101.805060778171537
7102.326350494877261
7103.038586280858908
7104.510386060178462
7104.853653429336191
7105.840204617921700
7107.089407119065982
7107.734543391730767
7108.776071695753672
7110.001860578940978
7110.890294249123144
7111.196220368458853
7112.280552946116586
7112.700332233813242
7113.874906598560301
7115.004276076470887
7115.666729177026355
7117.412224324585623
7117.750925734540942
7118.533335836163133
7119.283665360747364
7120.250769053210206
7121.421516882192918
7122.205851773635004
7122.716594278004777
7123.681370582503405
7124.489058108263634
7125.915836857431714
7127.035111899373078
7127.569883237843896
7128.564326582401009
7129.114147836605298
7130.329985123599727
7130.710717138685141
7131.460814545008361
7132.874807757900271
7134.003937657023016
7134.723114154969153
7135.384622834066249
7136.640749182655782
7137.288235953503317
7138.467686063100700
7139.026902843552307
7139.857139271783126
7140.793842097437846
7141.546892189483515
7142.172195163232573
7143.971077069489183
7144.642672074679467
7145.706891491172428
7146.385883316661420
7147.152214246955737
7147.421342255998752
7149.102831303930543
7149.690649365278659
7150.675386373472065
7151.241040722670732
7152.673138348753128
7153.629414430155521
7154.183565146983710
7155.223016558716154
7156.483767096551674
7157.069573699553985
7157.560009133950189
7158.479721559110658
7159.230610392882227
7160.332445434675719
7161.815172321186765
7162.637987016802981
7163.137487199212046
7164.371935918647068
7164.711987143345141
7166.042526862267550
7166.532447389484332
7167.595613911396867
7168.643915100566119
7169.192035856892289
7170.161501605523881
7171.135705960459745
7172.806744272893411
7173.355088187846377
7173.622770905666584
7174.907955975350887
7175.547478519791184
7176.380745980891334
7177.135820086710737
7178.280438268983744
7179.369326560170521
7180.557671965448208
7181.140798188646841
7181.855662361213035
7182.761647877433461
7183.850495116686034
7184.720859712183483
7185.725322573682206
7186.027941311936956
7186.689666428596865
7188.322594508838847
7189.145690499370176
7190.294612842870265
7191.067900937835475
7191.983733312583354
7192.682398727873988
7193.221050146965354
7194.053741291015285
7195.421790712331131
7196.187762765415755
7196.957814200186476
7198.143606364030347
7198.993453206823688
7199.744478634551342
7201.057149777087943
7201.577794024115974
7202.481414823114392
7203.172044686859408
7204.265486356892325
7204.764022449227014
7205.523076974798641
7207.445017114693655
7208.190170854146345
7208.927724211690474
7209.383550025775548
7210.413788577275227
7211.335323495701232
7212.363396768571874
7212.963407701593496
7213.836766767376503
7215.101957542789023
7215.532729521918554
7216.953096055171045
7217.710867056885036
7218.731285313752778
7219.713045159146532
7220.432147546481247
7220.784711972810328
7221.858048232403235
7222.538863252621923
7223.961329509093048
7224.960275793196161
7225.664637285446588
7226.826232421187342
7227.670652097845050
7228.104973435513784
7228.963984592910492
7230.578979849759889
7230.781896557172331
7231.712168225954883
7232.507337222348724
7233.305725601915583
7235.032410357939625
7235.592047601007835
7236.715293141730399
7237.292700988194156
7237.923815549652318
7239.107138358641350
7239.492824902631583
7240.744574580114204
7241.383737522915908
7242.813003428781485
7243.908367802515386
7244.194739883836519
7245.048351170916249
7246.521971661734824
7247.172743211685884
7247.980135164897547
7248.558877326029688
7249.575515820299188
7250.311306882172175
7251.235573152237521
7252.579133334387734
7253.776967720476932
7254.381581372636902
7255.040228434972050
7255.894616493427748
7256.728742507302741
7257.358809297469634
7258.884140087888227
7259.519592696919062
7259.970840182008942
7261.333797702849552
7262.445974054864564
7263.122832007637953
7264.272994053368166
7264.748248090299967
7265.962856285730595
7266.825071623350595
7267.022572810923521
7267.851161907387905
7269.281796531017790
7270.665196022362579
7271.162578225273137
7272.293916094605265
7272.756819678746979
7273.701234074716012
7274.639386093656867
7275.692946628288155
7276.188510979782222
7277.313417506349651
7277.911194920978232
7279.226323515833428
7279.768521282346228
7281.316094067056838
7282.176167149542380
7282.817681698420529
7283.495775763902202
7284.023697897273451
7285.277302369637255
7286.139694204905936
7286.779238865985462
7288.267170428101053
7289.103758080980697
7289.940276827100206
7290.821429929111218
7291.290043575749223
7292.741249445308313
7293.403109651340856
7294.204147964223012
7295.048894052715696
7295.564849559881623
7296.571619042983912
7298.368684315504652
7299.138848601880454
7299.336571426263617
7300.763476874868502
7301.581317104950358
7301.848557608593183
7302.917875819657638
7303.843900682813910
7305.060287115026767
7305.818161576034072
7306.637205578428620
7307.660752633695665
7308.671664974055602
7309.497903971277083
7310.501357045358418
7311.190951720799603
7311.881145968618512
7312.724372391775432
7313.555046083626621
7314.449131441170721
7315.755628547018205
7317.100250555246021
7317.553738653384244
7318.351002510428771
7318.871998937910575
7319.896757099853858
7321.233781570093015
7321.717373427289203
7322.568751053077904
7323.243983122767531
7324.849333141856732
7325.226115149935140
7326.444102995292269
7327.534497970134908
7328.283514383425427
7328.861171711708266
7329.815578232490225
7330.586839533580132
7330.970858435754963
7332.652130477497849
7333.517033387612173
7334.639105970602941
7335.193963690995588
7336.016820436064336
7337.312223967157479
7337.649201460033510
7338.621251438964464
7339.763136524200490
7340.495964530858146
7341.172411124238351
7341.781448952950996
7343.507522665943725
7344.429407193065344
7345.413384428055906
7345.737188186168169
7346.698927085315518
7347.601440600780734
7348.226470588922894
7349.249777628818265
7350.347618713708471
7350.973256492758992
7352.631847583569652
7352.880430233792140
7353.913947828911660
7354.584625580228021
7356.076801101874480
7356.713901537035781
7357.298064962759781
7357.829927024959034
7359.022424060840422
7359.818833444008305
7361.267013426218000
7362.058134431228609
7363.102591149028740
7363.822093867508556
7364.469761389726045
7365.120059910441341
7366.176826462235113
7367.444805267362426
7367.716583625250678
7369.211235568974189
7369.532613631588902
7370.778296043783484
7371.987960977816329
7372.805047996384019
7373.424035167818147
7374.349391958722663
7375.199243762267542
7375.878151643689307
7376.873649474445301
7377.190089316885860
7379.332785005437472
7379.979603052969651
7380.464011573217249
7381.536932090845767
7382.222713356686654
7383.173523724594816
7384.202396205880177
7384.924513067149746
7385.752633651786709
7386.461552514135292
7387.542420641697390
7388.629535056729765
7389.584509291652466
7390.664177739965453
7391.440259727915873
7392.160733367933972
7392.988605528528751
7393.173269331163283
7394.711617877432218
7395.693962379838013
7396.403273585961870
7397.531933665013639
7398.751920761656947
7399.220386820145904
7399.828819540750374
7401.354181203369990
7401.670669618893953
7403.018090817923621
7403.448923018043388
7404.103468670983602
7405.071527890625475
7406.434875899130930
7407.782772520034996
7408.318442247685198
7408.961023091149400
7409.697910099988803
7410.875016639208297
7411.475578801158008
7412.213344651957414
7413.328582877763438
7414.418814788437885
7415.180650157045420
7416.269504358515405
7416.713391716671140
7418.310509223290865
7418.988098353757778
7419.537617023206622
7420.415913275071034
7421.420781813852955
7421.806962622241372
7422.910687407876139
7424.220735433382288
7425.306205763072285
7426.042615765489245
7427.010358315736994
7427.618882172240774
7428.124246616228447
7429.350889131061194
7430.555368894859384
7431.156635122250918
7431.634303466920755
7432.740669966663518
7434.041575198198188
7435.059191589478360
7435.590441587654823
7436.766516776394383
7437.658181522263476
7438.125995042938484
7438.872215940765273
7439.737648719435128
7440.703121048362846
7441.969323389231249
7443.171160862861143
7443.628394354243937
7444.423866228738916
7445.518979786399541
7446.192112312270183
7447.470379601740206
7447.915999950696460
7448.578846008307664
7450.026851981019718
7450.313414658015063
7451.287377006888164
7453.156333014424490
7453.562255596974865
7454.501150895424871
7455.111599984896202
7455.756248182660784
7456.879264173984666
7457.555015683982674
7458.758896547601580
7459.317916595858151
7460.742319218625198
7461.412836776340555
7462.345119229532429
7463.241034353371106
7463.953428492880448
7465.235332546496466
7465.873648618118750
7466.509567399981279
7467.236892002761124
7467.893516230215027
7469.742312775720166
7470.410694722723747
7471.316153957136521
7472.216337834579463
7472.938452470044467
7473.801923221800280
7474.318375560986169
7475.457148465555292
7476.661685380833660
7477.126117162264563
7477.990220376344951
7479.360803879441846
7479.826490146604556
7481.270585133405802
7482.088353049577563
7482.760970559226735
7483.222684506732548
7484.435406371246245
7485.087260837080976
7485.836110097769051
7486.980574712562884
7488.341398400302751
7489.410793262698462
7489.801649959827955
7490.288466891315693
7491.480237437946926
7492.871177010946667
7493.000605946223914
7494.155593665299421
7494.893354720954449
7495.620535550989189
7496.903234041265023
7497.876666871169618
7499.018375212885076
7499.635017044756751
7500.520758701277373
7501.394356540355147
7501.889601165814383
7502.606128496649944
7503.815822095972180
7505.007627511302417
7505.855760749127512
7506.458777844249198
7507.881582709907889
7508.325357727524533
7509.362857972488200
7510.062014246714170
7511.268152095430196
7511.831550094299928
7512.639108892179138
7513.256478602329480
7514.327458196641601
7516.017338757153084
7516.682865383154422
7517.316546882907460
7518.233922044484643
7518.988255293477778
7519.483808585253428
7521.095478308027850
7521.418960158709524
7522.235955940900567
7523.583809962573469
7524.576063140946644
7525.117755066564314
7526.077888669458844
7527.339243900151814
7528.255945298981715
7528.618824834709812
7529.572439683574885
7530.024518136625375
7531.443037755095247
7531.918476003772412
7533.701788860477791
7534.196176756290697
7535.269416746331444
7535.795879638116276
7536.852140836627768
7537.312581103595221
7538.513844107824298
7539.507181192063399
7540.227539900590273
7540.952212400233293
7541.719927233003546
7543.274086810603876
7544.143089597873768
7545.017282211273596
7545.469645335592759
7546.619778438462163
7547.346464375364121
7548.163928908409616
7548.467009257108657
7550.120472174726274
7551.093890396879033
7552.050977943308681
7552.915722719903897
7553.422599595428437
7554.415064430765597
7555.636986998433713
7556.215633320349298
7557.123848469489531
7557.731650015266496
7558.618693144908320
7559.643376318825176
7560.829820023240245
7561.658959993991630
7563.182814437627712
7563.520415699233126
7563.769301891219584
7564.960243676845494
7565.732853403865192
7566.845322430019223
7567.866531115936596
7568.289067602235264
7569.797165105977911
7570.547137990415649
7571.281289377956455
7572.278993977846767
7573.255184306472074
7574.046802048448626
7574.749888838462539
7575.696668164665425
7576.268605073816616
7576.905770590952670
7578.917486664980970
7579.597757316370917
7580.280088977226114
7580.959830819929266
7582.031705549502476
7582.802983860871791
7583.462734774581804
7584.486959736256722
7585.469517629117945
7586.234994584177002
7587.283239491649510
7587.890350603440311
7589.356254115857155
7590.120871486677061
7590.918224866149103
7591.966193812054371
7592.269712605830136
7593.098313959197185
7594.102742542238047
7595.077658168319431
7596.016212837787862
7597.414985716673982
7598.007882857832556
7598.982709953076665
7599.565154718347912
7600.130858727206032
7601.751366014514133
7602.405163470409207
7603.022366327148120
7603.560678580000058
7604.831196490888033
7605.857934326611030
7606.994882980089642
7608.021354122684897
7608.420807870141289
7609.673607809897476
7610.066214264622431
7610.854490320339210
7611.794530221127388
7612.682249514444266
7613.949125482984527
7614.911019080955157
7615.589706732948798
7616.361441789907076
7617.490687417529443
7618.506225529718904
7619.109221400457500
7619.749441833419951
7620.983924855111582
7621.693574971434828
7622.017492708766440
7623.423298545592843
7624.987382547289599
7625.594493501391298
7626.265292758523174
7627.127213556263996
7627.690979947768938
7628.742026441597773
7629.642702477913190
7630.569927977195221
7631.506758032182006
7632.009099304118536
7633.651861591743909
7634.312300238633725
7634.771788000812194
7636.387151486738730
7636.822989399395738
7637.940366202656151
7638.237099967604081
7639.039294910688113
7639.934790875170620
7641.505667573556821
7642.166837363396553
7643.295177167178736
7644.035703917745195
7644.927813313910519
7645.331599328180346
7646.560905687084414
7647.399804109450088
7648.197821584823032
7649.210368914104038
7649.787924743955045
7650.778131570510595
7651.918000850129829
7653.356680957866047
7653.702814986444537
7654.580638876738703
7655.121494572614210
7656.261966851358920
7656.956407644797764
7657.717933644821642
7658.652286327494949
7660.264422520262087
7660.874842474167963
7661.578687879151403
7662.331833437668138
7663.456194163918553
7664.203009254391873
7665.444059487938830
7665.801809429017339
7666.502822823470524
7667.549329156073327
7668.365665795743553
7669.936029946728922
7670.581042533543041
7671.447129920533371
7672.450691456603636
7673.103534095298528
7673.740632528100832
7674.241511064689803
7676.061473908754124
7676.404517064156607
7677.306367425822827
7678.489609005653620
7679.283816647054664
7680.369729689470660
7681.049611798071965
7681.945482259357959
7683.018167363956309
7683.593964876362406
7684.205667991135670
7685.305556834081472
7685.782993532922774
7687.513293015229465
7688.591692890071499
7689.156619857496480
7689.858001083121053
7690.429650782192766
7691.802176533043166
7692.342743388696363
7693.479401398161826
7693.897005960980096
7695.112272417748500
7696.136385041082576
7696.779476828299266
7697.898469111742088
7699.071025944231224
7700.036047546039299
7700.216724379954940
7701.157954572197923
7702.194731381937345
7702.589229875584351
7703.831003124177187
7705.213166786041256
7705.703216887985946
7706.962196191279872
7707.736760360777225
7708.220972632061603
7709.242640641286926
7710.123839877936007
7711.223648931966636
7711.928933800227242
7712.779308288258107
7712.908648889922006
7714.904975654682858
7715.806809192833498
7716.493161846611656
7717.430625538000641
7718.209439895409560
7718.871828009921046
7719.753486074996545
7720.412175074541665
7721.553996963718419
7722.557228801705605
7723.618282221125810
7724.440916671356717
7725.242870633079292
7725.881074558964428
7727.365067834397450
7728.154537020827775
7728.345321205481014
7729.508444298457107
7730.156710684246718
7731.326343492595697
7731.904604016607664
7733.551152377834114
7734.637209896445711
7734.799051748371312
7735.920191802878435
7736.398982953628547
7737.281516673403530
7738.683400514950335
7739.076079126563855
7740.113547443324933
7740.932128954655127
7742.093826817392255
7742.861768148461124
7744.168742339144046
7744.539185766441733
7745.564177665552052
7746.617972149764682
7747.262729142251374
7747.603843256256368
7748.560899267973582
7749.950340468416471
7751.417942590560415
7751.732240722188180
7752.412059063885863
7753.812564124215896
7754.165808072856635
7755.042744738049805
7756.140545944699625
7756.961660293783098
7757.748648753477937
7758.441967610163374
7759.592954770952019
7760.470136603880746
7761.852016416726656
7762.516669838838425
7763.365536637485093
7763.887943627448294
7764.629540608917523
7765.580549321205581
7766.648068548923220
7767.347361427240685
7768.417093856476640
7769.913327770865180
7770.261243682984059
7770.983886849091505
7771.801935593383860
7773.152164235817509
7774.018899975771092
7774.296269528577795
7775.448785294473055
7775.977608167172548
7776.955377123453218
7778.619618817802802
7779.147738368911632
7780.294143760090265
7780.791631249869170
7781.703703737553951
7782.448108668124405
7783.333189556128673
7783.869822963324623
7785.543212016206780
7785.972158398128158
7786.910885163880266
7787.847577241956969
7788.942037729745607
7789.846487233922744
7790.584748288392802
7791.498122458369835
7792.057000206961675
7793.208438102891705
7793.731179349189006
7794.330647915022382
7796.167939908259541
7796.882750797398330
7797.939994785891031
7798.642876532039736
7799.027356176224202
7800.048866699561586
7801.085965692595892
7802.278136743012510
7802.563043838598787
7803.341640437309252
7804.662539155136074
7805.651244456075801
7806.365526757545013
7807.453947055253593
7808.521694540726457
7809.148095665498658
7809.949348552199808
7810.246422779107888
7811.425296754865485
7812.392880857760247
7813.480751249710920
7814.556090476849931
7815.586939345173050
7815.855841174666239
7817.152637267742648
7817.796685739583154
7818.660115006317028
7819.635648031588971
7820.586397432231024
7821.053880222406406
7822.094093501539646
7822.719034353718598
7824.645471276426179
7825.273177259965451
7825.827781341022273
7826.471180296940474
7827.806459758518940
7828.125195235319552
7828.993878289369604
7830.128538967394888
7830.877581937871582
7832.274462692867019
7832.824494593667623
7833.920755248590467
7834.383065914865256
7835.733258049544929
7836.463501636442743
7837.396947490325147
7838.064178062147221
7838.482550842812998
7839.568362838761459
7840.782349085686292
7841.828068608777357
7842.773773977402925
7843.741048100103399
7844.457429440749365
7845.080327763865171
7845.576147186457092
7847.000089158636001
7847.835966138221920
7848.647013323947249
7849.322974184131454
7850.381575865229024
7851.749375193901869
7852.055533000644573
7853.536887110029966
7854.099209290602630
7854.705243499414792
7855.730232864410937
7856.589741467902059
7857.007480210241738
7857.998247520007681
7859.863876592035012
7860.360848829582210
7861.074293126313023
7861.968307522175564
7862.576808489509858
7863.886469839470010
7864.688424186120756
7865.047548549886415
7866.327295716897424
7867.142338041973744
7867.701391247108404
7869.054058996961430
7870.100532362201193
7871.026268506167980
7871.891593703722720
7872.421051360308411
7873.258974733154901
7873.857411725421116
7874.894281010700979
7876.081256282227514
7876.811378416846310
7877.833953052451761
7878.910611220161627
7879.774371317585064
7880.247924997616792
7881.172597090475392
7882.440411048756687
7883.219132091240681
7883.739288678191770
7884.386136360235469
7885.310055570770601
7886.697844124512812
7887.902634545408546
7888.582508384611174
7889.247759852946729
7890.199885171151436
7890.829109253514616
7891.738485147037863
7892.471581268802765
7893.753775748135922
7894.146224240495940
7895.752701737036659
7896.284146796155255
7896.810706211280376
7898.443975525827227
7899.189387686444206
7899.737784133993046
7900.699743497209965
7901.203724772067289
7902.431940428291455
7902.845882347639417
7904.000011350513887
7905.495359792199451
7906.307057653093580
7907.033279619341556
7907.462023026751012
7908.754089324921551
7909.071081108475482
7910.496345642476626
7911.290474750288922
7911.974654015073611
7912.521894757600421
7913.958900163054750
7914.898228655281855
7916.139083618642871
7916.249620362815222
7917.846984218910620
7918.206299766420670
7919.009503413645689
7919.702077252901290
7920.394917845036616
7922.053034576522805
7922.723312421270748
7923.710141380544883
7924.582047217101717
7925.391338795337106
7926.044750271575140
7927.227859749140407
7928.007764629537633
7928.684234751108306
7929.540229147085483
7930.604941255269296
7930.948076826018223
7932.471666174170423
7933.645643224237574
7934.495415309209420
7935.214648402930834
7935.570718561863941
7936.442237033273159
7937.745180588847688
7938.315574079556427
7939.086639386133356
7940.354012879286529
7941.265683750246353
7942.317604788917379
7942.745097903532042
7943.785515988010957
7944.959519126582563
7945.740693786377051
7946.220788193227236
7947.289771165853381
7947.729600273440155
7948.634211573244102
7950.265470539734451
7951.314030649734377
7951.584851706328664
7952.794489272236206
7953.594656971265977
7954.308997263477977
7954.747608585547823
7956.152267105716419
7956.989578249039369
7957.947945783214891
7958.317455921222972
7959.688750437559065
7960.661379307817697
7961.649596876388387
7962.562547058960263
7962.956507789986063
7964.203600710387036
7964.684089862521432
7965.315678842991474
7966.568849824007884
7967.266107538539472
7968.909886518723397
7969.629440350558980
7970.220548110803065
7970.847928248576864
7971.821330830947772
7972.995331891869682
7973.804869056249117
7974.458129757064853
7975.017853871007901
7976.207792148187764
7977.291194443748282
7977.975322928936293
7979.419830145942797
7980.244153621042642
7980.592156635669198
7981.677158957607389
7982.329229078083699
7982.856726483099919
7984.194787625830941
7985.078461489260917
7986.116271568622324
7986.989921279801820
7987.776841671902730
7988.826884442916707
7989.527182533595806
7990.464730054409301
7991.154615188093885
7992.449601868436730
7992.775448790285736
7993.535520095777429
7994.268276831976436
7996.325873550479628
7996.702938035545230
7997.562596959064649
7998.503621700133408
7998.960515915091491
8000.086767551567391
8000.654289531123140
8001.827414146493538
8002.504226795772411
8003.544020732095305
8004.486900352286284
8005.558741555964843
8006.089452661674841
8007.166316113007269
8008.486686298687346
8009.024278312770548
8009.383936409158196
8010.212236319678595
8011.469380858899967
8011.929391130553995
8013.442022089036982
8014.276774716247019
8015.371885937362094
8016.201731490309612
8016.491199874103586
8017.361465467249218
8018.637826606620365
8019.356639065827949
8020.319689666986051
8020.837459741009297
8021.895481637498051
8022.717489709397341
8024.403582467122760
8024.670982458977051
8025.752452902289406
8026.391854103007972
8027.305874159539599
8028.124025978591817
8028.746401313329443
8029.407822326108544
8031.058009786897856
8031.951322173808876
8032.793383790673033
8033.269191957556359
8034.386240870653637
8035.393242316707074
8035.999510970187657
8037.034489891821977
8037.803468786898520
8038.428466931308321
8039.310951894775826
8040.363774173744787
8041.485092078732123
8042.752607553648886
8043.228211967931202
8044.222079323645630
8044.702036441095515
8045.412198483427346
8046.349100762353373
8047.858586760627986
8048.092532351143745
8048.939018671550002
8050.707855425853268
8050.928553718142211
8051.826700970998900
8052.854735733884809
8053.850683691920494
8054.632075493164848
8055.387536444195575
8056.043545401502342
8056.628566090334971
8057.849854094792136
8059.163910470731025
8060.410573957889937
8060.656750843521877
8061.432878644980519
8062.591530739173322
8063.105008848428952
8064.205515208021097
8064.758371516303669
8065.960611559453355
8066.852181448752162
8067.499979187696226
8068.480997184477928
8069.620473525597845
8070.895715103643852
8071.223812048207947
8072.006261155453103
8072.891660955188854
8073.661638198679611
8074.476781796315663
8075.212479534271552
8076.604646442832745
8077.693139054214953
8078.331290952393829
8079.345222788620049
8080.039511695499641
8080.371623669992005
8082.095848369000123
8082.727357334069893
8083.188121262285676
8084.353898815797947
8084.627810373944158
8086.389367184023286
8087.201332969661053
8087.989215922948461
8089.000277331536381
8090.011702435148436
8090.302075183277339
8091.013047475937128
8092.013186019190471
8093.056821600834155
8093.960796848973587
8095.226429752914555
8095.644649780624604
8096.881209450584720
8097.422804533747694
8098.601451658408223
8099.483713019982133
8100.033954898180127
8100.893317320693313
8101.847479883354026
8102.652891917435227
8103.081247385375718
8104.959580645941060
8106.001082599121219
8106.472478547109858
8106.981007272883289
8107.990030625679537
8108.858614987057990
8109.690218971911236
8110.637684029407865
8111.447479981097786
8112.264753495158402
8113.552643128010459
8114.167019842272566
8115.107358482817290
8116.251266964432034
8116.864424633297858
8118.004737871154248
8118.437379653194512
8119.287139450122595
8119.648862098551035
8121.226751668285033
8122.361423445455330
8123.010669984642846
8124.184278678352712
8124.843587425551050
8125.501626937460060
8126.529528436144574
8126.964551002274675
8128.592208780040892
8129.097632570099449
8129.501991536929381
8130.717735754437854
8131.714724491744164
8132.854767682931197
8133.952804659217691
8134.457140991120468
8135.253151706349854
8135.925988506041904
8136.958578382117594
8137.609942436052734
8138.437429271391011
8139.566538052356009
8140.950740591126305
8141.595750010061238
8142.276001937051660
8142.810496643743136
8144.358563539670286
8144.926296078330779
8145.927384407723366
8146.251283810104724
8147.375558663971788
8148.188405804627109
8148.986653563429172
8150.740615482132853
8151.026671304605770
8152.217728258409807
8152.965931127600015
8153.488253661007548
8154.272979427265454
8155.128933992541533
8156.304912385852731
8157.194764620168826
8157.981568491565668
8158.767638742285271
8160.078200809919508
8160.950122589702005
8161.346145633207925
8162.592140586540154
8163.454284500946414
8164.106957146947934
8164.870257333309382
8165.448818475203552
8166.448089237459499
8168.295104129872016
8168.668480129247655
8169.593836203725914
8170.415779001677947
8171.095110983013001
8171.823553153261855
8173.111533980957574
8173.738292657767488
8174.366180914143115
8175.531628952027859
8176.449213453735865
8177.331542720256039
8178.104666952751359
8179.690387023258154
8180.035752135504481
8181.013209816269409
8181.282044613567450
8182.430116793736488
8183.129990253211872
8184.254600673371897
8185.038683169381329
8186.605228280465781
8187.019086128030722
8187.927398545163669
8188.675092154903723
8189.458001683713519
8190.538859646429955
8191.317359421739638
8192.334649942094984
8192.995406727353839
8193.233410994545920
8194.929408138006693
8196.067584918459033
8196.948324751570908
8197.513353942913454
8198.242611792509706
8199.585117177657594
8199.884773862719157
8200.341952211152602
8201.755260360196189
8202.876646170399908
8203.529203740132289
8204.761729330088201
8205.259250532255464
8206.228375057993617
8207.281175265221464
8208.167607521845639
8208.846424314349861
8209.530685579144119
8210.510348798943596
8211.030888882607542
8212.265612418521414
8213.253267546901043
8214.668747954194259
8215.237624958912420
8215.962628469760602
8216.502661260261448
8217.268004086898145
8218.619573329715422
8219.346543827537971
8220.050014501031910
8220.852882450029938
8222.153933481833519
8222.908793157701439
8223.804093211694635
8224.783041493124983
8225.662484685170057
8226.606391577557588
8227.022032307299014
8227.898063963537425
8228.756591820183530
8229.309424342824059
8231.318604911877628
8231.752039397670160
8232.534397486111629
8233.385017835937106
8234.463093964037398
8234.940463388085846
8235.903077656301321
8236.852837631773582
8237.661239321279936
8238.643824853557817
8239.166099547594058
8240.107660165187554
8241.810539848806002
8242.262983380447622
8243.126125160611991
8244.126672343005339
8244.522473036397059
8245.291902817523805
8246.414750234614985
8247.104523644822621
8248.198015439498704
8249.182211673994971
8250.476640454473454
8250.905128429843899
8251.591930804604999
8252.495963346240387
8253.795261750577993
8254.542110873249840
8255.238100660730197
8255.519078691640971
8256.777714951960661
8257.752236885287857
8258.997998911041577
8259.868525257801593
8260.782502762527656
8261.566253507895453
8262.002122423529727
8263.168899726109885
8263.541048290497201
8264.798832930118806
8265.847428254266561
8266.459167726401574
8267.620802307135818
8268.306797080353135
8269.293837368957611
8270.597375143772297
8271.102988988783181
8271.527124563273901
8273.023727020428851
8273.359088656961831
8274.260748915792647
8274.761296174177915
8276.532087621641040
8277.550531731380033
8278.311044893745930
8278.724155121672084
8279.658220294079001
8280.576684590987497
8281.427733833263119
8282.325186834637861
8283.364230097242398
8283.682719743919733
8284.837059154500821
8286.156465378322537
8286.666088558196861
8287.736512263614713
8288.980436058249325
8289.388001230432565
8290.178026756237159
8290.941297006234890
8291.360592491897478
8292.962945185368881
8293.588170375629488
8294.846862900662018
8295.568517315534336
8296.693739594806175
8297.216960600331731
8297.847035138320280
8299.092930897248152
8300.012435009626643
8300.536369897705299
8301.505488875302035
8302.243478656941079
8302.932610094596384
8304.590585713634937
8305.587635161418802
8306.142916438067914
8306.723994988386039
8307.761913372272829
8308.422654234320362
8309.351684270006444
8310.142625948197747
8310.895266168154194
8312.487888176028719
8313.144211388340409
8313.584885345473594
8314.936714630643110
8315.508934703108025
8316.991697012572331
8317.138031600439717
8318.217082256094727
8318.759355838359625
8319.747436440156889
8320.463512545591584
8321.895686240279247
8322.995964073077630
8323.508788173949142
8324.656429208123882
8325.300636981033676
8325.708797278193742
8326.619738160312409
8328.079211692025638
8328.715589742689190
8329.271340698187487
8330.212048924968258
8331.593502849680590
8332.263071023853627
8333.237664713928098
8334.052726657462699
8335.037292360082574
8335.626392666261381
8336.461889739042817
8337.076040922296670
8337.871295467131858
8339.257480606267563
8340.393714333007665
8341.281554842609694
8341.924980693567704
8342.350313541955984
8343.649101637254716
8344.661638669773311
8345.053008323446193
8346.083112882302885
8346.963463358863009
8347.710096767259529
8348.747559864035793
8349.534979215146450
8351.134421812470464
8351.661547503139445
8352.417119848341827
8352.958073703177433
8353.845609049025370
8354.918549437190450
8355.268913974758107
8356.904040991135844
8357.317471403421223
8358.619425855004010
8359.658407185575925
8359.970765629970629
8361.073625395230920
8361.854099314577979
8362.910269692054499
8363.896584173056908
8364.270313084729423
8364.921654252533699
8365.842461794978590
8367.570202902088567
8368.300171089584182
8368.924192690776181
8369.980516631729188
8370.774259905909275
8371.308043549177455
8372.087574386334381
8373.147445440275987
8374.076460464702905
8374.967512125240319
8375.843575317223440
8376.964785295105685
8377.391886566343601
8378.850000555768929
8379.465601294925364
8380.556228744111650
8380.966154321460635
8381.564090254532857
8382.905500683484206
8383.402690457030985
8384.243264855644156
8386.020866344513706
8386.716772953246618
8387.240328394949756
8388.199827520238614
8388.635538222306423
8389.785194387121010
8391.043045051890658
8391.345769446801569
8392.202609092721104
8393.253383485222002
8394.048747018989161
8395.258153893819326
8396.238183231034782
8396.956726475998948
8397.801538602678193
8398.740715654843370
8399.525152210575470
8399.733280376689436
8400.790029634321399
8402.071249479738981
8403.287132730923986
8403.814434922654982
8404.739289499231745
8405.705195480421025
8406.569355486752102
8407.084863515017787
8408.331513209208424
8408.928736382755233
8410.102479272851269
8410.365241307512406
8411.254384288655274
8412.634141842294412
8413.680979399163334
8414.783450748680480
8415.403499856647613
8415.723254017673753
8416.838129918141931
8417.556527395179728
8418.527239230455962
8419.569109017362280
8420.005248982217381
8421.508390247803618
8422.378527635417413
8423.240648284421695
8423.389063749007619
8425.250971770325123
8425.839729271378019
8426.287467350237421
8427.283348871031194
8428.018573119377834
8428.624830032447790
8429.995855684124763
8431.177000629286340
8431.955360419309727
8432.975958832972537
8433.312480291409884
8434.415421302017421
8435.058137203259321
8435.811385398177663
8437.043923772020207
8437.890770505877299
8438.581508721452337
8439.280453877014224
8440.622495639605404
8441.680875472000480
8442.342548491260459
8443.184375820363130
8443.859358820966008
8445.019550655988496
8445.343743347071722
8446.186349822426564
8447.097012278567490
8448.634176636200209
8449.496018878890027
8450.170450781584805
8451.011051485949793
8451.672354837663079
8452.526787586850332
8453.840544327522366
8454.385593869506920
8455.129114744626349
8455.682201309986340
8457.256933894870599
8457.584956675284047
8459.077902974868266
8459.817317810839086
8460.913889072826350
8461.562867847096641
8462.069886427541860
8462.646579164098512
8463.899499845707396
8464.878542529873812
8465.537510486055908
8466.826335992042004
8467.635630188771756
8468.444307122617829
8469.241866818203562
8470.285462154492052
8470.855567882219475
8472.106756704897634
8472.581593585822702
8473.422142529288976
8474.178986718236047
8474.840320404315207
8476.904664917530681
8477.388694101604415
8477.921861024891768
8478.842816767808472
8479.721517905516521
8480.498098395821216
8481.301917570463047
8481.987757046319530
8483.482314466080425
8483.709365226568480
8485.134315483053797
8485.731595822058807
8486.695524389842831
8487.794494038858829
8488.692418611324683
8489.335843596700215
8490.035611178058389
8490.800705906940493
8491.507454767121089
8492.596487046625043
8493.823574635229306
8494.552018029911778
8496.029850063820049
8496.290002225625358
8497.053886706817138
8497.637356296138023
8498.955065489744811
8499.848538084948814
8500.587623328916379
8501.302755466844246
8501.908544843172422
8503.528225473843122
8504.088873613565738
8505.263513054702344
8506.184467090155522
8506.655630248316811
8507.568430665196502
8508.341839184960918
8509.205092759779291
8509.605168068928833
8511.168181149292650
8512.237298970798292
8513.180504244766780
8513.428366856176581
8514.603122414804602
8515.510306167103408
8516.520710985603728
8517.066793398953450
8517.836912409939032
8518.994229230282144
8519.543241912979283
8520.204192768442226
8521.698529412680728
8522.883461465875371
8523.581766092820544
8524.072959892595463
8525.192740841855993
8525.580145939871727
8526.384967075491659
8527.801285476009070
8528.335279661196182
8529.165725244556597
8530.392088474891352
8531.215969405231590
8532.311647984248339
8532.610707274996457
8533.780194489509086
8535.042150484168815
8535.467449844383736
8536.033310080767478
8536.749664145820134
8537.778374013585562
8539.057118233906294
8540.192595719829114
8540.966649371093808
8541.539982808591958
8542.565392468219216
8543.339096416792017
8543.751519717896372
8545.303334073614678
8545.618122407257033
8546.691491452831542
8547.709108139346426
8548.380388381307057
8549.305495770688140
8550.742265127923019
8551.451183851781025
8552.036847251925792
8552.704688816771522
8553.657695231644539
8554.540035259276920
8555.129548602584691
8556.062209076877480
8557.527026799400119
8558.612656240040451
8558.923460876136232
8559.960124311472100
8560.426167011681173
8561.800541026590508
8562.354829384679761
8563.582511284261273
8563.910392634172240
8564.757382722133116
8565.618743675628139
8567.204607149902586
8567.744539733550482
8568.746748320489132
8569.695230961155175
8570.473144254967337
8570.946215417387066
8571.818896200671588
8572.426464758280417
8573.882934741581266
8574.913003319525160
8575.175968707240827
8576.708934631089505
8577.398701995898591
8577.971246763931049
8579.236900975936805
8579.917964132033376
8580.702003920610878
8581.556354734948400
8582.296736735663217
8582.982426418622708
8583.913021380960345
8585.651463150219570
8586.174833980534459
8587.197320926821703
8587.711288194941517
8588.094852601427192
8589.642476710267147
8590.127188416552599
8591.095567302460040
8591.803792343194800
8592.920901773499281
8594.055748658847733
8594.502062461295282
8595.550909469975522
8596.787241215077302
8597.384498850857199
8598.230072427937557
8599.006813111067459
8599.431780758703098
8600.495518301922857
8601.336163043639317
8602.800930632691234
8603.667158055497566
8604.204875745890604
8605.372037845811064
8606.065011944545404
8606.596847047911069
8607.469584159036458
8608.874054411911857
8609.476576483579265
8609.969946522662212
8610.900549174502885
8612.007241031536978
8613.349092570395442
8614.153530621093523
8614.570297617559845
8615.778990895758398
8616.334145127391821
8617.170423146717440
8617.682388007682675
8619.004610240153852
8619.610075256379787
8621.154330974113691
8621.952650157469179
8622.390314620142817
8623.284603669737407
8624.220096516319245
8625.481069982619374
8626.016582944008405
8626.570046898996225
8627.469440409708113
8628.431748372702714
8629.276843947525776
8630.330799696212125
8631.669465392838902
8632.398793410631697
8633.071914191365067
8633.591393342439915
8634.592755997273343
8635.206921731365583
8636.439865707612626
8637.187563977980972
8638.150805591880271
8638.929026205096307
8640.056739782065051
8640.930858833447928
8641.656960761905793
8642.643422719740556
8643.454487335060549
8644.166494252547636
8645.314890920888502
8645.629539138186374
8646.021671929314834
8648.180817662840127
8648.774619217365398
8649.780880842648912
8650.239461088614917
8651.375577780705498
8651.868483746335187
8652.861534419747841
8653.778576965076354
8654.501099440598409
8655.647399977164241
8656.072710341726633
8657.338800754278054
8658.222107503617735
8659.065463815270050
8660.464749771566858
8660.894985317800092
8661.469178733335866
8662.186065276713634
8663.160874844048521
8664.068204986471756
8664.933277766944229
8666.008296742533275
8667.232034709075378
8668.106266273987785
8668.375532887168447
8669.317504225815355
8670.233446195974466
8671.639127701579127
8671.820091555089675
8672.776806951547769
8673.524006099667531
8674.349201864057250
8675.596120099391555
8676.924281050592981
8677.519367827768292
8677.987746530281584
8679.291278167585915
8679.748657452122643
8680.584051407366132
8681.161852779127003
8682.385865916401599
8683.501223958030096
8684.345138141239659
8685.162576754764814
8685.791259887644628
8687.189699001746703
8687.777364110730559
8688.479057296975952
8689.551335129888685
8690.364817869789476
8690.662797621833306
8691.926226852760010
8692.523178293995443
8694.228413294897109
8694.902289443240079
8695.905093298259089
8696.258314852631884
8697.336511435269131
8697.610485681203500
8699.091219709500365
8699.936426457792550
8700.597521996260184
8701.161157565171379
8702.804254878286883
8703.417101021721464
8704.079332236731716
8705.318810428645520
8706.154650750804649
8707.005236581810095
8707.597537700992689
8708.113872195475778
8709.159693738631177
8709.949365152497194
8711.450294477423085
8712.275399475056474
8712.986720708002395
8714.030953900324675
8714.366502800912713
8715.585779950790311
8716.356426967991865
8717.003515227570460
8718.139853934953862
8719.090250677110816
8719.382554052766864
8720.447893299267889
8721.974942171496878
8722.755721398911191
8723.599098642280296
8724.108198074103711
8724.859676038093312
8725.956761584509877
8726.536842209521637
8727.253773684011321
8728.498800855315494
8729.628006989616551
8730.322892932990726
8731.474828184223952
8731.879802245324754
8732.623377538742716
8734.081398172940681
8734.675973837622223
8735.414586540169694
8736.080091411660760
8736.767658872635366
8737.886599701183513
8739.389508169815599
8739.714814518672938
8741.112495669392956
8741.683325895486632
8742.525510714971460
8742.997118093942845
8743.749048929481432
8745.053827139448913
8745.977161412505666
8746.443532495899490
8747.807308511779411
8748.384570855761922
8749.516423498662334
8750.330086645506526
8751.346430863810383
8751.999141009404411
8752.672763590087925
8753.775489788955383
8754.258907091736546
8755.009176121686323
8756.043831127348312
8757.903052120735083
8758.330109659318623
8758.806686423187784
8759.591981369532732
8760.797760691635631
8761.335651596278694
8762.328890282304201
8763.396469367102327
8763.655686196538227
8765.005865643435754
8765.741131577497072
8766.709274467539217
8767.797892850312564
8768.800400513366185
8769.371308012005102
8770.321068743480282
8771.029690955945625
8771.396367344525061
8772.413788998577729
8773.892563781475474
8774.336921665972113
8775.643665408926609
8776.412826980882528
8777.325477640992176
8778.016754195505200
8778.547501528248176
8779.874152388763832
8780.751048629248544
8781.399843069602866
8781.999405250277050
8782.763532846502130
8784.098180392591530
8785.349005620333628
8786.001416919756593
8786.925723642420053
8787.516533268482817
8788.234123962098238
8789.166704652085173
8790.055912968537086
8790.605373030883129
8791.865750060682331
8792.938115377124632
8793.748087605066758
8794.528210802314788
8795.102194578155832
8796.605348615252296
8797.281339330113042
8797.933469184165006
8798.459711536961549
8799.627566551525888
8800.402790797839771
8800.875335740938681
8802.633957952015407
8803.428243939237291
8804.220472211773085
8805.171186874198611
8805.599435361211363
8806.272540598551132
8807.488748833904538
8808.223313837879687
8809.413500175125591
8809.849477655006922
8810.602647387453544
8812.167774579549587
8812.725714811276703
8813.832162750635689
8814.311277665618036
8815.594893298597526
8816.333686040035900
8816.597902424007771
8817.604528338501041
8818.267042195531758
8819.823257463869595
8820.831983668505927
8821.428062324346683
8822.438231460546376
8822.982439195979168
8823.926324358184502
8824.821596600018893
8825.747064035054791
8826.471286823933042
8827.196344367448546
8828.126900136692711
8829.200853015418033
8829.757344107925746
8831.476274008275141
8832.095903441104383
8832.667733534361105
8833.353272701493552
8834.227333953716879
8834.898748526264171
8836.174940857910769
8836.623445374283619
8837.776447826208823
8839.103878636087757
8839.786452488944633
8840.183848849725109
8841.401930089408779
8842.186429293527908
8843.085298044887168
8844.209896066891815
8844.421280321555969
8845.399046170998190
8845.929067541601398
8847.529970809930091
8848.664758577926477
8849.293012163449021
8849.940859439542692
8850.968666279146419
8851.906343481166914
8852.149291308352986
8853.023070043142070
8854.558251386009943
8854.955551217050015
8856.079945291803597
8856.734523784161865
8857.963064805151589
8858.680999708134550
8859.693494672752422
8860.675496388899774
8861.046695268194526
8861.974859877249401
8862.808651073864894
8863.498357024211145
8864.378003968136909
8865.753819372408543
8866.791201368247130
8867.753787139256019
8868.092270036928312
8868.750967015190326
8869.691904788887769
8871.078180954405980
8871.689920885597530
8872.005432888385258
8873.297980868783270
8874.050059551384038
8875.172814314833886
8876.122838582175973
8876.890060628395076
8878.289574606815222
8878.480878109605328
8879.175609722502486
8880.343782096937503
8880.621668525396672
8881.726078190098633
8883.028741255178829
8884.165749604953817
8884.446684814876789
8885.602305364962376
8886.584181468504539
8887.058666340970376
8888.146956750708341
8888.831196779794482
8889.952996222664297
8890.537948368928483
8891.306737048091236
8891.874379356850113
8893.684840402353075
8894.604473093550041
8895.038202753998121
8896.103336814670911
8896.531323011318818
8897.673494065038540
8898.051507139096429
8899.302724466759173
8900.126946770478753
8900.854875977542179
8902.243765061542945
8903.054487161954967
8903.453422784505165
8904.497639306033307
8905.780057620077059
8906.334722625173526
8907.296439179868685
8907.620487927697468
8908.365865372006738
8909.714669787566891
8910.428989513738998
8911.756517260449982
8912.717343387954315
8913.324972960765081
8914.111116780208249
8914.741188912255893
8915.623803671878704
8916.514178386545609
8917.678078159366123
8918.302168643902405
8918.917303083197112
8920.276287088843674
8920.807424922180871
8922.348329236663631
8922.962986121956419
8923.430369163905198
8924.452124840512624
8925.469534407589890
8925.913861820414240
8926.590671425492474
8927.543910280875934
8929.299323788705806
8929.808678924302512
8930.622184355024729
8931.360853742507970
8932.151532174342719
8933.161556855913659
8934.023589735781570
8934.749925304202407
8935.684604088346532
8936.253765070299778
8937.198156762437065
8938.346035492339070
8939.308181977246932
8940.290249827748994
8941.181572192283056
8942.047712429559397
8942.474071166487192
8942.901797183500094
8944.315501548007887
8945.056384872776107
8946.156952171697412
8946.789546432199131
8948.094866137136705
8948.871203070622869
8949.659174962522229
8950.085438400234125
8951.679585354739174
8952.132146366207962
8952.910570342162828
8953.663140523774928
8954.570266105707560
8955.021105983401867
8956.904086111224387
8957.719764459237922
8958.329612995061325
8959.083915903633169
8959.872529807256797
8960.757465936536391
8961.514277567270256
8962.376098409866245
8963.122595274162450
8964.501768867299688
8965.042322647061155
8965.909132690283514
8966.831852556912054
8968.083142598414270
8968.730830804888683
8969.576813396182843
8970.156460463083931
8971.008144511877617
8971.900341569524244
8972.398475358717405
8973.827888982770673
8974.779544770535722
8976.046813314545943
8976.339748017880993
8977.267754470200089
8978.139157900688588
8978.484856067781948
8980.105035039647191
8980.789975094998226
8981.364598450198173
8981.893809432898706
8983.298016881797594
8984.458470334755475
8984.976927663607057
8986.278143617257228
8986.765638638711607
8987.708763258455292
8988.513243868865175
8988.936179401069239
8989.737246620055885
8991.143647230734132
8991.847222467371466
8993.206522747888812
8993.843872416933664
8994.285296828882565
8995.438088516588323
8996.520060324059159
8997.025737752290297
8997.967571698080064
8998.648899442072434
8999.718728031784849
9000.243406943076479
9001.129405308298374
9002.623776992957573
9003.873677515279269
9004.052178244030074
9004.805111170249802
9005.606797077049123
9006.565630589182547
9007.260756057401522
9008.304703037771105
9009.070075285329949
9010.088962863381312
9011.033504193104818
9012.042284016975827
9012.644453437733318
9013.551021066799876
9014.565229679206823
9015.596687046418083
9015.977933055108224
9016.814019972604001
9017.345160193772244
9018.424475610378067
9020.072493601837778
9020.646017117476731
9021.257036937256998
9022.745934352786207
9022.965488033276415
9023.565193774027648
9024.667245992581229
9025.628559533684893
9026.521713970003475
9027.231504803192365
9028.106836457523968
9028.987081386134378
9030.147631956571786
9031.032976776785290
9032.149738849133428
9032.444258621348126
9033.515720830413557
9033.854034846002833
9035.168949367585810
9035.749059047582705
9036.429306613503286
9038.302210472736988
9038.744798376163089
9039.773178757523056
9040.140208823973808
9040.975491231656633
9042.313865996178720
9043.019421319069806
9043.610772971060214
9044.618071147806404
9045.108590882362478
9046.315029701647290
9047.178898921221844
9048.588554505273351
9049.087937802136366
9049.992714867448740
9050.882205632555269
9051.428509000665144
9052.224339386075371
9052.755417231304818
9054.400106782060902
9054.931264072116392
9055.905240586100263
9056.785351956468730
9057.930288444322287
9058.352731342005427
9059.695201794214881
9059.901550740716630
9061.261010259075192
9062.010375428286352
9062.556640822880581
9063.065987666102956
9064.398647013107620
9065.676445011300530
9066.715937218861654
9067.344319123518289
9067.890693026052759
9068.707565890810656
9069.651864013749218
9070.419820652425187
9071.485275093295058
9072.068890118189302
9072.950481989126274
9074.381551780923473
9074.869755813135271
9075.539800390943128
9076.905342562264195
9077.941193163163916
9078.388813148849295
9078.885068809988297
9079.958594688501762
9080.600278836755024
9081.525029640737557
9082.687459166014378
9083.817684467940126
9084.719189339048171
9085.261991006198514
9086.216791442006070
9086.854064628998458
9087.619989058994179
9088.908988499886618
9089.425998602173422
9090.498988662222473
9090.953967030520289
9091.778385807689119
9093.554540592722333
9094.080653738819819
9094.817936161849502
9095.707283364858085
9096.611589238438683
9097.164150723323473
9098.092115417231980
9098.532042167058535
9099.836635635669154
9101.042374240885692
9101.885250829855067
9102.497480971078403
9103.493787094455911
9104.193256141505117
9105.074920829636540
9106.474161546830146
9106.705267547544281
9107.191202663576405
9108.613643184053217
9109.023970775506314
9110.230386514662314
9111.375084878634880
9112.381582610445548
9113.302297846672445
9113.658797282170781
9114.444853438539212
9115.042930636192978
9116.424405314448450
9117.137058329919455
9117.860968025157490
9118.810944247423322
9120.116281592967425
9120.569264316976842
9121.584902244998375
9122.504965210955561
9123.393854938902223
9124.084874392272468
9125.059677152572476
9125.604247738101549
9126.235472796694012
9127.121392691025903
9128.945962237436106
9129.473000953557857
9130.446701653567288
9130.768159170791478
9131.957373712513800
9132.877022276270509
9133.253132722165901
9134.299136950121465
9135.427457334468272
9136.139601993791075
9136.679196436498387
9138.105910779158876
9138.600382789620198
9140.231969818214566
9140.578259697125759
9141.357179362334136
9142.266523219928786
9142.836907708715444
9143.596977939632779
9144.619980820221826
9145.638522322160497
9146.526358405506471
9147.808894963089188
9148.555047141635441
9149.117996849556221
9149.558123853039433
9151.026455173489012
9151.817672100358322
9152.649018566886298
9153.267808749673350
9153.740200095622640
9155.111134265143846
9156.088026232411721
9157.200853860185816
9157.957603481643673
9158.830116897250264
9159.438824974984527
9160.353847711056005
9160.796139418418534
9161.926432339943858
9162.627075284894090
9164.011258568751146
9164.765021488881757
9165.448663414386829
9166.381734370745107
9167.382447422909536
9168.304925878113863
9169.005615313923045
9169.689672310458263
9170.658946113624552
9171.402013820586944
9172.213321782217463
9172.683910450423355
9174.799448248375484
9175.208835881228879
9175.927458354539340
9176.891017123540223
9177.479208892978932
9178.130377598334235
9179.285979755704830
9180.321113395797511
9180.739286973817798
9181.702974296287721
9182.811173984773632
9183.699837538328211
9184.767194414182086
9185.136000609179973
9186.578146636389647
9187.345086889568847
9187.811497032358602
9188.464829562724844
9189.187313215268659
9190.366779364116155
9191.463118656116421
9192.438691653935166
9193.368911875733829
9194.036497583256278
9194.998618070027078
9195.415993341559442
9196.541376822498933
9197.375793024768427
9198.428751554567498
9198.789347491290755
9200.006746344035491
9200.451077571462520
9201.837434832796134
9203.050941490620971
9203.761790100945291
9204.449930354578100
9204.760708258412706
9206.165350791598030
9206.847375416245995
9207.189750328559967
9208.520414152957528
9209.480933056158392
9210.873978974290367
9211.220220622675697
9211.878326613839818
9212.942543018036304
9213.953457242496370
9214.809815382855959
9215.383063606701398
9216.396499883132492
9216.889162998637403
9217.632413626710331
9219.125065265663579
9220.020083391238586
9220.852137981712076
9222.000798287770522
9222.354047560482286
9223.237859070792183
9223.870046096291844
9224.578163424444938
9226.173215900609648
9226.625762799938457
9227.262194971401186
9228.502157991702916
9229.558364129359688
9230.160704778991203
9231.116341546648982
9232.082594097690162
9232.764557616515958
9233.690366508899388
9234.086401679775008
9235.309074305780086
9235.520669016888860
9237.255825767933857
9238.525524178481646
9238.873162118126857
9239.599760445382344
9240.463318406555118
9241.168927233486102
9242.438747055546628
9243.002727144772507
9243.629625414072507
9244.722256154660499
9245.730317259871299
9246.372479217969158
9247.323682008931428
9248.859664427933239
9249.097134244813788
9250.217232551685811
9250.850268731168399
9251.325332009919293
9252.301982660403155
9253.266895877883144
9254.039963750217794
9255.629242734972649
9255.870307159366348
9257.090976369529017
9257.922851052207989
9258.513197988890170
9259.199490496888757
9260.462686089542331
9261.410917752196838
9261.832615530931434
9262.571905341419551
9263.278863899333373
9264.808555510762744
9265.914999339087444
9266.523355586281468
9267.157637377176798
9268.359885083666086
9268.846663836467997
9269.385312604052160
9270.504925928491502
9271.301028118585236
9272.394102687190752
9273.266843198505740
9274.338133839817601
9274.986375913176744
9275.555512461765829
9277.160514444523869
9277.608768374497231
9278.356214546118281
9279.040933077736554
9279.938256160905439
9280.769267593454060
9281.537438793173351
9282.734288937201200
9284.093681675076368
9284.762478436967285
9285.344159689400840
9285.849431118951543
9286.901569164032480
9287.799427530864705
9288.657678861049135
9289.634716492791995
9290.238472558106878
9291.071149949048049
9292.450151019331315
9293.020371572758449
9294.077099796137190
9294.994414285980383
9295.564223471825244
9296.607047273229909
9297.328597821579024
9297.791417094673307
9298.415822954259056
9300.174304705344184
9301.095504972085109
9301.630677861678123
9302.761169162320584
9303.238852584414417
9304.478169097739737
9304.747219152917751
9306.002925382834292
9306.808098667526792
9307.501144154388385
9308.397687577842589
9309.059307208768587
9310.294182822783114
9311.394263390711785
9312.287090010511747
9313.137110976716940
9313.642041786628397
9314.191767555916158
9315.257777092714605
9316.091993796680981
9317.221478360377660
9317.520864381380306
9319.337900163971426
9319.827795194360078
9320.592913364353080
9321.355037464780253
9322.199858975794996
9323.579903835332516
9324.038642999947115
9324.662478030882994
9325.359891018410053
9326.496593790359839
9327.029340176412006
9328.937276210059281
9329.235940410046169
9330.230659582979570
9330.921834157541525
9331.875838210982693
9332.545535709050455
9332.990177777222925
9334.305898779170093
9335.206489196421899
9336.031511109678831
9336.966415719894940
9337.535506027181327
9338.970532754690794
9339.734206712102605
9340.336005010403824
9341.340822196101726
9341.999574596002276
9342.923902156084296
9343.478761544974986
9344.189903972415777
9345.473934989955524
9346.909626243472303
9347.350886762278606
9348.412153406305151
9348.847438791957757
9349.534174825501395
9350.701823059300295
9351.640126343543670
9352.399663267564392
9353.014453103445703
9353.743506760978562
9355.235106157850169
9355.820175981831198
9356.673033797418611
9357.970513889609720
9358.838675557577517
9359.076903405517442
9360.025057415079573
9360.682314260677231
9361.527052532508606
9362.648214727740196
9363.690016544967875
9364.532422656035124
9365.565561378696657
9366.263485245108313
9366.856452107047517
9367.994621558229483
9368.900918158318746
9369.264875034456054
9370.763366235001740
9371.178734814528070
9371.587599990185481
9372.784751974935716
9374.379510450160524
9375.170795001104125
9375.736537521141145
9376.328130229519957
9377.450651133645806
9377.983702594425267
9379.018437925036778
9379.494344123486371
9380.793873689144675
9381.675840485115259
9382.560440804547397
9383.568374417503946
9384.090451459149335
9385.110359164360489
9386.234914019049029
9386.888612207834740
9387.733832772215465
9388.121802783693056
9388.979169604210256
9390.090466518719040
9391.049764368448450
9392.305852528508694
9392.964477181185430
9393.984756238854970
9394.689784015236000
9395.103416035848568
9395.826310147316690
9397.472564246871116
9397.818267625127191
9398.618868891882812
9399.494206831581323
9400.580871303545791
9401.427516665658914
9402.552909281863322
9403.382930753850815
9403.920835263552362
9405.062878277394702
9405.517985108348512
9406.317820404488884
9407.247627536477012
9407.745436535875342
9409.471336663333204
9410.603937082796620
9410.808666731094490
9411.457048111918994
9412.787360568496297
9413.355204753259386
9414.366649962947122
9415.106792479155047
9415.823151301210601
9416.804191133096538
9417.532924976707363
9418.349184602919195
9419.744269401406200
9420.582583616911506
9421.526892048423178
9422.040011768900513
9422.810743700449166
9423.591008663044704
9424.174561788018764
9425.411963546654079
9426.506903687983140
9426.874533970336415
9428.235207719002574
9429.379144119795455
9429.574025269554113
9430.535514117107596
9431.485551950740046
9432.713826104669351
9433.125018231328795
9433.826715940169379
9434.666665734315757
9435.196314279324724
9437.178849319270739
9437.419496808175609
9438.835191547619615
9439.288351898247129
9439.978628849728921
9440.804069911680926
9441.857096238964004
9442.274634497078296
9443.449249712150049
9444.311353870485618
9445.247610816521046
9446.162804214649441
9446.796122036819725
9447.907524955042391
9449.201580600951274
9449.609725389102096
9450.152313575517837
9451.044025469182088
9452.148976996906640
9452.581214093017479
9453.384466732684814
9454.941836695375969
9455.879794581773240
9456.638848993114152
9457.289938948842973
9457.972397294628536
9458.826684385940098
9459.769410651762882
9460.903772501187632
9461.404922056239229
9462.137989879678571
9462.936516167903392
9464.217904346365685
9465.261895534529685
9465.991177189080190
9466.722587065203697
9467.860632792306205
9468.494804378226036
9469.132039337015158
9469.456006505055484
9470.882771001473884
9471.819269688123313
9472.907942701793218
9473.723079554978540
9474.392245663753783
9475.565521140302735
9475.919635500875302
9477.137885718797406
9477.827320467828031
9478.855699954578085
9479.229478691426266
9480.235271344658031
9481.143882258962549
9481.839788621124171
9483.688815646473813
9484.207298377048573
9484.640388958237963
9485.753856656421704
9486.030868859608745
9487.215810246310866
9488.107214893483615
9488.903784852236640
9489.546258565251264
9491.036789278032302
9491.622337134984264
9492.559851589392565
9493.134847953395365
9494.478852244827067
9495.156477923670536
9495.860072044986737
9496.823908854259571
9497.255442783198305
9497.951007264427972
9499.137222929028212
9500.595321344588228
9501.217267713875117
9501.922520025646008
9503.042498302918830
9503.601117763335424
9504.264017632143805
9505.086080346834933
9506.113854057057324
9507.223790580799687
9507.961501776308069
9508.129637449226720
9509.769913842899768
9510.615551924727697
9511.550977665867322
9512.380208554101046
9513.335229212823833
9513.533893338417329
9514.814322806685595
9515.333335579303821
9516.047851769819317
9517.248001838854179
9518.401462280204214
9519.480657353684364
9520.014543684854289
9520.830643941693779
9521.162437132308696
9522.916082653631747
9523.293287273883834
9524.172145197426289
9524.673999746042682
9525.837508223161421
9526.527981212930172
9527.680937490484212
9528.632397360561299
9529.771681927852114
9530.405942179322665
9531.147923592072402
9531.625571622489588
9532.674849336539410
9533.237985855254010
9534.471660705845352
9535.377269524698931
9536.209876871133019
9537.253631706384112
9537.834915534642278
9539.182796449742455
9539.514744272632015
9540.396197262094574
9541.667102046192667
9542.028340453083729
9543.161504406562017
9543.327342114100247
9544.333386339598292
9546.148062138916430
9546.850958230857941
9547.451494516013554
9548.202699749706881
9549.109408072243241
9550.023825186957765
9550.297435818614758
9551.802310112949272
9552.369737287714088
9553.055529832436150
9554.438731024914887
9555.132351125928835
9555.765517186338911
9557.033450242659455
9557.864073545581050
9558.778597586111573
9559.497877391873772
9559.651002786866229
9560.804275858352412
9561.826855174031152
9562.595160265600498
9563.767484768306531
9564.941586598359208
9565.719270210825925
9565.998473754085353
9567.084762807113293
9567.680668642880846
9568.920136749611629
9569.757583804237584
9570.282928700380580
9571.225835960820405
9571.872993121369291
9573.170828778938812
9574.260212103265076
9575.159596766068717
9575.627693113068744
9576.504120426485315
9577.462720728044587
9578.082268990219745
9578.752937349978311
9579.449577446088369
9581.125284055393422
9581.813931393478924
9582.531012948869829
9583.488437066878760
9584.163335287170412
9585.143063862838972
9586.255233920493993
9586.572222390226671
9587.581534661283513
9588.562422367796898
9588.897946175895413
9589.946539842007041
9591.313819408709605
9592.130272135011182
9593.205180493658190
9593.910165406045053
9594.431429784413922
9594.988285872686902
9595.993695246837888
9597.340246229807235
9597.618342094729087
9598.766169772417925
9599.449375097214215
9601.023594442614922
9601.374051672792120
9601.972952765041555
9603.387320427234954
9604.113455998882273
9604.831331501784007
9605.509080556901608
9606.208589671676236
9606.948842119687470
9608.036444605873839
9609.580310488176110
9610.210766394500752
9610.802823321588221
9611.665887777862736
9612.606349754942130
9613.167963417456122
9614.252323364500626
9614.790927447389549
9616.080125100234000
9616.576304356221954
9617.711563455022770
9618.147803718693467
9619.662657556978957
9620.711570046190900
9621.165759368628642
9621.757407603286993
9622.960401194606675
9623.378434431066125
9624.134944535440809
9625.222075594958369
9626.015526809151197
9627.410922590326663
9628.224711924473013
9628.814176045421846
9629.724366465654384
9630.301966897595776
9631.280209290209314
9632.562265478025438
9633.111145441420376
9633.589919581043432
9634.275150158076940
9635.651739530143459
9636.586190719115621
9637.636829868488348
9638.333970206398590
9639.400372272584718
9639.941632652453336
9640.667624445024558
9641.271927640640570
9642.172583672367182
9643.651510536878050
9643.850300727237482
9645.268004100864346
9646.033601387987801
9646.682120242308883
9647.776874287208557
9648.593127494612418
9649.697627600658961
9649.853790958864920
9650.999123888006579
9651.871456186812793
9652.538464027657028
9653.014874566615617
9654.963345358770312
9655.670242556963785
9656.509156429003269
9657.006073676157030
9657.625816863723230
9658.780678230385092
9659.637116337265979
9660.202999377106607
9661.371533562065451
9661.957836041305200
9663.085768151968296
9663.881076548494093
9665.039454448804463
9665.485661646631343
9666.807212489642552
9667.564227300297716
9668.135428970974317
9668.700128123908144
9669.745616207286730
9670.162113845697604
9671.949512726718240
9672.494340342316718
9673.396190895942709
9674.547299394769652
9675.122226685421992
9675.734272080004303
9676.482970442664737
9677.762490773549871
9678.441444797379518
9679.309646020154105
9679.806168479679400
9680.762833610206144
9681.933181545262414
9683.097742918038421
9683.867021673075214
9684.589585901776445
9685.308004229365906
9685.960000518492961
9686.938901705503667
9687.635650374519173
9688.452504117911303
9689.424900299010915
9691.007692604953263
9691.345099412726995
9692.129608962688508
9692.775465087985140
9694.160018792739720
9694.810249048601690
9695.587265123240286
9696.340584322437280
9696.969092912941051
9697.964078699751553
9698.735918071115520
9699.909751127412164
9701.268636037584656
9701.750955885449002
9702.343670704511169
9703.640136866695684
9703.837388247138733
9704.480325775091842
9705.876215987489559
9706.802865517505779
9707.414647044850426
9708.186078193497451
9709.502438605259158
9710.185679567854095
9711.156381036051243
9711.887312336946707
9712.668956896419331
9713.803909573425699
9714.476372679759152
9714.689105558265510
9715.654426519518893
9716.864893947744349
9718.217323919809132
9719.003948229437810
9719.584605409278083
9720.464454076305628
9721.104473046969360
9721.996753309982523
9723.058455125068576
9723.737313265188277
9724.373873216511129
9725.549128994302009
9726.187902553736421
9727.403728478151606
9727.880335351850590
9729.496025752607238
9730.119586178587269
9730.576904308747544
9731.372827729494020
9732.006893644667798
9733.303859799543716
9733.610464090441383
9734.855515621142331
9736.090792315415456
9736.730369148979662
9737.855582949503514
9738.240421320171663
9739.021072198769616
9740.135575736943792
9741.076087748449936
9741.657972106349916
9742.623564743644238
9743.232096252093470
9743.733762360301625
9745.639066617375647
9746.440268750824544
9746.825728279776740
9748.002697060168430
9748.639282223253758
9749.482254346996342
9750.074742139966474
9750.773005612476481
9751.983307432255970
9753.034700475616773
9753.717213061298025
9754.680499290170701
9755.495112248225269
9756.380104702497192
9757.260899468928983
9758.307454097393929
9758.814665166590203
9759.592246659125522
9760.270891381358524
9761.363189250918367
9761.887569295264257
9763.294099801654738
9764.416349965647896
9765.298077292483867
9765.798045051535155
9766.238754743440950
9767.289858684207502
9768.168596164699920
9769.341847581768889
9769.963460333965486
9770.298585892207484
9771.872279801797049
9772.654168675884648
9773.284337854804107
9774.703617455914355
9775.088283540137127
9776.251533919416033
9776.730381885561656
9777.692679375588341
9778.148806606652215
9778.880763275066784
9780.313329425089250
9781.383732402793612
9782.385525671767027
9782.610816339745725
9783.722534561653447
9784.680677563404970
9785.381062853271942
9785.900034116508323
9787.276920186623101
9787.953486118465662
9788.477759390460051
9789.402370599818823
9790.364384932036046
9791.983400038892796
9792.246728932375845
9793.549999292037683
9793.647618792512731
9794.761051811066864
9795.420031375642793
9796.201811061875560
9797.293024611317378
9798.034191396092865
9799.096192514176437
9800.348712492730556
9800.831815354951686
9801.527598488981312
9802.247218201908254
9803.782724367467381
9804.339386746743912
9804.771010774446040
9805.672191920601108
9806.373069561859666
9807.415268673012179
9808.579426841199165
9809.662905147581114
9810.291826875660263
9811.323107614278342
9812.026190727499852
9812.268979445580044
9813.488974531113854
9814.292509387760219
9815.145409875074620
9816.280725472366612
9816.937616013130537
9817.665816070328219
9818.915101401562424
9819.703209234132373
9820.652109742502944
9821.399312628915141
9821.902829739245135
9823.078061393203825
9823.702895700076624
9824.295346709679507
9825.034070225097821
9826.946695210841426
9827.547832227359322
9828.155753564818951
9828.973287305270787
9829.933473335917370
9830.307902371356249
9831.760429334100991
9832.237602064833482
9833.139694319812406
9833.898350380037300
9834.670764972765028
9836.112660501270511
9836.485906520354547
9837.756654900431386
9838.631071530686313
9839.435359540697391
9840.038249688897849
9840.729469971664003
9841.165565424500528
9842.661664685199867
9843.426278643086334
9844.269014987097762
9845.514484924075077
9846.234022220622137
9846.883790560701527
9847.700262244547048
9848.563597129890695
9849.559686381093343
9850.340915387203495
9851.168115715308886
9851.623956975879992
9852.552236726618503
9853.637530407182567
9855.045803746470483
9856.031386999542519
9856.177060904510654
9856.910175667162548
9858.164581111084772
9858.732414135967701
9859.381159522503367
9860.360205325458082
9861.363515492228544
9862.379013196930828
9863.480482964539988
9863.698339983144251
9864.789829098051996
9866.121993983968423
9866.515268109411409
9867.444225598539560
9868.274452687335724
9868.714659330642462
9869.812878325987185
9870.332258556616580
9872.000623378133241
9872.558666059603638
9873.802220903648049
9874.323957629063443
9875.218994098846451
9875.600956248756120
9876.479017063784340
9877.782654005501172
9878.654772385692922
9879.036733396569616
9879.884490596799878
9881.102360865354058
9882.192215966333606
9882.831960845038338
9883.648049437513691
9884.820980500271617
9885.417235786022502
9885.831209003690674
9886.927710735841174
9887.495618736771576
9888.361557893202189
9890.123508397477053
9890.457523942801345
9891.628625208284575
9892.017784660500183
9892.882951596244311
9893.964140444149962
9894.773148318747189
9895.597360099307480
9896.023338800157944
9897.287439089346663
9898.182959745887274
9898.405455795065791
9900.125286817557935
9901.066140005894340
9901.825966236685417
9902.414483538097556
9903.156618968769180
9903.791439395430643
9904.892760732265742
9905.493254381219231
9906.664873062418337
9907.434385037664470
9908.602150116692428
9909.272060613606300
9910.349448025855963
9910.681429651764120
9911.831981665543935
9912.738467529918125
9913.738705139337981
9914.211424574838020
9914.653565232147230
9915.596173634192382
9917.067913423512437
9918.138431255651085
9918.705972905998351
9919.625835247099531
9920.376610697596334
9921.243519427358478
9921.715530356679665
9922.554020205690904
9923.879935138664223
9924.433066153649634
9925.273041647407808
9926.413061808583734
9927.151435149744430
9927.864383711184928
9929.442999753495315
9929.761473066551844
9930.426213378845205
9931.256052743141481
9932.269131844621370
9932.650954758233638
9933.826454084355646
9934.527161784926648
9936.297215319616953
9936.799862763818965
9937.375081777039668
9938.090292199618489
9938.884224450977854
9940.057687846332556
9940.795859598652896
9941.500484514215714
9942.487113471517659
9942.896982124982969
9944.195973810468786
9945.165420246661597
9946.088848612185757
9947.064628745418304
9947.591101986550711
9948.742044737879041
9949.102999743172404
9949.990912111168655
9950.398845531955885
9951.907364928711104
9952.854372743591739
9953.866783603150907
9954.182584368703829
9955.724033589023747
9956.068336690646902
9956.810139922614326
9958.007999454681340
9958.649698449124116
9959.512987188623811
9960.295355628037214
9960.856547843392036
9961.770868304298347
9963.326931990735829
9964.155267424641352
9964.838469804184570
9965.726087173101405
9966.208217677962239
9966.866343384534048
9968.062474133754222
9969.033371790907040
9969.310627781915173
9970.570859935058252
9971.790012201232457
9972.396338091193684
9973.115830364513386
9973.988018903699412
9975.185148629796458
9976.076448638154034
9976.556270167453476
9976.956671511266904
9978.332770905872167
9978.625188498595890
9979.889859833108858
9981.329076419307967
9981.831091564839880
9982.732872815278824
9983.553013138041933
9984.152707830424333
9985.067624895307745
9985.625469844353574
9986.981163499285685
9987.702430927793102
9988.313141533621092
9989.133283481587569
9990.230332883673327
9991.445890977603995
9992.253150320328132
9992.735143505607994
9993.666948284755563
9994.620085472670326
9995.190600851283307
9995.877231960972495
9996.556933962112453
9998.094860334975237
9998.850397089674516
10000.065345414535841
10000.651847323768379
10000.918178955611438
10002.279122272888344
10002.980327512224903
10004.047053828169737
10004.679404166065069
10005.310331727640005
10006.052756874654733
10007.372875972387192
10008.034245242813995
10009.099264723476153
10010.396260197881929
10010.859145158246974
10011.551642882457600
10012.098374860015610
10013.033066685102312
10013.836810490507560
10015.055397413912942
10015.610960152243933
10016.655508660674968
10017.828606854676764
10018.380731877743528
10019.121152465781051
10020.331251606163278
10020.810492183285533
10021.883178542297173
10022.591974839762770
10023.327690618392808
10024.066739639991283
10024.538095541742223
10026.533389540023563
10027.334815708809401
10027.693447874715275
10028.612492024521998
10029.431275334805832
10030.406945362265105
10030.747920892552429
10032.013997428564835
10032.544373020044077
10033.898763498722474
10034.362265017263780
10035.355032624600426
10036.357179057722533
10037.201015911463401
10038.185395282554964
10039.091108443915800
10039.586905609277892
10040.323633484229504
10040.921662903521792
10042.165511392175176
10042.740883531370855
10044.106076346783084
10045.027803534701889
10045.857757160321853
10046.696656581563730
10047.317083502548485
10047.592439602000013
10049.391328278288711
10049.926325462312889
10050.486340884939636
10051.349057594256010
10052.163555670094865
10053.327193007291498
10054.354850298368547
10055.203177300478274
10056.143956279875056
10056.617249275384893
10057.603014908723708
10058.329123419389362
10058.811934192019180
10059.844775959782055
10060.775329179716209
10062.309512353773243
10062.656191868987662
10063.479254828747798
10064.311095358392777
10065.325453233677763
10066.345378187819733
10066.713406051301718
10067.636020617348549
10068.698969352421045
10069.253551239786248
10069.832670678772047
10071.099619067415915
10072.355741783076155
10073.479214253078680
10073.648643070562684
10074.589654015968335
10075.291872528423482
10076.112937575077012
10076.835141430978183
10078.110533661365480
10078.837457601915958
10079.243864501369899
10080.860166724540250
10081.549987834367130
10082.171789827874818
10083.006831650522145
10084.414566526633280
10084.692785227438435
10085.765052699398439
10086.299054719183914
10086.688407200212168
10087.985149252688643
10089.271409818224129
10090.058993632495913
10091.029958434724904
10091.799143551554153
10092.338767610850482
10093.220539552083210
10094.085166856604701
10094.852038121211081
10095.871378796271529
10096.593534430634463
10097.435473881272628
10098.349034004337227
10099.069323865423939
10100.692196523021266
10101.057303214412968
10102.052180578108164
10102.506272876484218
10103.279650105143446
10104.399915674259319
10104.989014622118702
10105.546035339068112
10107.048063147685752
10108.278190650913530
10108.649560933228713
10109.477910296056507
10110.341554527010885
10110.989128281982630
10112.204258632404162
10112.940879396823220
10113.849020295605442
10114.014153331414491
10115.277431498781880
10116.012498678828706
10117.551403203719019
10118.175293408132347
10118.790580036884421
10120.258762475368712
10120.473986650737061
10121.075650517723261
10121.811872388439951
10122.938099810859057
10124.103683034543792
10124.618205004582705
10125.685579305203646
10126.596546728331305
10127.447135779966629
10128.281282225776522
10129.028309929859461
10130.045754409977235
10130.849810922909455
10131.335457825109188
10132.299913995306269
10132.997104305777611
10133.742002862873051
10135.406036692185808
10136.302986037122537
10136.961956744386043
10137.347719068067818
10138.258081664842393
10139.178510621970418
10140.171775546537901
10140.749996061154889
10141.625182793417480
10142.557323698105392
10143.553834066535273
10144.559162033790926
10144.921824389310132
10146.375533432234079
10147.360931954213811
10147.607043987503857
10148.559061478181320
10149.452104997530114
10149.834139002185111
10150.760194566611972
10152.179469717733809
10152.941922152296684
10153.965755321445613
10154.680656211441601
10155.644540263523595
10156.061274517871425
10156.998088900076255
10157.821423123854402
10159.101764792194444
10159.551301888594026
10160.345678678480908
10160.744166551749004
10162.728496334835654
10162.952665940938459
10164.497045903663093
10164.682737074439501
10165.590623148573286
10166.615246968804058
10167.012970514506378
10167.842665067681082
10168.838773877912899
10169.739276019619865
10170.992897483325578
10171.753541516476616
10172.602229897122015
10172.990301901145358
10174.129238816949510
10175.367487929466733
10175.913166056559930
10176.327065917226719
10177.302928006256479
10178.268723458339082
10178.934978730823786
10179.947333014024480
10181.403779563595890
10182.015576031926685
10182.935499674966195
10183.270941532897268
10184.370103569339335
10184.664298215373492
10186.111172521334083
10186.797202113924868
10187.504470841813600
10188.754159114769209
10189.180239788664039
10190.543201984684856
10191.222719472705649
10192.101648185776867
10192.732576814876666
10194.023070067391018
10194.433454049958527
10195.098257433077379
10195.856476876602756
10196.583002953730102
10198.406769880670254
10199.105554726749688
10199.582713509025780
10200.529887277547459
10201.515028674182759
10201.977877982959399
10202.853109183872220
10203.914249272485904
10204.723161044601511
10205.283354915542077
10206.362900457381329
10207.225029241139055
10208.060381419725672
10209.268694682223213
10210.109486691144411
10210.998836023385593
10211.383128987392411
10212.018796785332597
10213.043282492189974
10213.885643421375789
10214.781973008535715
10215.657348676815673
10216.931455724012267
10217.947654064495509
10218.283079910066590
10218.810787417520260
10220.126413779054928
10220.968771656205718
10221.751367791492157
10222.566400181303834
10223.109025430589099
10223.878289371075880
10224.989876494160853
10226.355841584183509
10227.055703366408125
10227.802923163604646
10228.701932458145166
10229.161843142610451
10230.459267896942038
10230.657746535749538
10231.386264556422248
10233.081422474924693
10233.537139160118386
10234.431478443279047
10235.437022862863159
10236.097477338318640
10237.241537138743297
10238.029679456187296
10238.668125089270688
10239.540477404478224
10240.327803936666896
10241.214177655447202
10241.491853754181648
10242.832315995734461
10244.173044204721009
10244.913389616511267
10245.834779867813268
10246.433178355689961
10246.933326287351520
10247.774414108789642
10249.065589293315497
10249.690278542297165
10250.657790868970551
10250.894677578586197
10252.528796389759009
10253.187400905626419
10254.042911696828014
10254.889848143433483
10256.076013832853278
10256.699140647120657
10257.386834739158076
10257.894697542042195
10258.747946544101069
10259.733331733310479
10260.663866323222464
10262.155024000574485
10262.585251115955543
10263.306373673067355
10264.317792104535329
10265.158902333256265
10265.592590014040979
10266.938070192407395
10267.361477642041791
10268.433394971114467
10269.341674521338064
10269.594394984320388
10270.853644660235659
10272.532333410488718
10272.896213568166786
10273.461689708128688
10274.395913441570883
10275.261044162807593
10275.882300762596060
10276.603445503180410
10277.680530369316330
10278.413856084651343
10279.792710704472483
10280.460627608999857
10281.194328703035353
10282.165346310182940
10282.614128908960993
10284.016128649478560
10284.776082442436746
10285.248081634632399
10286.139135584704491
10286.565219719052038
10287.838706874494164
10289.030966616333899
10289.704013072474481
10290.955210997937684
10291.550668652394961
10292.192533690113123
10293.102300958193155
10293.340379745761311
10294.800868763237304
10295.555328838372589
10296.492723984947588
10297.022712734078596
10298.265570310342810
10299.155298426912850
10299.786935104511940
10301.107893408168820
10301.659639760855498
10302.207479011856776
10303.217111186579132
10304.177623498608227
10304.529284598062077
10305.204067103217312
10306.937730437564824
10307.953273057248225
10308.506112524579294
10309.271072144976642
10309.714678090744201
10311.049622683118287
10311.700048619284644
10312.484501504906802
10313.269731874257559
10314.328568184755568
10314.814780021451952
10315.932024707684832
10316.918581807245573
10317.840326925272166
10318.860130131091864
10319.532969080208204
10320.288582438101002
10320.871814151461876
10321.530484772920317
10322.490747973150064
10323.604017466126606
10324.594090514083291
10325.222314236014427
10326.597172848660193
10327.060324558180582
10327.864215268367843
10328.494498378548087
10329.573488812287906
10330.818232912681196
10331.143670819345061
10331.590802585413257
10332.775756855920918
10333.466755608542371
10335.083766397254294
10335.780513354020513
10336.509928511957696
10337.207568183743206
10338.145493670988799
10338.612634999253714
10339.597353171842769
10340.449106629306698
10341.180451882672060
10342.294441578134865
10343.612077423274968
10343.819015691209643
10344.579461556209935
10345.969301401857592
10346.775181769387927
10347.374070514380946
10348.272339559940519
10348.784956341356519
10349.677779336836466
10350.770500855087448
10351.048529302721363
10352.910087329490125
10353.606628462597655
10354.296883253231499
10355.179310138497385
10355.685044070356525
10356.546983044214358
10357.309631180463839
10358.684775943394925
10359.127873523801100
10359.828418506995149
10360.687991772723763
10362.022148401829327
10362.813096614403548
10363.569025054133817
10364.467773688205853
10365.310942111076656
10366.294138863853732
10366.560789393493906
10367.405786062481639
10368.050826283935749
10369.616470999135345
10370.396384942443547
10371.402107448098832
10372.007951865578434
10373.050073834267096
10373.339762086932751
10374.634233214672349
10375.603303209607475
10375.808911891503158
10377.120053565546186
10377.686933256707562
10378.499163434069487
10379.528239685365406
10380.567196466339738
10381.856342873741596
10382.465428538858760
10382.944714037137601
10383.419941041625862
10384.755888754125408
10385.252674534818652
10386.273510828994404
10387.004666652905144
10388.197584942950925
10389.189774144319017
10389.839078597073240
10390.714653125316545
10391.245452440667577
10392.674281657064057
10393.182359357730093
10393.937182766125261
10394.904074687579850
10395.308109775449338
10395.994834970768352
10397.697015172981992
10398.547512955246930
10399.388272377327667
10399.822838129366573
10401.255666048700732
10401.453058459121166
10402.199898597396896
10403.017885499259137
10404.392729079014316
10404.879762584334458
10405.851033987273695
10406.612203525095538
10407.620876303937621
10408.636901160311027
10409.462682989742461
10410.213227841335538
10411.159007954955086
10411.608252318847008
10412.511073286515966
10413.181460630197762
10414.183391868014951
10414.961433412596307
10416.613280587496774
10417.322757866910251
10417.606737657761187
10418.659657168020203
10419.127940933462014
10420.318811899483990
10421.433766533147718
10421.862977651475376
10422.409433656450346
10423.528738583114318
10424.717761968777268
10425.127182556041589
10426.554212794826526
10427.327796942661735
10428.057894255814972
10428.884783558203708
10429.519615668808910
10430.147832096843558
10430.957643998206549
10431.977494447799472
10433.220662548910695
10433.905795447477431
10434.854208048549481
10435.551898018486099
10436.516468526080644
10437.371529513033238
10437.893928120649434
10438.964263145915538
10439.914653689056649
10440.516216225389144
10441.153435500240448
10441.794816140001785
10443.514483005925285
10444.509920410820996
10444.878475374238405
10445.958033209662972
10446.490523446527732
10447.146060936040158
10448.370034022369509
10448.684108532590471
10449.954535349730577
10450.676516931673177
10451.594522419010900
10452.844652668041817
10453.502854664127881
10453.763114802215568
10455.390737313475256
10456.151482920351555
10456.840850378965115
10457.231215403526221
10458.092797941439130
10459.141784200110123
10459.758372350670470
10461.311793310529538
10461.818817627181488
10463.215686832778374
10463.586843026710994
10464.159757340457872
10465.013991244484714
10465.961199440904238
10466.903863594328868
10467.646864290478334
10468.710219888740539
10469.004614492125256
10470.229130004147009
10471.256131235470093
10472.413597067299634
10472.897709525193932
10473.663616770907538
10474.520744262028529
10475.424074515938628
10476.013351396466533
10476.560569156765268
10477.581047831919932
10479.194951960162143
10479.849658150069445
10480.461597429462927
10481.258384692326217
10482.176818880288920
10483.004903993789412
10483.766663945412802
10484.928752360976432
10485.255087228038974
10486.108130937414899
10487.031964527135642
10487.963082457148630
10489.004571019051582
10490.067756593794911
10491.009790308859010
10491.446772398530811
10492.427504265970128
10492.886908847858649
10493.422948358949725
10495.186534743797893
10495.443495939707645
10496.246556156656879
10497.687593338201623
10498.334105499458019
10499.201811406221168
10499.802311427545646
10500.808262551248845
10501.838602798368811
10502.491273439798533
10503.207288312567471
10503.886955808498897
10504.550081939754818
10505.648939710228660
10507.119970719062621
10507.949138871821560
10508.523138251710407
10509.014517974334012
10510.229211675750776
10510.833179951156126
10511.561711340742477
10512.454823511343420
10513.343344568316752
10514.443023858757442
10515.084180461510186
10515.864173662535904
10516.949611766342059
10517.921954427978562
10518.898560443814858
10519.475114946415488
10519.932209536538721
10521.145321025131125
10521.656291926616177
10522.316641203657127
10523.550203239276016
10524.752033662851318
10525.435391904331482
10526.590493106519716
10527.042115079058931
10527.645509478656095
10528.404773664951790
10529.925819558573494
10530.221176672648653
10531.406798396586964
10531.561398869112963
10532.599658684230235
10534.064933240555547
10534.784263003948581
10535.490170566305096
10536.665084700853185
10537.355066374268063
10537.926503127688193
10538.538711579270966
10539.577433312711946
10540.085501043888144
10541.524255533569885
10542.279167105243687
10543.463824505633966
10543.792506698173383
10544.855737783289442
10545.554747764565036
10546.862586854153051
10547.153370512494803
10548.023504985696491
10548.956457189968205
10549.714929140925960
10550.454673962123707
10551.139597290386519
10553.168003469470932
10553.342983613354590
10554.317528161051086
10554.823980257728181
10555.646598589783025
10556.505882796504011
10557.315887646152987
10558.213143484601460
10559.137973414835869
10559.773322832121266
10561.155235242931667
10561.717051236861153
10562.476243091708966
10563.779979166271005
10564.006692678851323
10565.518709288286118
10565.913182511687410
10566.587772102686358
10567.001320048417256
10568.221388296871737
10569.433377746856422
10570.456590029440122
10571.144617942156401
10571.982177952164420
10572.897664602453006
10573.491551990629887
10574.048493058620807
10575.149880792625481
10576.231119236232189
10577.003025594805877
10577.244954066238279
10578.752976241263241
10579.260968835289532
10580.533537195169629
10581.670054258400341
10582.012889114566860
10582.812208583201937
10583.633312014886542
10584.284015817354884
10585.443594979340560
10585.682845619179716
10586.924153841373482
10588.359321461481159
10589.048675627260309
10589.739778670054875
10590.180134941274446
10591.237631224579673
10592.435170520515385
10593.015860672758208
10593.684051784699477
10594.482073670469617
10595.486325307181687
10595.907510767196072
10597.420376377904176
10598.282071540568722
10599.136170659949130
10600.041148402540784
10600.623643162360167
10601.433895772703181
10601.955295909501729
10602.804389962579080
10603.939475316276003
10605.017344787906040
10605.587957900888796
10606.390610104375810
10607.756601816297916
10608.309920452898950
10608.892795796660721
10610.077947583964487
10610.848082376487582
10611.537091526011864
10612.355233932510600
10613.079158113641824
10613.468642232905040
10615.246487754791815
10616.162421538179842
10616.936555329355542
10617.696035120452507
10618.207399274926502
10619.095453162386548
10619.896774959959657
10621.026544985450528
10621.582060425660529
10622.229605739968974
10623.637918122778501
10624.198644515032356
10625.221255798138372
10625.806387742715742
10627.298279996884958
10628.016474441545142
10628.270594388737663
10629.327855284076577
10629.810319303926008
10630.843271680085309
10631.643694684244110
10632.689747325772260
10633.921549632623282
10634.770975888095563
10635.177634296351243
10636.169928204235475
10637.021751907561338
10637.448912788828238
10638.782262906361211
10639.617564120577299
10640.201443491005193
10640.779626738649313
10641.761070575250415
10643.080447170475964
10644.188762970707103
10644.692421346137053
10645.322053877571307
10646.377725498514337
10647.247734485981709
10647.685095695276686
10648.189225247409922
10649.663015539763364
10650.400697969145767
10651.632132582557460
10652.213794356894141
10653.160911736868002
10653.638881319571738
10654.935668517342492
10655.596282744176278
10656.460810864289670
10657.302434817069297
10657.569813321228139
10658.821347185412378
10659.535556788256145
10660.576533452114745
10661.849138590503571
10662.654355876738919
10663.453701053067562
10663.900388668604137
10664.403237670070666
10665.605849116627724
10666.541995818253781
10667.267327861309241
10668.103873869078598
10668.901033418360385
10670.283741171191650
10670.626073769270079
10671.721432656986508
10672.507335452201005
10673.598214426683626
10674.047658867724749
10674.994852295643796
10675.592710249129595
10676.402342189545379
10676.909371661813566
10679.026251178140228
10679.383532275674952
10679.944294055294449
10681.125403218708016
10681.734302886765363
10682.440786924204076
10683.542939967628627
10683.929031544552345
10685.145481884877881
10686.052551609436705
10686.490821520032114
10687.463234912738699
10688.597502581078516
10689.711252177581628
10690.305513350318506
10691.269588399898566
10692.050986452493817
10692.231515830058925
10693.428873582259257
10694.151996552949640
10695.098217352409847
10696.033577759901164
10697.181707657853622
10698.116765966151434
10698.840050060251087
10699.203954434189654
10700.115750848335665
10701.459647366786157
10702.196519181505209
10702.648559034845675
10703.409720595465842
10704.148321402422880
10705.411435702872041
10706.246041988426441
10707.555450478072089
10708.019872397529980
10708.921862644296198
10709.564845473782043
10710.503063946107432
10710.890480512212889
10711.850734730884142
10713.059848239821804
10713.721462558343774
10714.885383105438450
10715.557345416114913
10716.156573714888509
10717.620208012327566
10718.079421729293244
10719.070139357050721
10719.433717645726574
10720.886818355382275
10721.131431677400542
10721.860750588155497
10722.734106997744675
10724.194182155873932
10725.351593003708331
10725.950045830786621
10726.257558298957520
10727.364126333166496
10728.150611677816414
10728.690112969105030
10730.170202914674519
10730.484527767275722
10731.337454515231002
10732.212541793689525
10733.540894903251683
10734.088802320784453
10734.911132384071607
10736.009535859511743
10737.045722610197117
10737.410697620420251
10738.114245129449046
10738.811983587575014
10739.581852451778104
10740.905583346533604
10741.711031497212389
10742.765995191950424
10743.585907849756040
10744.334315499520017
10745.130273983279039
10745.596529684567940
10746.898362494664980
10747.604657667978245
10748.264489674329525
10749.272953432653594
10749.959458114200970
10750.503026497286555
10752.193714962391823
10752.949696119374494
10753.868045536204590
10754.305210057502336
10755.020776859817488
10756.007233964490297
10756.752201985043939
10757.549386674047128
10758.092368419291233
10759.751941696462382
10760.369746655791459
10761.197476042376366
10761.941425086208255
10762.726182899947162
10763.741757357960523
10764.687311406578374
10765.384411045068191
10765.905447116510913
10766.817353487789660
10767.509970499675546
10768.458477743795811
10770.067758280651105
10770.322522524109445
10771.519953586428528
10772.318539306135790
10773.001880517222162
10773.364091336203273
10774.252826619318512
10775.515512031426624
10776.512519785343102
10776.775446240742895
10777.775938035976651
10779.126145313563029
10779.647249859806834
10780.599126363173127
10781.610299652311369
10782.133758175075855
10783.196760384018489
10783.955962733021806
10784.171877466204023
10785.388003324484089
10785.987902566035700
10787.591261802610461
10788.537229219955407
10789.133068804141658
10789.685025794557077
10790.398744802452711
10791.719799905711625
10792.207102150045102
10792.989718996394004
10794.065287778677884
10794.505480934743900
10795.714143212131603
10796.492895376415618
10797.192951939981867
10798.760767751715321
10799.414421370378477
10799.773324658966885
10800.797894091432681
10801.441251461406864
10802.116676572239157
10802.991801858910549
10804.098483855386803
10805.016827998431836
10805.914105589001338
10806.948025759109441
10807.573608055550721
10808.312525193447073
10809.048027463877588
10810.051100946708175
10811.075854366079511
10811.752776539984552
10812.322351828388491
10812.770383131133713
10814.174028679386538
10815.694080713659787
10815.907736520943217
10816.939744805842565
10817.807442425995760
10818.470703568773388
10819.116588795417556
10819.878377851900950
10820.836511002149564
10821.734731662465492
10822.645112876669373
10823.825411818786961
10824.183960871705494
10825.382266771528521
10825.899051835156570
10827.316056008978194
10827.868395195655467
10828.609784462465541
10828.906080802977158
10830.377323369244550
10830.806317671194847
10831.510914387617959
10833.013937913567133
10834.276900457576630
10834.507101528930434
10835.401665255718399
10836.156520494536380
10836.601108150276559
10837.977889788167886
10838.708363889723842
10839.353092653131171
10840.253896394377080
10841.103702955240806
10841.983341453234971
10843.277922278528422
10843.804251505658613
10844.659552444989458
10845.736392572958721
10846.237940066397641
10847.100462653810609
10847.850663047071066
10848.020071722052307
10849.731287951146442
10850.730141051608371
10851.581298244329446
10852.160316673593115
10853.115025135553878
10854.087428788772741
10854.471353448112495
10855.502141359911548
10856.546084931009318
10857.074832445774518
10858.072460966755898
10858.463351683198198
10859.733805373825817
10860.645506048276729
10861.913959617644650
10862.758254074582510
10863.006409208734112
10863.882158608954342
10864.618535220924969
10865.522287192608928
10866.308904450856062
10867.505528059495191
10867.724419975000274
10869.547826804517172
10870.126925727292473
10870.518748692740701
10871.396153902640435
10872.735675508380154
10873.322937240305691
10874.185160765639012
10874.735890227224445
10875.595277453321614
10876.141537244251595
10877.377748855864411
10878.564939823709210
10879.556857290050175
10880.059681665368771
10880.938204284735548
10881.683188270217215
10882.525051240168978
10882.984540799932802
10883.999819025939360
10885.275031622344613
10885.829726504254722
10886.493762990463438
10887.569189124589684
10888.552820568158495
10889.551163241025279
10890.291039066052690
10890.816266033398279
10892.095604244588685
10892.315781884128228
10893.347509426159377
10893.933687428150733
10894.780987410247690
10896.522608291932556
10896.940013930296118
10897.916643338781796
10898.874562141467322
10898.951157146742844
10900.022771912928874
10901.273082462599632
10902.104118743047366
10902.337586319570619
10903.337627700168014
10904.308572538640874
10905.374716631769843
10906.048673257169867
10907.229914060939336
10907.980696445463764
10909.098642476021269
10909.445044492696979
10909.838229648137713
10910.883621825600130
10911.995114540581199
10912.522965604846831
10913.928614092032149
10914.641361307560146
10915.439141281556658
10916.483791030777866
10916.881461955277700
10918.033210869098184
10918.670335746914134
10919.630142723030076
10920.470743496060095
10921.057206909672459
10921.881461100785600
10922.417471925122300
10924.476431497139856
10924.797757138443558
10925.827239374184501
10926.060108988012871
10927.238051025937239
10928.084797974683170
10928.467951536886176
10929.516193883406231
10930.447208336039694
10931.378702632540808
10932.232117415891480
10933.326094139883935
10933.757923219322038
10934.745443285699366
10935.914827657581554
10936.539470071020332
10937.320704255283999
10937.959226210428824
10938.632709451807386
10939.372696639678907
10940.744584942978690
10941.414846302532169
10942.618390227838972
10943.610397090325932
10944.178324825801610
10944.546350963712030
10945.619128721435118
10946.243265010361938
10947.715511811529723
10948.091376487900561
10948.775887156485624
10949.665648416666954
10950.853699605400834
10951.680287070137638
10952.562289535162563
10953.734888304548804
10954.043012239329983
10954.803397695093736
10955.942904819043179
10956.460773088061615
10956.894567010604078
10958.081616713659969
10959.471812643521844
10960.340356015271027
10961.094677351733480
10961.324759148727026
10962.722775574880870
10963.308188729299218
10964.396650572480212
10964.863491184563827
10965.776814419539733
10966.694037286870298
10967.390885121983956
10968.041208076101611
10969.533336558650262
10970.421164161860361
10971.141738063837693
10972.098750437664421
10972.472963733691358
10973.304073098475783
10973.925492544345616
10975.101992971562140
10976.042492146398217
10976.596708699549708
10977.797836461302722
10978.663523161289049
10979.608278245796100
10980.236506929939424
10980.729510476208816
10982.358943021608866
10982.796343912961675
10983.423077367278893
10984.054162009975698
10984.915329285779080
10985.821956366215090
10987.304181380985028
10988.178214183690216
10988.578194908439400
10989.707597930097108
10990.270802418746825
10990.932964982219346
10991.868291897919335
10992.779772967587633
10993.443479365456369
10994.539329745735813
10995.345669421942148
10996.243316811864133
10996.786954402086849
10998.275984903646531
10999.032082797475596
10999.580865500243817
11000.303852296392506
11001.088842116641899
11001.964372820191784
11002.730514721972213
11003.283543726995049
11004.780230502163249
11005.899115068237734
11006.462089797436420
11007.162978568292601
11007.923559170247245
11008.592215159264015
11009.809645594001267
11010.351968763934565
11011.638163910394724
11011.916802642677794
11012.395335733046522
11014.068129892038996
11014.758507891485351
11015.773042434368108
11016.529405352139293
11017.400615911195928
11018.229036338561855
11018.831810157900691
11019.345591231112849
11020.136405666322389
11021.511488691698105
11022.444203091454256
11022.961423792112328
11024.341696640487498
11024.809837608076123
11025.494472479289470
11026.639542701894243
11027.432155604989021
11028.024600949125670
11029.052135725400149
11029.637801946384570
11030.441643018215473
11031.168729521690693
11032.408026431783583
11033.808768823701030
11034.400583371219909
11034.795445045225279
11035.680581819198778
11036.268434493887980
11037.526304222290491
11038.051273092012707
11038.918492069355125
11039.759274688110963
11040.945569023157077
11041.730798209900968
11042.421130622899000
11043.299792832407547
11044.326498535727296
11045.220076455045273
11045.852534377978373
11046.633528146705430
11047.126333689233434
11048.059385811186075
11048.809344392326238
11050.416299607199107
11051.098780500589783
11051.716247762506100
11052.754187843413092
11053.558388670828208
11054.250163196071298
11054.474973811744348
11056.135372252419984
11056.751523244647615
11057.402882664579010
11058.355126645437849
11058.915523205896534
11060.389820330750808
11061.265430812469276
11061.837618108584138
11062.897534498153618
11063.418389356096668
11064.334109349218124
11064.790772957243462
11065.840778485309784
11066.519585386524341
11067.604345277211905
11069.056994107088030
11069.526977031280694
11070.195113280275109
11070.890020409226054
11071.817959654632432
11072.960698223663712
11073.752631641844346
11074.152030205497795
11074.868240010429872
11076.164194431044962
11076.559526469709454
11077.846924662781021
11078.788883503328179
11080.067331773061596
11080.284862762424382
11081.085141983565336
11081.812452040923745
11082.759016908594276
11083.140843077475438
11084.729678408946711
11085.114484336112582
11086.245843957185571
11086.994081489308883
11088.140400810811116
11088.617526514733981
11089.736464634530421
11090.338992095172216
11091.189871397406023
11092.256211086249095
11092.866500365063985
11093.227083630663401
11094.001238155804458
11095.859326105564833
11096.473734860062905
11097.331188462889259
11098.140979749441613
11098.575138031903407
11099.701082582063464
11100.263793400377835
11101.163887438111487
11102.090126977685941
11102.978943149120823
11103.536249565946491
11104.879439938424184
11105.513882994051528
11106.204383701418919
11107.577988973078391
11108.363930011786579
11108.878594898824304
11109.453400670034171
11110.260636648084983
11111.168056906903075
11112.087300605084238
11112.877486463265086
11114.257968838333909
11114.955667985706896
11115.902271685336018
11116.384843799032751
11116.910129406196575
11118.202301143457589
11118.958060147737342
11119.924647980442387
11120.349847088791648
11121.264730613413121
11122.021365760161643
11123.165840096027750
11124.586757257877252
11124.949773244548851
11125.551195891515817
11126.703776039383229
11127.589346742490306
11127.669988968435064
11128.875508302766320
11129.415442633933708
11130.813879291261401
11132.037841058256163
11132.197633701904124
11133.199150842780000
11134.201219412292630
11135.009790827098186
11135.715668154312880
11136.793302084470270
11137.257000387531662
11138.236487508069331
11138.699221043993020
11139.799514971895405
11140.561693417797869
11142.214302195747223
11142.565844697564899
11143.569520137154541
11144.336864989314563
11144.715358895062309
11145.411243877280867
11146.744809897638333
11147.585400126481545
11148.117256424349762
11148.911758049474884
11150.271819095785759
11151.153695239356239
11151.475212331588409
11152.642047185130650
11153.626907992957058
11154.460845142108155
11154.924536444947080
11155.741348149160331
11156.459084586886092
11157.090605939316447
11158.507787878806994
11159.626099643777707
11160.334217735429775
11161.093594899155505
11161.637308869194385
11162.730879518157963
11163.386297315342745
11164.191543926122904
11164.923362263467425
11166.202555559915709
11166.666611996282882
11167.333475173238185
11168.443272428999990
11169.565111446694573
11170.599634051366593
11171.237201879952408
11171.782055217454399
11172.498868626818876
11173.685956659121075
11174.035785348507488
11174.746272090880666
11176.200665721238693
11176.825542994034549
11178.221583263879438
11178.612247349788959
11179.534760853703119
11179.979342588861982
11181.069236197554346
11182.312205433872805
11182.726477440830422
11183.399426637874058
11184.137655642474783
11184.922609205497793
11186.322562813444165
11187.162267788307872
11187.874224361456072
11189.267715310148560
11189.362456317676333
11190.313123622991043
11190.971239498683644
11191.562024216455029
11192.963205984668093
11193.509057524877790
11194.523512338078945
11195.528020526220644
11196.179969065491605
11197.045724226582024
11198.188043623596968
11198.692306646988072
11199.733205310581980
11200.308566630137648
11201.059055388890556
11202.105506856520151
11202.528622652731428
11203.264203274224201
11205.258844744683302
11205.728239844032942
11206.468986372452491
11206.862809446331084
11208.100565321445174
11208.557932180732678
11209.581563578783971
11210.506621608823480
11211.120850380104457
11211.941931683841176
11213.159789838005963
11213.654253713137223
11214.848019216105968
11215.603484470380863
11216.604576342358996
11217.280756575981286
11218.287694997005019
11218.676052764720225
11219.060228990192627
11220.375476875686218
11221.302633936620623
11222.492212031975214
11223.049884781314177
11224.194643408362026
11224.984617774038270
11225.430981939105550
11226.224547772788355
11227.214936973648946
11228.321863836041302
11228.845756440248806
11229.621986067040780
11230.144856874596371
11231.432598697751018
11232.429901528339542
11233.595957789244494
11234.117627259913206
11234.954607687193857
11235.415468546154443
11236.465395074128537
11237.177696752019983
11237.910204066280130
11238.671272967909317
11240.045184434969997
11240.860306563372433
11241.743619637765732
11242.318249531572292
11242.907226731653282
11244.604060830453818
11244.980377908465016
11245.358573512674411
11246.629561061658023
11247.115942596068635
11247.973583809280171
11248.753620157896876
11250.192733217818386
11251.003487292724458
11251.858166147678276
11252.631641566700637
11253.196161938962177
11253.888090558808472
11254.695386630468420
11255.668424296602097
11256.759071850548935
11257.473572630728086
11257.881582506346604
11259.252539233735661
11260.393706348264459
11260.658196138276253
11261.802034782193005
11262.542891633956970
11263.551364835446293
11264.121413892131386
11264.736289105268952
11265.357240206889401
11266.406482233798670
11267.815984731916615
11268.697766730825606
11269.381806269260778
11269.997193517017877
11271.000310475586957
11271.469973439347086
11272.590708784642629
11273.476647445091658
11274.057397446025789
11274.793612929372102
11275.955657118309318
11276.725328724653082
11277.317921082660177
11278.848028287777197
11279.583912065185359
11280.289180561780086
11280.928505240033701
11281.469500473745939
11282.456193190824706
11283.226786789413381
11284.240131051175922
11284.860401672382068
11286.414114858755056
11287.041105254982540
11287.505062381687821
11288.695298584852935
11289.158765901234801
11290.099930933094583
11291.305519107630971
11291.810830324484414
11292.412990073153196
11293.269968812299339
11293.870625240462687
11295.584661080645674
11296.314376077929410
11297.080186684019282
11297.635857981786103
11298.895898002798276
11299.203529961590903
11300.123294116061516
11300.517877661504826
11301.978809905554954
11302.804983865697068
11303.418945148821877
11304.719476153586584
11305.048147848008739
11306.319304872860812
11306.903574071313415
11308.164373169558530
11308.586088067679157
11309.199090933161642
11310.180919247542988
11310.969568867649286
11311.495750992202375
11312.822370394824247
11313.859943240608118
11315.093210810497112
11315.409321990331591
11316.112646844892879
11316.551999843950398
11317.880766213327661
11318.754329407607656
11319.392891001611133
11320.162403372745757
11320.991628398311150
11321.972679696960768
11323.243401130119310
11323.430009918558426
11324.905627008201918
11325.491086444963003
11326.453787712012854
11326.805088130042350
11327.805653459343375
11328.476164408015393
11328.968424099441108
11330.656696940817710
11331.528430651133021
11332.086119788142241
11332.993961153777491
11333.910412804263615
11334.543796904879855
11335.417093773528904
11336.137616329335287
11337.110282645364350
11338.066896882550282
11338.545003722951151
11339.155582984325520
11340.398434897930201
11341.726864399308397
11342.480870121278713
11343.003932017807529
11343.878711237264724
11344.696656275309579
11345.120276671123065
11346.102074913538672
11347.265707717808255
11347.603360740597054
11348.895461222917220
11349.943759910091103
11350.832375195433997
11351.118246003701643
11352.054901368821447
11353.285316399647854
11354.031145243563515
11354.847595237550195
11355.251500692495028
11355.819814733307794
11357.268718748762694
11357.755924522372879
11359.153862603698144
11360.317446209994159
11360.430653359384451
11361.618712154067907
11362.198008134713746
11362.833518658340836
11363.630616643846224
11364.902749294044042
11365.392119843923865
11366.470711502601262
11367.121489444865801
11368.092999055044857
11368.995095581467467
11370.251538152406283
11370.710131374029515
11371.264531414622979
11372.427275256977737
11373.090362695160366
11373.829117090570435
11374.247719606406463
11375.350125622990163
11377.067014462882071
11377.477668113833715
11378.252027964164881
11379.071237846952499
11379.663264691833319
11380.668488886458363
11381.490162983869595
11382.384042846913871
11383.081145309102794
11383.778709302048810
11384.633655835516038
11385.730840152606106
11386.761800829193817
11387.282601897521090
11388.745812552386269
11389.309583271364318
11389.666105211601462
11390.540978728824484
11391.172845321538261
11392.207002299439409
11393.253130586908810
11394.045502196582675
11394.912454002955201
11396.185473572761111
11396.636636638770142
11397.269432003677139
11398.167091415127288
11399.358011591928516
11399.924121820929940
11400.579245196553529
11401.739560896414332
11401.935659723370918
11402.841804490506547
11404.568289409524368
11405.259633786294216
11405.980138163758966
11406.844703682276304
11407.125167377653270
11408.400191477889166
11409.142991260885537
11409.496096407257937
11410.741604014108816
11411.594940773731651
11412.845281623142000
11413.149095519729599
11414.099052582454533
11415.161783824401937
11416.020299307505411
11416.872565472473070
11417.516531854895220
11418.209599140840510
11418.968743999335857
11419.728199617926293
11420.555628458279898
11421.866856426398954
11422.759481093422437
11423.742713590363564
11424.283687366960294
11425.134566535707563
11425.759191454608299
11426.263600304549982
11427.830303882303269
11428.615164105756776
11428.837541055669135
11429.667997499474950
11431.122075805968052
11431.694571333391650
11432.887164229459813
11433.491698380948947
11434.383019886610782
11435.323956833062766
11435.819132127240664
11436.539144292461060
11437.164007079916701
11438.254909515499094
11439.228665386333887
11440.569861105703239
11441.210604188008801
11441.630688252460459
11442.554339248417818
11443.607289094634325
11444.304538618102015
11445.253424201997404
11445.650645368763435
11446.919643275148701
11447.320389543983765
11448.385713505133026
11449.024662947800607
11450.642200662112373
11451.457436991373470
11451.847559430434558
11452.629688103104854
11453.447368663442830
11454.045960119276060
11455.127177243861297
11455.727466115342395
11456.924749258931115
11457.602747060172987
11458.640052269685839
11459.668404233150795
11460.212014074057151
11460.836836037957255
11462.089170972460124
11462.809328154795367
11463.711423255061163
11464.140762791124871
11464.914731373644827
11465.471164390872218
11467.173220198996205
11468.041183880013705
11468.624824845743206
11469.577925464744112
11470.591934411952025
11470.889045259458726
11471.533095740700446
11472.901524887518462
11473.231344899724718
11474.580526060033662
11475.124039861953861
11475.927644613329903
11477.125971653897068
11477.664737107423207
11478.887581727158249
11479.836580484883598
11480.301455990962495
11480.839986922979733
11481.845551444004741
11482.669696898739858
11483.395605331552360
11484.012027546647005
11485.724280533042474
11486.462209059111046
11487.227655771932405
11487.680918311390997
11488.455267374341929
11489.461581632929665
11490.469708167274803
11491.151690846169004
11491.784698441088040
11492.664768126618583
11493.406106207692574
11494.499121000921150
11495.514073118140004
11496.467471880849189
11497.163116123379950
11497.879966473341483
11499.085568231710567
11499.195994463292664
11499.866947583668662
11500.844567905374788
11502.387897456201244
11502.616230352998173
11503.995620911098740
11504.456589218056251
11505.532335883131964
11506.348626329085164
11506.987576108249414
11507.775068809074583
11508.959525644146197
11509.624745159713711
11509.927567508837456
11511.013638841850479
11511.717856649320311
11513.156154095029706
11514.170735666695691
11514.853644275141050
11515.534531233288362
11515.910327350129592
11517.237091742681514
11517.516522255065865
11518.802580460387617
11519.562403963140241
11519.987060211089556
11521.583778816991980
11522.307768614902670
11522.729431429559554
11523.713139417710408
11524.995050978119252
11525.595896506660210
11526.475485781937095
11526.700499263713937
11527.787477659981960
11528.521773343472887
11529.262691200956397
11530.742421046134041
11531.498769850935787
11532.360155114089139
11533.174523980746017
11533.710746546506925
11534.615246439789189
11535.243966904527042
11536.208990604805877
11537.390026898563519
11537.770333935217423
11538.771415016359242
11539.173163468223720
11540.855171933932070
11541.633482768864269
11542.162848109537663
11543.231533580970790
11543.821061948454371
11544.608450095251101
11545.477546515343420
11545.922505863547485
11546.762877722805570
11548.210670272386778
11549.141689198948370
11549.740822582487453
11550.793626687722281
11551.264239552709114
11551.938577815088138
11553.422211259303367
11553.822467868089007
11554.671565213215217
11555.168944152010226
11556.255354665410778
11557.020611462332454
11558.026912129489574
11559.050841973372371
11560.110157767465353
11560.887977704454897
11561.425898297253298
11561.993421377805134
11562.695309657705366
11563.843215883332959
11564.692415647590678
11565.398128972577979
11566.401912368421108
11567.391551991597225
11568.238387478611912
11568.861584587930338
11569.856839451067572
11570.713560343576319
11571.372587717818533
11572.373477100629316
11573.110248152104759
11573.533780338357246
11574.229783591861633
11575.532716161282224
11577.159221117863126
11577.559289270482623
11577.813155484065646
11579.051947265146737
11579.844750065876724
11580.562916391150793
11581.100263802833069
11582.245964949117479
11583.162004701704063
11583.781059891765835
11584.718832964104877
11585.797743796656505
11586.262897857772259
11587.785374688175580
11588.237678313638753
11589.033305123024547
11589.820238580790829
11590.541133004990115
11590.936347549621132
11592.224869579114966
11593.021168538940401
11593.951801626255474
11595.273897318294985
11595.921633435271360
11596.477118138602236
11597.270605761932529
11597.786584114568541
11599.452894591240693
11599.634660472440373
11600.754893428846117
11601.064364348514573
11602.029102067956046
11603.275985738699092
11604.064157157183217
11605.278120211025453
11605.715873071281749
11606.751657873239310
11607.258882572261427
11608.037290901625965
11608.984897764283232
11609.316380806551024
11610.542724929568067
11611.831414210630101
11612.486893123244954
11613.171689835442521
11614.017179671451231
11614.984665844413030
11615.815224476627918
11616.617915874876417
11617.346743414043885
11617.955077614444235
11619.229905257223436
11619.573447439157462
11620.086537781233346
11621.946221924394195
11622.694026513729114
11623.392332524077574
11624.398877563886344
11624.673870903250645
11625.513317935701707
11626.349371809823424
11627.433394484951350
11628.160782428996754
11628.909479133886634
11629.726849309556201
11631.020976032685212
11631.628302663606519
11632.488062826634632
11633.101177395436025
11634.532677742297892
11635.138098962110234
11635.463467929646868
11636.263762260996373
11637.079724512399480
11637.951513679821801
11639.396198719836320
11639.988689980162235
11641.154498854853955
11641.620869625065097
11642.400193903804393
11643.262344190385193
11643.904265601715451
11644.871957115699843
11645.865740575580276
11646.377483701102392
11647.350867367455066
11648.175813152478440
11648.884749128475960
11650.344983916140336
11651.227695726627644
11651.690982254764094
11652.228958011530267
11653.241665808225662
11654.245560117848072
11654.458657603872780
11655.518481218719899
11656.473575731937672
11657.802188583082170
11658.559716287722040
11659.377848780279237
11659.558641718404033
11660.970664872871566
11661.574271721012337
11662.544469079759438
11663.425334248362560
11664.028440772395697
11664.451367053181457
11665.569948488689988
11666.787667208851417
11667.617768966352742
11668.584206032910515
11669.308510872226179
11670.203840450683856
11670.782802118548716
11671.403447120210330
11671.972039074187705
11673.437067510401903
11674.205731606523841
11674.781366705543405
11675.841950800540872
11676.845416927024417
11677.658955508735744
11678.172573476727848
11679.520371118333060
11679.929037580372096
11680.789951272307007
11681.779895080275310
11682.033890172166139
11683.169190428459842
11683.686585123903569
11685.629437886156666
11686.019419945230766
11686.953094395999869
11687.411677492998933
11688.189086606415003
11689.039533600807772
11690.232461637799133
11690.678055128826600
11691.294051208806195
11692.675352250722426
11693.206526304584258
11694.168446428479001
11695.039927896366862
11695.987688474458992
11697.089958763395771
11697.609447090737376
11698.354463471076087
11698.989884885184438
11699.732825812845476
11700.579653143200630
11701.469286838580956
11702.816210759323440
11703.568795804330875
11704.134629528516598
11705.635162596747250
11705.709223509198637
11706.318656744397231
11707.532915594978476
11708.503316290481962
11709.250942579925322
11709.984181531979630
11710.311681859804594
11711.500963329292063
11712.950710037703175
11713.521557323325396
11714.496703047905612
11715.016895809667403
11716.098480797594675
11716.494536631707888
11717.357640313633965
11718.043543316547584
11719.144647880701086
11719.915111078958944
11721.157413098822872
11722.037079636995259
11722.411548176238284
11723.204227556181650
11724.459415655397606
11725.299616525295278
11725.878841746560283
11726.514054376508284
11727.375668470976962
11728.176517688574677
11729.027480941291287
11729.906452094024644
11731.265491155803829
11732.319823615860514
11732.593160540951430
11733.211445231483594
11734.196293133238214
11734.867505999320201
11735.684371935178206
11736.833302149931114
11737.684911141306657
11737.905476895046377
11739.509472638626903
11739.976299986448794
11741.110505234775701
11741.908453209458457
11742.546865926366081
11743.530831654919893
11744.428773583773363
11744.836234278734992
11745.753334691087730
11745.949820400725002
11747.908671837087240
11748.595252915632955
11749.508200024965845
11750.095550662248570
11750.991623644757055
11751.728653678961564
11752.500544137901670
11753.257007885520579
11754.457707342246067
11754.794535205026477
11755.807215925244236
11756.598489492957015
11757.511229702235141
11758.531652514249799
11759.572250351075127
11760.399691359265489
11761.094313931724173
11761.651765078158860
11762.065772724950875
11763.594976769956702
11763.865059864509021
11764.907466346052388
11765.921749759827435
11767.206812087746584
11767.704549640049663
11768.479740269765898
11769.069758267576617
11770.008508440812875
11771.476412076126508
11771.579944055938540
11772.311186401399027
11773.359591040409214
11773.873277566901379
11774.826841080341183
11776.492110272598438
11776.924755443449612
11777.640988566010492
11778.581718289065975
11779.392457373836805
11779.936736636604110
11780.632880699356974
11781.496261054382558
11782.550347463764410
11783.645708493968414
11784.214861498539904
11784.950932687324894
11786.148016357172310
11786.811733822409224
11787.979802289964937
11788.228824300531414
11789.432453381701634
11789.964960020352009
11790.810151068086270
11791.390303517004213
11792.267895335739013
11793.549605948743192
11794.719514358666856
11795.407585505447059
11795.952598692038009
11796.862277486758103
11797.203196599484727
11798.382152448100896
11799.472280846783178
11799.990026328458043
11800.702336469159491
11801.458102155382221
11802.957343762762321
11803.451465270218250
11804.077344725119474
11805.619708275997255
11806.107989078187529
11806.699863693522275
11807.701408564380472
11808.129106362184757
11808.771900595033003
11810.041639202572696
11810.880108280935019
11812.132301386933250
11812.700297452696759
11813.611080139558908
11814.179896110559639
11815.143744888964648
11816.080529024844509
11816.471914889563777
11817.694115602971578
11818.490664732806181
11819.124725654788563
11819.561572522688948
11820.919409266023649
11822.255064095992566
11822.954124895066343
11823.530711349196281
11824.117979934793766
11825.137668866191234
11825.998780661704586
11826.288536159916475
11827.478997590174913
11828.285948347926023
11829.434543611287154
11830.221002227162899
11831.106306562080135
11831.814175568759310
11832.416125087962428
11833.637700557581411
11834.570302465052009
11835.118104672961636
11835.610175064170107
11836.432382638802665
11837.379558737138723
11838.333296155711650
11839.665882531911848
11840.112016959339599
11841.349799009525668
11841.971293718681409
11842.553275097568985
11842.975373217755987
11844.136958714405409
11845.261097856433480
11845.822269877762665
11846.530322405838888
11847.740902179339173
11848.242344139758643
11849.500306181547785
11850.290683533727133
11851.000272820503596
11852.025209051986167
11852.460477056218224
11853.356730464665816
11854.112210447914549
11854.992181502693711
11855.212856238949826
11857.300811800347219
11857.909723016948192
11858.545132438446672
11859.188749080742127
11860.006911506126926
11861.114555273521546
11861.571280178521192
11862.701222361565669
11863.217790393797259
11864.167455429169422
11864.931427598821756
11865.817209545111837
11866.741550669608841
11868.060951767645747
11868.436835793918362
11869.755660019834977
11869.963151726155047
11870.701636685924313
11871.616506328924515
11872.090122558656731
11873.598031299976356
11874.193930932198782
11874.954432791584622
11876.501804860004995
11876.692510115441110
11877.655780826569753
11878.213813083424611
11879.335338818691525
11880.190755511843236
11881.139579934912035
11881.502174213537728
11882.097749436348749
11883.119221469883996
11884.440578224563069
11885.323979608583613
11886.340066536555241
11886.867653252495074
11887.415432454030451
11888.436891277440736
11889.139654562221040
11889.882064810359225
11890.632003719720160
11891.818957132214564
11892.506512375810416
11893.735935778875501
11894.114408873470893
11894.892691144168566
11896.339565599841080
11896.953725158764428
11897.590458937444055
11898.144590027675804
11899.226888432585838
11899.912903807031398
11900.458452982235031
11901.568206849147828
11902.938616667648603
11903.778502422126621
11904.309205599061897
11905.158959262196731
11905.968573471469426
11906.264638840713815
11907.631929868935913
11908.498236921441276
11909.096229235037754
11909.996651678166018
11910.448398529142651
11911.984722017064996
11912.713504606232163
11913.545873693426984
11914.236217785048211
11915.345212157204514
11916.031564657676427
11916.637534128522020
11916.963588448681548
11918.156907889289869
11919.050516561172117
11920.359152537979753
11921.107763332543982
11921.698861609709638
11922.676121958606018
11923.545213287823572
11923.884751953381056
11925.434593630654490
11925.711081996407302
11926.506381547324054
11927.421214646727094
11928.369157894927412
11928.792671155844801
11930.054282615725242
11931.475871685270249
11932.017728482522216
11932.483520739238884
11933.375705732714778
11933.941588472942385
11934.844290703769730
11936.002931759727289
11936.287078680996274
11937.419024129350873
11938.596292690259361
11939.388764794213785
11940.014036946433407
11940.844766666277792
11941.707824497949332
11942.812047150004219
11943.300189102466902
11944.322587505212141
11944.786668391239800
11945.386608266084295
11946.312276933753310
11947.879958216157320
11948.580799142115211
11949.285207781940699
11950.254900744866973
11950.829804451310338
11951.811222288190038
11952.209685767280462
11952.960306964216215
11954.421185941699150
11955.023412260978148
11955.541134999284623
11956.555457190261222
11957.758769730537097
11958.257553675624877
11959.536021794581757
11960.162455760812009
11960.805889167884743
11961.613634377888957
11962.319599804033714
11963.251804687568438
11963.624257005199979
11964.944833467307035
11965.988881517445407
11967.175865454684754
11967.818092439239990
11968.040374778496698
11968.842396631780503
11970.198779803889920
11970.840189870199538
11971.635902190630077
11972.345517261761415
11972.919021523093761
11974.256240363221877
11974.750471473178550
11976.019330409430040
11976.821454389018982
11977.819319444406574
11978.509131597642408
11978.911285645557655
11979.940309418385368
11980.420980791259353
11981.319280797268220
11982.469856790985432
11983.459171683385648
11984.183258311815734
11984.988215184581350
11985.931732888584520
11986.792588478565449
11987.366016655001658
11988.187893636244553
11989.319036985310959
11989.988077171456098
11990.449375527879965
11991.496381630327960
11991.819501599744399
11993.796299378516778
11994.532032031564086
11994.879295475360777
11995.906634142651455
11996.762742881724989
11997.108831357609233
11998.111552144870075
11998.999009181219662
12000.025166873561830
12000.323019630684939
12001.869294487389197
12002.449179581321005
12003.313330276136185
12003.982840677066633
12005.099208541369080
12006.167037036058900
12006.617064268049944
12007.259470529363170
12007.795463394139006
12008.916031332822968
12009.747408296418143
12010.588562317254400
12012.070663675898686
12012.518293887318578
12013.537023027358373
12013.995197223861396
12014.748040691058122
12015.512907274458485
12016.696171540243085
12017.270436772672838
12018.329635523994511
12018.726114124336164
12019.659586777781442
12020.816913276925334
12021.788837925867483
12022.725052428304480
12023.347085881376188
12023.834360701685000
12025.095510869561622
12025.640696810061854
12026.190968140157565
12026.807833878987367
12028.298394056317193
12029.363580048053336
12030.008967155868959
12030.743901893978546
12031.539411458557879
12032.295755402861687
12033.296061142425970
12034.198345821900148
12034.580487905182963
12035.753931163366360
12036.353148556554515
12036.827198924658660
12038.449034730003405
12038.851780542900087
12040.285833732712490
12040.975618531405416
12041.697833198655644
12042.161707985222165
12042.856800864885372
12043.757385938401058
12044.820984560368743
12045.750096422412753
12046.150600494458558
12047.411299779281762
12048.483047504811111
12049.143757820334940
12049.522909915252967
12050.830067697263075
12051.660126318700350
12052.423908764567386
12052.926330035292267
12053.901723853705334
12054.332767289641197
12055.276252463201672
12056.842396175106842
12057.694841025993810
12058.327240722097486
12058.799271368492555
12059.920537992211393
12060.608137313030966
12061.206772059907962
12062.260842624064026
12062.855111875796865
12064.088547044635561
12064.670595123247040
12065.594501424473492
12066.207581624845261
12067.854959881824470
12068.128960549222029
12069.017143252322057
12069.940133118614540
12070.391933188739131
12071.171150777649018
12072.102551817524727
12072.725907834041209
12073.883966806968601
12075.149613615047201
12075.688758576143300
12076.799243730425587
12077.053698200801591
12078.040067392452329
12078.580257574019925
12080.131340932701278
12080.771125087327164
12080.927685265260152
12081.834601708053015
12082.989380218052247
12083.948707407107577
12085.019044296732318
12085.622760831183768
12086.638595419946796
12087.411539967284625
12088.051524236194382
12088.497593520669398
12089.467688038410415
12090.265199580740955
12091.447630001968719
12092.206736879912569
12093.273209997798403
12093.992172170603226
12094.498510612351311
12095.674444947833763
12096.629735863269161
12097.047691742547613
12097.965439410863837
12098.728193787250348
12099.739570567071496
12100.085494187231234
12100.910728436172576
12102.619228956289589
12103.340974407223257
12104.152640823160255
12104.692499968492484
12105.137100275185730
12106.413045860796046
12107.003469552786555
12107.747009537217309
12108.861902266275138
12109.511690040491885
12110.346772508515642
12111.592976734729746
12112.197332651447141
12112.858928764437223
12113.989590443748966
12114.985936951556141
12115.353628562950689
12116.365375686922562
12116.806139428965253
12117.363293186050214
12118.682965498439444
12120.047256917328923
12120.361924503276896
12121.489906716591577
12122.519808026561805
12122.780995795430499
12123.631655952391156
12124.372050484533247
12125.535226746686021
12126.223208664372578
12127.060197912405783
12127.618988020769393
12128.594008201978795
12129.644368875045984
12130.631341805281409
12131.638009738418987
12132.277350971238775
12132.684361147750678
12133.750735910613002
12134.336780537178129
12135.243467051283005
12135.958485485147321
12136.744566896071774
12138.479797856522055
12139.060280643678198
12139.234781483588449
12140.514256554610256
12140.974958067254192
12142.330950858084179
12142.905664928930491
12143.622230802751801
12144.334712064553969
12145.099253863108970
12146.032079707521916
12146.828413356557576
12148.250272841083643
12148.945253930660328
12149.607463624024604
12150.469534737158028
12151.343216331821168
12151.751132300505560
12152.226255262019549
12153.947270662447409
12154.262523310206234
12155.347163126087253
12156.064212886925816
12157.075092894059708
12158.070272662182106
12158.696889399639986
12159.391280086800180
12160.463597164209204
12161.229341760115858
12161.966418079604409
12162.509524923201752
12163.123045073894900
12164.243201287954435
12165.584515443020791
12166.548406754240204
12167.113786981373778
12167.750932364511755
12168.606482099065033
12169.183917327218296
12170.432753244709602
12170.887840564855651
12171.861294968679431
12172.515021058194179
12173.612628315035181
12174.555543100312207
12175.083360321472355
12176.104688540546704
12177.565102851274787
12177.787426352413604
12178.542237544577802
12179.062825513674397
12180.160690066386451
12180.807876303462763
12181.505827448747368
12182.932736417065826
12183.583453662089596
12184.806875623744418
12185.268916759760032
12186.023561419371617
12186.702075677358152
12187.728566455773034
12188.456457418911668
12189.498065337811568
12190.158281580916082
12190.737825123605944
12191.305176026648041
12192.955034029857416
12193.907355191908209
12194.405811603970506
12195.227820909525690
12196.279598127450299
12196.637570483349919
12197.632404547075566
12198.119138292604475
12198.915769533299681
12200.475804471443553
12200.809783168271679
12202.024671608798599
12202.778765076076525
12203.321034257382053
12204.385336319417547
12205.246429151016855
12206.103442090539829
12206.948809405108477
12207.124748604492197
12208.272926141080461
12209.173177352686253
12209.757974814856425
12211.120968007471674
12212.297563565547534
12212.761860523823998
12213.608683600818040
12214.045323563585043
12214.756748630619768
12215.843283848949795
12216.882922559103463
12217.439530839885265
12218.057711784405910
12219.345157105470207
12220.246011886232736
12220.738266959429893
12221.994150355949387
12222.672425285838472
12223.353641296669593
12224.654704197735555
12224.743294755811803
12225.577788636976038
12226.340773663954678
12227.137593136174473
12228.772700446592353
12229.476722494015121
12230.196574307132323
12230.617373300676263
12232.124030176099041
12232.289643857955525
12233.113907330298389
12234.106839419331664
12235.040094296535244
12235.780294361653432
12236.430186130030052
12237.244932398656601
12238.361691675834663
12239.390291590136258
12240.475236052761829
12240.725282294373756
12241.834750353156778
12242.162645192185664
12243.210013712823638
12243.700526330794673
12245.043769687214080
12245.435133628861877
12246.777657113158057
12247.731067237120442
12248.533046129823560
12249.184663148738764
12249.404345998145800
12251.062738477308812
12251.764351147810885
12252.399185100193790
12252.907988384464261
12253.970148814651111
12254.401903033516646
12255.935280769783276
12256.644744965258724
12257.685994194025625
12258.589880308905776
12258.981295680676340
12259.839527243635530
12260.570538062862397
12261.284784193232554
12262.129447525539945
12263.178003993190941
12264.261436897722888
12264.683402722979736
12265.637093639170416
12266.726534800189256
12267.358330526762074
12268.468175453501317
12269.123543022344165
12269.479073025868274
12270.899255818674646
12271.322111199333449
12271.839509253368306
12272.704342233324496
12274.410546278746551
12275.155928758134905
12275.750391973162550
12276.595115167570839
12277.171308432612932
12277.981154867768055
12278.837355906709490
12279.859208334026334
12280.656993901353417
12281.047099906085350
12282.145260167488232
12283.185647257148958
12284.063479796057436
12284.702921511348904
12285.825000529255703
12286.671186831159503
12287.543087971353089
12287.800027851088089
12288.516943976144830
12289.329015484963747
12290.665969745374241
12291.171958228709627
12292.512669377509155
12293.199395045648998
12294.110846770938224
12294.592761740592323
12295.592922348338107
12296.172678873450423
12297.257745012269879
12298.180457016414948
12298.617711340140886
12299.409512933749284
12300.396366573979321
12300.998852063297818
12302.851706761308378
12303.245027498596755
12303.811932868084114
12304.630933992299106
12305.395672917218690
12306.394147153911035
12306.805033323433236
12307.658219637158254
12308.696801191899795
12309.714217669847130
12310.911375817777298
12311.124434586707139
12311.990881876858111
12313.067273695791300
12313.943678716454087
12314.635198793899690
12315.542254376854544
12316.084278829479445
12316.736807185785437
12317.633779382285866
12318.550082790412489
12320.039230264579601
12320.350796377988445
12321.581519575473067
12322.414336915699096
12322.695975198914311
12323.439818613427633
12324.266976418022750
12325.437166716565116
12326.262756257163346
12327.031853548453000
12327.365973833559110
12328.979582482468686
12329.593071752373362
12330.396269711714922
12331.290635233472130
12332.219576340059575
12333.032867322277525
12333.298784382639496
12334.506404988691429
12334.985938142928717
12335.592935130016485
12337.207963010832827
12338.251440933468984
12338.706451484509671
12339.694358172668217
12340.017565155805642
12341.045578143202874
12342.159769421645251
12342.784137813621783
12343.223697183857439
12344.437580031397374
12345.235908451200885
12345.813304149700343
12346.840041369141545
12347.954678588246679
12348.986445154045214
12349.709122175523589
12350.065945130925684
12351.092976293557513
12351.558529583793643
12352.514734535699972
12353.313935208796465
12354.358101274234286
12355.262690372059296
12356.169960286413698
12357.093339608669339
12357.716976041769158
12358.649675494039911
12358.982060188538526
12360.503992202087829
12361.048088654399180
12361.776835457641937
12362.422436023800401
12362.844140248036638
12364.407571152823948
12365.397322524944684
12366.320998165128913
12366.899604217645901
12367.611952037919764
12368.743381752947244
12369.121868744103267
12369.587323341605952
12371.009381096284415
12371.646512536717637
12372.442221442152004
12373.659128444593080
12374.313300822906967
12374.914974759863981
12376.001135025562689
12377.197188957497929
12377.604502134558061
12378.274637200132929
12379.162024632963949
12379.769068825289651
12380.806962336100696
12381.311447237991160
12382.432864027052347
12384.018643851763045
12384.505781678753920
12384.940085050875496
12385.752255895833514
12386.619178120856304
12387.308999352795581
12388.514168994957799
12389.044124700139946
12389.864863535363838
12390.591317736148994
12391.525381561175891
12392.686289496021345
12393.406451963805011
12394.331113498279592
12395.069653240894695
12395.937813359889333
12396.669857978788059
12397.302313258825961
12397.778202686735312
12398.691913962225954
12400.208167603168476
12400.955581867696310
12401.535797181199086
12402.608667393693395
12403.424450521266408
12403.931521600683482
12404.843675340713162
12405.827577747739269
12406.458864640866523
12407.402121806284413
12408.004954368787367
12408.728836910097016
12409.633133451881804
12411.146934629099633
12411.608271079339829
12412.867892019623469
12413.267257376906855
12413.698120396284139
12414.550991525864447
12415.778455194527851
12416.226911199893948
12417.113554426901828
12418.041066744206546
12419.250920570188100
12419.966704104042947
12420.841333250678872
12421.026749385810035
12422.577178026773254
12423.336855433195524
12423.942610298447107
12424.711051661584861
12425.158566194793821
12426.444257279641533
12426.671072131162873
12428.406326820899267
12429.285404647216637
12429.747261556391095
12430.769316430414619
12431.498300729414041
12432.031896385107757
12432.976525219723044
12433.460837431479376
12434.983885472354814
12435.460030865204317
12436.096601458821169
12437.162291496966645
12437.942849347447918
12439.281255917012459
12439.784041197590341
12440.526053201991090
12441.301468676498189
12442.383046759683566
12442.753882351986249
12443.371721082661679
12444.352888851446551
12445.331633927105941
12446.703279656212544
12447.366043465486655
12448.197970428340341
12448.583598350620377
12449.486880449459932
12450.414983954489799
12451.318556207350412
12452.303303700789911
12452.613303921143597
12453.305473934393376
12454.613770679678055
12455.482521582913250
12456.040281957990373
12457.508338150653799
12458.102315412234020
12458.945860241321498
12459.359700083899952
12460.200782698000694
12460.803645624007913
12461.863340597743445
12462.881804463504523
12463.502577305209343
12464.923051999257950
12465.223372108837793
12466.326207164787775
12466.955442047647011
12467.813903621301506
12468.756496577365397
12469.363851296287976
12470.336550877344052
12471.207215881377124
12471.445771194708868
12472.231377162688659
12474.020240976820787
12474.844355286018981
12475.422157006707494
12476.010497934832529
12476.975734482455664
12477.714288242204930
12478.374264203517669
12479.209024736574065
12480.036942681150322
12481.035061326929281
12482.027675213679686
12482.517970195507587
12483.816153708788988
12484.248386226721777
12485.211292447826054
12486.510616596393447
12486.923029932144345
12487.394853958052408
12488.243230988618961
12489.133244885946624
12489.787110336403202
12491.037145873387999
12491.903066720509742
12492.979062595033611
12493.712692580014846
12494.481320643360959
12494.854440912244172
12495.544744054659532
12497.023977309452675
12497.699891335094435
12498.072351113905825
12499.266572344622546
12499.670925381238703
12501.082244616125536
12501.767762440158549
12502.951500363444211
12503.421223499337430
12504.388471106138240
12504.934672167340977
12505.844261876962264
12506.541279928846052
12507.003314790068544
12508.121808904648788
12509.503083368716034
12510.301551013326389
12510.952830328757045
12511.403331606610664
12512.615533968377349
12513.465750179937459
12514.062963454502096
12514.878391228558030
12515.866278108660481
12516.366397111250990
12517.287522165002883
12517.947086018717528
12519.148518013103967
12520.345463872165055
12521.157705444991734
12521.536383208840562
12522.448504881287590
12523.271507620913326
12523.560899854970557
12524.726184044271577
12525.862772137856155
12526.423604161089315
12527.070811792817040
12528.682470838097288
12529.151639090321623
12529.626932440105520
12530.814762521911689
12531.464004886845942
12532.731156543542966
12533.125136295535413
12533.774202562008213
12534.302823716861894
12535.362202393434927
12536.467166439984794
12537.763102940429235
12538.187147325317710
12539.229806689287216
12539.780526189579177
12540.427081821588217
12541.491821623032592
12541.985296953729630
12542.994029122310167
12543.852014223832157
12544.703978166209708
12545.522769854365833
12546.294948377908440
12547.158478135874248
12548.622999550983877
12548.911941119029507
12549.872800787346932
12550.269485928221911
12551.251609743942026
12552.048492086920305
12552.961212488169622
12553.139455806902333
12555.139552251732312
12555.564020624979094
12556.603089146108687
12557.180010185498759
12557.948468040618536
12558.487270392108258
12559.808582433141055
12560.473898914213351
12561.246033565217658
12561.889869747372359
12562.573436458553260
12563.572806815804142
12564.943429197710429
12565.554388999476942
12566.203274088926264
12567.501541156134408
12567.979667270745267
12568.574700024815684
12569.178067582946824
12569.989013427750251
12571.195309379119863
12571.990365121293507
12572.987246897098885
12573.653894582501380
12574.682164055369867
12575.444289024295358
12575.993515064199528
12577.175030996226269
12577.893140509464502
12578.464846693797881
12579.416408111506826
12580.063923059044100
12580.795833294216209
12581.638799251362798
12583.219516749222748
12584.036763796608284
12584.695827074830959
12584.969984520115759
12585.917785698957232
12586.963854835212260
12587.450318508423152
12588.668515541770830
12589.017101552917666
12590.085986842790589
12591.320933432742095
12591.785981080187412
12592.641668234569806
12593.547304947063822
12594.850042637299339
12595.032918364129728
12596.026491651004108
12596.763913951228460
12597.531532012513708
12597.718735829588695
12599.355249622296469
12600.190931385661315
12601.233507224691493
12601.969550601976152
12602.596975947957617
12603.724868867962869
12604.022565390805539
12604.726753187638678
12605.932603916169683
12607.025050017658941
12607.388410912906693
12607.908311328814307
12609.083572808138342
12610.216051840916407
12611.079051950206122
12611.884537209933114
12612.864166765863047
12613.077863055374110
12614.250898819493159
12614.796579769297750
12615.453704128947720
12616.435927770502531
12617.314914226111796
12618.574475071432971
12619.539964592227989
12619.922315858968432
12620.643274801641383
12621.456635661665132
12622.685672427818645
12623.515138919405217
12623.835932119707650
12624.567955530148538
12625.721214913772201
12626.287234345580146
12627.185186904354850
12628.452032510944264
12629.418777769242297
12630.022981549753240
12630.899345131263544
12631.481355946640178
12631.878457733269897
12633.160185864679079
12633.703547068123953
12634.848545322973223
12635.646551421374170
12636.409366261132163
12637.308077532925381
12638.395884168969133
12639.014983506072895
12639.728280031089525
12640.635928580966720
12641.695390029790360
12642.137920298924655
12642.838921602005939
12643.625810472462035
12644.136926764793316
12646.222635795904353
12646.509396258321431
12647.229806229333917
12648.235496301715102
12648.851233433024390
12649.590003593702932
12650.289817013775973
12651.467816214850245
12651.890836845888771
12653.075960831696648
12653.465021798747330
12654.978986166825052
12655.211371632192822
12656.288960929785389
12657.633094014538074
12658.019611037474533
12658.937570710442742
12659.495551363124832
12659.921146996932293
12661.226396073336218
12661.780425786975684
12662.773933585986015
12663.796247245587438
12665.101403124055651
12665.497216057792684
12666.126813834474888
12666.807432904930465
12667.950859127300646
12668.598344423719027
12669.680128099926151
12670.251397797752361
12670.864754224072385
12671.597846179985936
12672.818953314206738
12673.824041012954694
12674.966451376540135
12675.333121477904569
12675.990827396055465
12677.140904662421235
12677.709518616267815
12678.389018037132701
12678.800426730827894
12680.329935391446270
12681.164615346044229
12681.973536630604940
12682.782192109807511
12683.550300272219829
12684.373691841658001
12685.517185081967909
12685.887530566167698
12686.905228255664042
12687.599987371595489
12688.374450905103004
12688.980058015107716
12689.813833359992714
12691.081610987610475
12692.047729950867506
12693.120974086064962
12693.554968644100882
12694.216166250031165
12694.930269319578656
12695.563998266829003
12696.937905030858019
12697.614708771694495
12698.024109484194923
12699.089676824487469
12700.221034360660269
12700.986759046447332
12701.792031125576614
12702.390283443055523
12703.873903143519783
12704.205762378747750
12704.963192777560835
12705.536949144579921
12706.501780224170943
12706.998479296638834
12708.205585374944349
12709.656833052880756
12710.138441746219542
12710.685098216683400
12711.827104698428229
12712.380908603936405
12713.182489034999890
12713.942000144399572
12715.003384573516087
12715.469340823017774
12716.757172817209721
12717.182245057418186
12717.722594913848297
12719.411669750601504
12720.153017271555655
12720.932312406788697
12721.516855177553225
12722.306703842825300
12723.072635477605218
12723.823199082349674
12724.468945330558199
12725.485637942152607
12726.399745356606218
12727.656000203172880
12728.213533748968985
12729.072393433898469
12729.773830692618503
12730.315410615079600
12731.639218008389435
12732.511817536225863
12732.890588658898196
12733.768964950477312
12734.137042661155647
12735.501035796374708
12736.434440749566420
12737.378437724810283
12738.235111356667403
12739.215046945801078
12739.733911196744884
12740.242307482258184
12741.287366737709817
12741.641354033834432
12743.109905523542693
12743.736901707950892
12744.448362300588997
12745.549291002287646
12746.488331976568588
12746.872680562091773
12748.210375931135786
12749.099222956387166
12749.302553519361027
12750.345051268770476
12751.338763038163961
12751.812391950403253
12752.424295210937998
12753.317813665649737
12754.982129328074734
12755.774321193095602
12756.281511060336925
12756.954013294709512
12757.614212996388233
12758.727579814842102
12759.474300912073886
12760.007415458943797
12761.243040506347825
12761.737243099991247
12762.525217140910172
12763.861621122143333
12764.232565902408169
12765.465484022399323
12766.256043239010978
12767.097096735597006
12767.938335711889522
12768.351471453061095
12768.962886439123395
12769.872734714479520
12770.881152293195555
12772.007724770966888
12772.689617254965924
12773.647020648804755
12774.647629512937783
12775.326030894633732
12775.567974859086462
12776.704501415615596
12777.826747183322368
12778.500091481719210
12779.070359871375331
12779.819758417828780
12780.627437524331981
12781.648932598423926
12783.120755440266294
12783.532268686458337
12784.315566050643611
12785.181747903989162
12785.742820801522612
12786.472683852907721
12787.442571141875305
12788.160480338241541
12788.754943056099364
12790.395740977772221
12790.856989989591966
12791.900549918198521
12792.084229650590714
12793.506556840477060
12794.172275648677896
12795.369944994408797
12795.489968094152573
12796.344024732139587
12797.306399688361125
12798.042411698403157
12798.635101109170137
12800.127155816586310
12801.090531918549459
12801.741839440661352
12802.413952116587097
12803.365737788146362
12803.764436416506214
12804.442220535367596
12805.692528713014326
12806.633999182993648
12807.135639056719810
12807.845505453167789
12808.939291009859517
12810.196864703933898
12810.513558374937929
12811.529420881886836
12812.394719387075384
12813.183911513202474
12813.965108507321929
12814.707723374020134
12814.913421701385232
12815.995413114460462
12817.441290560835114
12818.102325982001275
12819.331515531344849
12819.746680995451243
12820.269784441954471
12821.427985912639997
12822.026578685436107
12823.071538649501235
12823.681856370607420
12824.412695939001424
12825.493267495818145
12825.944002491487481
12827.195782020991828
12827.740009619681587
12829.285697940973478
12829.947853878105889
12830.535798653272650
12830.724772938689057
12832.108771142933620
12832.586931618856397
12833.434098364999954
12834.424622411879682
12835.246199898589111
12836.468697754737150
12837.198750749868850
12837.818013471618542
12838.578207680204287
12839.409520969767982
12840.417490542322412
12841.162280953352820
12842.002408460155493
12842.543847443233972
12843.166484339193630
12843.996657870939089
12845.782811664988913
12846.143681818877667
12847.044091831676269
12847.750849743910294
12848.754381430353533
12849.380200048935876
12849.759912278846969
12850.705571146447255
12851.857649645147831
12852.611431808325506
12853.476514733374643
12854.270651516975704
12855.130072459465737
12856.099341615097728
12856.841442312021172
12857.795894970635345
12858.517298298864262
12859.274480087771735
12859.676224286429715
12860.712430428777225
12861.751997916266191
12861.919312539703242
12863.801539119685913
12864.545208771063699
12865.160476266886690
12866.039019388099405
12866.316323407159871
12867.225239040901215
12868.680127011220975
12868.911503922859993
12869.967167226512174
12870.309497454254597
12871.703467650559105
12872.380696423242625
12873.223597927057199
12874.423461785792824
12874.977517400357101
12875.918171914318009
12876.649320287066075
12877.242289982119473
12877.905696334029926
12878.622168653173503
12879.614933855498748
12880.920233722752528
12881.828634433604748
12882.127332380747248
12883.412280870075847
12883.920480912687708
12884.824828129991147
12885.626689354055998
12886.176463715994032
12887.606958051215770
12887.918963183987216
12888.581407157920694
12889.311300936118641
12890.597932650376606
12891.799207074491278
12892.463361330264888
12893.185124956109576
12893.859495845328638
12894.525112420167716
12895.364442078869615
12896.150144298257146
12896.888769927136309
12898.136905643497812
12898.434318005596651
12900.002493425616194
12900.671227454618929
12901.145975200162866
12901.813742742899194
12903.355734341304924
12904.006561897438587
12904.285191912231312
12905.397386551030650
12905.758076701589744
12906.741506467225918
12907.763781155372271
12908.801278479249959
12909.784784352881616
12910.658709293336869
12911.303048603960633
12911.801718113976676
12912.707463122582340
12913.410807817153909
12914.312067424678389
12915.361760743811828
12915.963035575243339
12916.872108235953419
12917.503658648747660
12918.725600161482362
12919.582834609334896
12920.655024030887944
12920.793476051345351
12921.983668029337423
12922.563112970277871
12923.604527802774101
12923.945919300091191
12924.550903004896099
12926.054779682779554
12927.363703908446041
12927.752641719007443
12928.337542454803042
12929.349446123651433
12930.157258555263979
12930.620246609692913
12932.021305342552296
12932.553967439142070
12933.031082706489542
12934.062775167396467
12934.900923589257218
12935.789462479620852
12936.863911757978713
12937.645383886527270
12938.701903130600840
12939.325665905520509
12940.021417436782940
12940.403162318336399
12941.188998935058407
12942.540554843857535
12943.155448140754743
12943.888244481577203
